BLOCK 1 2 4 1 3 2
LEGAL 1 3
BLOCK 1 4 8 1 6 7 8 2 5 4
BLOCK 1 5 4 1 4 5
BLOCK 1 6 8 1 4 5 2 8 7 6
BLOCK 1 7 4 1 6 7
BLOCK 1 8 32 1 6 63 62 57 59 55 54 49 51 47 46 41 43 39 38 33 35 31 30 25 27 23 22 17 19 15 14 9 11 8
BLOCK 1 9 8 1 4 5 2 8 11 9
BLOCK 1 10 8 1 4 5 2 8 11 10
LEGAL 1 11
BLOCK 1 12 8 1 3 2 8 11 9 12
BLOCK 1 13 8 1 3 2 8 11 10 13
BLOCK 1 14 8 1 3 2 8 11 9 14
BLOCK 1 15 32 1 3 2 8 7 6 63 62 57 59 55 54 49 51 47 46 41 43 39 38 33 35 31 30 25 27 23 22 17 19 15
BLOCK 1 16 8 1 3 2 8 11 10 16
BLOCK 1 17 16 1 4 5 2 8 11 9 14 15 19 18 24 23 22 17
BLOCK 1 18 16 1 4 5 2 8 11 9 14 15 19 17 22 23 24 18
BLOCK 1 19 32 1 4 5 2 8 7 6 63 62 57 59 55 54 49 51 47 46 41 43 39 38 33 35 31 30 25 27 23 22 17 19
BLOCK 1 20 16 1 3 2 8 11 9 12 13 10 16 15 19 18 21 20
BLOCK 1 21 16 1 3 2 8 11 9 12 13 10 16 15 19 17 20 21
BLOCK 1 22 16 1 4 5 2 8 11 9 12 13 10 16 15 19 17 22
BLOCK 1 23 16 1 3 2 8 11 9 12 13 10 16 15 19 17 22 23
BLOCK 1 24 16 1 4 5 2 8 11 9 12 13 10 16 15 19 18 24
BLOCK 1 25 16 1 4 5 2 8 11 9 14 15 19 17 22 23 27 25
BLOCK 1 26 16 1 4 5 2 8 11 9 14 15 19 17 22 23 27 26
BLOCK 1 27 32 1 6 63 62 57 59 55 54 49 51 47 46 41 44 45 42 43 39 38 33 36 37 34 35 31 30 25 28 29 26 27
BLOCK 1 28 16 1 3 2 8 11 9 14 15 19 17 22 23 27 25 28
BLOCK 1 29 16 1 3 2 8 11 9 14 15 19 17 22 23 27 26 29
BLOCK 1 30 16 1 3 2 8 11 9 14 15 19 17 22 23 27 25 30
BLOCK 1 31 32 1 6 63 62 57 60 61 58 59 55 54 49 52 53 50 51 47 46 41 44 45 42 43 39 38 33 36 37 34 35 31
BLOCK 1 32 16 1 3 2 8 11 9 14 15 19 17 22 23 27 26 32
BLOCK 1 33 32 1 3 2 8 11 9 12 13 10 16 15 19 17 20 21 18 24 23 27 25 28 29 26 32 31 35 34 40 39 38 33
BLOCK 1 34 32 1 3 2 8 11 9 12 13 10 16 15 19 17 20 21 18 24 23 27 25 28 29 26 32 31 35 33 38 39 40 34
BLOCK 1 35 32 1 3 2 8 7 6 63 62 57 59 55 54 49 52 53 50 51 47 46 41 44 45 42 43 39 38 33 36 37 34 35
BLOCK 1 36 32 1 3 2 8 7 6 63 62 57 59 55 54 49 52 53 50 51 47 46 41 44 45 42 43 39 38 33 35 34 37 36
BLOCK 1 37 32 1 3 2 8 7 6 63 62 57 59 55 54 49 52 53 50 51 47 46 41 44 45 42 43 39 40 34 35 33 36 37
BLOCK 1 38 32 1 3 2 8 7 6 63 62 57 59 55 54 49 52 53 50 51 47 46 41 44 45 42 43 39 40 34 37 36 33 38
BLOCK 1 39 16 1 6 63 62 57 59 55 54 49 51 47 46 41 43 39
BLOCK 1 40 32 1 3 2 8 7 6 63 62 57 59 55 54 49 52 53 50 51 47 46 41 44 45 42 43 39 38 33 36 37 34 40
BLOCK 1 41 16 1 6 63 62 57 59 55 54 49 51 47 48 42 43 41
BLOCK 1 42 16 1 6 63 62 57 59 55 54 49 51 47 46 41 43 42
BLOCK 1 43 32 1 4 5 2 8 11 9 12 13 10 16 15 19 17 20 21 18 24 23 27 25 28 29 26 32 31 35 33 38 39 43
BLOCK 1 44 16 1 6 63 62 57 59 55 54 49 51 47 48 42 45 44
BLOCK 1 45 16 1 6 63 62 57 59 55 54 49 51 47 46 41 44 45
BLOCK 1 46 16 1 6 63 62 57 59 55 54 49 52 53 50 51 47 46
BLOCK 1 47 16 1 3 2 8 7 6 63 62 57 59 55 54 49 51 47
BLOCK 1 48 16 1 6 63 62 57 59 55 54 49 52 53 50 51 47 48
BLOCK 1 49 16 1 3 2 8 7 6 63 62 57 59 55 56 50 51 49
BLOCK 1 50 16 1 3 2 8 7 6 63 62 57 59 55 54 49 51 50
BLOCK 1 51 16 1 4 5 2 8 7 6 63 62 57 59 55 54 49 51
BLOCK 1 52 16 1 3 2 8 7 6 63 62 57 59 55 56 50 53 52
BLOCK 1 53 16 1 3 2 8 7 6 63 62 57 59 55 54 49 52 53
BLOCK 1 54 16 1 3 2 8 7 6 63 62 57 60 61 58 59 55 54
BLOCK 1 55 8 1 6 63 62 57 59 55
BLOCK 1 56 16 1 3 2 8 7 6 63 62 57 60 61 58 59 55 56
BLOCK 1 57 8 1 6 63 64 58 59 57
BLOCK 1 58 8 1 6 63 62 57 59 58
LEGAL 1 59
BLOCK 1 60 8 1 6 63 64 58 61 60
BLOCK 1 61 8 1 6 63 62 57 60 61
BLOCK 1 62 32 1 3 2 8 11 9 14 15 19 17 22 23 27 25 30 31 35 33 38 39 43 41 46 47 51 49 54 55 59 57 62
BLOCK 1 63 4 1 6 63
BLOCK 1 64 32 1 3 2 8 11 9 14 15 19 17 22 23 27 25 30 31 35 33 38 39 43 41 46 47 51 49 54 55 59 58 64
LEGAL 2 3
BLOCK 2 4 4 2 5 4
BLOCK 2 5 8 2 8 7 6 1 4 5
BLOCK 2 6 32 2 8 11 9 14 15 19 17 22 23 27 25 30 31 35 33 38 39 43 41 46 47 51 49 54 55 59 57 62 63 6
BLOCK 2 7 4 2 8 7
BLOCK 2 8 8 2 5 4 1 6 7 8
BLOCK 2 9 8 2 8 11 10 13 12 9
BLOCK 2 10 8 2 8 11 9 12 13 10
BLOCK 2 11 4 2 8 11
BLOCK 2 12 16 2 5 4 1 6 7 8 11 9 14 15 16 10 13 12
BLOCK 2 13 16 2 5 4 1 6 7 8 11 10 16 15 14 9 12 13
BLOCK 2 14 8 2 8 11 10 16 15 14
LEGAL 2 15
BLOCK 2 16 8 2 8 11 9 14 15 16
BLOCK 2 17 16 2 3 1 6 7 8 11 9 12 13 10 16 15 19 17
BLOCK 2 18 16 2 3 1 6 7 8 11 9 12 13 10 16 15 19 18
BLOCK 2 19 8 2 8 11 9 14 15 19
BLOCK 2 20 16 2 5 4 1 6 7 8 11 9 14 15 19 18 21 20
BLOCK 2 21 16 2 5 4 1 6 7 8 11 9 14 15 19 17 20 21
BLOCK 2 22 16 2 3 1 6 7 8 11 9 14 15 19 18 24 23 22
BLOCK 2 23 16 2 5 4 1 6 7 8 11 9 14 15 19 17 22 23
BLOCK 2 24 16 2 3 1 6 7 8 11 9 14 15 19 17 22 23 24
BLOCK 2 25 16 2 8 11 9 12 13 10 16 15 19 17 22 23 27 25
BLOCK 2 26 16 2 8 11 9 12 13 10 16 15 19 17 22 23 27 26
BLOCK 2 27 16 2 3 1 6 7 8 11 9 14 15 19 17 22 23 27
BLOCK 2 28 32 2 3 1 6 63 62 57 59 55 54 49 51 47 46 41 44 45 42 43 39 38 33 36 37 34 35 31 32 26 29 28
BLOCK 2 29 32 2 3 1 6 63 62 57 59 55 54 49 51 47 46 41 44 45 42 43 39 38 33 36 37 34 35 31 30 25 28 29
BLOCK 2 30 16 2 8 11 9 14 15 19 17 22 23 27 26 32 31 30
BLOCK 2 31 32 2 5 4 1 6 63 62 57 59 55 54 49 52 53 50 51 47 46 41 44 45 42 43 39 38 33 36 37 34 35 31
BLOCK 2 32 16 2 8 11 9 14 15 19 17 22 23 27 25 30 31 32
BLOCK 2 33 32 2 3 1 6 63 62 57 60 61 58 59 55 54 49 52 53 50 51 47 46 41 44 45 42 43 39 40 34 37 36 33
BLOCK 2 34 32 2 3 1 6 63 62 57 60 61 58 59 55 54 49 52 53 50 51 47 46 41 44 45 42 43 39 38 33 36 37 34
BLOCK 2 35 16 2 8 11 9 14 15 19 17 22 23 27 25 30 31 35
BLOCK 2 36 32 2 3 1 6 7 8 11 9 12 13 10 16 15 19 17 20 21 18 24 23 27 25 28 29 26 32 31 35 34 37 36
BLOCK 2 37 32 2 3 1 6 7 8 11 9 12 13 10 16 15 19 17 20 21 18 24 23 27 25 28 29 26 32 31 35 33 36 37
BLOCK 2 38 32 2 3 1 6 63 62 57 60 61 58 59 55 54 49 52 53 50 51 47 46 41 44 45 42 43 39 40 34 35 33 38
BLOCK 2 39 32 2 3 1 6 7 8 11 9 12 13 10 16 15 19 17 20 21 18 24 23 27 25 28 29 26 32 31 35 33 38 39
BLOCK 2 40 32 2 3 1 6 63 62 57 60 61 58 59 55 54 49 52 53 50 51 47 46 41 44 45 42 43 39 38 33 35 34 40
BLOCK 2 41 16 2 3 1 6 63 62 57 59 55 54 49 51 47 46 41
BLOCK 2 42 16 2 3 1 6 63 62 57 59 55 54 49 51 47 48 42
BLOCK 2 43 32 2 8 11 9 12 13 10 16 15 19 17 20 21 18 24 23 27 25 28 29 26 32 31 35 33 36 37 34 40 39 43
BLOCK 2 44 32 2 3 1 6 7 8 11 9 12 13 10 16 15 19 17 20 21 18 24 23 27 25 30 31 35 33 38 39 43 41 44
BLOCK 2 45 32 2 3 1 6 7 8 11 9 12 13 10 16 15 19 17 20 21 18 24 23 27 25 30 31 35 33 38 39 43 42 45
BLOCK 2 46 16 2 5 4 1 6 63 62 57 59 55 54 49 51 47 46
BLOCK 2 47 32 2 8 11 9 12 13 10 16 15 19 17 20 21 18 24 23 27 25 28 29 26 32 31 35 33 38 39 43 41 46 47
BLOCK 2 48 16 2 5 4 1 6 63 62 57 59 55 54 49 51 47 48
BLOCK 2 49 16 2 5 4 1 6 63 62 57 59 55 56 50 53 52 49
BLOCK 2 50 16 2 5 4 1 6 63 62 57 59 55 54 49 52 53 50
BLOCK 2 51 16 2 3 1 6 63 62 57 59 55 54 49 52 53 50 51
BLOCK 2 52 16 2 3 1 6 63 62 57 59 55 54 49 51 50 53 52
BLOCK 2 53 16 2 3 1 6 63 62 57 59 55 56 50 51 49 52 53
BLOCK 2 54 16 2 3 1 6 63 62 57 59 55 56 50 53 52 49 54
BLOCK 2 55 32 2 5 4 1 6 7 8 11 9 14 15 19 17 22 23 27 25 30 31 35 33 38 39 43 41 46 47 51 49 54 55
BLOCK 2 56 16 2 3 1 6 63 62 57 59 55 54 49 52 53 50 56
BLOCK 2 57 8 2 3 1 6 63 62 57
BLOCK 2 58 8 2 3 1 6 63 64 58
BLOCK 2 59 32 2 3 1 6 7 8 11 9 14 15 19 17 22 23 27 25 30 31 35 33 38 39 43 41 46 47 51 49 54 55 59
LEGAL 2 60
LEGAL 2 61
BLOCK 2 62 8 2 5 4 1 6 63 62
LEGAL 2 63
BLOCK 2 64 8 2 5 4 1 6 63 64
BLOCK 3 4 4 3 1 4
BLOCK 3 5 4 3 2 5
BLOCK 3 6 4 3 1 6
BLOCK 3 7 8 3 1 4 5 2 8 7
BLOCK 3 8 4 3 2 8
BLOCK 3 9 8 3 1 6 7 8 11 9
BLOCK 3 10 8 3 1 6 7 8 11 10
BLOCK 3 11 8 3 1 4 5 2 8 11
BLOCK 3 12 8 3 2 8 11 10 13 12
BLOCK 3 13 8 3 2 8 11 9 12 13
BLOCK 3 14 32 3 2 8 7 6 63 62 57 59 55 54 49 51 47 46 41 43 39 38 33 35 31 30 25 27 23 22 17 19 15 14
BLOCK 3 15 8 3 2 8 11 9 14 15
BLOCK 3 16 32 3 2 8 7 6 63 62 57 59 55 54 49 51 47 46 41 43 39 38 33 35 31 30 25 27 23 22 17 19 15 16
BLOCK 3 17 16 3 1 4 5 2 8 11 9 12 13 10 16 15 19 17
BLOCK 3 18 16 3 1 4 5 2 8 11 9 12 13 10 16 15 19 18
LEGAL 3 19
BLOCK 3 20 16 3 1 6 7 8 11 9 12 13 10 16 15 19 17 20
BLOCK 3 21 16 3 1 6 7 8 11 9 12 13 10 16 15 19 18 21
BLOCK 3 22 16 3 1 4 5 2 8 11 9 14 15 19 18 24 23 22
LEGAL 3 23
BLOCK 3 24 16 3 1 4 5 2 8 11 9 14 15 19 17 22 23 24
BLOCK 3 25 16 3 1 6 7 8 11 9 14 15 19 17 22 23 27 25
BLOCK 3 26 16 3 1 6 7 8 11 9 14 15 19 17 22 23 27 26
BLOCK 3 27 16 3 1 4 5 2 8 11 9 14 15 19 17 22 23 27
BLOCK 3 28 16 3 2 8 11 9 14 15 19 17 22 23 27 26 29 28
BLOCK 3 29 16 3 2 8 11 9 14 15 19 17 22 23 27 25 28 29
BLOCK 3 30 32 3 1 4 5 2 8 7 6 63 62 57 59 55 54 49 51 47 46 41 43 39 38 33 35 31 32 26 29 28 25 30
BLOCK 3 31 16 3 2 8 11 9 14 15 19 17 22 23 27 25 30 31
BLOCK 3 32 32 3 1 4 5 2 8 7 6 63 62 57 59 55 54 49 51 47 46 41 43 39 38 33 35 31 30 25 28 29 26 32
BLOCK 3 33 32 3 1 4 5 2 8 7 6 63 62 57 59 55 54 49 52 53 50 51 47 46 41 44 45 42 43 39 40 34 35 33
BLOCK 3 34 32 3 1 4 5 2 8 7 6 63 62 57 59 55 54 49 52 53 50 51 47 46 41 44 45 42 43 39 38 33 35 34
BLOCK 3 35 32 3 1 6 63 62 57 60 61 58 59 55 54 49 52 53 50 51 47 46 41 44 45 42 43 39 38 33 36 37 34 35
BLOCK 3 36 32 3 1 4 5 2 8 7 6 63 62 57 59 55 54 49 52 53 50 51 47 46 41 44 45 42 43 39 40 34 37 36
BLOCK 3 37 32 3 1 4 5 2 8 7 6 63 62 57 59 55 54 49 52 53 50 51 47 46 41 44 45 42 43 39 38 33 36 37
BLOCK 3 38 32 3 1 4 5 2 8 7 6 63 62 57 60 61 58 59 55 54 49 52 53 50 51 47 46 41 44 45 42 43 39 38
BLOCK 3 39 32 3 1 4 5 2 8 11 9 12 13 10 16 15 19 17 20 21 18 24 23 27 25 28 29 26 32 31 35 33 38 39
BLOCK 3 40 32 3 1 4 5 2 8 7 6 63 62 57 60 61 58 59 55 54 49 52 53 50 51 47 46 41 44 45 42 43 39 40
BLOCK 3 41 32 3 1 4 5 2 8 11 9 12 13 10 16 15 19 17 22 23 27 25 30 31 35 33 38 39 43 42 48 47 46 41
BLOCK 3 42 32 3 1 4 5 2 8 11 9 12 13 10 16 15 19 17 22 23 27 25 30 31 35 33 38 39 43 41 46 47 48 42
BLOCK 3 43 16 3 1 6 63 62 57 59 55 54 49 51 47 46 41 43
BLOCK 3 44 16 3 1 6 63 62 57 59 55 54 49 51 47 46 41 44
BLOCK 3 45 16 3 1 6 63 62 57 59 55 54 49 51 47 48 42 45
BLOCK 3 46 16 3 2 8 7 6 63 62 57 59 55 54 49 51 47 46
BLOCK 3 47 16 3 1 6 63 62 57 59 55 54 49 52 53 50 51 47
BLOCK 3 48 16 3 2 8 7 6 63 62 57 59 55 54 49 51 47 48
BLOCK 3 49 16 3 1 4 5 2 8 7 6 63 62 57 59 55 54 49
BLOCK 3 50 16 3 1 4 5 2 8 7 6 63 62 57 59 55 56 50
LEGAL 3 51
BLOCK 3 52 16 3 1 6 63 62 57 60 61 58 59 55 56 50 53 52
BLOCK 3 53 16 3 1 6 63 62 57 60 61 58 59 55 54 49 52 53
BLOCK 3 54 16 3 2 5 4 1 6 63 62 57 60 61 58 59 55 54
LEGAL 3 55
BLOCK 3 56 16 3 2 5 4 1 6 63 62 57 60 61 58 59 55 56
BLOCK 3 57 32 3 1 6 7 8 11 9 14 15 19 17 22 23 27 25 30 31 35 33 38 39 43 41 46 47 51 49 54 55 59 57
BLOCK 3 58 32 3 1 6 7 8 11 9 14 15 19 17 22 23 27 25 30 31 35 33 38 39 43 41 46 47 51 49 54 55 59 58
BLOCK 3 59 8 3 1 6 63 62 57 59
BLOCK 3 60 8 3 1 6 63 62 57 60
BLOCK 3 61 8 3 1 6 63 64 58 61
BLOCK 3 62 8 3 2 8 7 6 63 62
BLOCK 3 63 8 3 2 5 4 1 6 63
BLOCK 3 64 8 3 2 8 7 6 63 64
BLOCK 4 5 8 4 1 6 7 8 2 5
BLOCK 4 6 4 4 1 6
BLOCK 4 7 8 4 5 2 3 1 6 7
LEGAL 4 8
BLOCK 4 9 8 4 1 3 2 8 11 9
BLOCK 4 10 8 4 1 3 2 8 11 10
BLOCK 4 11 32 4 1 6 63 62 57 59 55 54 49 51 47 46 41 43 39 38 33 35 31 30 25 27 23 22 17 19 15 14 9 11
BLOCK 4 12 8 4 5 2 8 11 9 12
BLOCK 4 13 8 4 5 2 8 11 10 13
BLOCK 4 14 8 4 5 2 8 11 9 14
BLOCK 4 15 16 4 5 2 3 1 6 7 8 11 9 12 13 10 16 15
BLOCK 4 16 8 4 5 2 8 11 10 16
BLOCK 4 17 16 4 1 3 2 8 11 9 14 15 19 18 24 23 22 17
BLOCK 4 18 16 4 1 3 2 8 11 9 14 15 19 17 22 23 24 18
BLOCK 4 19 32 4 1 3 2 8 7 6 63 62 57 59 55 54 49 51 47 46 41 43 39 38 33 35 31 30 25 27 23 22 17 19
BLOCK 4 20 16 4 1 3 2 8 11 9 12 13 10 16 15 19 17 20
BLOCK 4 21 16 4 1 3 2 8 11 9 12 13 10 16 15 19 18 21
BLOCK 4 22 16 4 1 3 2 8 11 9 12 13 10 16 15 19 17 22
BLOCK 4 23 16 4 5 2 8 11 9 12 13 10 16 15 19 17 22 23
BLOCK 4 24 16 4 1 3 2 8 11 9 12 13 10 16 15 19 18 24
BLOCK 4 25 16 4 1 3 2 8 11 9 14 15 19 17 22 23 27 25
BLOCK 4 26 16 4 1 3 2 8 11 9 14 15 19 17 22 23 27 26
LEGAL 4 27
BLOCK 4 28 16 4 5 2 8 11 9 14 15 19 17 22 23 27 25 28
BLOCK 4 29 16 4 5 2 8 11 9 14 15 19 17 22 23 27 26 29
BLOCK 4 30 16 4 5 2 8 11 9 14 15 19 17 22 23 27 25 30
LEGAL 4 31
BLOCK 4 32 16 4 5 2 8 11 9 14 15 19 17 22 23 27 26 32
BLOCK 4 33 32 4 1 3 2 8 7 6 63 62 57 59 55 54 49 52 53 50 51 47 46 41 44 45 42 43 39 40 34 37 36 33
BLOCK 4 34 32 4 1 3 2 8 7 6 63 62 57 59 55 54 49 52 53 50 51 47 46 41 44 45 42 43 39 38 33 36 37 34
BLOCK 4 35 32 4 1 6 63 62 57 60 61 58 59 55 54 49 52 53 50 51 47 46 41 44 45 42 43 39 38 33 36 37 34 35
BLOCK 4 36 32 4 1 3 2 8 7 6 63 62 57 59 55 54 49 52 53 50 51 47 46 41 44 45 42 43 39 40 34 35 33 36
BLOCK 4 37 32 4 1 3 2 8 7 6 63 62 57 59 55 54 49 52 53 50 51 47 46 41 44 45 42 43 39 38 33 35 34 37
BLOCK 4 38 32 4 1 3 2 8 7 6 63 62 57 59 55 54 49 52 53 50 51 47 46 41 44 45 42 43 39 40 34 35 33 38
LEGAL 4 39
BLOCK 4 40 32 4 1 3 2 8 7 6 63 62 57 59 55 54 49 52 53 50 51 47 46 41 44 45 42 43 39 38 33 35 34 40
BLOCK 4 41 32 4 5 2 8 11 9 12 13 10 16 15 19 17 20 21 18 24 23 27 25 28 29 26 32 31 35 33 38 39 43 41
BLOCK 4 42 32 4 5 2 8 11 9 12 13 10 16 15 19 17 20 21 18 24 23 27 25 28 29 26 32 31 35 33 38 39 43 42
BLOCK 4 43 16 4 1 6 63 62 57 59 55 54 49 51 47 46 41 43
BLOCK 4 44 16 4 1 6 63 62 57 59 55 54 49 51 47 46 41 44
BLOCK 4 45 16 4 1 6 63 62 57 59 55 54 49 51 47 48 42 45
BLOCK 4 46 32 4 5 2 8 11 9 12 13 10 16 15 19 17 20 21 18 24 23 27 25 30 31 35 33 38 39 43 42 48 47 46
BLOCK 4 47 16 4 1 6 63 62 57 59 55 54 49 52 53 50 51 47
BLOCK 4 48 32 4 5 2 8 11 9 12 13 10 16 15 19 17 20 21 18 24 23 27 25 30 31 35 33 38 39 43 41 46 47 48
BLOCK 4 49 16 4 1 6 63 62 57 60 61 58 59 55 56 50 51 49
BLOCK 4 50 16 4 1 6 63 62 57 60 61 58 59 55 54 49 51 50
BLOCK 4 51 16 4 1 3 2 8 7 6 63 62 57 59 55 54 49 51
BLOCK 4 52 16 4 1 3 2 8 7 6 63 62 57 59 55 54 49 52
BLOCK 4 53 16 4 1 3 2 8 7 6 63 62 57 59 55 56 50 53
BLOCK 4 54 16 4 5 2 3 1 6 63 62 57 60 61 58 59 55 54
BLOCK 4 55 16 4 1 3 2 8 7 6 63 62 57 60 61 58 59 55
BLOCK 4 56 16 4 5 2 3 1 6 63 62 57 60 61 58 59 55 56
BLOCK 4 57 32 4 1 3 2 8 11 9 14 15 19 17 22 23 27 25 30 31 35 33 38 39 43 41 46 47 51 49 54 55 59 57
BLOCK 4 58 32 4 1 3 2 8 11 9 14 15 19 17 22 23 27 25 30 31 35 33 38 39 43 41 46 47 51 49 54 55 59 58
BLOCK 4 59 8 4 1 6 63 62 57 59
BLOCK 4 60 8 4 1 6 63 62 57 60
BLOCK 4 61 8 4 1 6 63 64 58 61
BLOCK 4 62 32 4 5 2 8 11 9 14 15 19 17 22 23 27 25 30 31 35 33 38 39 43 41 46 47 51 49 54 55 59 57 62
BLOCK 4 63 8 4 5 2 3 1 6 63
BLOCK 4 64 32 4 5 2 8 11 9 14 15 19 17 22 23 27 25 30 31 35 33 38 39 43 41 46 47 51 49 54 55 59 58 64
LEGAL 5 6
BLOCK 5 7 8 5 4 1 3 2 8 7
BLOCK 5 8 4 5 2 8
BLOCK 5 9 32 5 4 1 6 63 62 57 59 55 54 49 51 47 46 41 43 39 38 33 35 31 30 25 27 23 22 17 19 15 14 9
BLOCK 5 10 32 5 4 1 6 63 62 57 59 55 54 49 51 47 46 41 43 39 38 33 35 31 30 25 27 23 22 17 19 15 16 10
BLOCK 5 11 8 5 4 1 3 2 8 11
BLOCK 5 12 8 5 2 8 11 10 13 12
BLOCK 5 13 8 5 2 8 11 9 12 13
BLOCK 5 14 16 5 2 3 1 6 7 8 11 9 12 13 10 16 15 14
BLOCK 5 15 8 5 2 8 11 9 14 15
BLOCK 5 16 16 5 2 3 1 6 7 8 11 10 13 12 9 14 15 16
BLOCK 5 17 16 5 2 8 11 9 12 13 10 16 15 19 18 21 20 17
BLOCK 5 18 16 5 2 8 11 9 12 13 10 16 15 19 17 20 21 18
BLOCK 5 19 16 5 2 3 1 6 7 8 11 9 12 13 10 16 15 19
BLOCK 5 20 16 5 2 3 1 6 7 8 11 9 14 15 19 18 21 20
BLOCK 5 21 16 5 2 3 1 6 7 8 11 9 14 15 19 17 20 21
BLOCK 5 22 16 5 2 8 11 9 12 13 10 16 15 19 18 24 23 22
BLOCK 5 23 16 5 2 3 1 6 7 8 11 9 14 15 19 17 22 23
BLOCK 5 24 16 5 2 8 11 9 12 13 10 16 15 19 17 22 23 24
BLOCK 5 25 32 5 4 1 6 63 62 57 59 55 54 49 51 47 46 41 44 45 42 43 39 38 33 36 37 34 35 31 32 26 27 25
BLOCK 5 26 32 5 4 1 6 63 62 57 59 55 54 49 51 47 46 41 44 45 42 43 39 38 33 36 37 34 35 31 30 25 27 26
BLOCK 5 27 16 5 2 8 11 9 12 13 10 16 15 19 17 22 23 27
BLOCK 5 28 16 5 2 8 11 9 14 15 19 17 22 23 27 26 29 28
BLOCK 5 29 16 5 2 8 11 9 14 15 19 17 22 23 27 25 28 29
BLOCK 5 30 32 5 2 3 1 6 63 62 57 59 55 54 49 51 47 46 41 43 39 38 33 36 37 34 35 31 32 26 29 28 25 30
BLOCK 5 31 16 5 2 8 11 9 14 15 19 17 22 23 27 25 30 31
BLOCK 5 32 32 5 2 3 1 6 63 62 57 59 55 54 49 51 47 46 41 43 39 38 33 36 37 34 35 31 30 25 28 29 26 32
BLOCK 5 33 32 5 2 3 1 6 7 8 11 9 12 13 10 16 15 19 17 20 21 18 24 23 27 25 30 31 35 34 40 39 38 33
BLOCK 5 34 32 5 2 3 1 6 7 8 11 9 12 13 10 16 15 19 17 20 21 18 24 23 27 25 30 31 35 33 38 39 40 34
LEGAL 5 35
BLOCK 5 36 32 5 2 3 1 6 7 8 11 9 12 13 10 16 15 19 17 20 21 18 24 23 27 25 28 29 26 32 31 35 33 36
BLOCK 5 37 32 5 2 3 1 6 7 8 11 9 12 13 10 16 15 19 17 20 21 18 24 23 27 25 28 29 26 32 31 35 34 37
BLOCK 5 38 32 5 2 3 1 6 7 8 11 9 12 13 10 16 15 19 17 20 21 18 24 23 27 25 28 29 26 32 31 35 33 38
BLOCK 5 39 32 5 2 8 11 9 12 13 10 16 15 19 17 20 21 18 24 23 27 25 28 29 26 32 31 35 33 36 37 34 40 39
BLOCK 5 40 32 5 2 3 1 6 7 8 11 9 12 13 10 16 15 19 17 20 21 18 24 23 27 25 28 29 26 32 31 35 34 40
BLOCK 5 41 16 5 4 1 6 63 62 57 59 55 54 49 51 47 46 41
BLOCK 5 42 16 5 4 1 6 63 62 57 59 55 54 49 51 47 48 42
LEGAL 5 43
BLOCK 5 44 32 5 2 3 1 6 7 8 11 9 14 15 19 17 22 23 27 25 30 31 35 33 38 39 43 41 46 47 48 42 45 44
BLOCK 5 45 32 5 2 3 1 6 7 8 11 9 14 15 19 17 22 23 27 25 30 31 35 33 38 39 43 42 48 47 46 41 44 45
BLOCK 5 46 16 5 2 3 1 6 63 62 57 59 55 54 49 51 47 46
LEGAL 5 47
BLOCK 5 48 16 5 2 3 1 6 63 62 57 59 55 54 49 51 47 48
BLOCK 5 49 16 5 2 3 1 6 63 62 57 59 55 56 50 53 52 49
BLOCK 5 50 16 5 2 3 1 6 63 62 57 59 55 54 49 52 53 50
BLOCK 5 51 16 5 4 1 6 63 62 57 59 55 54 49 52 53 50 51
BLOCK 5 52 16 5 2 3 1 6 63 62 57 59 55 56 50 51 49 52
BLOCK 5 53 16 5 2 3 1 6 63 62 57 59 55 54 49 51 50 53
BLOCK 5 54 16 5 2 3 1 6 63 62 57 59 55 56 50 51 49 54
BLOCK 5 55 32 5 2 3 1 6 7 8 11 9 14 15 19 17 22 23 27 25 30 31 35 33 38 39 43 41 46 47 51 49 54 55
BLOCK 5 56 16 5 2 3 1 6 63 62 57 59 55 54 49 51 50 56
BLOCK 5 57 8 5 4 1 6 63 62 57
BLOCK 5 58 8 5 4 1 6 63 64 58
BLOCK 5 59 16 5 4 1 3 2 8 7 6 63 62 57 60 61 58 59
BLOCK 5 60 16 5 4 1 3 2 8 7 6 63 62 57 59 58 61 60
BLOCK 5 61 16 5 4 1 3 2 8 7 6 63 64 58 59 57 60 61
BLOCK 5 62 8 5 2 3 1 6 63 62
BLOCK 5 63 32 5 2 8 11 9 14 15 19 17 22 23 27 25 30 31 35 33 38 39 43 41 46 47 51 49 54 55 59 57 62 63
BLOCK 5 64 8 5 2 3 1 6 63 64
BLOCK 6 7 8 6 1 4 5 2 8 7
BLOCK 6 8 4 6 7 8
BLOCK 6 9 8 6 1 3 2 8 11 9
BLOCK 6 10 8 6 1 3 2 8 11 10
BLOCK 6 11 8 6 1 4 5 2 8 11
BLOCK 6 12 8 6 7 8 11 10 13 12
BLOCK 6 13 8 6 7 8 11 9 12 13
BLOCK 6 14 32 6 63 62 57 59 55 54 49 51 47 46 41 43 39 38 33 35 31 30 25 27 23 22 17 19 15 16 10 11 9 14
BLOCK 6 15 8 6 7 8 11 9 14 15
BLOCK 6 16 32 6 63 62 57 59 55 54 49 51 47 46 41 43 39 38 33 35 31 30 25 27 23 22 17 19 15 14 9 11 10 16
BLOCK 6 17 16 6 1 3 2 8 11 9 14 15 19 18 24 23 22 17
BLOCK 6 18 16 6 1 3 2 8 11 9 14 15 19 17 22 23 24 18
BLOCK 6 19 32 6 63 62 57 59 55 54 49 51 47 46 41 43 39 38 33 35 31 30 25 28 29 26 27 23 22 17 20 21 18 19
BLOCK 6 20 16 6 1 3 2 8 11 9 12 13 10 16 15 19 17 20
BLOCK 6 21 16 6 1 3 2 8 11 9 12 13 10 16 15 19 18 21
BLOCK 6 22 16 6 1 3 2 8 11 9 12 13 10 16 15 19 17 22
BLOCK 6 23 32 6 63 62 57 59 55 54 49 51 47 46 41 44 45 42 43 39 38 33 36 37 34 35 31 30 25 28 29 26 27 23
BLOCK 6 24 16 6 1 3 2 8 11 9 12 13 10 16 15 19 18 24
BLOCK 6 25 16 6 1 3 2 8 11 9 14 15 19 17 22 23 27 25
BLOCK 6 26 16 6 1 3 2 8 11 9 14 15 19 17 22 23 27 26
BLOCK 6 27 16 6 1 4 5 2 8 11 9 14 15 19 17 22 23 27
BLOCK 6 28 16 6 7 8 11 9 14 15 19 17 22 23 27 26 29 28
BLOCK 6 29 16 6 7 8 11 9 14 15 19 17 22 23 27 25 28 29
BLOCK 6 30 32 6 63 62 57 60 61 58 59 55 54 49 52 53 50 51 47 46 41 44 45 42 43 39 38 33 36 37 34 35 31 30
BLOCK 6 31 16 6 7 8 11 9 14 15 19 17 22 23 27 25 30 31
BLOCK 6 32 32 6 63 62 57 60 61 58 59 55 54 49 52 53 50 51 47 46 41 44 45 42 43 39 38 33 36 37 34 35 31 32
BLOCK 6 33 32 6 1 3 2 8 11 9 12 13 10 16 15 19 17 20 21 18 24 23 27 25 28 29 26 32 31 35 34 37 36 33
BLOCK 6 34 32 6 1 3 2 8 11 9 12 13 10 16 15 19 17 20 21 18 24 23 27 25 28 29 26 32 31 35 33 36 37 34
LEGAL 6 35
BLOCK 6 36 32 6 1 3 2 8 11 9 12 13 10 16 15 19 17 20 21 18 24 23 27 25 30 31 35 33 38 39 40 34 37 36
BLOCK 6 37 32 6 1 3 2 8 11 9 12 13 10 16 15 19 17 20 21 18 24 23 27 25 30 31 35 34 40 39 38 33 36 37
BLOCK 6 38 16 6 63 62 57 59 55 54 49 51 47 46 41 43 39 38
BLOCK 6 39 32 6 1 4 5 2 8 11 9 12 13 10 16 15 19 17 20 21 18 24 23 27 25 28 29 26 32 31 35 33 38 39
BLOCK 6 40 16 6 63 62 57 59 55 54 49 51 47 46 41 43 39 40
BLOCK 6 41 16 6 63 62 57 59 55 54 49 51 47 48 42 45 44 41
BLOCK 6 42 16 6 63 62 57 59 55 54 49 51 47 46 41 44 45 42
BLOCK 6 43 32 6 1 3 2 8 11 9 12 13 10 16 15 19 17 20 21 18 24 23 27 25 28 29 26 32 31 35 33 38 39 43
BLOCK 6 44 16 6 63 62 57 59 55 54 49 51 47 48 42 43 41 44
BLOCK 6 45 16 6 63 62 57 59 55 54 49 51 47 46 41 43 42 45
BLOCK 6 46 16 6 63 62 57 59 55 54 49 51 47 48 42 43 41 46
BLOCK 6 47 32 6 1 3 2 8 11 9 12 13 10 16 15 19 17 20 21 18 24 23 27 25 30 31 35 33 38 39 43 41 46 47
BLOCK 6 48 16 6 63 62 57 59 55 54 49 51 47 46 41 43 42 48
BLOCK 6 49 32 6 1 3 2 8 11 9 14 15 19 17 22 23 27 25 30 31 35 33 38 39 43 41 46 47 51 50 56 55 54 49
BLOCK 6 50 32 6 1 3 2 8 11 9 14 15 19 17 22 23 27 25 30 31 35 33 38 39 43 41 46 47 51 49 54 55 56 50
BLOCK 6 51 16 6 63 62 57 60 61 58 59 55 54 49 52 53 50 51
BLOCK 6 52 16 6 63 62 57 60 61 58 59 55 54 49 51 50 53 52
BLOCK 6 53 16 6 63 62 57 60 61 58 59 55 56 50 51 49 52 53
BLOCK 6 54 8 6 63 62 57 59 55 54
LEGAL 6 55
BLOCK 6 56 8 6 63 62 57 59 55 56
BLOCK 6 57 8 6 63 64 58 61 60 57
BLOCK 6 58 8 6 63 62 57 60 61 58
BLOCK 6 59 32 6 1 4 5 2 8 11 9 14 15 19 17 22 23 27 25 30 31 35 33 38 39 43 41 46 47 51 49 54 55 59
BLOCK 6 60 8 6 63 64 58 59 57 60
BLOCK 6 61 8 6 63 62 57 59 58 61
BLOCK 6 62 4 6 63 62
BLOCK 6 63 32 6 7 8 11 9 14 15 19 17 22 23 27 25 30 31 35 33 38 39 43 41 46 47 51 49 54 55 59 57 62 63
BLOCK 6 64 4 6 63 64
BLOCK 7 8 8 7 6 1 4 5 2 8
BLOCK 7 9 8 7 8 11 10 13 12 9
BLOCK 7 10 8 7 8 11 9 12 13 10
BLOCK 7 11 4 7 8 11
BLOCK 7 12 16 7 6 1 4 5 2 8 11 9 14 15 16 10 13 12
BLOCK 7 13 16 7 6 1 4 5 2 8 11 10 16 15 14 9 12 13
BLOCK 7 14 8 7 8 11 10 16 15 14
BLOCK 7 15 32 7 8 2 3 1 6 63 62 57 59 55 54 49 51 47 46 41 43 39 38 33 35 31 30 25 27 23 22 17 19 15
BLOCK 7 16 8 7 8 11 9 14 15 16
BLOCK 7 17 16 7 6 1 3 2 8 11 9 12 13 10 16 15 19 17
BLOCK 7 18 16 7 6 1 3 2 8 11 9 12 13 10 16 15 19 18
BLOCK 7 19 8 7 8 11 9 14 15 19
BLOCK 7 20 16 7 6 1 4 5 2 8 11 9 14 15 19 18 21 20
BLOCK 7 21 16 7 6 1 4 5 2 8 11 9 14 15 19 17 20 21
BLOCK 7 22 16 7 6 1 3 2 8 11 9 14 15 19 18 24 23 22
BLOCK 7 23 16 7 6 1 4 5 2 8 11 9 14 15 19 17 22 23
BLOCK 7 24 16 7 6 1 3 2 8 11 9 14 15 19 17 22 23 24
BLOCK 7 25 16 7 8 11 9 12 13 10 16 15 19 17 22 23 27 25
BLOCK 7 26 16 7 8 11 9 12 13 10 16 15 19 17 22 23 27 26
BLOCK 7 27 16 7 6 1 3 2 8 11 9 14 15 19 17 22 23 27
BLOCK 7 28 32 7 6 63 62 57 59 55 54 49 51 47 46 41 44 45 42 43 39 38 33 36 37 34 35 31 30 25 27 26 29 28
BLOCK 7 29 32 7 6 63 62 57 59 55 54 49 51 47 46 41 44 45 42 43 39 38 33 36 37 34 35 31 32 26 27 25 28 29
BLOCK 7 30 16 7 8 11 9 14 15 19 17 22 23 27 26 32 31 30
BLOCK 7 31 32 7 6 63 62 57 60 61 58 59 55 54 49 52 53 50 51 47 46 41 44 45 42 43 39 38 33 36 37 34 35 31
BLOCK 7 32 16 7 8 11 9 14 15 19 17 22 23 27 25 30 31 32
BLOCK 7 33 32 7 6 1 4 5 2 8 11 9 12 13 10 16 15 19 17 20 21 18 24 23 27 25 30 31 35 34 40 39 38 33
BLOCK 7 34 32 7 6 1 4 5 2 8 11 9 12 13 10 16 15 19 17 20 21 18 24 23 27 25 30 31 35 33 38 39 40 34
BLOCK 7 35 16 7 8 11 9 14 15 19 17 22 23 27 25 30 31 35
BLOCK 7 36 32 7 6 1 3 2 8 11 9 12 13 10 16 15 19 17 20 21 18 24 23 27 25 28 29 26 32 31 35 34 37 36
BLOCK 7 37 32 7 6 1 3 2 8 11 9 12 13 10 16 15 19 17 20 21 18 24 23 27 25 28 29 26 32 31 35 33 36 37
BLOCK 7 38 32 7 6 1 4 5 2 8 11 9 12 13 10 16 15 19 17 20 21 18 24 23 27 25 28 29 26 32 31 35 33 38
BLOCK 7 39 16 7 6 63 62 57 59 55 54 49 51 47 46 41 43 39
BLOCK 7 40 32 7 6 1 4 5 2 8 11 9 12 13 10 16 15 19 17 20 21 18 24 23 27 25 28 29 26 32 31 35 34 40
BLOCK 7 41 16 7 6 63 62 57 59 55 54 49 51 47 48 42 43 41
BLOCK 7 42 16 7 6 63 62 57 59 55 54 49 51 47 46 41 43 42
BLOCK 7 43 32 7 8 11 9 12 13 10 16 15 19 17 20 21 18 24 23 27 25 28 29 26 32 31 35 33 36 37 34 40 39 43
BLOCK 7 44 16 7 6 63 62 57 59 55 54 49 51 47 48 42 45 44
BLOCK 7 45 16 7 6 63 62 57 59 55 54 49 51 47 46 41 44 45
BLOCK 7 46 16 7 6 63 62 57 59 55 54 49 52 53 50 51 47 46
BLOCK 7 47 16 7 8 2 3 1 6 63 62 57 59 55 54 49 51 47
BLOCK 7 48 16 7 6 63 62 57 59 55 54 49 52 53 50 51 47 48
BLOCK 7 49 16 7 6 63 62 57 60 61 58 59 55 56 50 53 52 49
BLOCK 7 50 16 7 6 63 62 57 60 61 58 59 55 54 49 52 53 50
BLOCK 7 51 16 7 8 2 5 4 1 6 63 62 57 59 55 54 49 51
BLOCK 7 52 16 7 6 63 62 57 60 61 58 59 55 56 50 51 49 52
BLOCK 7 53 16 7 6 63 62 57 60 61 58 59 55 54 49 51 50 53
BLOCK 7 54 16 7 6 63 62 57 60 61 58 59 55 56 50 51 49 54
BLOCK 7 55 8 7 6 63 62 57 59 55
BLOCK 7 56 16 7 6 63 62 57 60 61 58 59 55 54 49 51 50 56
BLOCK 7 57 8 7 6 63 64 58 59 57
BLOCK 7 58 8 7 6 63 62 57 59 58
BLOCK 7 59 32 7 6 1 3 2 8 11 9 14 15 19 17 22 23 27 25 30 31 35 33 38 39 43 41 46 47 51 49 54 55 59
BLOCK 7 60 8 7 6 63 64 58 61 60
BLOCK 7 61 8 7 6 63 62 57 60 61
BLOCK 7 62 32 7 8 11 9 14 15 19 17 22 23 27 25 30 31 35 33 38 39 43 41 46 47 51 49 54 55 59 58 64 63 62
BLOCK 7 63 4 7 6 63
BLOCK 7 64 32 7 8 11 9 14 15 19 17 22 23 27 25 30 31 35 33 38 39 43 41 46 47 51 49 54 55 59 57 62 63 64
BLOCK 8 9 4 8 11 9
BLOCK 8 10 4 8 11 10
BLOCK 8 11 32 8 7 6 63 62 57 59 55 54 49 51 47 46 41 43 39 38 33 35 31 30 25 27 23 22 17 19 15 14 9 11
BLOCK 8 12 32 8 7 6 63 62 57 59 55 54 49 51 47 46 41 43 39 38 33 35 31 30 25 27 23 22 17 19 15 14 9 12
BLOCK 8 13 32 8 7 6 63 62 57 59 55 54 49 51 47 46 41 43 39 38 33 35 31 30 25 27 23 22 17 19 15 16 10 13
BLOCK 8 14 8 8 11 10 13 12 9 14
BLOCK 8 15 32 8 2 5 4 1 6 63 62 57 59 55 54 49 51 47 46 41 43 39 38 33 35 31 30 25 27 23 22 17 19 15
BLOCK 8 16 8 8 11 9 12 13 10 16
BLOCK 8 17 8 8 11 9 14 15 19 17
BLOCK 8 18 8 8 11 9 14 15 19 18
LEGAL 8 19
BLOCK 8 20 16 8 11 9 12 13 10 16 15 19 18 24 23 22 17 20
BLOCK 8 21 16 8 11 9 12 13 10 16 15 19 17 22 23 24 18 21
BLOCK 8 22 32 8 2 3 1 6 63 62 57 59 55 54 49 51 47 46 41 43 39 38 33 35 31 30 25 27 23 24 18 19 17 22
BLOCK 8 23 16 8 11 9 12 13 10 16 15 19 17 20 21 18 24 23
BLOCK 8 24 32 8 2 3 1 6 63 62 57 59 55 54 49 51 47 46 41 43 39 38 33 35 31 30 25 27 23 22 17 19 18 24
BLOCK 8 25 16 8 11 9 14 15 19 17 22 23 27 26 32 31 30 25
BLOCK 8 26 16 8 11 9 14 15 19 17 22 23 27 25 30 31 32 26
BLOCK 8 27 32 8 2 3 1 6 63 62 57 59 55 54 49 51 47 46 41 43 39 38 33 36 37 34 35 31 30 25 28 29 26 27
BLOCK 8 28 16 8 11 9 12 13 10 16 15 19 17 22 23 27 25 28
BLOCK 8 29 16 8 11 9 12 13 10 16 15 19 17 22 23 27 26 29
BLOCK 8 30 16 8 11 9 12 13 10 16 15 19 17 22 23 27 25 30
BLOCK 8 31 32 8 2 3 1 6 63 62 57 59 55 54 49 52 53 50 51 47 46 41 44 45 42 43 39 38 33 36 37 34 35 31
BLOCK 8 32 16 8 11 9 12 13 10 16 15 19 17 22 23 27 26 32
BLOCK 8 33 16 8 11 9 14 15 19 17 22 23 27 25 30 31 35 33
BLOCK 8 34 16 8 11 9 14 15 19 17 22 23 27 25 30 31 35 34
BLOCK 8 35 32 8 2 5 4 1 6 63 62 57 59 55 54 49 52 53 50 51 47 46 41 44 45 42 43 39 38 33 36 37 34 35
BLOCK 8 36 32 8 2 3 1 6 63 62 57 60 61 58 59 55 54 49 52 53 50 51 47 46 41 44 45 42 43 39 40 34 37 36
BLOCK 8 37 32 8 2 3 1 6 63 62 57 60 61 58 59 55 54 49 52 53 50 51 47 46 41 44 45 42 43 39 38 33 36 37
BLOCK 8 38 32 8 2 5 4 1 6 63 62 57 59 55 54 49 52 53 50 51 47 46 41 44 45 42 43 39 40 34 37 36 33 38
LEGAL 8 39
BLOCK 8 40 32 8 2 5 4 1 6 63 62 57 59 55 54 49 52 53 50 51 47 46 41 44 45 42 43 39 38 33 36 37 34 40
BLOCK 8 41 32 8 11 9 12 13 10 16 15 19 17 20 21 18 24 23 27 25 28 29 26 32 31 35 33 36 37 34 40 39 43 41
BLOCK 8 42 32 8 11 9 12 13 10 16 15 19 17 20 21 18 24 23 27 25 28 29 26 32 31 35 33 36 37 34 40 39 43 42
BLOCK 8 43 16 8 7 6 63 62 57 59 55 54 49 51 47 46 41 43
BLOCK 8 44 16 8 7 6 63 62 57 59 55 54 49 51 47 46 41 44
BLOCK 8 45 16 8 7 6 63 62 57 59 55 54 49 51 47 48 42 45
BLOCK 8 46 16 8 2 3 1 6 63 62 57 59 55 54 49 51 47 46
BLOCK 8 47 16 8 2 5 4 1 6 63 62 57 59 55 54 49 51 47
BLOCK 8 48 16 8 2 3 1 6 63 62 57 59 55 54 49 51 47 48
BLOCK 8 49 16 8 2 3 1 6 63 62 57 59 55 56 50 53 52 49
BLOCK 8 50 16 8 2 3 1 6 63 62 57 59 55 54 49 52 53 50
BLOCK 8 51 32 8 11 9 12 13 10 16 15 19 17 20 21 18 24 23 27 25 28 29 26 32 31 35 33 38 39 43 41 46 47 51
BLOCK 8 52 16 8 2 3 1 6 63 62 57 59 55 56 50 51 49 52
BLOCK 8 53 16 8 2 3 1 6 63 62 57 59 55 54 49 51 50 53
BLOCK 8 54 16 8 2 3 1 6 63 62 57 59 55 56 50 51 49 54
BLOCK 8 55 32 8 11 9 12 13 10 16 15 19 17 20 21 18 24 23 27 25 30 31 35 33 38 39 43 41 46 47 51 49 54 55
BLOCK 8 56 16 8 2 3 1 6 63 62 57 59 55 54 49 51 50 56
BLOCK 8 57 32 8 11 9 14 15 19 17 22 23 27 25 30 31 35 33 38 39 43 41 46 47 51 49 54 55 59 58 64 63 62 57
BLOCK 8 58 32 8 11 9 14 15 19 17 22 23 27 25 30 31 35 33 38 39 43 41 46 47 51 49 54 55 59 57 62 63 64 58
BLOCK 8 59 8 8 7 6 63 62 57 59
BLOCK 8 60 8 8 7 6 63 62 57 60
BLOCK 8 61 8 8 7 6 63 64 58 61
BLOCK 8 62 8 8 2 3 1 6 63 62
BLOCK 8 63 8 8 2 5 4 1 6 63
BLOCK 8 64 8 8 2 3 1 6 63 64
BLOCK 9 10 4 9 11 10
BLOCK 9 11 32 9 14 15 19 17 22 23 27 25 30 31 35 33 38 39 43 41 46 47 51 49 54 55 59 57 62 63 6 7 8 11
BLOCK 9 12 8 9 14 15 16 10 13 12
BLOCK 9 13 4 9 12 13
BLOCK 9 14 8 9 12 13 10 16 15 14
BLOCK 9 15 4 9 14 15
BLOCK 9 16 32 9 11 8 7 6 63 62 57 59 55 54 49 51 47 46 41 43 39 38 33 35 31 30 25 27 23 22 17 19 15 16
BLOCK 9 17 8 9 11 10 16 15 19 17
BLOCK 9 18 8 9 11 10 16 15 19 18
BLOCK 9 19 8 9 12 13 10 16 15 19
BLOCK 9 20 8 9 14 15 19 18 21 20
BLOCK 9 21 8 9 14 15 19 17 20 21
BLOCK 9 22 32 9 11 8 7 6 63 62 57 59 55 54 49 51 47 46 41 43 39 38 33 35 31 30 25 27 23 24 18 19 17 22
BLOCK 9 23 8 9 14 15 19 17 22 23
BLOCK 9 24 32 9 11 8 7 6 63 62 57 59 55 54 49 51 47 46 41 43 39 38 33 35 31 30 25 27 23 22 17 19 18 24
BLOCK 9 25 16 9 11 10 16 15 19 17 22 23 27 26 32 31 30 25
BLOCK 9 26 16 9 11 10 16 15 19 17 22 23 27 25 30 31 32 26
BLOCK 9 27 32 9 11 8 2 5 4 1 6 63 62 57 59 55 54 49 51 47 46 41 43 39 38 33 35 31 30 25 28 29 26 27
BLOCK 9 28 16 9 11 10 16 15 19 17 20 21 18 24 23 27 25 28
BLOCK 9 29 16 9 11 10 16 15 19 17 20 21 18 24 23 27 26 29
BLOCK 9 30 16 9 11 10 16 15 19 17 20 21 18 24 23 27 25 30
BLOCK 9 31 32 9 11 8 2 5 4 1 6 63 62 57 59 55 54 49 51 47 46 41 44 45 42 43 39 38 33 36 37 34 35 31
BLOCK 9 32 16 9 11 10 16 15 19 17 20 21 18 24 23 27 26 32
BLOCK 9 33 16 9 11 10 16 15 19 17 22 23 27 25 30 31 35 33
BLOCK 9 34 16 9 11 10 16 15 19 17 22 23 27 25 30 31 35 34
BLOCK 9 35 16 9 12 13 10 16 15 19 17 22 23 27 25 30 31 35
BLOCK 9 36 16 9 14 15 19 17 22 23 27 25 30 31 35 34 37 36
BLOCK 9 37 16 9 14 15 19 17 22 23 27 25 30 31 35 33 36 37
BLOCK 9 38 32 9 11 8 2 3 1 6 63 62 57 59 55 54 49 52 53 50 51 47 46 41 44 45 42 43 39 40 34 35 33 38
BLOCK 9 39 16 9 14 15 19 17 22 23 27 25 30 31 35 33 38 39
BLOCK 9 40 32 9 11 8 2 3 1 6 63 62 57 59 55 54 49 52 53 50 51 47 46 41 44 45 42 43 39 38 33 35 34 40
BLOCK 9 41 32 9 11 10 16 15 19 17 20 21 18 24 23 27 25 28 29 26 32 31 35 33 36 37 34 40 39 43 42 45 44 41
BLOCK 9 42 32 9 11 10 16 15 19 17 20 21 18 24 23 27 25 28 29 26 32 31 35 33 36 37 34 40 39 43 41 44 45 42
BLOCK 9 43 32 9 12 13 10 11 8 2 3 1 6 63 62 57 60 61 58 59 55 54 49 52 53 50 51 47 46 41 44 45 42 43
BLOCK 9 44 32 9 11 10 16 15 19 17 20 21 18 24 23 27 25 28 29 26 32 31 35 33 38 39 43 41 46 47 48 42 45 44
BLOCK 9 45 32 9 11 10 16 15 19 17 20 21 18 24 23 27 25 28 29 26 32 31 35 33 38 39 43 42 48 47 46 41 44 45
BLOCK 9 46 16 9 11 8 7 6 63 62 57 59 55 54 49 51 47 46
BLOCK 9 47 32 9 12 13 10 16 15 19 17 20 21 18 24 23 27 25 28 29 26 32 31 35 33 36 37 34 40 39 43 41 46 47
BLOCK 9 48 16 9 11 8 7 6 63 62 57 59 55 54 49 51 47 48
BLOCK 9 49 16 9 11 8 2 5 4 1 6 63 62 57 59 55 54 49
BLOCK 9 50 16 9 11 8 2 5 4 1 6 63 62 57 59 55 56 50
BLOCK 9 51 16 9 11 8 2 3 1 6 63 62 57 59 55 54 49 51
BLOCK 9 52 16 9 11 8 2 3 1 6 63 62 57 59 55 54 49 52
BLOCK 9 53 16 9 11 8 2 3 1 6 63 62 57 59 55 56 50 53
BLOCK 9 54 16 9 11 8 7 6 63 62 57 59 55 56 50 51 49 54
BLOCK 9 55 16 9 11 8 2 3 1 6 63 62 57 60 61 58 59 55
BLOCK 9 56 16 9 11 8 7 6 63 62 57 59 55 54 49 51 50 56
BLOCK 9 57 16 9 12 13 10 11 8 2 3 1 6 63 64 58 59 57
BLOCK 9 58 16 9 12 13 10 11 8 2 3 1 6 63 62 57 59 58
BLOCK 9 59 16 9 11 8 2 5 4 1 6 63 62 57 60 61 58 59
BLOCK 9 60 16 9 11 8 2 5 4 1 6 63 62 57 59 58 61 60
BLOCK 9 61 16 9 11 8 2 5 4 1 6 63 64 58 59 57 60 61
BLOCK 9 62 8 9 11 8 7 6 63 62
LEGAL 9 63
BLOCK 9 64 8 9 11 8 7 6 63 64
BLOCK 10 11 32 10 16 15 19 17 22 23 27 25 30 31 35 33 38 39 43 41 46 47 51 49 54 55 59 57 62 63 6 7 8 11
BLOCK 10 12 4 10 13 12
BLOCK 10 13 8 10 16 15 14 9 12 13
BLOCK 10 14 32 10 11 8 7 6 63 62 57 59 55 54 49 51 47 46 41 43 39 38 33 35 31 30 25 27 23 22 17 19 15 14
BLOCK 10 15 4 10 16 15
BLOCK 10 16 8 10 13 12 9 14 15 16
BLOCK 10 17 8 10 11 9 14 15 19 17
BLOCK 10 18 8 10 11 9 14 15 19 18
BLOCK 10 19 8 10 13 12 9 14 15 19
BLOCK 10 20 8 10 16 15 19 18 21 20
BLOCK 10 21 8 10 16 15 19 17 20 21
BLOCK 10 22 32 10 11 8 7 6 63 62 57 59 55 54 49 51 47 46 41 43 39 38 33 35 31 30 25 27 23 24 18 19 17 22
BLOCK 10 23 8 10 16 15 19 17 22 23
BLOCK 10 24 32 10 11 8 7 6 63 62 57 59 55 54 49 51 47 46 41 43 39 38 33 35 31 30 25 27 23 22 17 19 18 24
BLOCK 10 25 16 10 11 9 14 15 19 17 22 23 27 26 32 31 30 25
BLOCK 10 26 16 10 11 9 14 15 19 17 22 23 27 25 30 31 32 26
BLOCK 10 27 32 10 11 8 2 5 4 1 6 63 62 57 59 55 54 49 51 47 46 41 43 39 38 33 35 31 30 25 28 29 26 27
BLOCK 10 28 16 10 11 9 14 15 19 17 20 21 18 24 23 27 25 28
BLOCK 10 29 16 10 11 9 14 15 19 17 20 21 18 24 23 27 26 29
BLOCK 10 30 16 10 11 9 14 15 19 17 20 21 18 24 23 27 25 30
BLOCK 10 31 32 10 11 8 2 5 4 1 6 63 62 57 59 55 54 49 51 47 46 41 44 45 42 43 39 38 33 36 37 34 35 31
BLOCK 10 32 16 10 11 9 14 15 19 17 20 21 18 24 23 27 26 32
BLOCK 10 33 16 10 11 9 14 15 19 17 22 23 27 25 30 31 35 33
BLOCK 10 34 16 10 11 9 14 15 19 17 22 23 27 25 30 31 35 34
BLOCK 10 35 16 10 13 12 9 14 15 19 17 22 23 27 25 30 31 35
BLOCK 10 36 16 10 16 15 19 17 22 23 27 25 30 31 35 34 37 36
BLOCK 10 37 16 10 16 15 19 17 22 23 27 25 30 31 35 33 36 37
BLOCK 10 38 32 10 11 8 2 3 1 6 63 62 57 59 55 54 49 52 53 50 51 47 46 41 44 45 42 43 39 40 34 35 33 38
BLOCK 10 39 16 10 16 15 19 17 22 23 27 25 30 31 35 33 38 39
BLOCK 10 40 32 10 11 8 2 3 1 6 63 62 57 59 55 54 49 52 53 50 51 47 46 41 44 45 42 43 39 38 33 35 34 40
BLOCK 10 41 32 10 11 9 14 15 19 17 20 21 18 24 23 27 25 28 29 26 32 31 35 33 36 37 34 40 39 43 42 45 44 41
BLOCK 10 42 32 10 11 9 14 15 19 17 20 21 18 24 23 27 25 28 29 26 32 31 35 33 36 37 34 40 39 43 41 44 45 42
BLOCK 10 43 32 10 13 12 9 11 8 2 3 1 6 63 62 57 60 61 58 59 55 54 49 52 53 50 51 47 46 41 44 45 42 43
BLOCK 10 44 32 10 11 9 14 15 19 17 20 21 18 24 23 27 25 28 29 26 32 31 35 33 38 39 43 41 46 47 48 42 45 44
BLOCK 10 45 32 10 11 9 14 15 19 17 20 21 18 24 23 27 25 28 29 26 32 31 35 33 38 39 43 42 48 47 46 41 44 45
BLOCK 10 46 16 10 11 8 7 6 63 62 57 59 55 54 49 51 47 46
BLOCK 10 47 32 10 13 12 9 14 15 19 17 20 21 18 24 23 27 25 28 29 26 32 31 35 33 36 37 34 40 39 43 41 46 47
BLOCK 10 48 16 10 11 8 7 6 63 62 57 59 55 54 49 51 47 48
BLOCK 10 49 16 10 11 8 2 5 4 1 6 63 62 57 59 55 54 49
BLOCK 10 50 16 10 11 8 2 5 4 1 6 63 62 57 59 55 56 50
BLOCK 10 51 16 10 11 8 2 3 1 6 63 62 57 59 55 54 49 51
BLOCK 10 52 16 10 11 8 2 3 1 6 63 62 57 59 55 54 49 52
BLOCK 10 53 16 10 11 8 2 3 1 6 63 62 57 59 55 56 50 53
BLOCK 10 54 16 10 11 8 7 6 63 62 57 59 55 56 50 51 49 54
BLOCK 10 55 16 10 11 8 2 3 1 6 63 62 57 60 61 58 59 55
BLOCK 10 56 16 10 11 8 7 6 63 62 57 59 55 54 49 51 50 56
BLOCK 10 57 16 10 13 12 9 11 8 2 3 1 6 63 64 58 59 57
BLOCK 10 58 16 10 13 12 9 11 8 2 3 1 6 63 62 57 59 58
BLOCK 10 59 16 10 11 8 2 5 4 1 6 63 62 57 60 61 58 59
BLOCK 10 60 16 10 11 8 2 5 4 1 6 63 62 57 59 58 61 60
BLOCK 10 61 16 10 11 8 2 5 4 1 6 63 64 58 59 57 60 61
BLOCK 10 62 8 10 11 8 7 6 63 62
LEGAL 10 63
BLOCK 10 64 8 10 11 8 7 6 63 64
BLOCK 11 12 4 11 9 12
BLOCK 11 13 4 11 10 13
BLOCK 11 14 4 11 9 14
BLOCK 11 15 8 11 9 12 13 10 16 15
BLOCK 11 16 4 11 10 16
BLOCK 11 17 32 11 8 2 3 1 6 63 62 57 59 55 54 49 51 47 46 41 43 39 38 33 35 31 30 25 27 23 24 18 19 17
BLOCK 11 18 32 11 8 2 3 1 6 63 62 57 59 55 54 49 51 47 46 41 43 39 38 33 35 31 30 25 27 23 22 17 19 18
BLOCK 11 19 32 11 8 2 5 4 1 6 63 62 57 59 55 54 49 51 47 46 41 43 39 38 33 35 31 30 25 27 23 22 17 19
BLOCK 11 20 8 11 9 14 15 19 17 20
BLOCK 11 21 8 11 9 14 15 19 18 21
BLOCK 11 22 8 11 9 14 15 19 17 22
BLOCK 11 23 32 11 8 2 5 4 1 6 63 62 57 59 55 54 49 51 47 46 41 43 39 38 33 35 31 30 25 28 29 26 27 23
BLOCK 11 24 8 11 9 14 15 19 18 24
BLOCK 11 25 32 11 8 2 3 1 6 63 62 57 59 55 54 49 51 47 46 41 43 39 38 33 36 37 34 35 31 32 26 29 28 25
BLOCK 11 26 32 11 8 2 3 1 6 63 62 57 59 55 54 49 51 47 46 41 43 39 38 33 36 37 34 35 31 30 25 28 29 26
BLOCK 11 27 16 11 9 12 13 10 16 15 19 17 20 21 18 24 23 27
BLOCK 11 28 16 11 9 12 13 10 16 15 19 17 22 23 27 26 29 28
BLOCK 11 29 16 11 9 12 13 10 16 15 19 17 22 23 27 25 28 29
BLOCK 11 30 32 11 8 2 3 1 6 63 62 57 59 55 54 49 51 47 46 41 43 39 38 33 36 37 34 35 31 32 26 27 25 30
BLOCK 11 31 16 11 9 12 13 10 16 15 19 17 22 23 27 25 30 31
BLOCK 11 32 32 11 8 2 3 1 6 63 62 57 59 55 54 49 51 47 46 41 43 39 38 33 36 37 34 35 31 30 25 27 26 32
BLOCK 11 33 32 11 8 2 5 4 1 6 63 62 57 59 55 54 49 52 53 50 51 47 46 41 44 45 42 43 39 40 34 37 36 33
BLOCK 11 34 32 11 8 2 5 4 1 6 63 62 57 59 55 54 49 52 53 50 51 47 46 41 44 45 42 43 39 38 33 36 37 34
BLOCK 11 35 32 11 8 2 3 1 6 63 62 57 59 55 54 49 52 53 50 51 47 46 41 44 45 42 43 39 38 33 36 37 34 35
BLOCK 11 36 16 11 9 14 15 19 17 22 23 27 25 30 31 35 33 36
BLOCK 11 37 16 11 9 14 15 19 17 22 23 27 25 30 31 35 34 37
BLOCK 11 38 16 11 9 14 15 19 17 22 23 27 25 30 31 35 33 38
LEGAL 11 39
BLOCK 11 40 16 11 9 14 15 19 17 22 23 27 25 30 31 35 34 40
BLOCK 11 41 16 11 8 7 6 63 62 57 59 55 54 49 51 47 46 41
BLOCK 11 42 16 11 8 7 6 63 62 57 59 55 54 49 51 47 48 42
LEGAL 11 43
BLOCK 11 44 32 11 9 12 13 10 16 15 19 17 20 21 18 24 23 27 25 28 29 26 32 31 35 33 36 37 34 40 39 43 41 44
BLOCK 11 45 32 11 9 12 13 10 16 15 19 17 20 21 18 24 23 27 25 28 29 26 32 31 35 33 36 37 34 40 39 43 42 45
BLOCK 11 46 32 11 9 12 13 10 16 15 19 17 20 21 18 24 23 27 25 28 29 26 32 31 35 33 36 37 34 40 39 43 41 46
BLOCK 11 47 16 11 8 2 3 1 6 63 62 57 59 55 54 49 51 47
BLOCK 11 48 32 11 9 12 13 10 16 15 19 17 20 21 18 24 23 27 25 28 29 26 32 31 35 33 36 37 34 40 39 43 42 48
BLOCK 11 49 16 11 8 2 3 1 6 63 62 57 59 55 56 50 51 49
BLOCK 11 50 16 11 8 2 3 1 6 63 62 57 59 55 54 49 51 50
BLOCK 11 51 16 11 8 2 5 4 1 6 63 62 57 59 55 54 49 51
BLOCK 11 52 16 11 8 2 3 1 6 63 62 57 59 55 56 50 53 52
BLOCK 11 53 16 11 8 2 3 1 6 63 62 57 59 55 54 49 52 53
BLOCK 11 54 16 11 8 2 3 1 6 63 62 57 60 61 58 59 55 54
BLOCK 11 55 16 11 8 2 5 4 1 6 63 62 57 60 61 58 59 55
BLOCK 11 56 16 11 8 2 3 1 6 63 62 57 60 61 58 59 55 56
BLOCK 11 57 8 11 8 7 6 63 62 57
BLOCK 11 58 8 11 8 7 6 63 64 58
BLOCK 11 59 32 11 9 12 13 10 16 15 19 17 20 21 18 24 23 27 25 30 31 35 33 38 39 43 41 46 47 51 49 54 55 59
BLOCK 11 60 32 11 9 12 13 10 16 15 19 17 22 23 27 25 30 31 35 33 38 39 43 41 46 47 51 49 54 55 59 58 61 60
BLOCK 11 61 32 11 9 12 13 10 16 15 19 17 22 23 27 25 30 31 35 33 38 39 43 41 46 47 51 49 54 55 59 57 60 61
LEGAL 11 62
BLOCK 11 63 8 11 8 2 3 1 6 63
LEGAL 11 64
BLOCK 12 13 8 12 9 14 15 16 10 13
BLOCK 12 14 4 12 9 14
BLOCK 12 15 8 12 13 10 11 9 14 15
LEGAL 12 16
BLOCK 12 17 8 12 13 10 16 15 19 17
BLOCK 12 18 8 12 13 10 16 15 19 18
BLOCK 12 19 8 12 9 11 10 16 15 19
BLOCK 12 20 8 12 9 14 15 19 17 20
BLOCK 12 21 8 12 9 14 15 19 18 21
BLOCK 12 22 8 12 9 14 15 19 17 22
BLOCK 12 23 32 12 9 14 15 16 10 11 8 7 6 63 62 57 59 55 54 49 51 47 46 41 43 39 38 33 35 31 30 25 27 23
BLOCK 12 24 8 12 9 14 15 19 18 24
BLOCK 12 25 16 12 9 11 10 16 15 19 17 20 21 18 24 23 27 25
BLOCK 12 26 16 12 9 11 10 16 15 19 17 20 21 18 24 23 27 26
BLOCK 12 27 16 12 13 10 11 9 14 15 19 17 20 21 18 24 23 27
BLOCK 12 28 16 12 9 14 15 19 17 20 21 18 24 23 27 26 29 28
BLOCK 12 29 16 12 9 14 15 19 17 20 21 18 24 23 27 25 28 29
BLOCK 12 30 16 12 9 11 10 16 15 19 17 22 23 27 26 32 31 30
BLOCK 12 31 16 12 9 14 15 19 17 20 21 18 24 23 27 25 30 31
BLOCK 12 32 16 12 9 11 10 16 15 19 17 22 23 27 25 30 31 32
BLOCK 12 33 16 12 13 10 16 15 19 17 22 23 27 25 30 31 35 33
BLOCK 12 34 16 12 13 10 16 15 19 17 22 23 27 25 30 31 35 34
BLOCK 12 35 16 12 9 11 10 16 15 19 17 22 23 27 25 30 31 35
BLOCK 12 36 16 12 9 14 15 19 17 22 23 27 25 30 31 35 33 36
BLOCK 12 37 16 12 9 14 15 19 17 22 23 27 25 30 31 35 34 37
BLOCK 12 38 16 12 9 14 15 19 17 22 23 27 25 30 31 35 33 38
BLOCK 12 39 32 12 9 11 8 2 5 4 1 6 63 62 57 60 61 58 59 55 54 49 52 53 50 51 47 46 41 44 45 42 43 39
BLOCK 12 40 16 12 9 14 15 19 17 22 23 27 25 30 31 35 34 40
BLOCK 12 41 32 12 9 14 15 16 10 11 8 2 3 1 6 63 62 57 60 61 58 59 55 54 49 52 53 50 51 47 48 42 43 41
BLOCK 12 42 32 12 9 14 15 16 10 11 8 2 3 1 6 63 62 57 60 61 58 59 55 54 49 52 53 50 51 47 46 41 43 42
BLOCK 12 43 32 12 9 14 15 16 10 11 8 2 5 4 1 6 63 62 57 59 55 54 49 52 53 50 51 47 46 41 44 45 42 43
BLOCK 12 44 32 12 9 11 10 16 15 19 17 20 21 18 24 23 27 25 28 29 26 32 31 35 33 36 37 34 40 39 43 42 45 44
BLOCK 12 45 32 12 9 11 10 16 15 19 17 20 21 18 24 23 27 25 28 29 26 32 31 35 33 36 37 34 40 39 43 41 44 45
BLOCK 12 46 32 12 9 14 15 16 10 11 8 2 5 4 1 6 63 62 57 59 55 54 49 52 53 50 51 47 48 42 45 44 41 46
BLOCK 12 47 16 12 9 11 8 7 6 63 62 57 59 55 54 49 51 47
BLOCK 12 48 32 12 9 14 15 16 10 11 8 2 5 4 1 6 63 62 57 59 55 54 49 52 53 50 51 47 46 41 44 45 42 48
BLOCK 12 49 16 12 9 11 8 2 3 1 6 63 62 57 59 55 54 49
BLOCK 12 50 16 12 9 11 8 2 3 1 6 63 62 57 59 55 56 50
BLOCK 12 51 16 12 13 10 11 8 7 6 63 62 57 59 55 54 49 51
BLOCK 12 52 16 12 9 11 8 7 6 63 62 57 59 55 56 50 53 52
BLOCK 12 53 16 12 9 11 8 7 6 63 62 57 59 55 54 49 52 53
BLOCK 12 54 16 12 9 11 8 2 5 4 1 6 63 62 57 59 55 54
BLOCK 12 55 16 12 9 14 15 16 10 11 8 7 6 63 62 57 59 55
BLOCK 12 56 16 12 9 11 8 2 5 4 1 6 63 62 57 59 55 56
BLOCK 12 57 16 12 9 11 8 2 5 4 1 6 63 64 58 61 60 57
BLOCK 12 58 16 12 9 11 8 2 5 4 1 6 63 62 57 60 61 58
BLOCK 12 59 16 12 9 11 8 2 3 1 6 63 62 57 60 61 58 59
BLOCK 12 60 16 12 9 11 8 2 3 1 6 63 62 57 59 58 61 60
BLOCK 12 61 16 12 9 11 8 2 3 1 6 63 64 58 59 57 60 61
BLOCK 12 62 16 12 9 11 8 2 3 1 6 63 64 58 61 60 57 62
BLOCK 12 63 8 12 9 11 8 7 6 63
BLOCK 12 64 16 12 9 11 8 2 3 1 6 63 62 57 60 61 58 64
LEGAL 13 14
BLOCK 13 15 8 13 12 9 11 10 16 15
BLOCK 13 16 4 13 10 16
BLOCK 13 17 8 13 12 9 14 15 19 17
BLOCK 13 18 8 13 12 9 14 15 19 18
BLOCK 13 19 8 13 10 11 9 14 15 19
BLOCK 13 20 8 13 10 16 15 19 17 20
BLOCK 13 21 8 13 10 16 15 19 18 21
BLOCK 13 22 8 13 10 16 15 19 17 22
BLOCK 13 23 32 13 10 16 15 14 9 11 8 7 6 63 62 57 59 55 54 49 51 47 46 41 43 39 38 33 35 31 30 25 27 23
BLOCK 13 24 8 13 10 16 15 19 18 24
BLOCK 13 25 16 13 10 11 9 14 15 19 17 20 21 18 24 23 27 25
BLOCK 13 26 16 13 10 11 9 14 15 19 17 20 21 18 24 23 27 26
BLOCK 13 27 16 13 12 9 11 10 16 15 19 17 20 21 18 24 23 27
BLOCK 13 28 16 13 10 16 15 19 17 20 21 18 24 23 27 26 29 28
BLOCK 13 29 16 13 10 16 15 19 17 20 21 18 24 23 27 25 28 29
BLOCK 13 30 16 13 10 11 9 14 15 19 17 22 23 27 26 32 31 30
BLOCK 13 31 16 13 10 16 15 19 17 20 21 18 24 23 27 25 30 31
BLOCK 13 32 16 13 10 11 9 14 15 19 17 22 23 27 25 30 31 32
BLOCK 13 33 16 13 12 9 14 15 19 17 22 23 27 25 30 31 35 33
BLOCK 13 34 16 13 12 9 14 15 19 17 22 23 27 25 30 31 35 34
BLOCK 13 35 16 13 10 11 9 14 15 19 17 22 23 27 25 30 31 35
BLOCK 13 36 16 13 10 16 15 19 17 22 23 27 25 30 31 35 33 36
BLOCK 13 37 16 13 10 16 15 19 17 22 23 27 25 30 31 35 34 37
BLOCK 13 38 16 13 10 16 15 19 17 22 23 27 25 30 31 35 33 38
BLOCK 13 39 32 13 10 11 8 2 5 4 1 6 63 62 57 60 61 58 59 55 54 49 52 53 50 51 47 46 41 44 45 42 43 39
BLOCK 13 40 16 13 10 16 15 19 17 22 23 27 25 30 31 35 34 40
BLOCK 13 41 32 13 10 16 15 14 9 11 8 2 3 1 6 63 62 57 60 61 58 59 55 54 49 52 53 50 51 47 48 42 43 41
BLOCK 13 42 32 13 10 16 15 14 9 11 8 2 3 1 6 63 62 57 60 61 58 59 55 54 49 52 53 50 51 47 46 41 43 42
BLOCK 13 43 32 13 10 16 15 14 9 11 8 2 5 4 1 6 63 62 57 59 55 54 49 52 53 50 51 47 46 41 44 45 42 43
BLOCK 13 44 32 13 10 11 9 14 15 19 17 20 21 18 24 23 27 25 28 29 26 32 31 35 33 36 37 34 40 39 43 42 45 44
BLOCK 13 45 32 13 10 11 9 14 15 19 17 20 21 18 24 23 27 25 28 29 26 32 31 35 33 36 37 34 40 39 43 41 44 45
BLOCK 13 46 32 13 10 16 15 14 9 11 8 2 5 4 1 6 63 62 57 59 55 54 49 52 53 50 51 47 48 42 45 44 41 46
BLOCK 13 47 16 13 10 11 8 7 6 63 62 57 59 55 54 49 51 47
BLOCK 13 48 32 13 10 16 15 14 9 11 8 2 5 4 1 6 63 62 57 59 55 54 49 52 53 50 51 47 46 41 44 45 42 48
BLOCK 13 49 16 13 10 11 8 2 3 1 6 63 62 57 59 55 54 49
BLOCK 13 50 16 13 10 11 8 2 3 1 6 63 62 57 59 55 56 50
BLOCK 13 51 16 13 12 9 11 8 7 6 63 62 57 59 55 54 49 51
BLOCK 13 52 16 13 10 11 8 7 6 63 62 57 59 55 56 50 53 52
BLOCK 13 53 16 13 10 11 8 7 6 63 62 57 59 55 54 49 52 53
BLOCK 13 54 16 13 10 11 8 2 5 4 1 6 63 62 57 59 55 54
BLOCK 13 55 16 13 10 16 15 14 9 11 8 7 6 63 62 57 59 55
BLOCK 13 56 16 13 10 11 8 2 5 4 1 6 63 62 57 59 55 56
BLOCK 13 57 16 13 10 11 8 2 5 4 1 6 63 64 58 61 60 57
BLOCK 13 58 16 13 10 11 8 2 5 4 1 6 63 62 57 60 61 58
BLOCK 13 59 16 13 10 11 8 2 3 1 6 63 62 57 60 61 58 59
BLOCK 13 60 16 13 10 11 8 2 3 1 6 63 62 57 59 58 61 60
BLOCK 13 61 16 13 10 11 8 2 3 1 6 63 64 58 59 57 60 61
BLOCK 13 62 16 13 10 11 8 2 3 1 6 63 64 58 61 60 57 62
BLOCK 13 63 8 13 10 11 8 7 6 63
BLOCK 13 64 16 13 10 11 8 2 3 1 6 63 62 57 60 61 58 64
BLOCK 14 15 8 14 9 12 13 10 16 15
BLOCK 14 16 4 14 15 16
BLOCK 14 17 8 14 15 19 18 21 20 17
BLOCK 14 18 8 14 15 19 17 20 21 18
BLOCK 14 19 4 14 15 19
BLOCK 14 20 16 14 9 12 13 10 16 15 19 17 22 23 24 18 21 20
BLOCK 14 21 16 14 9 12 13 10 16 15 19 18 24 23 22 17 20 21
BLOCK 14 22 8 14 15 19 18 24 23 22
BLOCK 14 23 32 14 15 16 10 11 8 2 3 1 6 63 62 57 59 55 54 49 51 47 46 41 43 39 38 33 35 31 30 25 27 23
BLOCK 14 24 8 14 15 19 17 22 23 24
BLOCK 14 25 16 14 9 11 10 16 15 19 17 20 21 18 24 23 27 25
BLOCK 14 26 16 14 9 11 10 16 15 19 17 20 21 18 24 23 27 26
BLOCK 14 27 8 14 15 19 17 22 23 27
BLOCK 14 28 16 14 9 12 13 10 16 15 19 17 22 23 27 26 29 28
BLOCK 14 29 16 14 9 12 13 10 16 15 19 17 22 23 27 25 28 29
BLOCK 14 30 16 14 9 11 10 16 15 19 17 22 23 27 26 32 31 30
BLOCK 14 31 16 14 9 12 13 10 16 15 19 17 22 23 27 25 30 31
BLOCK 14 32 16 14 9 11 10 16 15 19 17 22 23 27 25 30 31 32
BLOCK 14 33 16 14 15 19 17 20 21 18 24 23 27 25 30 31 35 33
BLOCK 14 34 16 14 15 19 17 20 21 18 24 23 27 25 30 31 35 34
BLOCK 14 35 16 14 9 11 10 16 15 19 17 22 23 27 25 30 31 35
BLOCK 14 36 32 14 9 11 8 2 3 1 6 63 62 57 59 55 54 49 52 53 50 51 47 46 41 44 45 42 43 39 40 34 37 36
BLOCK 14 37 32 14 9 11 8 2 3 1 6 63 62 57 59 55 54 49 52 53 50 51 47 46 41 44 45 42 43 39 38 33 36 37
BLOCK 14 38 16 14 15 19 17 22 23 27 25 30 31 35 34 40 39 38
BLOCK 14 39 32 14 9 11 8 2 5 4 1 6 63 62 57 60 61 58 59 55 54 49 52 53 50 51 47 46 41 44 45 42 43 39
BLOCK 14 40 16 14 15 19 17 22 23 27 25 30 31 35 33 38 39 40
BLOCK 14 41 32 14 9 12 13 10 11 8 2 3 1 6 63 62 57 60 61 58 59 55 54 49 52 53 50 51 47 48 42 45 44 41
BLOCK 14 42 32 14 9 12 13 10 11 8 2 3 1 6 63 62 57 60 61 58 59 55 54 49 52 53 50 51 47 46 41 44 45 42
BLOCK 14 43 16 14 15 19 17 22 23 27 25 30 31 35 33 38 39 43
BLOCK 14 44 32 14 9 11 10 16 15 19 17 20 21 18 24 23 27 25 28 29 26 32 31 35 33 36 37 34 40 39 43 42 45 44
BLOCK 14 45 32 14 9 11 10 16 15 19 17 20 21 18 24 23 27 25 28 29 26 32 31 35 33 36 37 34 40 39 43 41 44 45
BLOCK 14 46 32 14 9 12 13 10 11 8 2 3 1 6 63 62 57 60 61 58 59 55 54 49 52 53 50 51 47 48 42 43 41 46
BLOCK 14 47 16 14 9 11 8 7 6 63 62 57 59 55 54 49 51 47
BLOCK 14 48 32 14 9 12 13 10 11 8 2 3 1 6 63 62 57 60 61 58 59 55 54 49 52 53 50 51 47 46 41 43 42 48
BLOCK 14 49 16 14 9 11 8 2 3 1 6 63 62 57 59 55 54 49
BLOCK 14 50 16 14 9 11 8 2 3 1 6 63 62 57 59 55 56 50
BLOCK 14 51 32 14 15 19 17 20 21 18 24 23 27 25 28 29 26 32 31 35 33 36 37 34 40 39 43 41 44 45 42 48 47 51
BLOCK 14 52 16 14 9 11 8 7 6 63 62 57 59 55 56 50 53 52
BLOCK 14 53 16 14 9 11 8 7 6 63 62 57 59 55 54 49 52 53
BLOCK 14 54 16 14 9 11 8 2 5 4 1 6 63 62 57 59 55 54
BLOCK 14 55 16 14 15 16 10 11 8 2 3 1 6 63 62 57 59 55
BLOCK 14 56 16 14 9 11 8 2 5 4 1 6 63 62 57 59 55 56
BLOCK 14 57 16 14 9 11 8 2 5 4 1 6 63 64 58 61 60 57
BLOCK 14 58 16 14 9 11 8 2 5 4 1 6 63 62 57 60 61 58
BLOCK 14 59 16 14 9 11 8 2 3 1 6 63 62 57 60 61 58 59
BLOCK 14 60 16 14 9 11 8 2 3 1 6 63 62 57 59 58 61 60
BLOCK 14 61 16 14 9 11 8 2 3 1 6 63 64 58 59 57 60 61
BLOCK 14 62 16 14 9 11 8 2 3 1 6 63 64 58 61 60 57 62
BLOCK 14 63 8 14 9 11 8 7 6 63
BLOCK 14 64 16 14 9 11 8 2 3 1 6 63 62 57 60 61 58 64
BLOCK 15 16 8 15 14 9 12 13 10 16
BLOCK 15 17 4 15 19 17
BLOCK 15 18 4 15 19 18
BLOCK 15 19 32 15 14 9 11 8 7 6 63 62 57 59 55 54 49 51 47 46 41 43 39 38 33 35 31 30 25 27 23 22 17 19
BLOCK 15 20 32 15 14 9 11 8 7 6 63 62 57 59 55 54 49 51 47 46 41 43 39 38 33 35 31 30 25 27 23 22 17 20
BLOCK 15 21 32 15 14 9 11 8 7 6 63 62 57 59 55 54 49 51 47 46 41 43 39 38 33 35 31 30 25 27 23 24 18 21
BLOCK 15 22 8 15 19 18 21 20 17 22
BLOCK 15 23 32 15 14 9 11 8 2 5 4 1 6 63 62 57 59 55 54 49 51 47 46 41 43 39 38 33 35 31 30 25 27 23
BLOCK 15 24 8 15 19 17 20 21 18 24
BLOCK 15 25 8 15 19 17 22 23 27 25
BLOCK 15 26 8 15 19 17 22 23 27 26
LEGAL 15 27
BLOCK 15 28 16 15 19 17 20 21 18 24 23 27 26 32 31 30 25 28
BLOCK 15 29 16 15 19 17 20 21 18 24 23 27 25 30 31 32 26 29
BLOCK 15 30 32 15 14 9 11 8 2 3 1 6 63 62 57 59 55 54 49 51 47 46 41 43 39 38 33 35 31 32 26 27 25 30
BLOCK 15 31 16 15 19 17 20 21 18 24 23 27 25 28 29 26 32 31
BLOCK 15 32 32 15 14 9 11 8 2 3 1 6 63 62 57 59 55 54 49 51 47 46 41 43 39 38 33 35 31 30 25 27 26 32
BLOCK 15 33 16 15 19 17 22 23 27 25 30 31 35 34 40 39 38 33
BLOCK 15 34 16 15 19 17 22 23 27 25 30 31 35 33 38 39 40 34
BLOCK 15 35 32 15 14 9 11 8 2 3 1 6 63 62 57 59 55 54 49 51 47 46 41 44 45 42 43 39 38 33 36 37 34 35
BLOCK 15 36 16 15 19 17 20 21 18 24 23 27 25 30 31 35 33 36
BLOCK 15 37 16 15 19 17 20 21 18 24 23 27 25 30 31 35 34 37
BLOCK 15 38 16 15 19 17 20 21 18 24 23 27 25 30 31 35 33 38
BLOCK 15 39 32 15 14 9 11 8 2 3 1 6 63 62 57 60 61 58 59 55 54 49 52 53 50 51 47 46 41 44 45 42 43 39
BLOCK 15 40 16 15 19 17 20 21 18 24 23 27 25 30 31 35 34 40
BLOCK 15 41 16 15 19 17 22 23 27 25 30 31 35 33 38 39 43 41
BLOCK 15 42 16 15 19 17 22 23 27 25 30 31 35 33 38 39 43 42
BLOCK 15 43 32 15 14 9 11 8 2 5 4 1 6 63 62 57 60 61 58 59 55 54 49 52 53 50 51 47 46 41 44 45 42 43
BLOCK 15 44 32 15 14 9 11 8 2 5 4 1 6 63 62 57 60 61 58 59 55 54 49 52 53 50 51 47 46 41 43 42 45 44
BLOCK 15 45 32 15 14 9 11 8 2 5 4 1 6 63 62 57 60 61 58 59 55 54 49 52 53 50 51 47 48 42 43 41 44 45
BLOCK 15 46 32 15 14 9 11 8 2 5 4 1 6 63 62 57 60 61 58 59 55 54 49 52 53 50 51 47 48 42 45 44 41 46
LEGAL 15 47
BLOCK 15 48 32 15 14 9 11 8 2 5 4 1 6 63 62 57 60 61 58 59 55 54 49 52 53 50 51 47 46 41 44 45 42 48
BLOCK 15 49 32 15 19 17 20 21 18 24 23 27 25 28 29 26 32 31 35 33 36 37 34 40 39 43 41 44 45 42 48 47 51 49
BLOCK 15 50 32 15 19 17 20 21 18 24 23 27 25 28 29 26 32 31 35 33 36 37 34 40 39 43 41 44 45 42 48 47 51 50
BLOCK 15 51 16 15 14 9 11 8 7 6 63 62 57 59 55 54 49 51
BLOCK 15 52 16 15 14 9 11 8 7 6 63 62 57 59 55 54 49 52
BLOCK 15 53 16 15 14 9 11 8 7 6 63 62 57 59 55 56 50 53
BLOCK 15 54 16 15 14 9 11 8 2 3 1 6 63 62 57 59 55 54
BLOCK 15 55 16 15 14 9 11 8 2 5 4 1 6 63 62 57 59 55
BLOCK 15 56 16 15 14 9 11 8 2 3 1 6 63 62 57 59 55 56
BLOCK 15 57 16 15 14 9 11 8 2 3 1 6 63 64 58 61 60 57
BLOCK 15 58 16 15 14 9 11 8 2 3 1 6 63 62 57 60 61 58
BLOCK 15 59 32 15 19 17 20 21 18 24 23 27 25 28 29 26 32 31 35 33 36 37 34 40 39 43 41 46 47 51 49 54 55 59
BLOCK 15 60 16 15 14 9 11 8 2 3 1 6 63 64 58 59 57 60
BLOCK 15 61 16 15 14 9 11 8 2 3 1 6 63 62 57 59 58 61
BLOCK 15 62 16 15 14 9 11 8 2 3 1 6 63 64 58 59 57 62
BLOCK 15 63 32 15 19 17 20 21 18 24 23 27 25 28 29 26 32 31 35 33 38 39 43 41 46 47 51 49 54 55 59 57 62 63
BLOCK 15 64 16 15 14 9 11 8 2 3 1 6 63 62 57 59 58 64
BLOCK 16 17 8 16 15 19 18 21 20 17
BLOCK 16 18 8 16 15 19 17 20 21 18
BLOCK 16 19 4 16 15 19
BLOCK 16 20 16 16 10 13 12 9 14 15 19 17 22 23 24 18 21 20
BLOCK 16 21 16 16 10 13 12 9 14 15 19 18 24 23 22 17 20 21
BLOCK 16 22 8 16 15 19 18 24 23 22
BLOCK 16 23 32 16 15 14 9 11 8 2 3 1 6 63 62 57 59 55 54 49 51 47 46 41 43 39 38 33 35 31 30 25 27 23
BLOCK 16 24 8 16 15 19 17 22 23 24
BLOCK 16 25 16 16 10 11 9 14 15 19 17 20 21 18 24 23 27 25
BLOCK 16 26 16 16 10 11 9 14 15 19 17 20 21 18 24 23 27 26
BLOCK 16 27 8 16 15 19 17 22 23 27
BLOCK 16 28 16 16 10 13 12 9 14 15 19 17 22 23 27 26 29 28
BLOCK 16 29 16 16 10 13 12 9 14 15 19 17 22 23 27 25 28 29
BLOCK 16 30 16 16 10 11 9 14 15 19 17 22 23 27 26 32 31 30
BLOCK 16 31 16 16 10 13 12 9 14 15 19 17 22 23 27 25 30 31
BLOCK 16 32 16 16 10 11 9 14 15 19 17 22 23 27 25 30 31 32
BLOCK 16 33 16 16 15 19 17 20 21 18 24 23 27 25 30 31 35 33
BLOCK 16 34 16 16 15 19 17 20 21 18 24 23 27 25 30 31 35 34
BLOCK 16 35 16 16 10 11 9 14 15 19 17 22 23 27 25 30 31 35
BLOCK 16 36 32 16 10 11 8 2 3 1 6 63 62 57 59 55 54 49 52 53 50 51 47 46 41 44 45 42 43 39 40 34 37 36
BLOCK 16 37 32 16 10 11 8 2 3 1 6 63 62 57 59 55 54 49 52 53 50 51 47 46 41 44 45 42 43 39 38 33 36 37
BLOCK 16 38 16 16 15 19 17 22 23 27 25 30 31 35 34 40 39 38
BLOCK 16 39 32 16 10 11 8 2 5 4 1 6 63 62 57 60 61 58 59 55 54 49 52 53 50 51 47 46 41 44 45 42 43 39
BLOCK 16 40 16 16 15 19 17 22 23 27 25 30 31 35 33 38 39 40
BLOCK 16 41 32 16 10 13 12 9 11 8 2 3 1 6 63 62 57 60 61 58 59 55 54 49 52 53 50 51 47 48 42 45 44 41
BLOCK 16 42 32 16 10 13 12 9 11 8 2 3 1 6 63 62 57 60 61 58 59 55 54 49 52 53 50 51 47 46 41 44 45 42
BLOCK 16 43 16 16 15 19 17 22 23 27 25 30 31 35 33 38 39 43
BLOCK 16 44 32 16 10 11 9 14 15 19 17 20 21 18 24 23 27 25 28 29 26 32 31 35 33 36 37 34 40 39 43 42 45 44
BLOCK 16 45 32 16 10 11 9 14 15 19 17 20 21 18 24 23 27 25 28 29 26 32 31 35 33 36 37 34 40 39 43 41 44 45
BLOCK 16 46 32 16 10 13 12 9 11 8 2 3 1 6 63 62 57 60 61 58 59 55 54 49 52 53 50 51 47 48 42 43 41 46
BLOCK 16 47 16 16 10 11 8 7 6 63 62 57 59 55 54 49 51 47
BLOCK 16 48 32 16 10 13 12 9 11 8 2 3 1 6 63 62 57 60 61 58 59 55 54 49 52 53 50 51 47 46 41 43 42 48
BLOCK 16 49 16 16 10 11 8 2 3 1 6 63 62 57 59 55 54 49
BLOCK 16 50 16 16 10 11 8 2 3 1 6 63 62 57 59 55 56 50
BLOCK 16 51 32 16 15 19 17 20 21 18 24 23 27 25 28 29 26 32 31 35 33 36 37 34 40 39 43 41 44 45 42 48 47 51
BLOCK 16 52 16 16 10 11 8 7 6 63 62 57 59 55 56 50 53 52
BLOCK 16 53 16 16 10 11 8 7 6 63 62 57 59 55 54 49 52 53
BLOCK 16 54 16 16 10 11 8 2 5 4 1 6 63 62 57 59 55 54
BLOCK 16 55 16 16 15 14 9 11 8 2 3 1 6 63 62 57 59 55
BLOCK 16 56 16 16 10 11 8 2 5 4 1 6 63 62 57 59 55 56
BLOCK 16 57 16 16 10 11 8 2 5 4 1 6 63 64 58 61 60 57
BLOCK 16 58 16 16 10 11 8 2 5 4 1 6 63 62 57 60 61 58
BLOCK 16 59 16 16 10 11 8 2 3 1 6 63 62 57 60 61 58 59
BLOCK 16 60 16 16 10 11 8 2 3 1 6 63 62 57 59 58 61 60
BLOCK 16 61 16 16 10 11 8 2 3 1 6 63 64 58 59 57 60 61
BLOCK 16 62 16 16 10 11 8 2 3 1 6 63 64 58 61 60 57 62
BLOCK 16 63 8 16 10 11 8 7 6 63
BLOCK 16 64 16 16 10 11 8 2 3 1 6 63 62 57 60 61 58 64
BLOCK 17 18 4 17 19 18
BLOCK 17 19 32 17 22 23 27 25 30 31 35 33 38 39 43 41 46 47 51 49 54 55 59 57 62 63 6 7 8 11 9 14 15 19
BLOCK 17 20 8 17 22 23 24 18 21 20
BLOCK 17 21 4 17 20 21
BLOCK 17 22 8 17 20 21 18 24 23 22
BLOCK 17 23 4 17 22 23
BLOCK 17 24 32 17 19 15 14 9 11 8 7 6 63 62 57 59 55 54 49 51 47 46 41 43 39 38 33 35 31 30 25 27 23 24
BLOCK 17 25 8 17 19 18 24 23 27 25
BLOCK 17 26 8 17 19 18 24 23 27 26
BLOCK 17 27 8 17 20 21 18 24 23 27
BLOCK 17 28 8 17 22 23 27 26 29 28
BLOCK 17 29 8 17 22 23 27 25 28 29
BLOCK 17 30 32 17 19 15 14 9 11 8 7 6 63 62 57 59 55 54 49 51 47 46 41 43 39 38 33 35 31 32 26 27 25 30
BLOCK 17 31 8 17 22 23 27 25 30 31
BLOCK 17 32 32 17 19 15 14 9 11 8 7 6 63 62 57 59 55 54 49 51 47 46 41 43 39 38 33 35 31 30 25 27 26 32
BLOCK 17 33 16 17 19 18 24 23 27 25 30 31 35 34 40 39 38 33
BLOCK 17 34 16 17 19 18 24 23 27 25 30 31 35 33 38 39 40 34
BLOCK 17 35 32 17 19 15 14 9 11 8 2 5 4 1 6 63 62 57 59 55 54 49 51 47 46 41 43 39 38 33 36 37 34 35
BLOCK 17 36 16 17 19 18 24 23 27 25 28 29 26 32 31 35 33 36
BLOCK 17 37 16 17 19 18 24 23 27 25 28 29 26 32 31 35 34 37
BLOCK 17 38 16 17 19 18 24 23 27 25 28 29 26 32 31 35 33 38
BLOCK 17 39 32 17 19 15 14 9 11 8 2 5 4 1 6 63 62 57 59 55 54 49 52 53 50 51 47 46 41 44 45 42 43 39
BLOCK 17 40 16 17 19 18 24 23 27 25 28 29 26 32 31 35 34 40
BLOCK 17 41 16 17 19 18 24 23 27 25 30 31 35 33 38 39 43 41
BLOCK 17 42 16 17 19 18 24 23 27 25 30 31 35 33 38 39 43 42
BLOCK 17 43 16 17 20 21 18 24 23 27 25 30 31 35 33 38 39 43
BLOCK 17 44 16 17 22 23 27 25 30 31 35 33 38 39 43 42 45 44
BLOCK 17 45 16 17 22 23 27 25 30 31 35 33 38 39 43 41 44 45
BLOCK 17 46 32 17 19 15 14 9 11 8 2 3 1 6 63 62 57 60 61 58 59 55 54 49 52 53 50 51 47 48 42 43 41 46
BLOCK 17 47 16 17 22 23 27 25 30 31 35 33 38 39 43 41 46 47
BLOCK 17 48 32 17 19 15 14 9 11 8 2 3 1 6 63 62 57 60 61 58 59 55 54 49 52 53 50 51 47 46 41 43 42 48
BLOCK 17 49 32 17 19 18 24 23 27 25 28 29 26 32 31 35 33 36 37 34 40 39 43 41 44 45 42 48 47 51 50 53 52 49
BLOCK 17 50 32 17 19 18 24 23 27 25 28 29 26 32 31 35 33 36 37 34 40 39 43 41 44 45 42 48 47 51 49 52 53 50
BLOCK 17 51 32 17 20 21 18 19 15 14 9 12 13 10 11 8 2 3 1 6 63 62 57 60 61 58 59 55 54 49 52 53 50 51
BLOCK 17 52 32 17 19 18 24 23 27 25 28 29 26 32 31 35 33 36 37 34 40 39 43 41 46 47 51 49 54 55 56 50 53 52
BLOCK 17 53 32 17 19 18 24 23 27 25 28 29 26 32 31 35 33 36 37 34 40 39 43 41 46 47 51 50 56 55 54 49 52 53
BLOCK 17 54 16 17 19 15 14 9 11 8 7 6 63 62 57 59 55 54
BLOCK 17 55 32 17 20 21 18 24 23 27 25 28 29 26 32 31 35 33 36 37 34 40 39 43 41 44 45 42 48 47 51 49 54 55
BLOCK 17 56 16 17 19 15 14 9 11 8 7 6 63 62 57 59 55 56
BLOCK 17 57 16 17 19 15 14 9 11 8 2 5 4 1 6 63 62 57
BLOCK 17 58 16 17 19 15 14 9 11 8 2 5 4 1 6 63 64 58
BLOCK 17 59 16 17 19 15 14 9 11 8 2 3 1 6 63 62 57 59
BLOCK 17 60 16 17 19 15 14 9 11 8 2 3 1 6 63 62 57 60
BLOCK 17 61 16 17 19 15 14 9 11 8 2 3 1 6 63 64 58 61
BLOCK 17 62 16 17 19 15 14 9 11 8 7 6 63 64 58 59 57 62
BLOCK 17 63 16 17 19 15 14 9 12 13 10 11 8 2 3 1 6 63
BLOCK 17 64 16 17 19 15 14 9 11 8 7 6 63 62 57 59 58 64
BLOCK 18 19 32 18 24 23 27 25 30 31 35 33 38 39 43 41 46 47 51 49 54 55 59 57 62 63 6 7 8 11 9 14 15 19
BLOCK 18 20 4 18 21 20
BLOCK 18 21 8 18 24 23 22 17 20 21
BLOCK 18 22 32 18 19 15 14 9 11 8 7 6 63 62 57 59 55 54 49 51 47 46 41 43 39 38 33 35 31 30 25 27 23 22
BLOCK 18 23 4 18 24 23
BLOCK 18 24 8 18 21 20 17 22 23 24
BLOCK 18 25 8 18 19 17 22 23 27 25
BLOCK 18 26 8 18 19 17 22 23 27 26
BLOCK 18 27 8 18 21 20 17 22 23 27
BLOCK 18 28 8 18 24 23 27 26 29 28
BLOCK 18 29 8 18 24 23 27 25 28 29
BLOCK 18 30 32 18 19 15 14 9 11 8 7 6 63 62 57 59 55 54 49 51 47 46 41 43 39 38 33 35 31 32 26 27 25 30
BLOCK 18 31 8 18 24 23 27 25 30 31
BLOCK 18 32 32 18 19 15 14 9 11 8 7 6 63 62 57 59 55 54 49 51 47 46 41 43 39 38 33 35 31 30 25 27 26 32
BLOCK 18 33 16 18 19 17 22 23 27 25 30 31 35 34 40 39 38 33
BLOCK 18 34 16 18 19 17 22 23 27 25 30 31 35 33 38 39 40 34
BLOCK 18 35 32 18 19 15 14 9 11 8 2 5 4 1 6 63 62 57 59 55 54 49 51 47 46 41 43 39 38 33 36 37 34 35
BLOCK 18 36 16 18 19 17 22 23 27 25 28 29 26 32 31 35 33 36
BLOCK 18 37 16 18 19 17 22 23 27 25 28 29 26 32 31 35 34 37
BLOCK 18 38 16 18 19 17 22 23 27 25 28 29 26 32 31 35 33 38
BLOCK 18 39 32 18 19 15 14 9 11 8 2 5 4 1 6 63 62 57 59 55 54 49 52 53 50 51 47 46 41 44 45 42 43 39
BLOCK 18 40 16 18 19 17 22 23 27 25 28 29 26 32 31 35 34 40
BLOCK 18 41 16 18 19 17 22 23 27 25 30 31 35 33 38 39 43 41
BLOCK 18 42 16 18 19 17 22 23 27 25 30 31 35 33 38 39 43 42
BLOCK 18 43 16 18 21 20 17 22 23 27 25 30 31 35 33 38 39 43
BLOCK 18 44 16 18 24 23 27 25 30 31 35 33 38 39 43 42 45 44
BLOCK 18 45 16 18 24 23 27 25 30 31 35 33 38 39 43 41 44 45
BLOCK 18 46 32 18 19 15 14 9 11 8 2 3 1 6 63 62 57 60 61 58 59 55 54 49 52 53 50 51 47 48 42 43 41 46
BLOCK 18 47 16 18 24 23 27 25 30 31 35 33 38 39 43 41 46 47
BLOCK 18 48 32 18 19 15 14 9 11 8 2 3 1 6 63 62 57 60 61 58 59 55 54 49 52 53 50 51 47 46 41 43 42 48
BLOCK 18 49 32 18 19 17 22 23 27 25 28 29 26 32 31 35 33 36 37 34 40 39 43 41 44 45 42 48 47 51 50 53 52 49
BLOCK 18 50 32 18 19 17 22 23 27 25 28 29 26 32 31 35 33 36 37 34 40 39 43 41 44 45 42 48 47 51 49 52 53 50
BLOCK 18 51 32 18 21 20 17 19 15 14 9 12 13 10 11 8 2 3 1 6 63 62 57 60 61 58 59 55 54 49 52 53 50 51
BLOCK 18 52 32 18 19 17 22 23 27 25 28 29 26 32 31 35 33 36 37 34 40 39 43 41 46 47 51 49 54 55 56 50 53 52
BLOCK 18 53 32 18 19 17 22 23 27 25 28 29 26 32 31 35 33 36 37 34 40 39 43 41 46 47 51 50 56 55 54 49 52 53
BLOCK 18 54 16 18 19 15 14 9 11 8 7 6 63 62 57 59 55 54
BLOCK 18 55 32 18 21 20 17 22 23 27 25 28 29 26 32 31 35 33 36 37 34 40 39 43 41 44 45 42 48 47 51 49 54 55
BLOCK 18 56 16 18 19 15 14 9 11 8 7 6 63 62 57 59 55 56
BLOCK 18 57 16 18 19 15 14 9 11 8 2 5 4 1 6 63 62 57
BLOCK 18 58 16 18 19 15 14 9 11 8 2 5 4 1 6 63 64 58
BLOCK 18 59 16 18 19 15 14 9 11 8 2 3 1 6 63 62 57 59
BLOCK 18 60 16 18 19 15 14 9 11 8 2 3 1 6 63 62 57 60
BLOCK 18 61 16 18 19 15 14 9 11 8 2 3 1 6 63 64 58 61
BLOCK 18 62 16 18 19 15 14 9 11 8 7 6 63 64 58 59 57 62
BLOCK 18 63 16 18 19 15 14 9 12 13 10 11 8 2 3 1 6 63
BLOCK 18 64 16 18 19 15 14 9 11 8 7 6 63 62 57 59 58 64
BLOCK 19 20 4 19 17 20
BLOCK 19 21 4 19 18 21
BLOCK 19 22 4 19 17 22
BLOCK 19 23 8 19 17 20 21 18 24 23
BLOCK 19 24 4 19 18 24
BLOCK 19 25 32 19 15 14 9 11 8 2 3 1 6 63 62 57 59 55 54 49 51 47 46 41 43 39 38 33 35 31 32 26 27 25
BLOCK 19 26 32 19 15 14 9 11 8 2 3 1 6 63 62 57 59 55 54 49 51 47 46 41 43 39 38 33 35 31 30 25 27 26
BLOCK 19 27 32 19 15 14 9 11 8 2 5 4 1 6 63 62 57 59 55 54 49 51 47 46 41 43 39 38 33 35 31 30 25 27
BLOCK 19 28 8 19 17 22 23 27 25 28
BLOCK 19 29 8 19 17 22 23 27 26 29
BLOCK 19 30 8 19 17 22 23 27 25 30
BLOCK 19 31 32 19 15 14 9 11 8 2 5 4 1 6 63 62 57 59 55 54 49 51 47 46 41 43 39 38 33 36 37 34 35 31
BLOCK 19 32 8 19 17 22 23 27 26 32
BLOCK 19 33 32 19 15 14 9 11 8 2 3 1 6 63 62 57 59 55 54 49 51 47 46 41 44 45 42 43 39 40 34 37 36 33
BLOCK 19 34 32 19 15 14 9 11 8 2 3 1 6 63 62 57 59 55 54 49 51 47 46 41 44 45 42 43 39 38 33 36 37 34
BLOCK 19 35 16 19 17 20 21 18 24 23 27 25 28 29 26 32 31 35
BLOCK 19 36 16 19 17 20 21 18 24 23 27 25 30 31 35 34 37 36
BLOCK 19 37 16 19 17 20 21 18 24 23 27 25 30 31 35 33 36 37
BLOCK 19 38 32 19 15 14 9 11 8 2 3 1 6 63 62 57 59 55 54 49 51 47 46 41 44 45 42 43 39 40 34 35 33 38
BLOCK 19 39 16 19 17 20 21 18 24 23 27 25 30 31 35 33 38 39
BLOCK 19 40 32 19 15 14 9 11 8 2 3 1 6 63 62 57 59 55 54 49 51 47 46 41 44 45 42 43 39 38 33 35 34 40
BLOCK 19 41 32 19 15 14 9 11 8 2 5 4 1 6 63 62 57 60 61 58 59 55 54 49 52 53 50 51 47 48 42 45 44 41
BLOCK 19 42 32 19 15 14 9 11 8 2 5 4 1 6 63 62 57 60 61 58 59 55 54 49 52 53 50 51 47 46 41 44 45 42
BLOCK 19 43 32 19 15 14 9 11 8 2 3 1 6 63 62 57 60 61 58 59 55 54 49 52 53 50 51 47 46 41 44 45 42 43
BLOCK 19 44 16 19 17 22 23 27 25 30 31 35 33 38 39 43 41 44
BLOCK 19 45 16 19 17 22 23 27 25 30 31 35 33 38 39 43 42 45
BLOCK 19 46 16 19 17 22 23 27 25 30 31 35 33 38 39 43 41 46
LEGAL 19 47
BLOCK 19 48 16 19 17 22 23 27 25 30 31 35 33 38 39 43 42 48
BLOCK 19 49 16 19 15 14 9 11 8 7 6 63 62 57 59 55 54 49
BLOCK 19 50 16 19 15 14 9 11 8 7 6 63 62 57 59 55 56 50
LEGAL 19 51
BLOCK 19 52 32 19 17 20 21 18 24 23 27 25 28 29 26 32 31 35 33 36 37 34 40 39 43 41 44 45 42 48 47 51 49 52
BLOCK 19 53 32 19 17 20 21 18 24 23 27 25 28 29 26 32 31 35 33 36 37 34 40 39 43 41 44 45 42 48 47 51 50 53
BLOCK 19 54 32 19 17 20 21 18 24 23 27 25 28 29 26 32 31 35 33 36 37 34 40 39 43 41 44 45 42 48 47 51 49 54
BLOCK 19 55 16 19 15 14 9 11 8 2 3 1 6 63 62 57 59 55
BLOCK 19 56 32 19 17 20 21 18 24 23 27 25 28 29 26 32 31 35 33 36 37 34 40 39 43 41 44 45 42 48 47 51 50 56
BLOCK 19 57 16 19 15 14 9 11 8 2 3 1 6 63 64 58 59 57
BLOCK 19 58 16 19 15 14 9 11 8 2 3 1 6 63 62 57 59 58
BLOCK 19 59 16 19 15 14 9 11 8 2 5 4 1 6 63 62 57 59
BLOCK 19 60 16 19 15 14 9 11 8 2 3 1 6 63 64 58 61 60
BLOCK 19 61 16 19 15 14 9 11 8 2 3 1 6 63 62 57 60 61
BLOCK 19 62 16 19 15 14 9 11 8 7 6 63 64 58 61 60 57 62
BLOCK 19 63 16 19 15 14 9 12 13 10 11 8 2 5 4 1 6 63
BLOCK 19 64 16 19 15 14 9 11 8 7 6 63 62 57 60 61 58 64
BLOCK 20 21 8 20 17 22 23 24 18 21
BLOCK 20 22 4 20 17 22
BLOCK 20 23 8 20 21 18 19 17 22 23
LEGAL 20 24
BLOCK 20 25 8 20 21 18 24 23 27 25
BLOCK 20 26 8 20 21 18 24 23 27 26
BLOCK 20 27 8 20 17 19 18 24 23 27
BLOCK 20 28 8 20 17 22 23 27 25 28
BLOCK 20 29 8 20 17 22 23 27 26 29
BLOCK 20 30 8 20 17 22 23 27 25 30
BLOCK 20 31 32 20 17 22 23 24 18 19 15 14 9 11 8 7 6 63 62 57 59 55 54 49 51 47 46 41 43 39 38 33 35 31
BLOCK 20 32 8 20 17 22 23 27 26 32
BLOCK 20 33 16 20 17 19 18 24 23 27 25 28 29 26 32 31 35 33
BLOCK 20 34 16 20 17 19 18 24 23 27 25 28 29 26 32 31 35 34
BLOCK 20 35 16 20 21 18 19 17 22 23 27 25 28 29 26 32 31 35
BLOCK 20 36 16 20 17 22 23 27 25 28 29 26 32 31 35 34 37 36
BLOCK 20 37 16 20 17 22 23 27 25 28 29 26 32 31 35 33 36 37
BLOCK 20 38 16 20 17 19 18 24 23 27 25 30 31 35 34 40 39 38
BLOCK 20 39 16 20 17 22 23 27 25 28 29 26 32 31 35 33 38 39
BLOCK 20 40 16 20 17 19 18 24 23 27 25 30 31 35 33 38 39 40
BLOCK 20 41 16 20 21 18 24 23 27 25 30 31 35 33 38 39 43 41
BLOCK 20 42 16 20 21 18 24 23 27 25 30 31 35 33 38 39 43 42
BLOCK 20 43 16 20 17 19 18 24 23 27 25 30 31 35 33 38 39 43
BLOCK 20 44 16 20 17 22 23 27 25 30 31 35 33 38 39 43 41 44
BLOCK 20 45 16 20 17 22 23 27 25 30 31 35 33 38 39 43 42 45
BLOCK 20 46 16 20 17 22 23 27 25 30 31 35 33 38 39 43 41 46
BLOCK 20 47 32 20 17 19 15 14 9 12 13 10 11 8 2 5 4 1 6 63 62 57 60 61 58 59 55 54 49 52 53 50 51 47
BLOCK 20 48 16 20 17 22 23 27 25 30 31 35 33 38 39 43 42 48
BLOCK 20 49 32 20 17 22 23 24 18 19 15 14 9 12 13 10 11 8 2 3 1 6 63 62 57 60 61 58 59 55 56 50 51 49
BLOCK 20 50 32 20 17 22 23 24 18 19 15 14 9 12 13 10 11 8 2 3 1 6 63 62 57 60 61 58 59 55 54 49 51 50
BLOCK 20 51 32 20 17 22 23 24 18 19 15 14 9 11 8 2 5 4 1 6 63 62 57 60 61 58 59 55 54 49 52 53 50 51
BLOCK 20 52 32 20 17 19 18 24 23 27 25 28 29 26 32 31 35 33 36 37 34 40 39 43 41 44 45 42 48 47 51 50 53 52
BLOCK 20 53 32 20 17 19 18 24 23 27 25 28 29 26 32 31 35 33 36 37 34 40 39 43 41 44 45 42 48 47 51 49 52 53
BLOCK 20 54 32 20 17 22 23 24 18 19 15 14 9 11 8 2 5 4 1 6 63 62 57 60 61 58 59 55 56 50 53 52 49 54
BLOCK 20 55 16 20 17 19 15 14 9 11 8 7 6 63 62 57 59 55
BLOCK 20 56 32 20 17 22 23 24 18 19 15 14 9 11 8 2 5 4 1 6 63 62 57 60 61 58 59 55 54 49 52 53 50 56
BLOCK 20 57 16 20 17 19 15 14 9 11 8 2 3 1 6 63 62 57
BLOCK 20 58 16 20 17 19 15 14 9 11 8 2 3 1 6 63 64 58
BLOCK 20 59 16 20 21 18 19 15 14 9 11 8 7 6 63 62 57 59
BLOCK 20 60 16 20 17 19 15 14 9 11 8 7 6 63 64 58 61 60
BLOCK 20 61 16 20 17 19 15 14 9 11 8 7 6 63 62 57 60 61
BLOCK 20 62 16 20 17 19 15 14 9 11 8 2 5 4 1 6 63 62
BLOCK 20 63 16 20 17 22 23 24 18 19 15 14 9 11 8 7 6 63
BLOCK 20 64 16 20 17 19 15 14 9 11 8 2 5 4 1 6 63 64
LEGAL 21 22
BLOCK 21 23 8 21 20 17 19 18 24 23
BLOCK 21 24 4 21 18 24
BLOCK 21 25 8 21 20 17 22 23 27 25
BLOCK 21 26 8 21 20 17 22 23 27 26
BLOCK 21 27 8 21 18 19 17 22 23 27
BLOCK 21 28 8 21 18 24 23 27 25 28
BLOCK 21 29 8 21 18 24 23 27 26 29
BLOCK 21 30 8 21 18 24 23 27 25 30
BLOCK 21 31 32 21 18 24 23 22 17 19 15 14 9 11 8 7 6 63 62 57 59 55 54 49 51 47 46 41 43 39 38 33 35 31
BLOCK 21 32 8 21 18 24 23 27 26 32
BLOCK 21 33 16 21 18 19 17 22 23 27 25 28 29 26 32 31 35 33
BLOCK 21 34 16 21 18 19 17 22 23 27 25 28 29 26 32 31 35 34
BLOCK 21 35 16 21 20 17 19 18 24 23 27 25 28 29 26 32 31 35
BLOCK 21 36 16 21 18 24 23 27 25 28 29 26 32 31 35 34 37 36
BLOCK 21 37 16 21 18 24 23 27 25 28 29 26 32 31 35 33 36 37
BLOCK 21 38 16 21 18 19 17 22 23 27 25 30 31 35 34 40 39 38
BLOCK 21 39 16 21 18 24 23 27 25 28 29 26 32 31 35 33 38 39
BLOCK 21 40 16 21 18 19 17 22 23 27 25 30 31 35 33 38 39 40
BLOCK 21 41 16 21 20 17 22 23 27 25 30 31 35 33 38 39 43 41
BLOCK 21 42 16 21 20 17 22 23 27 25 30 31 35 33 38 39 43 42
BLOCK 21 43 16 21 18 19 17 22 23 27 25 30 31 35 33 38 39 43
BLOCK 21 44 16 21 18 24 23 27 25 30 31 35 33 38 39 43 41 44
BLOCK 21 45 16 21 18 24 23 27 25 30 31 35 33 38 39 43 42 45
BLOCK 21 46 16 21 18 24 23 27 25 30 31 35 33 38 39 43 41 46
BLOCK 21 47 32 21 18 19 15 14 9 12 13 10 11 8 2 5 4 1 6 63 62 57 60 61 58 59 55 54 49 52 53 50 51 47
BLOCK 21 48 16 21 18 24 23 27 25 30 31 35 33 38 39 43 42 48
BLOCK 21 49 32 21 18 24 23 22 17 19 15 14 9 12 13 10 11 8 2 3 1 6 63 62 57 60 61 58 59 55 56 50 51 49
BLOCK 21 50 32 21 18 24 23 22 17 19 15 14 9 12 13 10 11 8 2 3 1 6 63 62 57 60 61 58 59 55 54 49 51 50
BLOCK 21 51 32 21 18 24 23 22 17 19 15 14 9 11 8 2 5 4 1 6 63 62 57 60 61 58 59 55 54 49 52 53 50 51
BLOCK 21 52 32 21 18 19 17 22 23 27 25 28 29 26 32 31 35 33 36 37 34 40 39 43 41 44 45 42 48 47 51 50 53 52
BLOCK 21 53 32 21 18 19 17 22 23 27 25 28 29 26 32 31 35 33 36 37 34 40 39 43 41 44 45 42 48 47 51 49 52 53
BLOCK 21 54 32 21 18 24 23 22 17 19 15 14 9 11 8 2 5 4 1 6 63 62 57 60 61 58 59 55 56 50 53 52 49 54
BLOCK 21 55 16 21 18 19 15 14 9 11 8 7 6 63 62 57 59 55
BLOCK 21 56 32 21 18 24 23 22 17 19 15 14 9 11 8 2 5 4 1 6 63 62 57 60 61 58 59 55 54 49 52 53 50 56
BLOCK 21 57 16 21 18 19 15 14 9 11 8 2 3 1 6 63 62 57
BLOCK 21 58 16 21 18 19 15 14 9 11 8 2 3 1 6 63 64 58
BLOCK 21 59 16 21 20 17 19 15 14 9 11 8 7 6 63 62 57 59
BLOCK 21 60 16 21 18 19 15 14 9 11 8 7 6 63 64 58 61 60
BLOCK 21 61 16 21 18 19 15 14 9 11 8 7 6 63 62 57 60 61
BLOCK 21 62 16 21 18 19 15 14 9 11 8 2 5 4 1 6 63 62
BLOCK 21 63 16 21 18 24 23 22 17 19 15 14 9 11 8 7 6 63
BLOCK 21 64 16 21 18 19 15 14 9 11 8 2 5 4 1 6 63 64
BLOCK 22 23 8 22 17 20 21 18 24 23
BLOCK 22 24 4 22 23 24
BLOCK 22 25 8 22 23 27 26 29 28 25
BLOCK 22 26 8 22 23 27 25 28 29 26
BLOCK 22 27 4 22 23 27
BLOCK 22 28 16 22 17 20 21 18 24 23 27 25 30 31 32 26 29 28
BLOCK 22 29 16 22 17 20 21 18 24 23 27 26 32 31 30 25 28 29
BLOCK 22 30 8 22 23 27 26 32 31 30
BLOCK 22 31 32 22 23 24 18 19 15 14 9 11 8 2 3 1 6 63 62 57 59 55 54 49 51 47 46 41 43 39 38 33 35 31
BLOCK 22 32 8 22 23 27 25 30 31 32
BLOCK 22 33 16 22 17 19 18 24 23 27 25 28 29 26 32 31 35 33
BLOCK 22 34 16 22 17 19 18 24 23 27 25 28 29 26 32 31 35 34
BLOCK 22 35 8 22 23 27 25 30 31 35
BLOCK 22 36 16 22 17 20 21 18 24 23 27 25 30 31 35 34 37 36
BLOCK 22 37 16 22 17 20 21 18 24 23 27 25 30 31 35 33 36 37
BLOCK 22 38 16 22 17 19 18 24 23 27 25 30 31 35 34 40 39 38
BLOCK 22 39 16 22 17 20 21 18 24 23 27 25 30 31 35 33 38 39
BLOCK 22 40 16 22 17 19 18 24 23 27 25 30 31 35 33 38 39 40
BLOCK 22 41 16 22 23 27 25 28 29 26 32 31 35 33 38 39 43 41
BLOCK 22 42 16 22 23 27 25 28 29 26 32 31 35 33 38 39 43 42
BLOCK 22 43 16 22 17 19 18 24 23 27 25 30 31 35 33 38 39 43
BLOCK 22 44 32 22 17 19 15 14 9 11 8 2 3 1 6 63 62 57 60 61 58 59 55 54 49 52 53 50 51 47 48 42 45 44
BLOCK 22 45 32 22 17 19 15 14 9 11 8 2 3 1 6 63 62 57 60 61 58 59 55 54 49 52 53 50 51 47 46 41 44 45
BLOCK 22 46 16 22 23 27 25 30 31 35 33 38 39 43 42 48 47 46
BLOCK 22 47 32 22 17 19 15 14 9 12 13 10 11 8 2 5 4 1 6 63 62 57 60 61 58 59 55 54 49 52 53 50 51 47
BLOCK 22 48 16 22 23 27 25 30 31 35 33 38 39 43 41 46 47 48
BLOCK 22 49 32 22 17 20 21 18 19 15 14 9 12 13 10 11 8 2 3 1 6 63 62 57 60 61 58 59 55 56 50 53 52 49
BLOCK 22 50 32 22 17 20 21 18 19 15 14 9 12 13 10 11 8 2 3 1 6 63 62 57 60 61 58 59 55 54 49 52 53 50
BLOCK 22 51 16 22 23 27 25 30 31 35 33 38 39 43 41 46 47 51
BLOCK 22 52 32 22 17 19 18 24 23 27 25 28 29 26 32 31 35 33 36 37 34 40 39 43 41 44 45 42 48 47 51 50 53 52
BLOCK 22 53 32 22 17 19 18 24 23 27 25 28 29 26 32 31 35 33 36 37 34 40 39 43 41 44 45 42 48 47 51 49 52 53
BLOCK 22 54 32 22 17 20 21 18 19 15 14 9 12 13 10 11 8 2 3 1 6 63 62 57 60 61 58 59 55 56 50 51 49 54
BLOCK 22 55 16 22 17 19 15 14 9 11 8 7 6 63 62 57 59 55
BLOCK 22 56 32 22 17 20 21 18 19 15 14 9 12 13 10 11 8 2 3 1 6 63 62 57 60 61 58 59 55 54 49 51 50 56
BLOCK 22 57 16 22 17 19 15 14 9 11 8 2 3 1 6 63 62 57
BLOCK 22 58 16 22 17 19 15 14 9 11 8 2 3 1 6 63 64 58
BLOCK 22 59 32 22 23 27 25 28 29 26 32 31 35 33 36 37 34 40 39 43 41 44 45 42 48 47 51 49 52 53 50 56 55 59
BLOCK 22 60 16 22 17 19 15 14 9 11 8 7 6 63 64 58 61 60
BLOCK 22 61 16 22 17 19 15 14 9 11 8 7 6 63 62 57 60 61
BLOCK 22 62 16 22 17 19 15 14 9 11 8 2 5 4 1 6 63 62
BLOCK 22 63 16 22 23 24 18 19 15 14 9 11 8 2 3 1 6 63
BLOCK 22 64 16 22 17 19 15 14 9 11 8 2 5 4 1 6 63 64
BLOCK 23 24 8 23 22 17 20 21 18 24
BLOCK 23 25 4 23 27 25
BLOCK 23 26 4 23 27 26
BLOCK 23 27 32 23 22 17 19 15 14 9 11 8 7 6 63 62 57 59 55 54 49 51 47 46 41 43 39 38 33 35 31 30 25 27
BLOCK 23 28 32 23 22 17 19 15 14 9 11 8 7 6 63 62 57 59 55 54 49 51 47 46 41 43 39 38 33 35 31 30 25 28
BLOCK 23 29 32 23 22 17 19 15 14 9 11 8 7 6 63 62 57 59 55 54 49 51 47 46 41 43 39 38 33 35 31 32 26 29
BLOCK 23 30 8 23 27 26 29 28 25 30
BLOCK 23 31 32 23 22 17 19 15 14 9 11 8 2 5 4 1 6 63 62 57 59 55 54 49 51 47 46 41 43 39 38 33 35 31
BLOCK 23 32 8 23 27 25 28 29 26 32
BLOCK 23 33 8 23 27 25 30 31 35 33
BLOCK 23 34 8 23 27 25 30 31 35 34
LEGAL 23 35
BLOCK 23 36 16 23 27 25 28 29 26 32 31 35 34 40 39 38 33 36
BLOCK 23 37 16 23 27 25 28 29 26 32 31 35 33 38 39 40 34 37
BLOCK 23 38 32 23 22 17 19 15 14 9 11 8 2 3 1 6 63 62 57 59 55 54 49 51 47 46 41 43 39 40 34 35 33 38
BLOCK 23 39 16 23 27 25 28 29 26 32 31 35 33 36 37 34 40 39
BLOCK 23 40 32 23 22 17 19 15 14 9 11 8 2 3 1 6 63 62 57 59 55 54 49 51 47 46 41 43 39 38 33 35 34 40
BLOCK 23 41 16 23 27 25 30 31 35 33 38 39 43 42 48 47 46 41
BLOCK 23 42 16 23 27 25 30 31 35 33 38 39 43 41 46 47 48 42
BLOCK 23 43 32 23 22 17 19 15 14 9 11 8 2 3 1 6 63 62 57 59 55 54 49 52 53 50 51 47 46 41 44 45 42 43
BLOCK 23 44 16 23 27 25 28 29 26 32 31 35 33 38 39 43 41 44
BLOCK 23 45 16 23 27 25 28 29 26 32 31 35 33 38 39 43 42 45
BLOCK 23 46 16 23 27 25 28 29 26 32 31 35 33 38 39 43 41 46
BLOCK 23 47 32 23 22 17 19 15 14 9 12 13 10 11 8 2 3 1 6 63 62 57 60 61 58 59 55 54 49 52 53 50 51 47
BLOCK 23 48 16 23 27 25 28 29 26 32 31 35 33 38 39 43 42 48
BLOCK 23 49 16 23 27 25 30 31 35 33 38 39 43 41 46 47 51 49
BLOCK 23 50 16 23 27 25 30 31 35 33 38 39 43 41 46 47 51 50
BLOCK 23 51 32 23 22 17 19 15 14 9 12 13 10 11 8 2 5 4 1 6 63 62 57 60 61 58 59 55 54 49 52 53 50 51
BLOCK 23 52 32 23 22 17 19 15 14 9 12 13 10 11 8 2 5 4 1 6 63 62 57 60 61 58 59 55 54 49 51 50 53 52
BLOCK 23 53 32 23 22 17 19 15 14 9 12 13 10 11 8 2 5 4 1 6 63 62 57 60 61 58 59 55 56 50 51 49 52 53
BLOCK 23 54 32 23 22 17 19 15 14 9 12 13 10 11 8 2 5 4 1 6 63 62 57 60 61 58 59 55 56 50 53 52 49 54
LEGAL 23 55
BLOCK 23 56 32 23 22 17 19 15 14 9 12 13 10 11 8 2 5 4 1 6 63 62 57 60 61 58 59 55 54 49 52 53 50 56
BLOCK 23 57 32 23 27 25 28 29 26 32 31 35 33 36 37 34 40 39 43 41 44 45 42 48 47 51 49 52 53 50 56 55 59 57
BLOCK 23 58 32 23 27 25 28 29 26 32 31 35 33 36 37 34 40 39 43 41 44 45 42 48 47 51 49 52 53 50 56 55 59 58
BLOCK 23 59 16 23 22 17 19 15 14 9 11 8 7 6 63 62 57 59
BLOCK 23 60 16 23 22 17 19 15 14 9 11 8 7 6 63 62 57 60
BLOCK 23 61 16 23 22 17 19 15 14 9 11 8 7 6 63 64 58 61
BLOCK 23 62 16 23 22 17 19 15 14 9 11 8 2 3 1 6 63 62
BLOCK 23 63 16 23 22 17 19 15 14 9 11 8 2 5 4 1 6 63
BLOCK 23 64 16 23 22 17 19 15 14 9 11 8 2 3 1 6 63 64
BLOCK 24 25 8 24 23 27 26 29 28 25
BLOCK 24 26 8 24 23 27 25 28 29 26
BLOCK 24 27 4 24 23 27
BLOCK 24 28 16 24 18 21 20 17 22 23 27 25 30 31 32 26 29 28
BLOCK 24 29 16 24 18 21 20 17 22 23 27 26 32 31 30 25 28 29
BLOCK 24 30 8 24 23 27 26 32 31 30
BLOCK 24 31 32 24 23 22 17 19 15 14 9 11 8 2 3 1 6 63 62 57 59 55 54 49 51 47 46 41 43 39 38 33 35 31
BLOCK 24 32 8 24 23 27 25 30 31 32
BLOCK 24 33 16 24 18 19 17 22 23 27 25 28 29 26 32 31 35 33
BLOCK 24 34 16 24 18 19 17 22 23 27 25 28 29 26 32 31 35 34
BLOCK 24 35 8 24 23 27 25 30 31 35
BLOCK 24 36 16 24 18 21 20 17 22 23 27 25 30 31 35 34 37 36
BLOCK 24 37 16 24 18 21 20 17 22 23 27 25 30 31 35 33 36 37
BLOCK 24 38 16 24 18 19 17 22 23 27 25 30 31 35 34 40 39 38
BLOCK 24 39 16 24 18 21 20 17 22 23 27 25 30 31 35 33 38 39
BLOCK 24 40 16 24 18 19 17 22 23 27 25 30 31 35 33 38 39 40
BLOCK 24 41 16 24 23 27 25 28 29 26 32 31 35 33 38 39 43 41
BLOCK 24 42 16 24 23 27 25 28 29 26 32 31 35 33 38 39 43 42
BLOCK 24 43 16 24 18 19 17 22 23 27 25 30 31 35 33 38 39 43
BLOCK 24 44 32 24 18 19 15 14 9 11 8 2 3 1 6 63 62 57 60 61 58 59 55 54 49 52 53 50 51 47 48 42 45 44
BLOCK 24 45 32 24 18 19 15 14 9 11 8 2 3 1 6 63 62 57 60 61 58 59 55 54 49 52 53 50 51 47 46 41 44 45
BLOCK 24 46 16 24 23 27 25 30 31 35 33 38 39 43 42 48 47 46
BLOCK 24 47 32 24 18 19 15 14 9 12 13 10 11 8 2 5 4 1 6 63 62 57 60 61 58 59 55 54 49 52 53 50 51 47
BLOCK 24 48 16 24 23 27 25 30 31 35 33 38 39 43 41 46 47 48
BLOCK 24 49 32 24 18 21 20 17 19 15 14 9 12 13 10 11 8 2 3 1 6 63 62 57 60 61 58 59 55 56 50 53 52 49
BLOCK 24 50 32 24 18 21 20 17 19 15 14 9 12 13 10 11 8 2 3 1 6 63 62 57 60 61 58 59 55 54 49 52 53 50
BLOCK 24 51 16 24 23 27 25 30 31 35 33 38 39 43 41 46 47 51
BLOCK 24 52 32 24 18 19 17 22 23 27 25 28 29 26 32 31 35 33 36 37 34 40 39 43 41 44 45 42 48 47 51 50 53 52
BLOCK 24 53 32 24 18 19 17 22 23 27 25 28 29 26 32 31 35 33 36 37 34 40 39 43 41 44 45 42 48 47 51 49 52 53
BLOCK 24 54 32 24 18 21 20 17 19 15 14 9 12 13 10 11 8 2 3 1 6 63 62 57 60 61 58 59 55 56 50 51 49 54
BLOCK 24 55 16 24 18 19 15 14 9 11 8 7 6 63 62 57 59 55
BLOCK 24 56 32 24 18 21 20 17 19 15 14 9 12 13 10 11 8 2 3 1 6 63 62 57 60 61 58 59 55 54 49 51 50 56
BLOCK 24 57 16 24 18 19 15 14 9 11 8 2 3 1 6 63 62 57
BLOCK 24 58 16 24 18 19 15 14 9 11 8 2 3 1 6 63 64 58
BLOCK 24 59 32 24 23 27 25 28 29 26 32 31 35 33 36 37 34 40 39 43 41 44 45 42 48 47 51 49 52 53 50 56 55 59
BLOCK 24 60 16 24 18 19 15 14 9 11 8 7 6 63 64 58 61 60
BLOCK 24 61 16 24 18 19 15 14 9 11 8 7 6 63 62 57 60 61
BLOCK 24 62 16 24 18 19 15 14 9 11 8 2 5 4 1 6 63 62
BLOCK 24 63 16 24 23 22 17 19 15 14 9 11 8 2 3 1 6 63
BLOCK 24 64 16 24 18 19 15 14 9 11 8 2 5 4 1 6 63 64
BLOCK 25 26 4 25 27 26
BLOCK 25 27 32 25 30 31 35 33 38 39 43 41 46 47 51 49 54 55 59 57 62 63 6 7 8 11 9 14 15 19 17 22 23 27
BLOCK 25 28 8 25 30 31 32 26 29 28
BLOCK 25 29 4 25 28 29
BLOCK 25 30 8 25 28 29 26 32 31 30
BLOCK 25 31 4 25 30 31
BLOCK 25 32 32 25 27 23 22 17 19 15 14 9 11 8 7 6 63 62 57 59 55 54 49 51 47 46 41 43 39 38 33 35 31 32
BLOCK 25 33 8 25 27 26 32 31 35 33
BLOCK 25 34 8 25 27 26 32 31 35 34
BLOCK 25 35 8 25 28 29 26 32 31 35
BLOCK 25 36 8 25 30 31 35 34 37 36
BLOCK 25 37 8 25 30 31 35 33 36 37
BLOCK 25 38 32 25 27 23 22 17 19 15 14 9 11 8 7 6 63 62 57 59 55 54 49 51 47 46 41 43 39 40 34 35 33 38
BLOCK 25 39 8 25 30 31 35 33 38 39
BLOCK 25 40 32 25 27 23 22 17 19 15 14 9 11 8 7 6 63 62 57 59 55 54 49 51 47 46 41 43 39 38 33 35 34 40
BLOCK 25 41 16 25 27 26 32 31 35 33 38 39 43 42 48 47 46 41
BLOCK 25 42 16 25 27 26 32 31 35 33 38 39 43 41 46 47 48 42
BLOCK 25 43 32 25 27 23 22 17 19 15 14 9 11 8 2 5 4 1 6 63 62 57 59 55 54 49 51 47 46 41 44 45 42 43
BLOCK 25 44 16 25 27 26 32 31 35 33 36 37 34 40 39 43 41 44
BLOCK 25 45 16 25 27 26 32 31 35 33 36 37 34 40 39 43 42 45
BLOCK 25 46 16 25 27 26 32 31 35 33 36 37 34 40 39 43 41 46
BLOCK 25 47 32 25 27 23 22 17 19 15 14 9 11 8 2 5 4 1 6 63 62 57 60 61 58 59 55 54 49 52 53 50 51 47
BLOCK 25 48 16 25 27 26 32 31 35 33 36 37 34 40 39 43 42 48
BLOCK 25 49 16 25 27 26 32 31 35 33 38 39 43 41 46 47 51 49
BLOCK 25 50 16 25 27 26 32 31 35 33 38 39 43 41 46 47 51 50
BLOCK 25 51 16 25 28 29 26 32 31 35 33 38 39 43 41 46 47 51
BLOCK 25 52 16 25 30 31 35 33 38 39 43 41 46 47 51 50 53 52
BLOCK 25 53 16 25 30 31 35 33 38 39 43 41 46 47 51 49 52 53
BLOCK 25 54 32 25 27 23 22 17 19 15 14 9 12 13 10 11 8 2 3 1 6 63 62 57 60 61 58 59 55 56 50 51 49 54
BLOCK 25 55 16 25 30 31 35 33 38 39 43 41 46 47 51 49 54 55
BLOCK 25 56 32 25 27 23 22 17 19 15 14 9 12 13 10 11 8 2 3 1 6 63 62 57 60 61 58 59 55 54 49 51 50 56
BLOCK 25 57 32 25 27 26 32 31 35 33 36 37 34 40 39 43 41 44 45 42 48 47 51 49 52 53 50 56 55 59 58 61 60 57
BLOCK 25 58 32 25 27 26 32 31 35 33 36 37 34 40 39 43 41 44 45 42 48 47 51 49 52 53 50 56 55 59 57 60 61 58
BLOCK 25 59 32 25 28 29 26 27 23 22 17 20 21 18 19 15 14 9 12 13 10 11 8 2 3 1 6 63 62 57 60 61 58 59
BLOCK 25 60 32 25 27 26 32 31 35 33 36 37 34 40 39 43 41 44 45 42 48 47 51 49 54 55 59 57 62 63 64 58 61 60
BLOCK 25 61 32 25 27 26 32 31 35 33 36 37 34 40 39 43 41 44 45 42 48 47 51 49 54 55 59 58 64 63 62 57 60 61
BLOCK 25 62 16 25 27 23 22 17 19 15 14 9 11 8 7 6 63 62
BLOCK 25 63 32 25 28 29 26 32 31 35 33 36 37 34 40 39 43 41 44 45 42 48 47 51 49 52 53 50 56 55 59 57 62 63
BLOCK 25 64 16 25 27 23 22 17 19 15 14 9 11 8 7 6 63 64
BLOCK 26 27 32 26 32 31 35 33 38 39 43 41 46 47 51 49 54 55 59 57 62 63 6 7 8 11 9 14 15 19 17 22 23 27
BLOCK 26 28 4 26 29 28
BLOCK 26 29 8 26 32 31 30 25 28 29
BLOCK 26 30 32 26 27 23 22 17 19 15 14 9 11 8 7 6 63 62 57 59 55 54 49 51 47 46 41 43 39 38 33 35 31 30
BLOCK 26 31 4 26 32 31
BLOCK 26 32 8 26 29 28 25 30 31 32
BLOCK 26 33 8 26 27 25 30 31 35 33
BLOCK 26 34 8 26 27 25 30 31 35 34
BLOCK 26 35 8 26 29 28 25 30 31 35
BLOCK 26 36 8 26 32 31 35 34 37 36
BLOCK 26 37 8 26 32 31 35 33 36 37
BLOCK 26 38 32 26 27 23 22 17 19 15 14 9 11 8 7 6 63 62 57 59 55 54 49 51 47 46 41 43 39 40 34 35 33 38
BLOCK 26 39 8 26 32 31 35 33 38 39
BLOCK 26 40 32 26 27 23 22 17 19 15 14 9 11 8 7 6 63 62 57 59 55 54 49 51 47 46 41 43 39 38 33 35 34 40
BLOCK 26 41 16 26 27 25 30 31 35 33 38 39 43 42 48 47 46 41
BLOCK 26 42 16 26 27 25 30 31 35 33 38 39 43 41 46 47 48 42
BLOCK 26 43 32 26 27 23 22 17 19 15 14 9 11 8 2 5 4 1 6 63 62 57 59 55 54 49 51 47 46 41 44 45 42 43
BLOCK 26 44 16 26 27 25 30 31 35 33 36 37 34 40 39 43 41 44
BLOCK 26 45 16 26 27 25 30 31 35 33 36 37 34 40 39 43 42 45
BLOCK 26 46 16 26 27 25 30 31 35 33 36 37 34 40 39 43 41 46
BLOCK 26 47 32 26 27 23 22 17 19 15 14 9 11 8 2 5 4 1 6 63 62 57 60 61 58 59 55 54 49 52 53 50 51 47
BLOCK 26 48 16 26 27 25 30 31 35 33 36 37 34 40 39 43 42 48
BLOCK 26 49 16 26 27 25 30 31 35 33 38 39 43 41 46 47 51 49
BLOCK 26 50 16 26 27 25 30 31 35 33 38 39 43 41 46 47 51 50
BLOCK 26 51 16 26 29 28 25 30 31 35 33 38 39 43 41 46 47 51
BLOCK 26 52 16 26 32 31 35 33 38 39 43 41 46 47 51 50 53 52
BLOCK 26 53 16 26 32 31 35 33 38 39 43 41 46 47 51 49 52 53
BLOCK 26 54 32 26 27 23 22 17 19 15 14 9 12 13 10 11 8 2 3 1 6 63 62 57 60 61 58 59 55 56 50 51 49 54
BLOCK 26 55 16 26 32 31 35 33 38 39 43 41 46 47 51 49 54 55
BLOCK 26 56 32 26 27 23 22 17 19 15 14 9 12 13 10 11 8 2 3 1 6 63 62 57 60 61 58 59 55 54 49 51 50 56
BLOCK 26 57 32 26 27 25 30 31 35 33 36 37 34 40 39 43 41 44 45 42 48 47 51 49 52 53 50 56 55 59 58 61 60 57
BLOCK 26 58 32 26 27 25 30 31 35 33 36 37 34 40 39 43 41 44 45 42 48 47 51 49 52 53 50 56 55 59 57 60 61 58
BLOCK 26 59 32 26 29 28 25 27 23 22 17 20 21 18 19 15 14 9 12 13 10 11 8 2 3 1 6 63 62 57 60 61 58 59
BLOCK 26 60 32 26 27 25 30 31 35 33 36 37 34 40 39 43 41 44 45 42 48 47 51 49 54 55 59 57 62 63 64 58 61 60
BLOCK 26 61 32 26 27 25 30 31 35 33 36 37 34 40 39 43 41 44 45 42 48 47 51 49 54 55 59 58 64 63 62 57 60 61
BLOCK 26 62 16 26 27 23 22 17 19 15 14 9 11 8 7 6 63 62
BLOCK 26 63 32 26 29 28 25 30 31 35 33 36 37 34 40 39 43 41 44 45 42 48 47 51 49 52 53 50 56 55 59 57 62 63
BLOCK 26 64 16 26 27 23 22 17 19 15 14 9 11 8 7 6 63 64
BLOCK 27 28 4 27 25 28
BLOCK 27 29 4 27 26 29
BLOCK 27 30 4 27 25 30
BLOCK 27 31 8 27 25 28 29 26 32 31
BLOCK 27 32 4 27 26 32
BLOCK 27 33 32 27 23 22 17 19 15 14 9 11 8 2 3 1 6 63 62 57 59 55 54 49 51 47 46 41 43 39 40 34 35 33
BLOCK 27 34 32 27 23 22 17 19 15 14 9 11 8 2 3 1 6 63 62 57 59 55 54 49 51 47 46 41 43 39 38 33 35 34
BLOCK 27 35 32 27 23 22 17 19 15 14 9 11 8 2 5 4 1 6 63 62 57 59 55 54 49 51 47 46 41 43 39 38 33 35
BLOCK 27 36 8 27 25 30 31 35 33 36
BLOCK 27 37 8 27 25 30 31 35 34 37
BLOCK 27 38 8 27 25 30 31 35 33 38
BLOCK 27 39 32 27 23 22 17 19 15 14 9 11 8 2 5 4 1 6 63 62 57 59 55 54 49 51 47 46 41 44 45 42 43 39
BLOCK 27 40 8 27 25 30 31 35 34 40
BLOCK 27 41 32 27 23 22 17 19 15 14 9 11 8 2 3 1 6 63 62 57 59 55 54 49 52 53 50 51 47 48 42 45 44 41
BLOCK 27 42 32 27 23 22 17 19 15 14 9 11 8 2 3 1 6 63 62 57 59 55 54 49 52 53 50 51 47 46 41 44 45 42
BLOCK 27 43 16 27 25 28 29 26 32 31 35 33 36 37 34 40 39 43
BLOCK 27 44 16 27 25 28 29 26 32 31 35 33 38 39 43 42 45 44
BLOCK 27 45 16 27 25 28 29 26 32 31 35 33 38 39 43 41 44 45
BLOCK 27 46 32 27 23 22 17 19 15 14 9 11 8 2 3 1 6 63 62 57 59 55 54 49 52 53 50 51 47 48 42 43 41 46
BLOCK 27 47 16 27 25 28 29 26 32 31 35 33 38 39 43 41 46 47
BLOCK 27 48 32 27 23 22 17 19 15 14 9 11 8 2 3 1 6 63 62 57 59 55 54 49 52 53 50 51 47 46 41 43 42 48
BLOCK 27 49 32 27 23 22 17 19 15 14 9 12 13 10 11 8 2 5 4 1 6 63 62 57 60 61 58 59 55 56 50 53 52 49
BLOCK 27 50 32 27 23 22 17 19 15 14 9 12 13 10 11 8 2 5 4 1 6 63 62 57 60 61 58 59 55 54 49 52 53 50
BLOCK 27 51 32 27 23 22 17 19 15 14 9 12 13 10 11 8 2 3 1 6 63 62 57 60 61 58 59 55 54 49 52 53 50 51
BLOCK 27 52 16 27 25 30 31 35 33 38 39 43 41 46 47 51 49 52
BLOCK 27 53 16 27 25 30 31 35 33 38 39 43 41 46 47 51 50 53
BLOCK 27 54 16 27 25 30 31 35 33 38 39 43 41 46 47 51 49 54
LEGAL 27 55
BLOCK 27 56 16 27 25 30 31 35 33 38 39 43 41 46 47 51 50 56
BLOCK 27 57 16 27 23 22 17 19 15 14 9 11 8 7 6 63 62 57
BLOCK 27 58 16 27 23 22 17 19 15 14 9 11 8 7 6 63 64 58
LEGAL 27 59
BLOCK 27 60 32 27 25 28 29 26 32 31 35 33 36 37 34 40 39 43 41 44 45 42 48 47 51 49 52 53 50 56 55 59 57 60
BLOCK 27 61 32 27 25 28 29 26 32 31 35 33 36 37 34 40 39 43 41 44 45 42 48 47 51 49 52 53 50 56 55 59 58 61
BLOCK 27 62 32 27 25 28 29 26 32 31 35 33 36 37 34 40 39 43 41 44 45 42 48 47 51 49 52 53 50 56 55 59 57 62
BLOCK 27 63 16 27 23 22 17 19 15 14 9 11 8 2 3 1 6 63
BLOCK 27 64 32 27 25 28 29 26 32 31 35 33 36 37 34 40 39 43 41 44 45 42 48 47 51 49 52 53 50 56 55 59 58 64
BLOCK 28 29 8 28 25 30 31 32 26 29
BLOCK 28 30 4 28 25 30
BLOCK 28 31 8 28 29 26 27 25 30 31
LEGAL 28 32
BLOCK 28 33 8 28 29 26 32 31 35 33
BLOCK 28 34 8 28 29 26 32 31 35 34
BLOCK 28 35 8 28 25 27 26 32 31 35
BLOCK 28 36 8 28 25 30 31 35 33 36
BLOCK 28 37 8 28 25 30 31 35 34 37
BLOCK 28 38 8 28 25 30 31 35 33 38
BLOCK 28 39 32 28 25 30 31 32 26 27 23 22 17 19 15 14 9 11 8 7 6 63 62 57 59 55 54 49 51 47 46 41 43 39
BLOCK 28 40 8 28 25 30 31 35 34 40
BLOCK 28 41 16 28 25 27 26 32 31 35 33 36 37 34 40 39 43 41
BLOCK 28 42 16 28 25 27 26 32 31 35 33 36 37 34 40 39 43 42
BLOCK 28 43 16 28 29 26 27 25 30 31 35 33 36 37 34 40 39 43
BLOCK 28 44 16 28 25 30 31 35 33 36 37 34 40 39 43 42 45 44
BLOCK 28 45 16 28 25 30 31 35 33 36 37 34 40 39 43 41 44 45
BLOCK 28 46 16 28 25 27 26 32 31 35 33 38 39 43 42 48 47 46
BLOCK 28 47 16 28 25 30 31 35 33 36 37 34 40 39 43 41 46 47
BLOCK 28 48 16 28 25 27 26 32 31 35 33 38 39 43 41 46 47 48
BLOCK 28 49 16 28 29 26 32 31 35 33 38 39 43 41 46 47 51 49
BLOCK 28 50 16 28 29 26 32 31 35 33 38 39 43 41 46 47 51 50
BLOCK 28 51 16 28 25 27 26 32 31 35 33 38 39 43 41 46 47 51
BLOCK 28 52 16 28 25 30 31 35 33 38 39 43 41 46 47 51 49 52
BLOCK 28 53 16 28 25 30 31 35 33 38 39 43 41 46 47 51 50 53
BLOCK 28 54 16 28 25 30 31 35 33 38 39 43 41 46 47 51 49 54
BLOCK 28 55 32 28 25 27 23 22 17 20 21 18 19 15 14 9 12 13 10 11 8 2 5 4 1 6 63 62 57 60 61 58 59 55
BLOCK 28 56 16 28 25 30 31 35 33 38 39 43 41 46 47 51 50 56
BLOCK 28 57 32 28 25 30 31 32 26 27 23 22 17 20 21 18 19 15 14 9 12 13 10 11 8 2 3 1 6 63 64 58 59 57
BLOCK 28 58 32 28 25 30 31 32 26 27 23 22 17 20 21 18 19 15 14 9 12 13 10 11 8 2 3 1 6 63 62 57 59 58
BLOCK 28 59 32 28 25 30 31 32 26 27 23 22 17 19 15 14 9 12 13 10 11 8 2 5 4 1 6 63 62 57 60 61 58 59
BLOCK 28 60 32 28 25 27 26 32 31 35 33 36 37 34 40 39 43 41 44 45 42 48 47 51 49 52 53 50 56 55 59 58 61 60
BLOCK 28 61 32 28 25 27 26 32 31 35 33 36 37 34 40 39 43 41 44 45 42 48 47 51 49 52 53 50 56 55 59 57 60 61
BLOCK 28 62 32 28 25 30 31 32 26 27 23 22 17 19 15 14 9 12 13 10 11 8 2 5 4 1 6 63 64 58 61 60 57 62
BLOCK 28 63 16 28 25 27 23 22 17 19 15 14 9 11 8 7 6 63
BLOCK 28 64 32 28 25 30 31 32 26 27 23 22 17 19 15 14 9 12 13 10 11 8 2 5 4 1 6 63 62 57 60 61 58 64
LEGAL 29 30
BLOCK 29 31 8 29 28 25 27 26 32 31
BLOCK 29 32 4 29 26 32
BLOCK 29 33 8 29 28 25 30 31 35 33
BLOCK 29 34 8 29 28 25 30 31 35 34
BLOCK 29 35 8 29 26 27 25 30 31 35
BLOCK 29 36 8 29 26 32 31 35 33 36
BLOCK 29 37 8 29 26 32 31 35 34 37
BLOCK 29 38 8 29 26 32 31 35 33 38
BLOCK 29 39 32 29 26 32 31 30 25 27 23 22 17 19 15 14 9 11 8 7 6 63 62 57 59 55 54 49 51 47 46 41 43 39
BLOCK 29 40 8 29 26 32 31 35 34 40
BLOCK 29 41 16 29 26 27 25 30 31 35 33 36 37 34 40 39 43 41
BLOCK 29 42 16 29 26 27 25 30 31 35 33 36 37 34 40 39 43 42
BLOCK 29 43 16 29 28 25 27 26 32 31 35 33 36 37 34 40 39 43
BLOCK 29 44 16 29 26 32 31 35 33 36 37 34 40 39 43 42 45 44
BLOCK 29 45 16 29 26 32 31 35 33 36 37 34 40 39 43 41 44 45
BLOCK 29 46 16 29 26 27 25 30 31 35 33 38 39 43 42 48 47 46
BLOCK 29 47 16 29 26 32 31 35 33 36 37 34 40 39 43 41 46 47
BLOCK 29 48 16 29 26 27 25 30 31 35 33 38 39 43 41 46 47 48
BLOCK 29 49 16 29 28 25 30 31 35 33 38 39 43 41 46 47 51 49
BLOCK 29 50 16 29 28 25 30 31 35 33 38 39 43 41 46 47 51 50
BLOCK 29 51 16 29 26 27 25 30 31 35 33 38 39 43 41 46 47 51
BLOCK 29 52 16 29 26 32 31 35 33 38 39 43 41 46 47 51 49 52
BLOCK 29 53 16 29 26 32 31 35 33 38 39 43 41 46 47 51 50 53
BLOCK 29 54 16 29 26 32 31 35 33 38 39 43 41 46 47 51 49 54
BLOCK 29 55 32 29 26 27 23 22 17 20 21 18 19 15 14 9 12 13 10 11 8 2 5 4 1 6 63 62 57 60 61 58 59 55
BLOCK 29 56 16 29 26 32 31 35 33 38 39 43 41 46 47 51 50 56
BLOCK 29 57 32 29 26 32 31 30 25 27 23 22 17 20 21 18 19 15 14 9 12 13 10 11 8 2 3 1 6 63 64 58 59 57
BLOCK 29 58 32 29 26 32 31 30 25 27 23 22 17 20 21 18 19 15 14 9 12 13 10 11 8 2 3 1 6 63 62 57 59 58
BLOCK 29 59 32 29 26 32 31 30 25 27 23 22 17 19 15 14 9 12 13 10 11 8 2 5 4 1 6 63 62 57 60 61 58 59
BLOCK 29 60 32 29 26 27 25 30 31 35 33 36 37 34 40 39 43 41 44 45 42 48 47 51 49 52 53 50 56 55 59 58 61 60
BLOCK 29 61 32 29 26 27 25 30 31 35 33 36 37 34 40 39 43 41 44 45 42 48 47 51 49 52 53 50 56 55 59 57 60 61
BLOCK 29 62 32 29 26 32 31 30 25 27 23 22 17 19 15 14 9 12 13 10 11 8 2 5 4 1 6 63 64 58 61 60 57 62
BLOCK 29 63 16 29 26 27 23 22 17 19 15 14 9 11 8 7 6 63
BLOCK 29 64 32 29 26 32 31 30 25 27 23 22 17 19 15 14 9 12 13 10 11 8 2 5 4 1 6 63 62 57 60 61 58 64
BLOCK 30 31 8 30 25 28 29 26 32 31
BLOCK 30 32 4 30 31 32
BLOCK 30 33 8 30 31 35 34 37 36 33
BLOCK 30 34 8 30 31 35 33 36 37 34
BLOCK 30 35 4 30 31 35
BLOCK 30 36 16 30 25 28 29 26 32 31 35 33 38 39 40 34 37 36
BLOCK 30 37 16 30 25 28 29 26 32 31 35 34 40 39 38 33 36 37
BLOCK 30 38 8 30 31 35 34 40 39 38
BLOCK 30 39 32 30 31 32 26 27 23 22 17 19 15 14 9 11 8 2 3 1 6 63 62 57 59 55 54 49 51 47 46 41 43 39
BLOCK 30 40 8 30 31 35 33 38 39 40
BLOCK 30 41 16 30 25 27 26 32 31 35 33 36 37 34 40 39 43 41
BLOCK 30 42 16 30 25 27 26 32 31 35 33 36 37 34 40 39 43 42
BLOCK 30 43 8 30 31 35 33 38 39 43
BLOCK 30 44 16 30 25 28 29 26 32 31 35 33 38 39 43 42 45 44
BLOCK 30 45 16 30 25 28 29 26 32 31 35 33 38 39 43 41 44 45
BLOCK 30 46 16 30 25 27 26 32 31 35 33 38 39 43 42 48 47 46
BLOCK 30 47 16 30 25 28 29 26 32 31 35 33 38 39 43 41 46 47
BLOCK 30 48 16 30 25 27 26 32 31 35 33 38 39 43 41 46 47 48
BLOCK 30 49 16 30 31 35 33 36 37 34 40 39 43 41 46 47 51 49
BLOCK 30 50 16 30 31 35 33 36 37 34 40 39 43 41 46 47 51 50
BLOCK 30 51 16 30 25 27 26 32 31 35 33 38 39 43 41 46 47 51
BLOCK 30 52 32 30 25 27 23 22 17 19 15 14 9 11 8 2 5 4 1 6 63 62 57 60 61 58 59 55 54 49 51 50 53 52
BLOCK 30 53 32 30 25 27 23 22 17 19 15 14 9 11 8 2 5 4 1 6 63 62 57 60 61 58 59 55 56 50 51 49 52 53
BLOCK 30 54 16 30 31 35 33 38 39 43 41 46 47 51 50 56 55 54
BLOCK 30 55 32 30 25 27 23 22 17 20 21 18 19 15 14 9 12 13 10 11 8 2 5 4 1 6 63 62 57 60 61 58 59 55
BLOCK 30 56 16 30 31 35 33 38 39 43 41 46 47 51 49 54 55 56
BLOCK 30 57 32 30 25 28 29 26 27 23 22 17 20 21 18 19 15 14 9 12 13 10 11 8 2 3 1 6 63 64 58 61 60 57
BLOCK 30 58 32 30 25 28 29 26 27 23 22 17 20 21 18 19 15 14 9 12 13 10 11 8 2 3 1 6 63 62 57 60 61 58
BLOCK 30 59 16 30 31 35 33 38 39 43 41 46 47 51 49 54 55 59
BLOCK 30 60 32 30 25 27 26 32 31 35 33 36 37 34 40 39 43 41 44 45 42 48 47 51 49 52 53 50 56 55 59 58 61 60
BLOCK 30 61 32 30 25 27 26 32 31 35 33 36 37 34 40 39 43 41 44 45 42 48 47 51 49 52 53 50 56 55 59 57 60 61
BLOCK 30 62 32 30 25 28 29 26 27 23 22 17 20 21 18 19 15 14 9 12 13 10 11 8 2 3 1 6 63 64 58 59 57 62
BLOCK 30 63 16 30 25 27 23 22 17 19 15 14 9 11 8 7 6 63
BLOCK 30 64 32 30 25 28 29 26 27 23 22 17 20 21 18 19 15 14 9 12 13 10 11 8 2 3 1 6 63 62 57 59 58 64
BLOCK 31 32 8 31 30 25 28 29 26 32
BLOCK 31 33 4 31 35 33
BLOCK 31 34 4 31 35 34
BLOCK 31 35 32 31 30 25 27 23 22 17 19 15 14 9 11 8 7 6 63 62 57 59 55 54 49 51 47 46 41 43 39 38 33 35
BLOCK 31 36 32 31 30 25 27 23 22 17 19 15 14 9 11 8 7 6 63 62 57 59 55 54 49 51 47 46 41 43 39 38 33 36
BLOCK 31 37 32 31 30 25 27 23 22 17 19 15 14 9 11 8 7 6 63 62 57 59 55 54 49 51 47 46 41 43 39 40 34 37
BLOCK 31 38 8 31 35 34 37 36 33 38
BLOCK 31 39 32 31 30 25 27 23 22 17 19 15 14 9 11 8 2 5 4 1 6 63 62 57 59 55 54 49 51 47 46 41 43 39
BLOCK 31 40 8 31 35 33 36 37 34 40
BLOCK 31 41 8 31 35 33 38 39 43 41
BLOCK 31 42 8 31 35 33 38 39 43 42
LEGAL 31 43
BLOCK 31 44 16 31 35 33 36 37 34 40 39 43 42 48 47 46 41 44
BLOCK 31 45 16 31 35 33 36 37 34 40 39 43 41 46 47 48 42 45
BLOCK 31 46 32 31 30 25 27 23 22 17 19 15 14 9 11 8 2 3 1 6 63 62 57 59 55 54 49 51 47 48 42 43 41 46
BLOCK 31 47 16 31 35 33 36 37 34 40 39 43 41 44 45 42 48 47
BLOCK 31 48 32 31 30 25 27 23 22 17 19 15 14 9 11 8 2 3 1 6 63 62 57 59 55 54 49 51 47 46 41 43 42 48
BLOCK 31 49 16 31 35 33 38 39 43 41 46 47 51 50 56 55 54 49
BLOCK 31 50 16 31 35 33 38 39 43 41 46 47 51 49 54 55 56 50
BLOCK 31 51 32 31 30 25 27 23 22 17 19 15 14 9 11 8 2 3 1 6 63 62 57 60 61 58 59 55 54 49 52 53 50 51
BLOCK 31 52 16 31 35 33 36 37 34 40 39 43 41 46 47 51 49 52
BLOCK 31 53 16 31 35 33 36 37 34 40 39 43 41 46 47 51 50 53
BLOCK 31 54 16 31 35 33 36 37 34 40 39 43 41 46 47 51 49 54
BLOCK 31 55 32 31 30 25 27 23 22 17 20 21 18 19 15 14 9 12 13 10 11 8 2 3 1 6 63 62 57 60 61 58 59 55
BLOCK 31 56 16 31 35 33 36 37 34 40 39 43 41 46 47 51 50 56
BLOCK 31 57 16 31 35 33 38 39 43 41 46 47 51 49 54 55 59 57
BLOCK 31 58 16 31 35 33 38 39 43 41 46 47 51 49 54 55 59 58
BLOCK 31 59 32 31 30 25 27 23 22 17 20 21 18 19 15 14 9 12 13 10 11 8 2 5 4 1 6 63 62 57 60 61 58 59
BLOCK 31 60 32 31 30 25 27 23 22 17 20 21 18 19 15 14 9 12 13 10 11 8 2 5 4 1 6 63 62 57 59 58 61 60
BLOCK 31 61 32 31 30 25 27 23 22 17 20 21 18 19 15 14 9 12 13 10 11 8 2 5 4 1 6 63 64 58 59 57 60 61
BLOCK 31 62 32 31 30 25 27 23 22 17 20 21 18 19 15 14 9 12 13 10 11 8 2 5 4 1 6 63 64 58 61 60 57 62
LEGAL 31 63
BLOCK 31 64 32 31 30 25 27 23 22 17 20 21 18 19 15 14 9 12 13 10 11 8 2 5 4 1 6 63 62 57 60 61 58 64
BLOCK 32 33 8 32 31 35 34 37 36 33
BLOCK 32 34 8 32 31 35 33 36 37 34
BLOCK 32 35 4 32 31 35
BLOCK 32 36 16 32 26 29 28 25 30 31 35 33 38 39 40 34 37 36
BLOCK 32 37 16 32 26 29 28 25 30 31 35 34 40 39 38 33 36 37
BLOCK 32 38 8 32 31 35 34 40 39 38
BLOCK 32 39 32 32 31 30 25 27 23 22 17 19 15 14 9 11 8 2 3 1 6 63 62 57 59 55 54 49 51 47 46 41 43 39
BLOCK 32 40 8 32 31 35 33 38 39 40
BLOCK 32 41 16 32 26 27 25 30 31 35 33 36 37 34 40 39 43 41
BLOCK 32 42 16 32 26 27 25 30 31 35 33 36 37 34 40 39 43 42
BLOCK 32 43 8 32 31 35 33 38 39 43
BLOCK 32 44 16 32 26 29 28 25 30 31 35 33 38 39 43 42 45 44
BLOCK 32 45 16 32 26 29 28 25 30 31 35 33 38 39 43 41 44 45
BLOCK 32 46 16 32 26 27 25 30 31 35 33 38 39 43 42 48 47 46
BLOCK 32 47 16 32 26 29 28 25 30 31 35 33 38 39 43 41 46 47
BLOCK 32 48 16 32 26 27 25 30 31 35 33 38 39 43 41 46 47 48
BLOCK 32 49 16 32 31 35 33 36 37 34 40 39 43 41 46 47 51 49
BLOCK 32 50 16 32 31 35 33 36 37 34 40 39 43 41 46 47 51 50
BLOCK 32 51 16 32 26 27 25 30 31 35 33 38 39 43 41 46 47 51
BLOCK 32 52 32 32 26 27 23 22 17 19 15 14 9 11 8 2 5 4 1 6 63 62 57 60 61 58 59 55 54 49 51 50 53 52
BLOCK 32 53 32 32 26 27 23 22 17 19 15 14 9 11 8 2 5 4 1 6 63 62 57 60 61 58 59 55 56 50 51 49 52 53
BLOCK 32 54 16 32 31 35 33 38 39 43 41 46 47 51 50 56 55 54
BLOCK 32 55 32 32 26 27 23 22 17 20 21 18 19 15 14 9 12 13 10 11 8 2 5 4 1 6 63 62 57 60 61 58 59 55
BLOCK 32 56 16 32 31 35 33 38 39 43 41 46 47 51 49 54 55 56
BLOCK 32 57 32 32 26 29 28 25 27 23 22 17 20 21 18 19 15 14 9 12 13 10 11 8 2 3 1 6 63 64 58 61 60 57
BLOCK 32 58 32 32 26 29 28 25 27 23 22 17 20 21 18 19 15 14 9 12 13 10 11 8 2 3 1 6 63 62 57 60 61 58
BLOCK 32 59 16 32 31 35 33 38 39 43 41 46 47 51 49 54 55 59
BLOCK 32 60 32 32 26 27 25 30 31 35 33 36 37 34 40 39 43 41 44 45 42 48 47 51 49 52 53 50 56 55 59 58 61 60
BLOCK 32 61 32 32 26 27 25 30 31 35 33 36 37 34 40 39 43 41 44 45 42 48 47 51 49 52 53 50 56 55 59 57 60 61
BLOCK 32 62 32 32 26 29 28 25 27 23 22 17 20 21 18 19 15 14 9 12 13 10 11 8 2 3 1 6 63 64 58 59 57 62
BLOCK 32 63 16 32 26 27 23 22 17 19 15 14 9 11 8 7 6 63
BLOCK 32 64 32 32 26 29 28 25 27 23 22 17 20 21 18 19 15 14 9 12 13 10 11 8 2 3 1 6 63 62 57 59 58 64
BLOCK 33 34 4 33 35 34
BLOCK 33 35 32 33 38 39 43 41 46 47 51 49 54 55 59 57 62 63 6 7 8 11 9 14 15 19 17 22 23 27 25 30 31 35
BLOCK 33 36 8 33 38 39 40 34 37 36
BLOCK 33 37 4 33 36 37
BLOCK 33 38 8 33 36 37 34 40 39 38
BLOCK 33 39 4 33 38 39
BLOCK 33 40 32 33 35 31 30 25 27 23 22 17 19 15 14 9 11 8 7 6 63 62 57 59 55 54 49 51 47 46 41 43 39 40
BLOCK 33 41 8 33 35 34 40 39 43 41
BLOCK 33 42 8 33 35 34 40 39 43 42
BLOCK 33 43 8 33 36 37 34 40 39 43
BLOCK 33 44 8 33 38 39 43 42 45 44
BLOCK 33 45 8 33 38 39 43 41 44 45
BLOCK 33 46 32 33 35 31 30 25 27 23 22 17 19 15 14 9 11 8 7 6 63 62 57 59 55 54 49 51 47 48 42 43 41 46
BLOCK 33 47 8 33 38 39 43 41 46 47
BLOCK 33 48 32 33 35 31 30 25 27 23 22 17 19 15 14 9 11 8 7 6 63 62 57 59 55 54 49 51 47 46 41 43 42 48
BLOCK 33 49 16 33 35 34 40 39 43 41 46 47 51 50 56 55 54 49
BLOCK 33 50 16 33 35 34 40 39 43 41 46 47 51 49 54 55 56 50
BLOCK 33 51 32 33 35 31 30 25 27 23 22 17 19 15 14 9 11 8 2 5 4 1 6 63 62 57 59 55 54 49 52 53 50 51
BLOCK 33 52 16 33 35 34 40 39 43 41 44 45 42 48 47 51 49 52
BLOCK 33 53 16 33 35 34 40 39 43 41 44 45 42 48 47 51 50 53
BLOCK 33 54 16 33 35 34 40 39 43 41 44 45 42 48 47 51 49 54
BLOCK 33 55 32 33 35 31 30 25 27 23 22 17 19 15 14 9 12 13 10 11 8 2 5 4 1 6 63 62 57 60 61 58 59 55
BLOCK 33 56 16 33 35 34 40 39 43 41 44 45 42 48 47 51 50 56
BLOCK 33 57 16 33 35 34 40 39 43 41 46 47 51 49 54 55 59 57
BLOCK 33 58 16 33 35 34 40 39 43 41 46 47 51 49 54 55 59 58
BLOCK 33 59 16 33 36 37 34 40 39 43 41 46 47 51 49 54 55 59
BLOCK 33 60 16 33 38 39 43 41 46 47 51 49 54 55 59 58 61 60
BLOCK 33 61 16 33 38 39 43 41 46 47 51 49 54 55 59 57 60 61
BLOCK 33 62 32 33 35 31 30 25 27 23 22 17 20 21 18 19 15 14 9 12 13 10 11 8 2 3 1 6 63 64 58 59 57 62
BLOCK 33 63 16 33 38 39 43 41 46 47 51 49 54 55 59 57 62 63
BLOCK 33 64 32 33 35 31 30 25 27 23 22 17 20 21 18 19 15 14 9 12 13 10 11 8 2 3 1 6 63 62 57 59 58 64
BLOCK 34 35 32 34 40 39 43 41 46 47 51 49 54 55 59 57 62 63 6 7 8 11 9 14 15 19 17 22 23 27 25 30 31 35
BLOCK 34 36 4 34 37 36
BLOCK 34 37 8 34 40 39 38 33 36 37
BLOCK 34 38 32 34 35 31 30 25 27 23 22 17 19 15 14 9 11 8 7 6 63 62 57 59 55 54 49 51 47 46 41 43 39 38
BLOCK 34 39 4 34 40 39
BLOCK 34 40 8 34 37 36 33 38 39 40
BLOCK 34 41 8 34 35 33 38 39 43 41
BLOCK 34 42 8 34 35 33 38 39 43 42
BLOCK 34 43 8 34 37 36 33 38 39 43
BLOCK 34 44 8 34 40 39 43 42 45 44
BLOCK 34 45 8 34 40 39 43 41 44 45
BLOCK 34 46 32 34 35 31 30 25 27 23 22 17 19 15 14 9 11 8 7 6 63 62 57 59 55 54 49 51 47 48 42 43 41 46
BLOCK 34 47 8 34 40 39 43 41 46 47
BLOCK 34 48 32 34 35 31 30 25 27 23 22 17 19 15 14 9 11 8 7 6 63 62 57 59 55 54 49 51 47 46 41 43 42 48
BLOCK 34 49 16 34 35 33 38 39 43 41 46 47 51 50 56 55 54 49
BLOCK 34 50 16 34 35 33 38 39 43 41 46 47 51 49 54 55 56 50
BLOCK 34 51 32 34 35 31 30 25 27 23 22 17 19 15 14 9 11 8 2 5 4 1 6 63 62 57 59 55 54 49 52 53 50 51
BLOCK 34 52 16 34 35 33 38 39 43 41 44 45 42 48 47 51 49 52
BLOCK 34 53 16 34 35 33 38 39 43 41 44 45 42 48 47 51 50 53
BLOCK 34 54 16 34 35 33 38 39 43 41 44 45 42 48 47 51 49 54
BLOCK 34 55 32 34 35 31 30 25 27 23 22 17 19 15 14 9 12 13 10 11 8 2 5 4 1 6 63 62 57 60 61 58 59 55
BLOCK 34 56 16 34 35 33 38 39 43 41 44 45 42 48 47 51 50 56
BLOCK 34 57 16 34 35 33 38 39 43 41 46 47 51 49 54 55 59 57
BLOCK 34 58 16 34 35 33 38 39 43 41 46 47 51 49 54 55 59 58
BLOCK 34 59 16 34 37 36 33 38 39 43 41 46 47 51 49 54 55 59
BLOCK 34 60 16 34 40 39 43 41 46 47 51 49 54 55 59 58 61 60
BLOCK 34 61 16 34 40 39 43 41 46 47 51 49 54 55 59 57 60 61
BLOCK 34 62 32 34 35 31 30 25 27 23 22 17 20 21 18 19 15 14 9 12 13 10 11 8 2 3 1 6 63 64 58 59 57 62
BLOCK 34 63 16 34 40 39 43 41 46 47 51 49 54 55 59 57 62 63
BLOCK 34 64 32 34 35 31 30 25 27 23 22 17 20 21 18 19 15 14 9 12 13 10 11 8 2 3 1 6 63 62 57 59 58 64
BLOCK 35 36 4 35 33 36
BLOCK 35 37 4 35 34 37
BLOCK 35 38 4 35 33 38
BLOCK 35 39 8 35 33 36 37 34 40 39
BLOCK 35 40 4 35 34 40
BLOCK 35 41 32 35 31 30 25 27 23 22 17 19 15 14 9 11 8 2 3 1 6 63 62 57 59 55 54 49 51 47 48 42 43 41
BLOCK 35 42 32 35 31 30 25 27 23 22 17 19 15 14 9 11 8 2 3 1 6 63 62 57 59 55 54 49 51 47 46 41 43 42
BLOCK 35 43 32 35 31 30 25 27 23 22 17 19 15 14 9 11 8 2 5 4 1 6 63 62 57 59 55 54 49 51 47 46 41 43
BLOCK 35 44 8 35 33 38 39 43 41 44
BLOCK 35 45 8 35 33 38 39 43 42 45
BLOCK 35 46 8 35 33 38 39 43 41 46
BLOCK 35 47 32 35 31 30 25 27 23 22 17 19 15 14 9 11 8 2 5 4 1 6 63 62 57 59 55 54 49 52 53 50 51 47
BLOCK 35 48 8 35 33 38 39 43 42 48
BLOCK 35 49 32 35 31 30 25 27 23 22 17 19 15 14 9 11 8 2 3 1 6 63 62 57 60 61 58 59 55 56 50 53 52 49
BLOCK 35 50 32 35 31 30 25 27 23 22 17 19 15 14 9 11 8 2 3 1 6 63 62 57 60 61 58 59 55 54 49 52 53 50
BLOCK 35 51 16 35 33 36 37 34 40 39 43 41 44 45 42 48 47 51
BLOCK 35 52 16 35 33 36 37 34 40 39 43 41 46 47 51 50 53 52
BLOCK 35 53 16 35 33 36 37 34 40 39 43 41 46 47 51 49 52 53
BLOCK 35 54 32 35 31 30 25 27 23 22 17 19 15 14 9 11 8 2 3 1 6 63 62 57 60 61 58 59 55 56 50 51 49 54
BLOCK 35 55 16 35 33 36 37 34 40 39 43 41 46 47 51 49 54 55
BLOCK 35 56 32 35 31 30 25 27 23 22 17 19 15 14 9 11 8 2 3 1 6 63 62 57 60 61 58 59 55 54 49 51 50 56
BLOCK 35 57 32 35 31 30 25 27 23 22 17 20 21 18 19 15 14 9 12 13 10 11 8 2 5 4 1 6 63 64 58 61 60 57
BLOCK 35 58 32 35 31 30 25 27 23 22 17 20 21 18 19 15 14 9 12 13 10 11 8 2 5 4 1 6 63 62 57 60 61 58
BLOCK 35 59 32 35 31 30 25 27 23 22 17 20 21 18 19 15 14 9 12 13 10 11 8 2 3 1 6 63 62 57 60 61 58 59
BLOCK 35 60 16 35 33 38 39 43 41 46 47 51 49 54 55 59 57 60
BLOCK 35 61 16 35 33 38 39 43 41 46 47 51 49 54 55 59 58 61
BLOCK 35 62 16 35 33 38 39 43 41 46 47 51 49 54 55 59 57 62
LEGAL 35 63
BLOCK 35 64 16 35 33 38 39 43 41 46 47 51 49 54 55 59 58 64
BLOCK 36 37 8 36 33 38 39 40 34 37
BLOCK 36 38 4 36 33 38
BLOCK 36 39 8 36 37 34 35 33 38 39
LEGAL 36 40
BLOCK 36 41 8 36 37 34 40 39 43 41
BLOCK 36 42 8 36 37 34 40 39 43 42
BLOCK 36 43 8 36 33 35 34 40 39 43
BLOCK 36 44 8 36 33 38 39 43 41 44
BLOCK 36 45 8 36 33 38 39 43 42 45
BLOCK 36 46 8 36 33 38 39 43 41 46
BLOCK 36 47 32 36 33 38 39 40 34 35 31 30 25 27 23 22 17 19 15 14 9 11 8 7 6 63 62 57 59 55 54 49 51 47
BLOCK 36 48 8 36 33 38 39 43 42 48
BLOCK 36 49 16 36 33 35 34 40 39 43 41 44 45 42 48 47 51 49
BLOCK 36 50 16 36 33 35 34 40 39 43 41 44 45 42 48 47 51 50
BLOCK 36 51 16 36 37 34 35 33 38 39 43 41 44 45 42 48 47 51
BLOCK 36 52 16 36 33 38 39 43 41 44 45 42 48 47 51 50 53 52
BLOCK 36 53 16 36 33 38 39 43 41 44 45 42 48 47 51 49 52 53
BLOCK 36 54 16 36 33 35 34 40 39 43 41 46 47 51 50 56 55 54
BLOCK 36 55 16 36 33 38 39 43 41 44 45 42 48 47 51 49 54 55
BLOCK 36 56 16 36 33 35 34 40 39 43 41 46 47 51 49 54 55 56
BLOCK 36 57 16 36 37 34 40 39 43 41 46 47 51 49 54 55 59 57
BLOCK 36 58 16 36 37 34 40 39 43 41 46 47 51 49 54 55 59 58
BLOCK 36 59 16 36 33 35 34 40 39 43 41 46 47 51 49 54 55 59
BLOCK 36 60 16 36 33 38 39 43 41 46 47 51 49 54 55 59 57 60
BLOCK 36 61 16 36 33 38 39 43 41 46 47 51 49 54 55 59 58 61
BLOCK 36 62 16 36 33 38 39 43 41 46 47 51 49 54 55 59 57 62
BLOCK 36 63 32 36 33 35 31 30 25 28 29 26 27 23 22 17 20 21 18 19 15 14 9 12 13 10 11 8 2 5 4 1 6 63
BLOCK 36 64 16 36 33 38 39 43 41 46 47 51 49 54 55 59 58 64
LEGAL 37 38
BLOCK 37 39 8 37 36 33 35 34 40 39
BLOCK 37 40 4 37 34 40
BLOCK 37 41 8 37 36 33 38 39 43 41
BLOCK 37 42 8 37 36 33 38 39 43 42
BLOCK 37 43 8 37 34 35 33 38 39 43
BLOCK 37 44 8 37 34 40 39 43 41 44
BLOCK 37 45 8 37 34 40 39 43 42 45
BLOCK 37 46 8 37 34 40 39 43 41 46
BLOCK 37 47 32 37 34 40 39 38 33 35 31 30 25 27 23 22 17 19 15 14 9 11 8 7 6 63 62 57 59 55 54 49 51 47
BLOCK 37 48 8 37 34 40 39 43 42 48
BLOCK 37 49 16 37 34 35 33 38 39 43 41 44 45 42 48 47 51 49
BLOCK 37 50 16 37 34 35 33 38 39 43 41 44 45 42 48 47 51 50
BLOCK 37 51 16 37 36 33 35 34 40 39 43 41 44 45 42 48 47 51
BLOCK 37 52 16 37 34 40 39 43 41 44 45 42 48 47 51 50 53 52
BLOCK 37 53 16 37 34 40 39 43 41 44 45 42 48 47 51 49 52 53
BLOCK 37 54 16 37 34 35 33 38 39 43 41 46 47 51 50 56 55 54
BLOCK 37 55 16 37 34 40 39 43 41 44 45 42 48 47 51 49 54 55
BLOCK 37 56 16 37 34 35 33 38 39 43 41 46 47 51 49 54 55 56
BLOCK 37 57 16 37 36 33 38 39 43 41 46 47 51 49 54 55 59 57
BLOCK 37 58 16 37 36 33 38 39 43 41 46 47 51 49 54 55 59 58
BLOCK 37 59 16 37 34 35 33 38 39 43 41 46 47 51 49 54 55 59
BLOCK 37 60 16 37 34 40 39 43 41 46 47 51 49 54 55 59 57 60
BLOCK 37 61 16 37 34 40 39 43 41 46 47 51 49 54 55 59 58 61
BLOCK 37 62 16 37 34 40 39 43 41 46 47 51 49 54 55 59 57 62
BLOCK 37 63 32 37 34 35 31 30 25 28 29 26 27 23 22 17 20 21 18 19 15 14 9 12 13 10 11 8 2 5 4 1 6 63
BLOCK 37 64 16 37 34 40 39 43 41 46 47 51 49 54 55 59 58 64
BLOCK 38 39 8 38 33 36 37 34 40 39
BLOCK 38 40 4 38 39 40
BLOCK 38 41 8 38 39 43 42 45 44 41
BLOCK 38 42 8 38 39 43 41 44 45 42
BLOCK 38 43 4 38 39 43
BLOCK 38 44 16 38 33 36 37 34 40 39 43 41 46 47 48 42 45 44
BLOCK 38 45 16 38 33 36 37 34 40 39 43 42 48 47 46 41 44 45
BLOCK 38 46 8 38 39 43 42 48 47 46
BLOCK 38 47 32 38 39 40 34 35 31 30 25 27 23 22 17 19 15 14 9 11 8 2 3 1 6 63 62 57 59 55 54 49 51 47
BLOCK 38 48 8 38 39 43 41 46 47 48
BLOCK 38 49 16 38 33 35 34 40 39 43 41 44 45 42 48 47 51 49
BLOCK 38 50 16 38 33 35 34 40 39 43 41 44 45 42 48 47 51 50
BLOCK 38 51 8 38 39 43 41 46 47 51
BLOCK 38 52 16 38 33 36 37 34 40 39 43 41 46 47 51 50 53 52
BLOCK 38 53 16 38 33 36 37 34 40 39 43 41 46 47 51 49 52 53
BLOCK 38 54 16 38 33 35 34 40 39 43 41 46 47 51 50 56 55 54
BLOCK 38 55 16 38 33 36 37 34 40 39 43 41 46 47 51 49 54 55
BLOCK 38 56 16 38 33 35 34 40 39 43 41 46 47 51 49 54 55 56
BLOCK 38 57 16 38 39 43 41 44 45 42 48 47 51 49 54 55 59 57
BLOCK 38 58 16 38 39 43 41 44 45 42 48 47 51 49 54 55 59 58
BLOCK 38 59 16 38 33 35 34 40 39 43 41 46 47 51 49 54 55 59
BLOCK 38 60 32 38 33 35 31 30 25 27 23 22 17 19 15 14 9 12 13 10 11 8 2 5 4 1 6 63 62 57 59 58 61 60
BLOCK 38 61 32 38 33 35 31 30 25 27 23 22 17 19 15 14 9 12 13 10 11 8 2 5 4 1 6 63 64 58 59 57 60 61
BLOCK 38 62 16 38 39 43 41 46 47 51 49 54 55 59 58 64 63 62
BLOCK 38 63 32 38 33 35 31 30 25 28 29 26 27 23 22 17 20 21 18 19 15 14 9 12 13 10 11 8 2 5 4 1 6 63
BLOCK 38 64 16 38 39 43 41 46 47 51 49 54 55 59 57 62 63 64
BLOCK 39 40 8 39 38 33 36 37 34 40
BLOCK 39 41 4 39 43 41
BLOCK 39 42 4 39 43 42
BLOCK 39 43 32 39 38 33 35 31 30 25 27 23 22 17 19 15 14 9 11 8 7 6 63 62 57 59 55 54 49 51 47 46 41 43
BLOCK 39 44 32 39 38 33 35 31 30 25 27 23 22 17 19 15 14 9 11 8 7 6 63 62 57 59 55 54 49 51 47 46 41 44
BLOCK 39 45 32 39 38 33 35 31 30 25 27 23 22 17 19 15 14 9 11 8 7 6 63 62 57 59 55 54 49 51 47 48 42 45
BLOCK 39 46 8 39 43 42 45 44 41 46
BLOCK 39 47 32 39 38 33 35 31 30 25 27 23 22 17 19 15 14 9 11 8 2 5 4 1 6 63 62 57 59 55 54 49 51 47
BLOCK 39 48 8 39 43 41 44 45 42 48
BLOCK 39 49 8 39 43 41 46 47 51 49
BLOCK 39 50 8 39 43 41 46 47 51 50
LEGAL 39 51
BLOCK 39 52 16 39 43 41 44 45 42 48 47 51 50 56 55 54 49 52
BLOCK 39 53 16 39 43 41 44 45 42 48 47 51 49 54 55 56 50 53
BLOCK 39 54 32 39 38 33 35 31 30 25 27 23 22 17 19 15 14 9 11 8 2 3 1 6 63 62 57 59 55 56 50 51 49 54
BLOCK 39 55 16 39 43 41 44 45 42 48 47 51 49 52 53 50 56 55
BLOCK 39 56 32 39 38 33 35 31 30 25 27 23 22 17 19 15 14 9 11 8 2 3 1 6 63 62 57 59 55 54 49 51 50 56
BLOCK 39 57 16 39 43 41 46 47 51 49 54 55 59 58 64 63 62 57
BLOCK 39 58 16 39 43 41 46 47 51 49 54 55 59 57 62 63 64 58
BLOCK 39 59 32 39 38 33 35 31 30 25 27 23 22 17 19 15 14 9 12 13 10 11 8 2 3 1 6 63 62 57 60 61 58 59
BLOCK 39 60 16 39 43 41 44 45 42 48 47 51 49 54 55 59 57 60
BLOCK 39 61 16 39 43 41 44 45 42 48 47 51 49 54 55 59 58 61
BLOCK 39 62 16 39 43 41 44 45 42 48 47 51 49 54 55 59 57 62
BLOCK 39 63 32 39 38 33 35 31 30 25 28 29 26 27 23 22 17 20 21 18 19 15 14 9 12 13 10 11 8 2 3 1 6 63
BLOCK 39 64 16 39 43 41 44 45 42 48 47 51 49 54 55 59 58 64
BLOCK 40 41 8 40 39 43 42 45 44 41
BLOCK 40 42 8 40 39 43 41 44 45 42
BLOCK 40 43 4 40 39 43
BLOCK 40 44 16 40 34 37 36 33 38 39 43 41 46 47 48 42 45 44
BLOCK 40 45 16 40 34 37 36 33 38 39 43 42 48 47 46 41 44 45
BLOCK 40 46 8 40 39 43 42 48 47 46
BLOCK 40 47 32 40 39 38 33 35 31 30 25 27 23 22 17 19 15 14 9 11 8 2 3 1 6 63 62 57 59 55 54 49 51 47
BLOCK 40 48 8 40 39 43 41 46 47 48
BLOCK 40 49 16 40 34 35 33 38 39 43 41 44 45 42 48 47 51 49
BLOCK 40 50 16 40 34 35 33 38 39 43 41 44 45 42 48 47 51 50
BLOCK 40 51 8 40 39 43 41 46 47 51
BLOCK 40 52 16 40 34 37 36 33 38 39 43 41 46 47 51 50 53 52
BLOCK 40 53 16 40 34 37 36 33 38 39 43 41 46 47 51 49 52 53
BLOCK 40 54 16 40 34 35 33 38 39 43 41 46 47 51 50 56 55 54
BLOCK 40 55 16 40 34 37 36 33 38 39 43 41 46 47 51 49 54 55
BLOCK 40 56 16 40 34 35 33 38 39 43 41 46 47 51 49 54 55 56
BLOCK 40 57 16 40 39 43 41 44 45 42 48 47 51 49 54 55 59 57
BLOCK 40 58 16 40 39 43 41 44 45 42 48 47 51 49 54 55 59 58
BLOCK 40 59 16 40 34 35 33 38 39 43 41 46 47 51 49 54 55 59
BLOCK 40 60 32 40 34 35 31 30 25 27 23 22 17 19 15 14 9 12 13 10 11 8 2 5 4 1 6 63 62 57 59 58 61 60
BLOCK 40 61 32 40 34 35 31 30 25 27 23 22 17 19 15 14 9 12 13 10 11 8 2 5 4 1 6 63 64 58 59 57 60 61
BLOCK 40 62 16 40 39 43 41 46 47 51 49 54 55 59 58 64 63 62
BLOCK 40 63 32 40 34 35 31 30 25 28 29 26 27 23 22 17 20 21 18 19 15 14 9 12 13 10 11 8 2 5 4 1 6 63
BLOCK 40 64 16 40 39 43 41 46 47 51 49 54 55 59 57 62 63 64
BLOCK 41 42 4 41 43 42
BLOCK 41 43 32 41 46 47 51 49 54 55 59 57 62 63 6 7 8 11 9 14 15 19 17 22 23 27 25 30 31 35 33 38 39 43
BLOCK 41 44 8 41 46 47 48 42 45 44
BLOCK 41 45 4 41 44 45
BLOCK 41 46 8 41 44 45 42 48 47 46
BLOCK 41 47 4 41 46 47
BLOCK 41 48 32 41 43 39 38 33 35 31 30 25 27 23 22 17 19 15 14 9 11 8 7 6 63 62 57 59 55 54 49 51 47 48
BLOCK 41 49 8 41 43 42 48 47 51 49
BLOCK 41 50 8 41 43 42 48 47 51 50
BLOCK 41 51 8 41 44 45 42 48 47 51
BLOCK 41 52 8 41 46 47 51 50 53 52
BLOCK 41 53 8 41 46 47 51 49 52 53
BLOCK 41 54 32 41 43 39 38 33 35 31 30 25 27 23 22 17 19 15 14 9 11 8 7 6 63 62 57 59 55 56 50 51 49 54
BLOCK 41 55 8 41 46 47 51 49 54 55
BLOCK 41 56 32 41 43 39 38 33 35 31 30 25 27 23 22 17 19 15 14 9 11 8 7 6 63 62 57 59 55 54 49 51 50 56
BLOCK 41 57 16 41 43 42 48 47 51 49 54 55 59 58 64 63 62 57
BLOCK 41 58 16 41 43 42 48 47 51 49 54 55 59 57 62 63 64 58
BLOCK 41 59 32 41 43 39 38 33 35 31 30 25 27 23 22 17 19 15 14 9 11 8 2 5 4 1 6 63 62 57 60 61 58 59
BLOCK 41 60 16 41 43 42 48 47 51 49 52 53 50 56 55 59 57 60
BLOCK 41 61 16 41 43 42 48 47 51 49 52 53 50 56 55 59 58 61
BLOCK 41 62 16 41 43 42 48 47 51 49 52 53 50 56 55 59 57 62
BLOCK 41 63 32 41 43 39 38 33 35 31 30 25 27 23 22 17 20 21 18 19 15 14 9 12 13 10 11 8 2 5 4 1 6 63
BLOCK 41 64 16 41 43 42 48 47 51 49 52 53 50 56 55 59 58 64
BLOCK 42 43 32 42 48 47 51 49 54 55 59 57 62 63 6 7 8 11 9 14 15 19 17 22 23 27 25 30 31 35 33 38 39 43
BLOCK 42 44 4 42 45 44
BLOCK 42 45 8 42 48 47 46 41 44 45
BLOCK 42 46 32 42 43 39 38 33 35 31 30 25 27 23 22 17 19 15 14 9 11 8 7 6 63 62 57 59 55 54 49 51 47 46
BLOCK 42 47 4 42 48 47
BLOCK 42 48 8 42 45 44 41 46 47 48
BLOCK 42 49 8 42 43 41 46 47 51 49
BLOCK 42 50 8 42 43 41 46 47 51 50
BLOCK 42 51 8 42 45 44 41 46 47 51
BLOCK 42 52 8 42 48 47 51 50 53 52
BLOCK 42 53 8 42 48 47 51 49 52 53
BLOCK 42 54 32 42 43 39 38 33 35 31 30 25 27 23 22 17 19 15 14 9 11 8 7 6 63 62 57 59 55 56 50 51 49 54
BLOCK 42 55 8 42 48 47 51 49 54 55
BLOCK 42 56 32 42 43 39 38 33 35 31 30 25 27 23 22 17 19 15 14 9 11 8 7 6 63 62 57 59 55 54 49 51 50 56
BLOCK 42 57 16 42 43 41 46 47 51 49 54 55 59 58 64 63 62 57
BLOCK 42 58 16 42 43 41 46 47 51 49 54 55 59 57 62 63 64 58
BLOCK 42 59 32 42 43 39 38 33 35 31 30 25 27 23 22 17 19 15 14 9 11 8 2 5 4 1 6 63 62 57 60 61 58 59
BLOCK 42 60 16 42 43 41 46 47 51 49 52 53 50 56 55 59 57 60
BLOCK 42 61 16 42 43 41 46 47 51 49 52 53 50 56 55 59 58 61
BLOCK 42 62 16 42 43 41 46 47 51 49 52 53 50 56 55 59 57 62
BLOCK 42 63 32 42 43 39 38 33 35 31 30 25 27 23 22 17 20 21 18 19 15 14 9 12 13 10 11 8 2 5 4 1 6 63
BLOCK 42 64 16 42 43 41 46 47 51 49 52 53 50 56 55 59 58 64
BLOCK 43 44 4 43 41 44
BLOCK 43 45 4 43 42 45
BLOCK 43 46 4 43 41 46
BLOCK 43 47 8 43 41 44 45 42 48 47
BLOCK 43 48 4 43 42 48
BLOCK 43 49 32 43 39 38 33 35 31 30 25 27 23 22 17 19 15 14 9 11 8 2 3 1 6 63 62 57 59 55 56 50 51 49
BLOCK 43 50 32 43 39 38 33 35 31 30 25 27 23 22 17 19 15 14 9 11 8 2 3 1 6 63 62 57 59 55 54 49 51 50
BLOCK 43 51 32 43 39 38 33 35 31 30 25 27 23 22 17 19 15 14 9 11 8 2 5 4 1 6 63 62 57 59 55 54 49 51
BLOCK 43 52 8 43 41 46 47 51 49 52
BLOCK 43 53 8 43 41 46 47 51 50 53
BLOCK 43 54 8 43 41 46 47 51 49 54
BLOCK 43 55 32 43 39 38 33 35 31 30 25 27 23 22 17 19 15 14 9 11 8 2 5 4 1 6 63 62 57 60 61 58 59 55
BLOCK 43 56 8 43 41 46 47 51 50 56
BLOCK 43 57 32 43 39 38 33 35 31 30 25 27 23 22 17 19 15 14 9 12 13 10 11 8 2 3 1 6 63 64 58 61 60 57
BLOCK 43 58 32 43 39 38 33 35 31 30 25 27 23 22 17 19 15 14 9 12 13 10 11 8 2 3 1 6 63 62 57 60 61 58
BLOCK 43 59 16 43 41 44 45 42 48 47 51 49 52 53 50 56 55 59
BLOCK 43 60 16 43 41 44 45 42 48 47 51 49 54 55 59 58 61 60
BLOCK 43 61 16 43 41 44 45 42 48 47 51 49 54 55 59 57 60 61
BLOCK 43 62 32 43 39 38 33 35 31 30 25 27 23 22 17 19 15 14 9 12 13 10 11 8 2 3 1 6 63 64 58 59 57 62
BLOCK 43 63 16 43 41 44 45 42 48 47 51 49 54 55 59 57 62 63
BLOCK 43 64 32 43 39 38 33 35 31 30 25 27 23 22 17 19 15 14 9 12 13 10 11 8 2 3 1 6 63 62 57 59 58 64
BLOCK 44 45 8 44 41 46 47 48 42 45
BLOCK 44 46 4 44 41 46
BLOCK 44 47 8 44 45 42 43 41 46 47
LEGAL 44 48
BLOCK 44 49 8 44 45 42 48 47 51 49
BLOCK 44 50 8 44 45 42 48 47 51 50
BLOCK 44 51 8 44 41 43 42 48 47 51
BLOCK 44 52 8 44 41 46 47 51 49 52
BLOCK 44 53 8 44 41 46 47 51 50 53
BLOCK 44 54 8 44 41 46 47 51 49 54
BLOCK 44 55 32 44 41 46 47 48 42 43 39 38 33 35 31 30 25 27 23 22 17 19 15 14 9 11 8 7 6 63 62 57 59 55
BLOCK 44 56 8 44 41 46 47 51 50 56
BLOCK 44 57 16 44 41 43 42 48 47 51 49 52 53 50 56 55 59 57
BLOCK 44 58 16 44 41 43 42 48 47 51 49 52 53 50 56 55 59 58
BLOCK 44 59 16 44 45 42 43 41 46 47 51 49 52 53 50 56 55 59
BLOCK 44 60 16 44 41 46 47 51 49 52 53 50 56 55 59 58 61 60
BLOCK 44 61 16 44 41 46 47 51 49 52 53 50 56 55 59 57 60 61
BLOCK 44 62 16 44 41 43 42 48 47 51 49 54 55 59 58 64 63 62
BLOCK 44 63 16 44 41 46 47 51 49 52 53 50 56 55 59 57 62 63
BLOCK 44 64 16 44 41 43 42 48 47 51 49 54 55 59 57 62 63 64
LEGAL 45 46
BLOCK 45 47 8 45 44 41 43 42 48 47
BLOCK 45 48 4 45 42 48
BLOCK 45 49 8 45 44 41 46 47 51 49
BLOCK 45 50 8 45 44 41 46 47 51 50
BLOCK 45 51 8 45 42 43 41 46 47 51
BLOCK 45 52 8 45 42 48 47 51 49 52
BLOCK 45 53 8 45 42 48 47 51 50 53
BLOCK 45 54 8 45 42 48 47 51 49 54
BLOCK 45 55 32 45 42 48 47 46 41 43 39 38 33 35 31 30 25 27 23 22 17 19 15 14 9 11 8 7 6 63 62 57 59 55
BLOCK 45 56 8 45 42 48 47 51 50 56
BLOCK 45 57 16 45 42 43 41 46 47 51 49 52 53 50 56 55 59 57
BLOCK 45 58 16 45 42 43 41 46 47 51 49 52 53 50 56 55 59 58
BLOCK 45 59 16 45 44 41 43 42 48 47 51 49 52 53 50 56 55 59
BLOCK 45 60 16 45 42 48 47 51 49 52 53 50 56 55 59 58 61 60
BLOCK 45 61 16 45 42 48 47 51 49 52 53 50 56 55 59 57 60 61
BLOCK 45 62 16 45 42 43 41 46 47 51 49 54 55 59 58 64 63 62
BLOCK 45 63 16 45 42 48 47 51 49 52 53 50 56 55 59 57 62 63
BLOCK 45 64 16 45 42 43 41 46 47 51 49 54 55 59 57 62 63 64
BLOCK 46 47 8 46 41 44 45 42 48 47
BLOCK 46 48 4 46 47 48
BLOCK 46 49 8 46 47 51 50 53 52 49
BLOCK 46 50 8 46 47 51 49 52 53 50
BLOCK 46 51 4 46 47 51
BLOCK 46 52 16 46 41 44 45 42 48 47 51 49 54 55 56 50 53 52
BLOCK 46 53 16 46 41 44 45 42 48 47 51 50 56 55 54 49 52 53
BLOCK 46 54 8 46 47 51 50 56 55 54
BLOCK 46 55 32 46 47 48 42 43 39 38 33 35 31 30 25 27 23 22 17 19 15 14 9 11 8 2 3 1 6 63 62 57 59 55
BLOCK 46 56 8 46 47 51 49 54 55 56
BLOCK 46 57 16 46 41 43 42 48 47 51 49 52 53 50 56 55 59 57
BLOCK 46 58 16 46 41 43 42 48 47 51 49 52 53 50 56 55 59 58
BLOCK 46 59 8 46 47 51 49 54 55 59
BLOCK 46 60 16 46 41 44 45 42 48 47 51 49 54 55 59 58 61 60
BLOCK 46 61 16 46 41 44 45 42 48 47 51 49 54 55 59 57 60 61
BLOCK 46 62 16 46 41 43 42 48 47 51 49 54 55 59 58 64 63 62
BLOCK 46 63 16 46 41 44 45 42 48 47 51 49 54 55 59 57 62 63
BLOCK 46 64 16 46 41 43 42 48 47 51 49 54 55 59 57 62 63 64
BLOCK 47 48 8 47 46 41 44 45 42 48
BLOCK 47 49 4 47 51 49
BLOCK 47 50 4 47 51 50
BLOCK 47 51 32 47 46 41 43 39 38 33 35 31 30 25 27 23 22 17 19 15 14 9 11 8 7 6 63 62 57 59 55 54 49 51
BLOCK 47 52 32 47 46 41 43 39 38 33 35 31 30 25 27 23 22 17 19 15 14 9 11 8 7 6 63 62 57 59 55 54 49 52
BLOCK 47 53 32 47 46 41 43 39 38 33 35 31 30 25 27 23 22 17 19 15 14 9 11 8 7 6 63 62 57 59 55 56 50 53
BLOCK 47 54 8 47 51 50 53 52 49 54
BLOCK 47 55 32 47 46 41 43 39 38 33 35 31 30 25 27 23 22 17 19 15 14 9 11 8 2 5 4 1 6 63 62 57 59 55
BLOCK 47 56 8 47 51 49 52 53 50 56
BLOCK 47 57 8 47 51 49 54 55 59 57
BLOCK 47 58 8 47 51 49 54 55 59 58
LEGAL 47 59
BLOCK 47 60 16 47 51 49 52 53 50 56 55 59 58 64 63 62 57 60
BLOCK 47 61 16 47 51 49 52 53 50 56 55 59 57 62 63 64 58 61
BLOCK 47 62 32 47 46 41 43 39 38 33 35 31 30 25 27 23 22 17 19 15 14 9 11 8 2 3 1 6 63 64 58 59 57 62
BLOCK 47 63 16 47 51 49 52 53 50 56 55 59 57 60 61 58 64 63
BLOCK 47 64 32 47 46 41 43 39 38 33 35 31 30 25 27 23 22 17 19 15 14 9 11 8 2 3 1 6 63 62 57 59 58 64
BLOCK 48 49 8 48 47 51 50 53 52 49
BLOCK 48 50 8 48 47 51 49 52 53 50
BLOCK 48 51 4 48 47 51
BLOCK 48 52 16 48 42 45 44 41 46 47 51 49 54 55 56 50 53 52
BLOCK 48 53 16 48 42 45 44 41 46 47 51 50 56 55 54 49 52 53
BLOCK 48 54 8 48 47 51 50 56 55 54
BLOCK 48 55 32 48 47 46 41 43 39 38 33 35 31 30 25 27 23 22 17 19 15 14 9 11 8 2 3 1 6 63 62 57 59 55
BLOCK 48 56 8 48 47 51 49 54 55 56
BLOCK 48 57 16 48 42 43 41 46 47 51 49 52 53 50 56 55 59 57
BLOCK 48 58 16 48 42 43 41 46 47 51 49 52 53 50 56 55 59 58
BLOCK 48 59 8 48 47 51 49 54 55 59
BLOCK 48 60 16 48 42 45 44 41 46 47 51 49 54 55 59 58 61 60
BLOCK 48 61 16 48 42 45 44 41 46 47 51 49 54 55 59 57 60 61
BLOCK 48 62 16 48 42 43 41 46 47 51 49 54 55 59 58 64 63 62
BLOCK 48 63 16 48 42 45 44 41 46 47 51 49 54 55 59 57 62 63
BLOCK 48 64 16 48 42 43 41 46 47 51 49 54 55 59 57 62 63 64
BLOCK 49 50 4 49 51 50
BLOCK 49 51 32 49 54 55 59 57 62 63 6 7 8 11 9 14 15 19 17 22 23 27 25 30 31 35 33 38 39 43 41 46 47 51
BLOCK 49 52 8 49 54 55 56 50 53 52
BLOCK 49 53 4 49 52 53
BLOCK 49 54 8 49 52 53 50 56 55 54
BLOCK 49 55 4 49 54 55
BLOCK 49 56 32 49 51 47 46 41 43 39 38 33 35 31 30 25 27 23 22 17 19 15 14 9 11 8 7 6 63 62 57 59 55 56
BLOCK 49 57 8 49 51 50 56 55 59 57
BLOCK 49 58 8 49 51 50 56 55 59 58
BLOCK 49 59 8 49 52 53 50 56 55 59
BLOCK 49 60 8 49 54 55 59 58 61 60
BLOCK 49 61 8 49 54 55 59 57 60 61
BLOCK 49 62 32 49 51 47 46 41 43 39 38 33 35 31 30 25 27 23 22 17 19 15 14 9 11 8 7 6 63 64 58 59 57 62
BLOCK 49 63 8 49 54 55 59 57 62 63
BLOCK 49 64 32 49 51 47 46 41 43 39 38 33 35 31 30 25 27 23 22 17 19 15 14 9 11 8 7 6 63 62 57 59 58 64
BLOCK 50 51 32 50 56 55 59 57 62 63 6 7 8 11 9 14 15 19 17 22 23 27 25 30 31 35 33 38 39 43 41 46 47 51
BLOCK 50 52 4 50 53 52
BLOCK 50 53 8 50 56 55 54 49 52 53
BLOCK 50 54 32 50 51 47 46 41 43 39 38 33 35 31 30 25 27 23 22 17 19 15 14 9 11 8 7 6 63 62 57 59 55 54
BLOCK 50 55 4 50 56 55
BLOCK 50 56 8 50 53 52 49 54 55 56
BLOCK 50 57 8 50 51 49 54 55 59 57
BLOCK 50 58 8 50 51 49 54 55 59 58
BLOCK 50 59 8 50 53 52 49 54 55 59
BLOCK 50 60 8 50 56 55 59 58 61 60
BLOCK 50 61 8 50 56 55 59 57 60 61
BLOCK 50 62 32 50 51 47 46 41 43 39 38 33 35 31 30 25 27 23 22 17 19 15 14 9 11 8 7 6 63 64 58 59 57 62
BLOCK 50 63 8 50 56 55 59 57 62 63
BLOCK 50 64 32 50 51 47 46 41 43 39 38 33 35 31 30 25 27 23 22 17 19 15 14 9 11 8 7 6 63 62 57 59 58 64
BLOCK 51 52 4 51 49 52
BLOCK 51 53 4 51 50 53
BLOCK 51 54 4 51 49 54
BLOCK 51 55 8 51 49 52 53 50 56 55
BLOCK 51 56 4 51 50 56
BLOCK 51 57 32 51 47 46 41 43 39 38 33 35 31 30 25 27 23 22 17 19 15 14 9 11 8 2 3 1 6 63 64 58 59 57
BLOCK 51 58 32 51 47 46 41 43 39 38 33 35 31 30 25 27 23 22 17 19 15 14 9 11 8 2 3 1 6 63 62 57 59 58
BLOCK 51 59 32 51 47 46 41 43 39 38 33 35 31 30 25 27 23 22 17 19 15 14 9 11 8 2 5 4 1 6 63 62 57 59
BLOCK 51 60 8 51 49 54 55 59 57 60
BLOCK 51 61 8 51 49 54 55 59 58 61
BLOCK 51 62 8 51 49 54 55 59 57 62
BLOCK 51 63 32 51 47 46 41 43 39 38 33 35 31 30 25 27 23 22 17 19 15 14 9 12 13 10 11 8 2 5 4 1 6 63
BLOCK 51 64 8 51 49 54 55 59 58 64
BLOCK 52 53 8 52 49 54 55 56 50 53
BLOCK 52 54 4 52 49 54
BLOCK 52 55 8 52 53 50 51 49 54 55
LEGAL 52 56
BLOCK 52 57 8 52 53 50 56 55 59 57
BLOCK 52 58 8 52 53 50 56 55 59 58
BLOCK 52 59 8 52 49 51 50 56 55 59
BLOCK 52 60 8 52 49 54 55 59 57 60
BLOCK 52 61 8 52 49 54 55 59 58 61
BLOCK 52 62 8 52 49 54 55 59 57 62
BLOCK 52 63 32 52 49 54 55 56 50 51 47 46 41 43 39 38 33 35 31 30 25 27 23 22 17 19 15 14 9 11 8 7 6 63
BLOCK 52 64 8 52 49 54 55 59 58 64
LEGAL 53 54
BLOCK 53 55 8 53 52 49 51 50 56 55
BLOCK 53 56 4 53 50 56
BLOCK 53 57 8 53 52 49 54 55 59 57
BLOCK 53 58 8 53 52 49 54 55 59 58
BLOCK 53 59 8 53 50 51 49 54 55 59
BLOCK 53 60 8 53 50 56 55 59 57 60
BLOCK 53 61 8 53 50 56 55 59 58 61
BLOCK 53 62 8 53 50 56 55 59 57 62
BLOCK 53 63 32 53 50 56 55 54 49 51 47 46 41 43 39 38 33 35 31 30 25 27 23 22 17 19 15 14 9 11 8 7 6 63
BLOCK 53 64 8 53 50 56 55 59 58 64
BLOCK 54 55 8 54 49 52 53 50 56 55
BLOCK 54 56 4 54 55 56
BLOCK 54 57 8 54 55 59 58 61 60 57
BLOCK 54 58 8 54 55 59 57 60 61 58
BLOCK 54 59 4 54 55 59
BLOCK 54 60 16 54 49 52 53 50 56 55 59 57 62 63 64 58 61 60
BLOCK 54 61 16 54 49 52 53 50 56 55 59 58 64 63 62 57 60 61
BLOCK 54 62 8 54 55 59 58 64 63 62
BLOCK 54 63 32 54 55 56 50 51 47 46 41 43 39 38 33 35 31 30 25 27 23 22 17 19 15 14 9 11 8 2 3 1 6 63
BLOCK 54 64 8 54 55 59 57 62 63 64
BLOCK 55 56 8 55 54 49 52 53 50 56
BLOCK 55 57 4 55 59 57
BLOCK 55 58 4 55 59 58
BLOCK 55 59 32 55 54 49 51 47 46 41 43 39 38 33 35 31 30 25 27 23 22 17 19 15 14 9 11 8 7 6 63 62 57 59
BLOCK 55 60 32 55 54 49 51 47 46 41 43 39 38 33 35 31 30 25 27 23 22 17 19 15 14 9 11 8 7 6 63 62 57 60
BLOCK 55 61 32 55 54 49 51 47 46 41 43 39 38 33 35 31 30 25 27 23 22 17 19 15 14 9 11 8 7 6 63 64 58 61
BLOCK 55 62 8 55 59 58 61 60 57 62
BLOCK 55 63 32 55 54 49 51 47 46 41 43 39 38 33 35 31 30 25 27 23 22 17 19 15 14 9 11 8 2 5 4 1 6 63
BLOCK 55 64 8 55 59 57 60 61 58 64
BLOCK 56 57 8 56 55 59 58 61 60 57
BLOCK 56 58 8 56 55 59 57 60 61 58
BLOCK 56 59 4 56 55 59
BLOCK 56 60 16 56 50 53 52 49 54 55 59 57 62 63 64 58 61 60
BLOCK 56 61 16 56 50 53 52 49 54 55 59 58 64 63 62 57 60 61
BLOCK 56 62 8 56 55 59 58 64 63 62
BLOCK 56 63 32 56 55 54 49 51 47 46 41 43 39 38 33 35 31 30 25 27 23 22 17 19 15 14 9 11 8 2 3 1 6 63
BLOCK 56 64 8 56 55 59 57 62 63 64
BLOCK 57 58 4 57 59 58
BLOCK 57 59 32 57 62 63 6 7 8 11 9 14 15 19 17 22 23 27 25 30 31 35 33 38 39 43 41 46 47 51 49 54 55 59
BLOCK 57 60 8 57 62 63 64 58 61 60
BLOCK 57 61 4 57 60 61
BLOCK 57 62 8 57 60 61 58 64 63 62
BLOCK 57 63 4 57 62 63
BLOCK 57 64 32 57 59 55 54 49 51 47 46 41 43 39 38 33 35 31 30 25 27 23 22 17 19 15 14 9 11 8 7 6 63 64
BLOCK 58 59 32 58 64 63 6 7 8 11 9 14 15 19 17 22 23 27 25 30 31 35 33 38 39 43 41 46 47 51 49 54 55 59
BLOCK 58 60 4 58 61 60
BLOCK 58 61 8 58 64 63 62 57 60 61
BLOCK 58 62 32 58 59 55 54 49 51 47 46 41 43 39 38 33 35 31 30 25 27 23 22 17 19 15 14 9 11 8 7 6 63 62
BLOCK 58 63 4 58 64 63
BLOCK 58 64 8 58 61 60 57 62 63 64
BLOCK 59 60 4 59 57 60
BLOCK 59 61 4 59 58 61
BLOCK 59 62 4 59 57 62
BLOCK 59 63 8 59 57 60 61 58 64 63
BLOCK 59 64 4 59 58 64
BLOCK 60 61 8 60 57 62 63 64 58 61
BLOCK 60 62 4 60 57 62
BLOCK 60 63 8 60 61 58 59 57 62 63
LEGAL 60 64
LEGAL 61 62
BLOCK 61 63 8 61 60 57 59 58 64 63
BLOCK 61 64 4 61 58 64
BLOCK 62 63 8 62 57 60 61 58 64 63
BLOCK 62 64 4 62 63 64
BLOCK 63 64 8 63 62 57 60 61 58 64
