0 1
0 2
0 3
0 4
0 5
0 6
0 7
0 8
0 9
0 10
0 11
0 12
0 13
0 14
0 15
0 16
0 17
0 18
0 19
0 20
0 21
0 22
0 23
0 24
0 25
0 26
0 27
0 28
0 29
0 30
0 31
0 32
0 33
0 34
0 35
0 38
0 47
0 50
0 58
0 59
0 63
0 64
0 73
0 74
0 77
0 78
0 82
0 83
0 84
0 85
0 90
0 91
0 92
0 93
0 109
0 110
0 111
0 112
0 117
0 118
0 119
0 120
0 124
0 125
0 126
0 127
0 132
0 133
0 149
0 150
0 151
0 152
0 157
0 158
0 162
0 163
0 164
0 165
0 170
0 171
0 187
0 188
0 189
0 190
0 195
0 196
0 200
0 201
0 202
0 203
0 223
0 224
0 225
0 226
0 234
0 235
0 236
0 237
0 245
0 246
0 247
0 248
0 252
0 253
0 261
0 262
0 266
0 267
0 275
0 276
1 2
1 3
1 4
1 5
1 6
1 7
1 8
1 9
1 10
1 11
1 12
1 15
1 16
1 25
1 26
1 29
1 32
1 40
1 41
1 52
1 53
1 55
1 56
1 57
1 58
1 59
1 60
1 61
1 62
1 63
1 64
1 65
1 66
1 67
1 68
1 69
1 70
1 71
1 72
1 73
1 74
1 75
1 76
1 77
1 78
1 82
1 83
1 84
1 85
1 90
1 91
1 92
1 93
1 109
1 110
1 111
1 112
1 117
1 118
1 119
1 120
1 124
1 125
1 126
1 127
1 132
1 133
1 149
1 150
1 151
1 152
1 157
1 158
1 162
1 163
1 164
1 165
1 170
1 171
1 187
1 188
1 189
1 190
1 195
1 196
1 200
1 201
1 202
1 203
1 223
1 224
1 225
1 226
1 234
1 235
1 236
1 237
1 245
1 246
1 247
1 248
1 252
1 253
1 261
1 262
1 266
1 267
1 275
1 276
2 3
2 4
2 5
2 6
2 7
2 8
2 9
2 10
2 11
2 12
2 13
2 14
2 15
2 16
2 17
2 18
2 23
2 24
2 25
2 26
2 27
2 28
2 34
2 35
2 38
2 39
2 40
2 41
2 42
2 44
2 45
2 47
2 50
2 51
2 52
2 53
2 54
2 55
2 56
2 58
2 59
2 65
2 66
2 67
2 70
2 75
2 76
2 77
2 78
2 79
2 80
2 81
2 86
2 89
2 94
2 95
2 96
2 97
2 98
2 99
2 100
2 101
2 102
2 104
2 105
2 107
2 108
2 109
2 110
2 111
2 112
2 113
2 116
2 117
2 118
2 119
2 120
2 124
2 125
2 126
2 127
2 129
2 130
2 132
2 133
2 149
2 150
2 151
2 152
2 154
2 155
2 157
2 158
2 162
2 163
2 164
2 165
2 167
2 168
2 170
2 171
2 187
2 188
2 189
2 190
2 192
2 193
2 195
2 196
2 200
2 201
2 202
2 203
2 205
2 206
2 223
2 224
2 225
2 226
2 228
2 229
2 234
2 235
2 236
2 237
2 245
2 246
2 247
2 248
2 252
2 253
2 261
2 262
2 266
2 267
2 275
2 276
3 4
3 5
3 6
3 7
3 8
3 9
3 10
3 11
3 12
3 13
3 14
3 15
3 16
3 17
3 18
3 23
3 24
3 25
3 26
3 27
3 28
3 33
3 35
3 38
3 39
3 40
3 41
3 42
3 44
3 45
3 47
3 50
3 51
3 52
3 53
3 54
3 55
3 56
3 58
3 59
3 65
3 66
3 67
3 70
3 75
3 76
3 77
3 78
3 79
3 80
3 81
3 82
3 83
3 84
3 85
3 86
3 89
3 90
3 91
3 92
3 93
3 94
3 95
3 96
3 98
3 99
3 101
3 102
3 103
3 104
3 105
3 106
3 107
3 108
3 113
3 116
3 124
3 125
3 126
3 127
3 129
3 130
3 132
3 133
3 149
3 150
3 151
3 152
3 154
3 155
3 157
3 158
3 162
3 163
3 164
3 165
3 167
3 168
3 170
3 171
3 187
3 188
3 189
3 190
3 192
3 193
3 195
3 196
3 200
3 201
3 202
3 203
3 205
3 206
3 223
3 224
3 225
3 226
3 228
3 229
3 234
3 235
3 236
3 237
3 245
3 246
3 247
3 248
3 252
3 253
3 261
3 262
3 266
3 267
3 275
3 276
4 5
4 6
4 7
4 8
4 9
4 11
4 12
4 13
4 14
4 19
4 22
4 25
4 26
4 27
4 28
4 30
4 31
4 33
4 34
4 35
4 36
4 37
4 38
4 40
4 41
4 43
4 45
4 51
4 54
4 61
4 62
4 63
4 64
4 65
4 66
4 67
4 70
4 71
4 72
4 73
4 74
4 75
4 76
4 82
4 83
4 85
4 87
4 88
4 90
4 91
4 92
4 93
4 97
4 98
4 99
4 100
4 103
4 104
4 105
4 106
4 109
4 110
4 112
4 114
4 115
4 117
4 118
4 119
4 120
4 124
4 125
4 126
4 127
4 128
4 131
4 132
4 133
4 138
4 139
4 144
4 145
4 149
4 150
4 151
4 152
4 153
4 156
4 157
4 158
4 163
4 164
4 165
4 167
4 168
4 170
4 171
4 175
4 176
4 177
4 178
4 181
4 182
4 183
4 184
4 188
4 189
4 190
4 192
4 193
4 195
4 196
4 198
4 199
4 200
4 201
4 202
4 203
4 204
4 207
4 209
4 210
4 212
4 213
4 215
4 216
4 218
4 219
4 221
4 222
4 223
4 224
4 225
4 226
4 227
4 230
4 231
4 232
4 233
4 234
4 235
4 236
4 237
4 245
4 246
5 6
5 7
5 8
5 9
5 13
5 14
5 15
5 16
5 17
5 18
5 20
5 21
5 23
5 24
5 25
5 26
5 27
5 28
5 36
5 37
5 44
5 46
5 47
5 50
5 51
5 52
5 53
5 54
5 55
5 56
5 57
5 60
5 61
5 62
5 63
5 64
5 68
5 69
5 75
5 76
5 77
5 78
5 84
5 86
5 89
5 90
5 91
5 92
5 93
5 98
5 99
5 104
5 105
5 111
5 113
5 116
5 117
5 118
5 119
5 120
5 126
5 127
5 128
5 129
5 130
5 131
5 132
5 133
5 137
5 140
5 143
5 146
5 151
5 152
5 153
5 154
5 155
5 156
5 157
5 158
5 162
5 163
5 164
5 165
5 166
5 169
5 170
5 171
5 176
5 177
5 182
5 183
5 187
5 188
5 189
5 190
5 191
5 194
5 195
5 196
5 200
5 201
5 202
5 203
5 204
5 205
5 206
5 207
5 209
5 211
5 214
5 215
5 217
5 220
5 223
5 224
5 225
5 226
5 227
5 228
5 229
5 230
5 232
5 233
5 238
5 239
5 240
5 241
5 242
5 243
5 244
5 245
5 246
5 247
5 248
5 252
5 253
5 261
5 262
5 266
5 267
5 275
5 276
6 7
6 8
6 9
6 13
6 14
6 15
6 16
6 17
6 18
6 20
6 21
6 23
6 24
6 25
6 26
6 27
6 28
6 36
6 37
6 43
6 45
6 47
6 50
6 51
6 52
6 53
6 54
6 55
6 56
6 57
6 60
6 61
6 62
6 63
6 64
6 68
6 69
6 75
6 76
6 77
6 78
6 85
6 86
6 89
6 90
6 91
6 92
6 93
6 98
6 99
6 104
6 105
6 112
6 113
6 116
6 117
6 118
6 119
6 120
6 126
6 127
6 128
6 129
6 130
6 131
6 132
6 133
6 137
6 140
6 143
6 146
6 151
6 152
6 153
6 154
6 155
6 156
6 157
6 158
6 162
6 163
6 164
6 165
6 166
6 169
6 170
6 171
6 176
6 177
6 182
6 183
6 187
6 188
6 189
6 190
6 191
6 194
6 195
6 196
6 200
6 201
6 202
6 203
6 204
6 205
6 206
6 207
6 210
6 211
6 214
6 216
6 217
6 220
6 223
6 224
6 225
6 226
6 227
6 228
6 229
6 230
6 232
6 233
6 234
6 235
6 236
6 237
6 238
6 239
6 240
6 241
6 242
6 243
6 244
6 252
6 253
6 261
6 262
6 266
6 267
6 275
6 276
7 8
7 9
7 11
7 12
7 13
7 14
7 19
7 22
7 25
7 26
7 27
7 28
7 30
7 31
7 33
7 34
7 35
7 36
7 37
7 38
7 40
7 41
7 44
7 46
7 51
7 54
7 61
7 62
7 63
7 64
7 65
7 66
7 67
7 70
7 71
7 72
7 73
7 74
7 75
7 76
7 82
7 83
7 84
7 87
7 88
7 90
7 91
7 92
7 93
7 97
7 98
7 99
7 100
7 103
7 104
7 105
7 106
7 109
7 110
7 111
7 114
7 115
7 117
7 118
7 119
7 120
7 124
7 125
7 126
7 127
7 128
7 131
7 132
7 133
7 138
7 139
7 144
7 145
7 149
7 150
7 151
7 152
7 153
7 156
7 157
7 158
7 162
7 164
7 165
7 167
7 168
7 170
7 171
7 175
7 176
7 177
7 178
7 181
7 182
7 183
7 184
7 187
7 189
7 190
7 192
7 193
7 195
7 196
7 198
7 199
7 200
7 201
7 202
7 203
7 204
7 207
7 209
7 210
7 212
7 213
7 215
7 216
7 218
7 219
7 221
7 222
7 223
7 224
7 225
7 226
7 227
7 230
7 231
7 234
7 235
7 243
7 244
7 245
7 246
7 247
7 248
8 9
8 10
8 11
8 12
8 13
8 14
8 20
8 21
8 23
8 24
8 29
8 32
8 33
8 34
8 35
8 36
8 37
8 38
8 40
8 41
8 43
8 46
8 47
8 48
8 49
8 50
8 52
8 53
8 56
8 61
8 62
8 63
8 64
8 65
8 66
8 71
8 72
8 73
8 74
8 75
8 76
8 77
8 78
8 82
8 83
8 84
8 85
8 87
8 88
8 90
8 91
8 93
8 109
8 110
8 111
8 112
8 114
8 115
8 117
8 118
8 120
8 124
8 125
8 126
8 127
8 129
8 130
8 132
8 133
8 149
8 150
8 151
8 152
8 154
8 155
8 157
8 158
8 162
8 163
8 164
8 165
8 167
8 168
8 171
8 187
8 188
8 189
8 190
8 192
8 193
8 196
8 200
8 201
8 202
8 203
8 204
8 207
8 211
8 212
8 213
8 217
8 218
8 219
8 223
8 224
8 225
8 226
8 227
8 230
8 234
8 235
8 237
8 245
8 246
8 248
8 252
8 253
8 261
8 262
8 267
8 276
8 278
8 279
8 281
8 282
8 283
8 284
8 285
8 286
8 287
8 288
9 10
9 11
9 12
9 13
9 14
9 20
9 21
9 23
9 24
9 29
9 32
9 33
9 34
9 35
9 36
9 37
9 38
9 40
9 41
9 43
9 46
9 47
9 48
9 49
9 50
9 52
9 53
9 55
9 61
9 62
9 63
9 64
9 65
9 66
9 71
9 72
9 73
9 74
9 75
9 76
9 77
9 78
9 82
9 83
9 84
9 85
9 87
9 88
9 90
9 91
9 92
9 109
9 110
9 111
9 112
9 114
9 115
9 117
9 118
9 119
9 124
9 125
9 126
9 127
9 129
9 130
9 132
9 133
9 149
9 150
9 151
9 152
9 154
9 155
9 157
9 158
9 162
9 163
9 164
9 165
9 167
9 168
9 170
9 187
9 188
9 189
9 190
9 192
9 193
9 195
9 200
9 201
9 202
9 203
9 204
9 207
9 212
9 213
9 214
9 218
9 219
9 220
9 223
9 224
9 225
9 226
9 227
9 230
9 234
9 235
9 236
9 245
9 246
9 247
9 252
9 253
9 261
9 262
9 266
9 275
9 278
9 279
9 281
9 282
9 283
9 284
9 285
9 286
9 287
9 288
10 11
10 12
10 13
10 14
10 15
10 16
10 17
10 18
10 19
10 20
10 21
10 22
10 23
10 24
10 25
10 26
10 27
10 28
10 29
10 30
10 31
10 32
10 33
10 34
10 35
10 38
10 40
10 41
10 47
10 50
10 52
10 53
10 55
10 56
10 57
10 58
10 59
10 60
10 61
10 62
10 63
10 64
10 65
10 66
10 67
10 68
10 69
10 70
10 71
10 72
10 73
10 74
10 75
10 76
10 77
10 78
10 82
10 83
10 84
10 85
10 90
10 91
10 92
10 93
10 109
10 110
10 111
10 112
10 117
10 118
10 119
10 120
10 124
10 125
10 126
10 127
10 132
10 133
10 149
10 150
10 151
10 152
10 157
10 158
10 162
10 163
10 164
10 165
10 170
10 171
10 187
10 188
10 189
10 190
10 195
10 196
10 200
10 201
10 202
10 203
10 223
10 224
10 225
10 226
10 234
10 235
10 236
10 237
10 245
10 246
10 247
10 248
10 252
10 253
10 261
10 262
10 266
10 267
10 275
10 276
11 12
11 13
11 14
11 15
11 16
11 17
11 18
11 19
11 20
11 21
11 22
11 23
11 24
11 25
11 26
11 27
11 28
11 29
11 30
11 31
11 32
11 33
11 40
11 41
11 44
11 45
11 52
11 53
11 55
11 56
11 58
11 59
11 65
11 66
11 67
11 70
11 75
11 76
11 77
11 78
11 79
11 80
11 81
11 82
11 83
11 84
11 85
11 86
11 89
11 90
11 91
11 92
11 93
11 94
11 95
11 96
11 97
11 98
11 99
11 100
11 101
11 102
11 104
11 105
11 107
11 108
11 113
11 116
12 13
12 14
12 15
12 16
12 17
12 18
12 19
12 20
12 21
12 22
12 23
12 24
12 25
12 26
12 27
12 28
12 29
12 30
12 31
12 32
12 34
12 40
12 41
12 44
12 45
12 52
12 53
12 55
12 56
12 58
12 59
12 65
12 66
12 67
12 70
12 75
12 76
12 77
12 78
12 79
12 80
12 81
12 86
12 89
12 94
12 95
12 96
12 98
12 99
12 101
12 102
12 103
12 104
12 105
12 106
12 107
12 108
12 109
12 110
12 111
12 112
12 113
12 116
12 117
12 118
12 119
12 120
13 14
13 15
13 16
13 17
13 18
13 19
13 20
13 21
13 22
13 23
13 24
13 25
13 26
13 27
13 28
13 29
13 30
13 31
13 32
13 33
13 34
13 35
13 36
13 44
13 45
13 48
13 49
13 55
13 56
13 58
13 59
13 67
13 68
13 69
13 70
13 71
13 72
13 77
13 78
13 79
13 81
13 84
13 85
13 86
13 87
13 88
13 89
13 92
13 93
13 94
13 95
13 96
13 97
13 98
13 99
13 100
13 101
13 102
13 103
13 104
13 105
13 106
13 108
13 111
13 112
13 113
13 114
13 115
13 116
13 119
13 120
13 121
13 122
13 123
13 124
13 125
13 128
13 129
13 130
13 131
13 132
13 133
13 134
13 135
13 136
13 137
13 138
13 139
13 140
13 141
13 142
13 144
13 145
13 147
13 148
13 153
13 156
13 175
13 178
13 181
13 184
13 211
13 214
13 217
13 220
14 15
14 16
14 17
14 18
14 19
14 20
14 21
14 22
14 23
14 24
14 25
14 26
14 27
14 28
14 29
14 30
14 31
14 32
14 33
14 34
14 37
14 38
14 44
14 45
14 48
14 49
14 55
14 56
14 58
14 59
14 67
14 68
14 69
14 70
14 71
14 72
14 77
14 78
14 79
14 80
14 84
14 85
14 86
14 87
14 88
14 89
14 92
14 93
14 94
14 95
14 96
14 97
14 98
14 99
14 100
14 101
14 102
14 103
14 104
14 105
14 106
14 107
14 111
14 112
14 113
14 114
14 115
14 116
14 119
14 120
14 121
14 122
14 123
14 128
14 131
14 134
14 135
14 136
14 138
14 139
14 141
14 142
14 143
14 144
14 145
14 146
14 147
14 148
14 149
14 150
14 153
14 154
14 155
14 156
14 157
14 158
14 175
14 178
14 181
14 184
14 211
14 214
14 217
14 220
15 16
15 17
15 18
15 19
15 20
15 21
15 22
15 23
15 24
15 25
15 26
15 27
15 28
15 29
15 30
15 31
15 32
15 33
15 34
15 35
15 38
15 48
15 49
15 57
15 58
15 59
15 60
15 68
15 69
15 71
15 72
15 73
15 74
15 79
15 80
15 81
15 82
15 84
15 85
15 86
15 87
15 88
15 89
15 90
15 91
15 92
15 93
15 94
15 95
15 96
15 97
15 100
15 101
15 102
15 103
15 106
15 107
15 108
15 109
15 111
15 112
15 113
15 114
15 115
15 116
15 117
15 118
15 119
15 120
15 121
15 123
15 124
15 125
15 126
15 127
15 128
15 131
15 132
15 133
15 134
15 135
15 136
15 138
15 139
15 141
15 142
15 144
15 145
15 148
15 149
15 150
15 151
15 152
15 153
15 156
15 157
15 158
15 159
15 160
15 161
15 162
15 163
15 164
15 165
15 166
15 167
15 168
15 169
15 170
15 171
15 172
15 173
15 174
15 175
15 176
15 177
15 178
15 181
15 184
15 185
15 186
15 191
15 194
15 211
15 214
15 217
15 220
16 17
16 18
16 19
16 20
16 21
16 22
16 23
16 24
16 25
16 26
16 27
16 28
16 29
16 30
16 31
16 32
16 33
16 34
16 35
16 38
16 48
16 49
16 57
16 58
16 59
16 60
16 68
16 69
16 71
16 72
16 73
16 74
16 79
16 80
16 81
16 83
16 84
16 85
16 86
16 87
16 88
16 89
16 90
16 91
16 92
16 93
16 94
16 95
16 96
16 97
16 100
16 101
16 102
16 103
16 106
16 107
16 108
16 110
16 111
16 112
16 113
16 114
16 115
16 116
16 117
16 118
16 119
16 120
16 121
16 122
16 124
16 125
16 126
16 127
16 128
16 131
16 132
16 133
16 134
16 135
16 136
16 138
16 139
16 141
16 142
16 144
16 145
16 147
16 149
16 150
16 151
16 152
16 153
16 156
16 157
16 158
16 159
16 160
16 161
16 166
16 169
16 172
16 175
16 178
16 179
16 180
16 181
16 182
16 183
16 184
16 185
16 186
16 187
16 188
16 189
16 190
16 191
16 192
16 193
16 194
16 195
16 196
16 211
16 214
16 217
16 220
17 18
17 19
17 20
17 21
17 22
17 23
17 24
17 25
17 26
17 27
17 28
17 29
17 30
17 31
17 32
17 33
17 34
17 35
17 38
17 39
17 40
17 52
17 53
17 57
17 58
17 59
17 60
17 61
17 62
17 68
17 69
17 73
17 74
17 75
17 76
17 80
17 81
17 86
17 87
17 88
17 89
17 90
17 91
17 95
17 96
17 97
17 98
17 99
17 100
17 101
17 102
17 103
17 104
17 105
17 106
17 107
17 108
17 113
17 114
17 115
17 116
17 117
17 118
17 122
17 123
17 124
17 126
17 127
17 128
17 129
17 130
17 131
17 135
17 136
17 137
17 138
17 139
17 140
17 141
17 142
17 143
17 144
17 145
17 146
17 147
17 148
17 149
17 151
17 152
17 153
17 154
17 155
17 156
17 161
17 162
17 163
17 166
17 167
17 168
17 169
17 170
17 171
17 173
17 174
17 175
17 176
17 177
17 178
17 179
17 180
17 181
17 182
17 183
17 184
17 186
17 187
17 188
17 191
17 192
17 193
17 194
17 195
17 196
17 202
17 203
17 205
17 206
17 208
17 209
17 210
17 211
17 212
17 213
17 214
18 19
18 20
18 21
18 22
18 23
18 24
18 25
18 26
18 27
18 28
18 29
18 30
18 31
18 32
18 33
18 34
18 35
18 38
18 41
18 42
18 52
18 53
18 57
18 58
18 59
18 60
18 61
18 62
18 68
18 69
18 73
18 74
18 75
18 76
18 80
18 81
18 86
18 87
18 88
18 89
18 90
18 91
18 95
18 96
18 97
18 98
18 99
18 100
18 101
18 102
18 103
18 104
18 105
18 106
18 107
18 108
18 113
18 114
18 115
18 116
18 117
18 118
18 122
18 123
18 125
18 126
18 127
18 128
18 129
18 130
18 131
18 135
18 136
18 137
18 138
18 139
18 140
18 141
18 142
18 143
18 144
18 145
18 146
18 147
18 148
18 150
18 151
18 152
18 153
18 154
18 155
18 156
18 160
18 162
18 163
18 166
18 167
18 168
18 169
18 170
18 171
18 173
18 174
18 175
18 176
18 177
18 178
18 179
18 180
18 181
18 182
18 183
18 184
18 185
18 187
18 188
18 191
18 192
18 193
18 194
18 195
18 196
18 208
18 215
18 216
18 217
18 218
18 219
18 220
18 225
18 226
18 228
18 229
19 20
19 21
19 22
19 23
19 24
19 25
19 26
19 27
19 28
19 29
19 30
19 31
19 32
19 33
19 34
19 35
19 38
19 43
19 44
19 48
19 49
19 51
19 52
19 53
19 54
19 58
19 59
19 61
19 62
19 63
19 64
19 65
19 66
19 67
19 70
19 71
19 72
19 73
19 74
19 75
19 76
19 82
19 83
19 85
19 87
19 88
19 90
19 91
19 92
19 93
19 97
19 100
19 103
19 106
19 109
19 110
19 112
19 114
19 115
19 117
19 118
19 119
19 120
19 124
19 125
19 126
19 127
19 128
19 131
19 132
19 133
19 149
19 150
19 151
19 152
19 153
19 156
19 157
19 158
19 163
19 164
19 165
19 167
19 168
19 170
19 171
19 175
19 178
19 181
19 184
19 188
19 189
19 190
19 192
19 193
19 195
19 196
19 198
19 200
19 201
19 202
19 203
19 204
19 207
19 209
19 215
19 221
19 223
19 224
19 225
19 226
19 227
19 230
19 231
19 232
19 233
19 234
19 235
19 236
19 237
19 245
19 246
20 21
20 22
20 23
20 24
20 25
20 26
20 27
20 28
20 29
20 30
20 31
20 32
20 35
20 36
20 37
20 38
20 39
20 42
20 43
20 44
20 52
20 53
20 55
20 56
20 57
20 60
20 61
20 62
20 63
20 64
20 68
20 69
20 75
20 76
20 77
20 78
20 84
20 86
20 89
20 90
20 91
20 92
20 93
20 98
20 99
20 104
20 105
20 111
20 113
20 116
20 117
20 118
20 119
20 120
20 126
20 127
20 128
20 129
20 130
20 131
20 132
20 133
20 137
20 140
20 143
20 146
20 151
20 152
20 153
20 154
20 155
20 156
20 157
20 158
20 162
20 163
20 164
20 165
20 166
20 169
20 170
20 171
20 176
20 177
20 182
20 183
20 187
20 188
20 189
20 190
20 191
20 194
20 195
20 196
20 200
20 201
20 202
20 203
20 204
20 205
20 206
20 207
20 209
20 211
20 214
20 215
20 217
20 220
20 223
20 224
20 225
20 226
20 227
20 228
20 229
20 230
20 232
20 233
20 234
20 235
20 236
20 237
20 238
20 239
20 240
20 241
20 242
20 243
20 244
21 22
21 23
21 24
21 25
21 26
21 27
21 28
21 29
21 30
21 31
21 32
21 35
21 36
21 37
21 38
21 39
21 42
21 45
21 46
21 52
21 53
21 55
21 56
21 57
21 60
21 61
21 62
21 63
21 64
21 68
21 69
21 75
21 76
21 77
21 78
21 85
21 86
21 89
21 90
21 91
21 92
21 93
21 98
21 99
21 104
21 105
21 112
21 113
21 116
21 117
21 118
21 119
21 120
21 126
21 127
21 128
21 129
21 130
21 131
21 132
21 133
21 137
21 140
21 143
21 146
21 151
21 152
21 153
21 154
21 155
21 156
21 157
21 158
21 162
21 163
21 164
21 165
21 166
21 169
21 170
21 171
21 176
21 177
21 182
21 183
21 187
21 188
21 189
21 190
21 191
21 194
21 195
21 196
21 200
21 201
21 202
21 203
21 204
21 205
21 206
21 207
21 210
21 211
21 214
21 216
21 217
21 220
21 223
21 224
21 225
21 226
21 227
21 228
21 229
21 230
21 232
21 233
21 238
21 239
21 240
21 241
21 242
21 243
21 244
21 245
21 246
21 247
21 248
22 23
22 24
22 25
22 26
22 27
22 28
22 29
22 30
22 31
22 32
22 33
22 34
22 35
22 38
22 45
22 46
22 48
22 49
22 51
22 52
22 53
22 54
22 58
22 59
22 61
22 62
22 63
22 64
22 65
22 66
22 67
22 70
22 71
22 72
22 73
22 74
22 75
22 76
22 82
22 83
22 84
22 87
22 88
22 90
22 91
22 92
22 93
22 97
22 100
22 103
22 106
22 109
22 110
22 111
22 114
22 115
22 117
22 118
22 119
22 120
22 124
22 125
22 126
22 127
22 128
22 131
22 132
22 133
22 149
22 150
22 151
22 152
22 153
22 156
22 157
22 158
22 162
22 164
22 165
22 167
22 168
22 170
22 171
22 175
22 178
22 181
22 184
22 187
22 189
22 190
22 192
22 193
22 195
22 196
22 199
22 200
22 201
22 202
22 203
22 204
22 207
22 210
22 216
22 222
22 223
22 224
22 225
22 226
22 227
22 230
22 231
22 234
22 235
22 243
22 244
22 245
22 246
22 247
22 248
23 24
23 25
23 26
23 27
23 28
23 29
23 30
23 31
23 32
23 33
23 34
23 36
23 37
23 39
23 42
23 43
23 46
23 47
23 48
23 55
23 56
23 58
23 59
23 61
23 62
23 63
23 64
23 65
23 66
23 68
23 69
23 77
23 78
23 79
23 80
23 81
23 87
23 89
23 92
23 93
23 94
23 95
23 96
23 98
23 99
23 101
23 102
23 104
23 105
23 107
23 108
23 114
23 116
23 119
23 120
23 121
23 122
23 123
23 126
23 128
23 129
23 130
23 131
23 132
23 133
23 134
23 135
23 136
23 137
23 138
23 139
23 140
23 141
23 142
23 143
23 144
23 145
23 146
23 147
23 148
23 151
23 153
23 154
23 155
23 156
23 157
23 158
23 159
23 160
23 161
23 164
23 165
23 166
23 167
23 168
23 169
23 172
23 173
23 174
23 175
23 176
23 177
23 178
23 179
23 180
23 181
23 182
23 183
23 184
23 185
23 186
23 189
23 190
23 191
23 192
23 193
23 194
23 197
23 198
23 199
23 200
23 204
23 205
23 206
23 207
23 208
23 209
23 210
23 211
23 212
23 213
23 214
23 215
23 216
23 217
23 218
23 219
23 220
23 221
23 222
23 223
23 227
23 228
23 229
23 230
23 231
23 233
23 236
23 237
23 238
23 239
23 240
23 241
23 242
23 244
23 247
23 248
23 249
23 250
23 251
23 252
23 253
23 254
23 255
23 256
23 257
23 258
23 259
23 260
24 25
24 26
24 27
24 28
24 29
24 30
24 31
24 32
24 33
24 34
24 36
24 37
24 39
24 42
24 43
24 46
24 49
24 50
24 55
24 56
24 58
24 59
24 61
24 62
24 63
24 64
24 65
24 66
24 68
24 69
24 77
24 78
24 79
24 80
24 81
24 86
24 88
24 92
24 93
24 94
24 95
24 96
24 98
24 99
24 101
24 102
24 104
24 105
24 107
24 108
24 113
24 115
24 119
24 120
24 121
24 122
24 123
24 127
24 128
24 129
24 130
24 131
24 132
24 133
24 134
24 135
24 136
24 137
24 138
24 139
24 140
24 141
24 142
24 143
24 144
24 145
24 146
24 147
24 148
24 152
24 153
24 154
24 155
24 156
24 157
24 158
24 159
24 160
24 161
24 164
24 165
24 166
24 167
24 168
24 169
24 172
24 173
24 174
24 175
24 176
24 177
24 178
24 179
24 180
24 181
24 182
24 183
24 184
24 185
24 186
24 189
24 190
24 191
24 192
24 193
24 194
24 197
24 198
24 199
24 201
24 204
24 205
24 206
24 207
24 208
24 209
24 210
24 211
24 212
24 213
24 214
24 215
24 216
24 217
24 218
24 219
24 220
24 221
24 222
24 224
24 227
24 228
24 229
24 230
24 231
24 232
24 236
24 237
24 238
24 239
24 240
24 241
24 242
24 243
24 247
24 248
24 249
24 250
24 251
24 254
24 255
24 256
24 257
24 258
24 259
24 260
24 261
24 262
25 26
25 27
25 28
25 29
25 30
25 31
25 32
25 33
25 34
25 35
25 38
25 39
25 40
25 41
25 42
25 43
25 46
25 47
25 50
25 57
25 58
25 59
25 60
25 63
25 64
25 65
25 66
25 67
25 68
25 69
25 70
25 79
25 80
25 81
25 86
25 89
25 90
25 92
25 93
25 94
25 95
25 96
25 98
25 99
25 101
25 102
25 104
25 105
25 107
25 108
25 113
25 116
25 117
25 119
25 120
25 121
25 122
25 123
25 129
25 131
25 132
25 133
25 134
25 135
25 136
25 138
25 139
25 141
25 142
25 144
25 145
25 147
25 148
25 154
25 156
25 157
25 158
25 159
25 160
25 161
25 164
25 165
25 166
25 167
25 168
25 169
25 170
25 171
25 172
25 173
25 174
25 175
25 178
25 179
25 180
25 181
25 184
25 185
25 186
25 189
25 190
25 191
25 192
25 193
25 194
25 195
25 196
25 197
25 198
25 199
25 202
25 203
25 204
25 207
25 208
25 209
25 210
25 212
25 213
25 215
25 216
25 218
25 219
25 221
25 222
25 225
25 226
25 227
25 230
25 231
25 232
25 233
25 234
25 236
25 237
25 238
25 239
25 240
25 241
25 242
25 243
25 244
25 245
25 247
25 248
25 249
25 251
25 252
25 253
25 254
25 255
25 256
25 257
25 258
25 260
25 261
25 262
25 263
25 264
25 265
25 266
25 267
25 268
25 269
25 270
25 273
25 274
26 27
26 28
26 29
26 30
26 31
26 32
26 33
26 34
26 35
26 38
26 39
26 40
26 41
26 42
26 43
26 46
26 47
26 50
26 57
26 58
26 59
26 60
26 63
26 64
26 65
26 66
26 67
26 68
26 69
26 70
26 79
26 80
26 81
26 86
26 89
26 91
26 92
26 93
26 94
26 95
26 96
26 98
26 99
26 101
26 102
26 104
26 105
26 107
26 108
26 113
26 116
26 118
26 119
26 120
26 121
26 122
26 123
26 128
26 130
26 132
26 133
26 134
26 135
26 136
26 138
26 139
26 141
26 142
26 144
26 145
26 147
26 148
26 153
26 155
26 157
26 158
26 159
26 160
26 161
26 164
26 165
26 166
26 167
26 168
26 169
26 170
26 171
26 172
26 173
26 174
26 175
26 178
26 179
26 180
26 181
26 184
26 185
26 186
26 189
26 190
26 191
26 192
26 193
26 194
26 195
26 196
26 197
26 198
26 199
26 202
26 203
26 204
26 207
26 208
26 209
26 210
26 212
26 213
26 215
26 216
26 218
26 219
26 221
26 222
26 225
26 226
26 227
26 230
26 231
26 232
26 233
26 235
26 236
26 237
26 238
26 239
26 240
26 241
26 242
26 243
26 244
26 246
26 247
26 248
26 249
26 250
26 252
26 253
26 254
26 255
26 256
26 257
26 258
26 259
26 261
26 262
26 263
26 264
26 265
26 268
26 271
26 272
26 273
26 274
26 275
26 276
27 28
27 29
27 30
27 31
27 32
27 33
27 34
27 35
27 38
27 40
27 41
27 43
27 44
27 45
27 46
27 47
27 50
27 51
27 52
27 57
27 58
27 59
27 60
27 61
27 62
27 65
27 66
27 67
27 68
27 69
27 70
27 71
27 72
27 80
27 81
27 86
27 89
27 95
27 96
27 98
27 99
27 101
27 102
27 104
27 105
27 107
27 108
27 113
27 116
27 122
27 123
27 128
27 131
27 132
27 135
27 136
27 138
27 139
27 141
27 142
27 144
27 145
27 147
27 148
27 153
27 156
27 157
27 160
27 161
27 167
27 168
27 169
27 170
27 171
27 173
27 174
27 175
27 176
27 177
27 178
27 179
27 180
27 181
27 182
27 183
27 184
27 185
27 186
27 192
27 193
27 194
27 195
27 196
27 198
27 199
27 202
27 204
27 205
27 206
27 207
27 209
27 210
27 211
27 212
27 213
27 214
27 215
27 216
27 217
27 218
27 219
27 220
27 221
27 222
27 225
27 227
27 228
27 229
27 230
27 232
27 233
27 239
27 240
27 241
27 242
27 243
27 244
27 250
27 251
27 252
27 255
27 256
27 257
27 258
27 259
27 260
27 261
27 265
27 266
27 267
27 269
27 270
27 271
27 272
27 274
27 275
27 276
27 280
27 281
27 282
28 29
28 30
28 31
28 32
28 33
28 34
28 35
28 38
28 40
28 41
28 43
28 44
28 45
28 46
28 47
28 50
28 53
28 54
28 57
28 58
28 59
28 60
28 61
28 62
28 65
28 66
28 67
28 68
28 69
28 70
28 71
28 72
28 80
28 81
28 86
28 89
28 95
28 96
28 98
28 99
28 101
28 102
28 104
28 105
28 107
28 108
28 113
28 116
28 122
28 123
28 128
28 131
28 133
28 135
28 136
28 138
28 139
28 141
28 142
28 144
28 145
28 147
28 148
28 153
28 156
28 158
28 160
28 161
28 166
28 167
28 168
28 170
28 171
28 173
28 174
28 175
28 176
28 177
28 178
28 179
28 180
28 181
28 182
28 183
28 184
28 185
28 186
28 191
28 192
28 193
28 195
28 196
28 198
28 199
28 203
28 204
28 205
28 206
28 207
28 209
28 210
28 211
28 212
28 213
28 214
28 215
28 216
28 217
28 218
28 219
28 220
28 221
28 222
28 226
28 227
28 228
28 229
28 230
28 232
28 233
28 239
28 240
28 241
28 242
28 243
28 244
28 250
28 251
28 253
28 255
28 256
28 257
28 258
28 259
28 260
28 262
28 264
28 266
28 267
28 269
28 270
28 271
28 272
28 273
28 275
28 276
28 280
28 283
28 284
29 30
29 31
29 32
29 33
29 34
29 35
29 38
29 43
29 46
29 47
29 50
29 55
29 58
29 59
29 61
29 62
29 63
29 64
29 65
29 66
29 68
29 69
29 71
29 72
29 73
29 74
29 75
29 76
29 77
29 78
29 82
29 83
29 84
29 85
29 87
29 88
29 90
29 91
29 93
29 109
29 110
29 111
29 112
29 114
29 115
29 117
29 118
29 120
29 124
29 125
29 126
29 127
29 129
29 130
29 132
29 133
29 149
29 150
29 151
29 152
29 154
29 155
29 157
29 158
29 162
29 163
29 164
29 165
29 167
29 168
29 171
29 187
29 188
29 189
29 190
29 192
29 193
29 196
29 200
29 201
29 202
29 203
29 204
29 211
29 212
29 217
29 218
29 223
29 224
29 225
29 226
29 227
29 234
29 235
29 237
29 245
29 246
29 248
29 252
29 253
29 261
29 262
29 267
29 276
29 278
29 281
29 283
29 285
29 287
29 288
30 31
30 32
30 35
30 36
30 37
30 38
30 39
30 42
30 44
30 45
30 47
30 48
30 49
30 50
30 51
30 54
30 55
30 57
30 60
30 61
30 62
30 63
30 64
30 67
30 70
30 71
30 72
30 73
30 74
30 92
30 119
30 170
30 171
30 195
30 196
30 205
30 211
30 212
30 214
30 217
30 218
30 220
30 228
30 236
30 247
30 266
30 267
30 275
30 276
30 281
30 283
30 288
31 32
31 35
31 36
31 37
31 38
31 39
31 42
31 44
31 45
31 47
31 48
31 49
31 50
31 51
31 54
31 56
31 57
31 60
31 61
31 62
31 63
31 64
31 67
31 70
31 71
31 72
31 73
31 74
31 93
31 120
31 170
31 171
31 195
31 196
31 206
31 211
31 213
31 214
31 217
31 219
31 220
31 229
31 237
31 248
31 266
31 267
31 275
31 276
31 282
31 284
31 288
32 33
32 34
32 35
32 38
32 43
32 46
32 47
32 50
32 56
32 58
32 59
32 61
32 62
32 63
32 64
32 65
32 66
32 68
32 69
32 71
32 72
32 73
32 74
32 75
32 76
32 77
32 78
32 82
32 83
32 84
32 85
32 87
32 88
32 90
32 91
32 92
32 109
32 110
32 111
32 112
32 114
32 115
32 117
32 118
32 119
32 124
32 125
32 126
32 127
32 129
32 130
32 132
32 133
32 149
32 150
32 151
32 152
32 154
32 155
32 157
32 158
32 162
32 163
32 164
32 165
32 167
32 168
32 170
32 187
32 188
32 189
32 190
32 192
32 193
32 195
32 200
32 201
32 202
32 203
32 207
32 213
32 214
32 219
32 220
32 223
32 224
32 225
32 226
32 230
32 234
32 235
32 236
32 245
32 246
32 247
32 252
32 253
32 261
32 262
32 266
32 275
32 279
32 282
32 284
32 286
32 287
32 288
33 34
33 35
33 36
33 37
33 38
33 39
33 40
33 41
33 42
33 43
33 44
33 45
33 46
33 47
33 48
33 49
33 50
33 51
33 52
33 53
33 54
33 55
33 56
33 57
33 58
33 65
33 66
33 67
33 70
33 75
33 76
33 77
33 78
33 79
33 80
33 81
33 82
33 83
33 84
33 85
33 86
33 87
33 88
33 89
33 90
33 91
33 92
33 93
33 94
33 95
33 96
33 98
33 99
33 101
33 102
33 104
33 105
33 107
33 108
33 109
33 110
33 111
33 112
33 113
33 116
33 117
33 118
33 119
33 120
33 124
33 125
33 126
33 127
33 132
33 133
33 149
33 150
33 151
33 152
33 157
33 158
33 162
33 163
33 164
33 165
33 170
33 171
33 187
33 188
33 189
33 190
33 195
33 196
33 200
33 201
33 202
33 203
33 223
33 224
33 225
33 226
33 234
33 235
33 236
33 237
33 245
33 246
33 247
33 248
33 252
33 253
33 261
33 262
33 266
33 267
33 275
33 276
34 35
34 36
34 37
34 38
34 39
34 40
34 41
34 42
34 43
34 44
34 45
34 46
34 47
34 48
34 49
34 50
34 51
34 52
34 53
34 54
34 55
34 56
34 59
34 60
34 65
34 66
34 67
34 70
34 75
34 76
34 77
34 78
34 79
34 80
34 81
34 82
34 83
34 84
34 85
34 86
34 89
34 90
34 91
34 92
34 93
34 94
34 95
34 96
34 98
34 99
34 101
34 102
34 104
34 105
34 107
34 108
34 109
34 110
34 111
34 112
34 113
34 114
34 115
34 116
34 117
34 118
34 119
34 120
34 124
34 125
34 126
34 127
34 132
34 133
34 149
34 150
34 151
34 152
34 157
34 158
34 162
34 163
34 164
34 165
34 170
34 171
34 187
34 188
34 189
34 190
34 195
34 196
34 200
34 201
34 202
34 203
34 223
34 224
34 225
34 226
34 234
34 235
34 236
34 237
34 245
34 246
34 247
34 248
34 252
34 253
34 261
34 262
34 266
34 267
34 275
34 276
35 36
35 37
35 38
35 39
35 40
35 41
35 42
35 43
35 44
35 45
35 46
35 47
35 48
35 49
35 50
35 51
35 52
35 53
35 54
35 55
35 56
35 61
35 67
35 68
35 69
35 70
35 71
35 72
35 77
35 78
35 79
35 80
35 81
35 84
35 85
35 86
35 87
35 88
35 89
35 92
35 93
35 94
35 95
35 97
35 98
35 99
35 100
35 101
35 103
35 104
35 105
35 106
35 107
35 108
35 111
35 112
35 113
35 114
35 115
35 116
35 119
35 120
35 121
35 122
35 123
35 124
35 125
35 126
35 127
35 128
35 129
35 130
35 131
35 132
35 133
35 135
35 136
35 137
35 138
35 139
35 140
35 141
35 142
35 144
35 145
35 147
35 148
35 149
35 150
35 153
35 154
35 155
35 156
35 157
35 158
35 162
35 163
35 167
35 168
35 170
35 171
35 175
35 178
35 181
35 184
35 187
35 188
35 192
35 193
35 195
35 196
35 200
35 201
35 205
35 206
35 211
35 214
35 217
35 220
35 223
35 224
35 228
35 229
35 234
35 235
35 245
35 246
35 252
35 253
35 261
35 262
35 266
35 267
35 275
35 276
36 37
36 38
36 39
36 40
36 41
36 42
36 43
36 44
36 45
36 46
36 47
36 48
36 49
36 50
36 51
36 52
36 53
36 54
36 55
36 56
36 57
36 60
36 61
36 68
36 69
36 82
36 83
36 86
36 87
36 88
36 89
36 90
36 91
36 95
36 97
36 98
36 99
36 100
36 101
36 103
36 104
36 105
36 106
36 109
36 110
36 113
36 114
36 115
36 116
36 117
36 118
36 122
36 123
36 126
36 127
36 128
36 129
36 130
36 131
36 134
36 135
36 136
36 137
36 138
36 139
36 140
36 141
36 142
36 143
36 144
36 145
36 146
36 154
36 155
36 160
36 161
36 166
36 169
36 173
36 174
36 176
36 177
36 179
36 180
36 182
36 183
36 185
36 186
36 191
36 194
36 198
36 199
36 204
36 207
36 209
36 210
36 212
36 213
36 215
36 216
36 218
36 219
36 221
36 222
36 227
36 230
36 232
36 233
36 239
36 240
36 241
36 242
36 243
36 244
36 250
36 251
36 255
36 256
36 257
36 258
36 259
36 260
36 264
36 265
36 269
36 270
36 271
36 272
36 273
36 274
36 278
36 279
36 281
36 282
36 283
36 284
36 285
36 286
37 38
37 39
37 40
37 41
37 42
37 43
37 44
37 45
37 46
37 47
37 48
37 49
37 50
37 51
37 52
37 53
37 54
37 55
37 56
37 57
37 60
37 62
37 68
37 69
37 82
37 83
37 86
37 87
37 88
37 89
37 90
37 91
37 96
37 97
37 98
37 99
37 100
37 102
37 103
37 104
37 105
37 106
37 109
37 110
37 113
37 114
37 115
37 116
37 117
37 118
37 129
37 130
37 134
37 135
37 136
37 137
37 138
37 139
37 140
37 141
37 142
37 143
37 144
37 145
37 146
37 147
37 148
37 151
37 152
37 153
37 154
37 155
37 156
37 160
37 161
37 166
37 169
37 173
37 174
37 176
37 177
37 179
37 180
37 182
37 183
37 185
37 186
37 191
37 194
37 198
37 199
37 204
37 207
37 209
37 210
37 212
37 213
37 215
37 216
37 218
37 219
37 221
37 222
37 227
37 230
37 232
37 233
37 239
37 240
37 241
37 242
37 243
37 244
37 250
37 251
37 255
37 256
37 257
37 258
37 259
37 260
37 264
37 265
37 269
37 270
37 271
37 272
37 273
37 274
37 278
37 279
37 281
37 282
37 283
37 284
37 285
37 286
38 39
38 40
38 41
38 42
38 43
38 44
38 45
38 46
38 47
38 48
38 49
38 50
38 51
38 52
38 53
38 54
38 55
38 56
38 62
38 67
38 68
38 69
38 70
38 71
38 72
38 77
38 78
38 79
38 80
38 81
38 84
38 85
38 86
38 87
38 88
38 89
38 92
38 93
38 94
38 96
38 97
38 98
38 99
38 100
38 102
38 103
38 104
38 105
38 106
38 107
38 108
38 111
38 112
38 113
38 114
38 115
38 116
38 119
38 120
38 121
38 122
38 123
38 124
38 125
38 128
38 129
38 130
38 131
38 132
38 133
38 135
38 136
38 138
38 139
38 141
38 142
38 143
38 144
38 145
38 146
38 147
38 148
38 149
38 150
38 151
38 152
38 153
38 154
38 155
38 156
38 157
38 158
38 162
38 163
38 167
38 168
38 170
38 171
38 175
38 178
38 181
38 184
38 187
38 188
38 192
38 193
38 195
38 196
38 200
38 201
38 205
38 206
38 211
38 214
38 217
38 220
38 223
38 224
38 228
38 229
38 234
38 235
38 245
38 246
38 252
38 253
38 261
38 262
38 266
38 267
38 275
38 276
39 40
39 41
39 42
39 43
39 44
39 45
39 46
39 47
39 48
39 49
39 50
39 51
39 52
39 53
39 54
39 55
39 56
39 57
39 60
39 65
39 68
39 69
39 73
39 74
39 75
39 76
39 80
39 81
39 86
39 87
39 88
39 89
39 90
39 91
39 95
39 96
39 97
39 98
39 99
39 100
39 101
39 102
39 103
39 104
39 105
39 106
39 107
39 108
39 113
39 114
39 115
39 116
39 117
39 118
39 122
39 123
39 126
39 127
39 128
39 129
39 130
39 131
39 135
39 136
39 137
39 138
39 139
39 140
39 141
39 142
39 143
39 144
39 145
39 146
39 147
39 148
39 151
39 152
39 153
39 154
39 155
39 156
39 160
39 161
39 162
39 163
39 166
39 167
39 168
39 169
39 170
39 171
39 173
39 175
39 176
39 177
39 178
39 179
39 181
39 182
39 183
39 184
39 185
39 186
39 187
39 188
39 191
39 192
39 193
39 194
39 195
39 196
39 197
39 198
39 199
39 200
39 201
39 202
39 203
39 204
39 205
39 206
39 207
39 211
39 214
39 225
39 226
39 228
39 229
39 236
39 237
39 247
39 248
40 41
40 42
40 43
40 44
40 45
40 46
40 47
40 48
40 49
40 50
40 51
40 52
40 53
40 54
40 55
40 56
40 57
40 58
40 59
40 60
40 61
40 62
40 63
40 64
40 65
40 82
40 83
40 84
40 85
40 86
40 87
40 88
40 89
40 92
40 93
40 97
40 98
40 99
40 100
40 103
40 104
40 105
40 106
40 109
40 110
40 111
40 112
40 113
40 114
40 115
40 116
40 119
40 120
40 124
40 125
40 128
40 129
40 130
40 131
40 132
40 133
40 137
40 138
40 139
40 140
40 143
40 144
40 145
40 146
40 149
40 150
40 153
40 154
40 155
40 156
40 157
40 158
40 160
40 161
40 164
40 165
40 166
40 167
40 168
40 169
40 173
40 174
40 175
40 176
40 177
40 178
40 179
40 180
40 181
40 182
40 183
40 184
40 185
40 186
40 189
40 190
40 191
40 192
40 193
40 194
40 198
40 199
40 200
40 201
40 204
40 207
40 208
40 209
40 210
40 211
40 212
40 213
40 214
40 215
40 216
40 218
40 219
40 231
40 232
40 233
40 238
40 239
40 240
40 241
40 242
40 243
40 244
40 249
40 250
40 251
40 254
40 255
40 256
40 257
40 258
40 259
40 260
40 263
40 264
40 265
40 268
40 269
40 270
40 271
40 272
40 273
40 274
40 277
40 278
40 279
40 280
40 281
40 282
40 283
40 284
40 285
40 286
40 287
40 288
41 42
41 43
41 44
41 45
41 46
41 47
41 48
41 49
41 50
41 51
41 52
41 53
41 54
41 55
41 56
41 57
41 58
41 59
41 60
41 61
41 62
41 63
41 64
41 66
41 82
41 83
41 84
41 85
41 86
41 87
41 88
41 89
41 92
41 93
41 97
41 98
41 99
41 100
41 103
41 104
41 105
41 106
41 109
41 110
41 111
41 112
41 113
41 114
41 115
41 116
41 119
41 120
41 124
41 125
41 128
41 129
41 130
41 131
41 132
41 133
41 137
41 138
41 139
41 140
41 143
41 144
41 145
41 146
41 149
41 150
41 153
41 154
41 155
41 156
41 157
41 158
41 160
41 161
41 164
41 165
41 166
41 167
41 168
41 169
41 173
41 174
41 175
41 176
41 177
41 178
41 179
41 180
41 181
41 182
41 183
41 184
41 185
41 186
41 189
41 190
41 191
41 192
41 193
41 194
41 208
41 209
41 210
41 212
41 213
41 215
41 216
41 217
41 218
41 219
41 220
41 221
41 222
41 223
41 224
41 227
41 230
41 231
41 232
41 233
41 238
41 239
41 240
41 241
41 242
41 243
41 244
41 249
41 250
41 251
41 254
41 255
41 256
41 257
41 258
41 259
41 260
41 263
41 264
41 265
41 268
41 269
41 270
41 271
41 272
41 273
41 274
41 277
41 278
41 279
41 280
41 281
41 282
41 283
41 284
41 285
41 286
41 287
41 288
42 43
42 44
42 45
42 46
42 47
42 48
42 49
42 50
42 51
42 52
42 53
42 54
42 55
42 56
42 57
42 60
42 66
42 68
42 69
42 73
42 74
42 75
42 76
42 80
42 81
42 86
42 87
42 88
42 89
42 90
42 91
42 95
42 96
42 97
42 98
42 99
42 100
42 101
42 102
42 103
42 104
42 105
42 106
42 107
42 108
42 113
42 114
42 115
42 116
42 117
42 118
42 122
42 123
42 126
42 127
42 128
42 129
42 130
42 131
42 135
42 136
42 137
42 138
42 139
42 140
42 141
42 142
42 143
42 144
42 145
42 146
42 147
42 148
42 151
42 152
42 153
42 154
42 155
42 156
42 160
42 161
42 162
42 163
42 166
42 167
42 168
42 169
42 170
42 171
42 174
42 175
42 176
42 177
42 178
42 180
42 181
42 182
42 183
42 184
42 185
42 186
42 187
42 188
42 191
42 192
42 193
42 194
42 195
42 196
42 197
42 202
42 203
42 205
42 206
42 217
42 220
42 221
42 222
42 223
42 224
42 225
42 226
42 227
42 228
42 229
42 230
42 236
42 237
42 247
42 248
43 44
43 45
43 46
43 47
43 48
43 49
43 50
43 51
43 52
43 53
43 54
43 55
43 56
43 57
43 60
43 61
43 62
43 67
43 68
43 75
43 76
43 77
43 78
43 86
43 89
43 90
43 91
43 92
43 93
43 98
43 99
43 104
43 105
43 113
43 116
43 117
43 118
43 119
43 120
43 126
43 127
43 129
43 130
43 132
43 133
43 137
43 140
43 143
43 146
43 151
43 152
43 154
43 155
43 157
43 158
43 162
43 163
43 164
43 165
43 166
43 169
43 170
43 171
43 176
43 177
43 182
43 183
43 187
43 188
43 189
43 190
43 191
43 194
43 195
43 196
43 198
43 200
43 201
43 202
43 203
43 205
43 206
43 211
43 214
43 217
43 220
43 221
43 223
43 224
43 225
43 226
43 228
43 229
43 231
43 232
43 233
43 234
43 235
43 236
43 237
43 239
43 240
43 241
43 242
43 243
43 244
43 245
43 246
43 247
43 248
43 252
43 253
43 261
43 262
43 266
43 267
43 275
43 276
44 45
44 46
44 47
44 48
44 49
44 50
44 51
44 52
44 53
44 54
44 55
44 56
44 58
44 59
44 61
44 62
44 63
44 64
44 65
44 66
44 67
44 68
44 82
44 83
44 84
44 85
44 87
44 88
44 90
44 91
44 92
44 93
44 97
44 100
44 103
44 106
44 109
44 110
44 111
44 112
44 114
44 115
44 117
44 118
44 119
44 120
44 124
44 125
44 126
44 127
44 128
44 131
44 132
44 133
44 138
44 139
44 144
44 145
44 149
44 150
44 151
44 152
44 153
44 156
44 157
44 158
44 162
44 163
44 164
44 165
44 167
44 168
44 170
44 171
44 175
44 178
44 181
44 184
44 187
44 188
44 189
44 190
44 192
44 193
44 195
44 196
44 198
44 199
44 200
44 201
44 202
44 203
44 204
44 207
44 209
44 210
44 212
44 213
44 215
44 216
44 218
44 219
44 221
44 222
44 223
44 224
44 225
44 226
44 227
44 230
44 234
44 235
44 238
44 239
44 240
44 245
44 246
45 46
45 47
45 48
45 49
45 50
45 51
45 52
45 53
45 54
45 55
45 56
45 58
45 59
45 61
45 62
45 63
45 64
45 65
45 66
45 69
45 70
45 82
45 83
45 84
45 85
45 87
45 88
45 90
45 91
45 92
45 93
45 97
45 100
45 103
45 106
45 109
45 110
45 111
45 112
45 114
45 115
45 117
45 118
45 119
45 120
45 124
45 125
45 126
45 127
45 128
45 131
45 132
45 133
45 138
45 139
45 144
45 145
45 149
45 150
45 151
45 152
45 153
45 156
45 157
45 158
45 162
45 163
45 164
45 165
45 167
45 168
45 170
45 171
45 175
45 178
45 181
45 184
45 187
45 188
45 189
45 190
45 192
45 193
45 195
45 196
45 198
45 199
45 200
45 201
45 202
45 203
45 204
45 207
45 209
45 210
45 212
45 213
45 215
45 216
45 218
45 219
45 221
45 222
45 223
45 224
45 225
45 226
45 227
45 230
45 234
45 235
45 238
45 241
45 242
45 245
45 246
46 47
46 48
46 49
46 50
46 51
46 52
46 53
46 54
46 55
46 56
46 57
46 60
46 61
46 62
46 69
46 70
46 75
46 76
46 77
46 78
46 86
46 89
46 90
46 91
46 92
46 93
46 98
46 99
46 104
46 105
46 113
46 116
46 117
46 118
46 119
46 120
46 126
46 127
46 129
46 130
46 132
46 133
46 137
46 140
46 143
46 146
46 151
46 152
46 154
46 155
46 157
46 158
46 162
46 163
46 164
46 165
46 166
46 169
46 170
46 171
46 176
46 177
46 182
46 183
46 187
46 188
46 189
46 190
46 191
46 194
46 195
46 196
46 199
46 200
46 201
46 202
46 203
46 205
46 206
46 211
46 214
46 217
46 220
46 222
46 223
46 224
46 225
46 226
46 228
46 229
46 231
46 232
46 233
46 234
46 235
46 236
46 237
46 239
46 240
46 241
46 242
46 243
46 244
46 245
46 246
46 247
46 248
46 252
46 253
46 261
46 262
46 266
46 267
46 275
46 276
47 48
47 49
47 50
47 51
47 52
47 53
47 54
47 55
47 56
47 61
47 62
47 63
47 64
47 71
47 77
47 78
47 79
47 80
47 81
47 86
47 89
47 92
47 93
47 94
47 95
47 96
47 97
47 98
47 101
47 102
47 103
47 104
47 107
47 108
47 113
47 116
47 119
47 120
47 121
47 122
47 123
47 128
47 129
47 130
47 131
47 132
47 133
47 134
47 135
47 136
47 137
47 138
47 139
47 140
47 141
47 142
47 143
47 144
47 145
47 146
47 147
47 148
47 153
47 154
47 155
47 156
47 157
47 158
47 159
47 160
47 161
47 164
47 165
47 166
47 167
47 168
47 169
47 172
47 173
47 174
47 175
47 176
47 177
47 178
47 179
47 180
47 181
47 182
47 183
47 184
47 185
47 186
47 189
47 190
47 191
47 192
47 193
47 194
47 197
47 198
47 199
47 200
47 204
47 205
47 206
47 207
47 208
47 209
47 210
47 211
47 212
47 213
47 214
47 215
47 216
47 217
47 218
47 219
47 220
47 221
47 222
47 223
47 227
47 228
47 229
47 230
47 231
47 232
47 233
47 236
47 237
47 238
47 239
47 241
47 243
47 244
47 247
47 248
47 249
47 250
47 251
47 252
47 253
47 255
47 256
47 257
47 258
47 259
47 260
47 261
47 262
47 266
47 267
47 275
47 276
48 49
48 50
48 51
48 52
48 53
48 54
48 55
48 56
48 57
48 60
48 63
48 64
48 65
48 66
48 67
48 70
48 71
48 84
48 85
48 87
48 88
48 90
48 91
48 97
48 98
48 103
48 104
48 111
48 112
48 114
48 115
48 117
48 118
48 126
48 127
48 128
48 129
48 130
48 131
48 137
48 138
48 139
48 140
48 143
48 144
48 145
48 146
48 151
48 152
48 153
48 154
48 155
48 156
48 166
48 167
48 168
48 169
48 170
48 171
48 175
48 176
48 177
48 178
48 181
48 182
48 183
48 184
48 191
48 192
48 193
48 194
48 195
48 196
48 200
48 202
48 203
48 204
48 205
48 206
48 207
48 211
48 212
48 213
48 214
48 217
48 218
48 219
48 220
48 223
48 225
48 226
48 227
48 228
48 229
48 230
48 234
48 235
48 239
48 241
48 245
48 246
48 250
48 251
48 254
48 255
48 256
48 257
48 258
48 264
48 265
48 269
48 270
48 271
48 272
48 273
48 274
48 278
48 279
48 281
48 282
48 283
48 284
48 285
48 286
49 50
49 51
49 52
49 53
49 54
49 55
49 56
49 57
49 60
49 63
49 64
49 65
49 66
49 67
49 70
49 72
49 84
49 85
49 87
49 88
49 90
49 91
49 99
49 100
49 105
49 106
49 111
49 112
49 114
49 115
49 117
49 118
49 126
49 127
49 128
49 129
49 130
49 131
49 137
49 138
49 139
49 140
49 143
49 144
49 145
49 146
49 151
49 152
49 153
49 154
49 155
49 156
49 166
49 167
49 168
49 169
49 170
49 171
49 175
49 176
49 177
49 178
49 181
49 182
49 183
49 184
49 191
49 192
49 193
49 194
49 195
49 196
49 201
49 202
49 203
49 204
49 205
49 206
49 207
49 211
49 212
49 213
49 214
49 217
49 218
49 219
49 220
49 224
49 225
49 226
49 227
49 228
49 229
49 230
49 234
49 235
49 240
49 242
49 245
49 246
49 254
49 255
49 256
49 257
49 258
49 259
49 260
49 264
49 265
49 269
49 270
49 271
49 272
49 273
49 274
49 278
49 279
49 281
49 282
49 283
49 284
49 285
49 286
50 51
50 52
50 53
50 54
50 55
50 56
50 61
50 62
50 63
50 64
50 72
50 77
50 78
50 79
50 80
50 81
50 86
50 89
50 92
50 93
50 94
50 95
50 96
50 99
50 100
50 101
50 102
50 105
50 106
50 107
50 108
50 113
50 116
50 119
50 120
50 121
50 122
50 123
50 128
50 129
50 130
50 131
50 132
50 133
50 134
50 135
50 136
50 137
50 138
50 139
50 140
50 141
50 142
50 143
50 144
50 145
50 146
50 147
50 148
50 153
50 154
50 155
50 156
50 157
50 158
50 159
50 160
50 161
50 164
50 165
50 166
50 167
50 168
50 169
50 172
50 173
50 174
50 175
50 176
50 177
50 178
50 179
50 180
50 181
50 182
50 183
50 184
50 185
50 186
50 189
50 190
50 191
50 192
50 193
50 194
50 197
50 198
50 199
50 201
50 204
50 205
50 206
50 207
50 208
50 209
50 210
50 211
50 212
50 213
50 214
50 215
50 216
50 217
50 218
50 219
50 220
50 221
50 222
50 224
50 227
50 228
50 229
50 230
50 231
50 232
50 233
50 236
50 237
50 238
50 240
50 242
50 243
50 244
50 247
50 248
50 249
50 250
50 251
50 252
50 253
50 255
50 256
50 257
50 258
50 259
50 260
50 261
50 262
50 266
50 267
50 275
50 276
51 52
51 53
51 54
51 55
51 56
51 57
51 60
51 65
51 66
51 67
51 70
51 75
51 80
51 81
51 86
51 89
51 95
51 96
51 98
51 99
51 101
51 102
51 104
51 105
51 107
51 108
51 113
51 116
51 122
51 123
51 128
51 131
51 135
51 136
51 138
51 139
51 141
51 142
51 144
51 145
51 147
51 148
51 153
51 156
51 160
51 161
51 166
51 167
51 168
51 169
51 170
51 171
51 173
51 174
51 175
51 176
51 178
51 179
51 180
51 181
51 182
51 184
51 185
51 186
51 191
51 192
51 193
51 194
51 195
51 196
51 198
51 199
51 202
51 204
51 205
51 206
51 207
51 209
51 210
51 211
51 212
51 213
51 214
51 215
51 216
51 217
51 218
51 219
51 220
51 221
51 222
51 225
51 227
51 228
51 229
51 230
51 232
51 233
51 239
51 240
51 241
51 242
51 243
51 244
51 250
51 251
51 255
51 256
51 257
51 258
51 259
51 260
51 264
51 265
51 266
51 267
51 269
51 271
51 273
51 274
51 275
51 276
51 277
51 278
51 279
52 53
52 54
52 55
52 56
52 57
52 58
52 59
52 60
52 61
52 62
52 63
52 64
52 67
52 68
52 69
52 70
52 71
52 72
52 73
52 74
52 75
52 82
52 83
52 87
52 88
52 90
52 91
52 92
52 93
52 97
52 100
52 103
52 106
52 109
52 110
52 114
52 115
52 117
52 118
52 119
52 120
52 124
52 125
52 129
52 130
52 132
52 133
52 137
52 140
52 143
52 146
52 149
52 150
52 154
52 155
52 157
52 158
52 162
52 163
52 166
52 167
52 168
52 169
52 175
52 176
52 177
52 181
52 182
52 183
52 187
52 188
52 191
52 192
52 193
52 194
52 200
52 201
52 202
52 204
52 205
52 206
52 207
52 211
52 212
52 213
52 214
52 217
52 218
52 219
52 220
52 223
52 224
52 225
52 227
52 228
52 229
52 230
52 234
52 235
52 236
52 237
52 245
52 246
52 247
52 248
52 252
52 253
52 261
52 262
52 264
52 265
52 269
52 270
52 271
52 272
52 273
52 274
52 278
52 279
52 280
52 281
52 282
52 283
52 284
52 287
52 288
53 54
53 55
53 56
53 57
53 58
53 59
53 60
53 61
53 62
53 63
53 64
53 67
53 68
53 69
53 70
53 71
53 72
53 73
53 74
53 76
53 82
53 83
53 87
53 88
53 90
53 91
53 92
53 93
53 97
53 100
53 103
53 106
53 109
53 110
53 114
53 115
53 117
53 118
53 119
53 120
53 124
53 125
53 129
53 130
53 132
53 133
53 137
53 140
53 143
53 146
53 149
53 150
53 154
53 155
53 157
53 158
53 162
53 163
53 166
53 167
53 168
53 169
53 176
53 177
53 178
53 182
53 183
53 184
53 187
53 188
53 191
53 192
53 193
53 194
53 200
53 201
53 203
53 204
53 205
53 206
53 207
53 211
53 212
53 213
53 214
53 217
53 218
53 219
53 220
53 223
53 224
53 226
53 227
53 228
53 229
53 230
53 234
53 235
53 236
53 237
53 245
53 246
53 247
53 248
53 252
53 253
53 261
53 262
53 264
53 265
53 269
53 270
53 271
53 272
53 273
53 274
53 280
53 281
53 282
53 283
53 284
53 285
53 286
53 287
53 288
54 55
54 56
54 57
54 60
54 65
54 66
54 67
54 70
54 76
54 80
54 81
54 86
54 89
54 95
54 96
54 98
54 99
54 101
54 102
54 104
54 105
54 107
54 108
54 113
54 116
54 122
54 123
54 128
54 131
54 135
54 136
54 138
54 139
54 141
54 142
54 144
54 145
54 147
54 148
54 153
54 156
54 160
54 161
54 166
54 167
54 168
54 169
54 170
54 171
54 173
54 174
54 175
54 177
54 178
54 179
54 180
54 181
54 183
54 184
54 185
54 186
54 191
54 192
54 193
54 194
54 195
54 196
54 198
54 199
54 203
54 204
54 205
54 206
54 207
54 209
54 210
54 211
54 212
54 213
54 214
54 215
54 216
54 217
54 218
54 219
54 220
54 221
54 222
54 226
54 227
54 228
54 229
54 230
54 232
54 233
54 239
54 240
54 241
54 242
54 243
54 244
54 250
54 251
54 255
54 256
54 257
54 258
54 259
54 260
54 264
54 265
54 266
54 267
54 270
54 272
54 273
54 274
54 275
54 276
54 277
54 285
54 286
55 56
55 58
55 59
55 61
55 62
55 63
55 64
55 65
55 66
55 68
55 69
55 71
55 72
55 73
55 74
55 75
55 76
55 77
55 82
55 83
55 84
55 85
55 90
55 91
55 92
55 93
55 109
55 110
55 111
55 112
55 117
55 118
55 119
55 120
55 124
55 125
55 126
55 127
55 132
55 133
55 149
55 150
55 151
55 152
55 157
55 158
55 162
55 163
55 164
55 165
55 170
55 171
55 187
55 188
55 189
55 190
55 195
55 196
55 200
55 201
55 202
55 203
55 204
55 205
55 207
55 212
55 213
55 218
55 219
55 223
55 224
55 225
55 226
55 227
55 228
55 230
55 234
55 235
55 236
55 237
55 245
55 246
55 247
55 248
55 252
55 253
55 261
55 262
55 266
55 267
55 275
55 276
55 278
55 279
55 281
55 282
55 283
55 284
55 285
55 286
55 287
55 288
56 58
56 59
56 61
56 62
56 63
56 64
56 65
56 66
56 68
56 69
56 71
56 72
56 73
56 74
56 75
56 76
56 78
56 82
56 83
56 84
56 85
56 90
56 91
56 92
56 93
56 109
56 110
56 111
56 112
56 117
56 118
56 119
56 120
56 124
56 125
56 126
56 127
56 132
56 133
56 149
56 150
56 151
56 152
56 157
56 158
56 162
56 163
56 164
56 165
56 170
56 171
56 187
56 188
56 189
56 190
56 195
56 196
56 200
56 201
56 202
56 203
56 204
56 206
56 207
56 212
56 213
56 218
56 219
56 223
56 224
56 225
56 226
56 227
56 229
56 230
56 234
56 235
56 236
56 237
56 245
56 246
56 247
56 248
56 252
56 253
56 261
56 262
56 266
56 267
56 275
56 276
56 278
56 279
56 281
56 282
56 283
56 284
56 285
56 286
56 287
56 288
57 58
57 59
57 60
57 61
57 62
57 63
57 64
57 65
57 66
57 67
57 68
57 69
57 70
57 71
57 72
57 73
57 74
57 75
57 76
57 77
57 78
57 79
57 80
57 81
57 82
57 83
57 84
57 85
57 86
57 87
57 88
57 89
57 90
57 91
57 92
57 93
57 97
57 100
57 103
57 106
57 109
57 110
57 117
57 118
58 59
58 60
58 61
58 62
58 63
58 64
58 65
58 66
58 67
58 68
58 69
58 70
58 71
58 72
58 73
58 74
58 75
58 76
58 77
58 78
58 79
58 80
58 81
58 86
58 89
58 94
58 95
58 96
58 97
58 98
58 99
58 100
58 109
58 110
58 111
58 112
58 117
58 118
58 119
58 120
58 124
58 125
58 126
58 127
58 129
58 130
58 132
58 133
58 149
58 150
58 151
58 152
58 154
58 155
58 157
58 158
58 162
58 163
58 164
58 165
58 167
58 168
58 170
58 171
58 187
58 188
58 189
58 190
58 192
58 193
58 195
58 196
58 200
58 201
58 202
58 203
58 205
58 206
58 223
58 224
58 225
58 226
58 228
58 229
58 234
58 235
58 236
58 237
58 245
58 246
58 247
58 248
58 252
58 253
58 261
58 262
58 266
58 267
58 275
58 276
59 60
59 61
59 62
59 63
59 64
59 65
59 66
59 67
59 68
59 69
59 70
59 71
59 72
59 73
59 74
59 75
59 76
59 77
59 78
59 79
59 82
59 83
59 84
59 85
59 90
59 91
59 92
59 93
59 94
59 101
59 102
59 103
59 104
59 105
59 106
59 107
59 108
59 113
59 116
59 124
59 125
59 126
59 127
59 129
59 130
59 132
59 133
59 149
59 150
59 151
59 152
59 154
59 155
59 157
59 158
59 162
59 163
59 164
59 165
59 167
59 168
59 170
59 171
59 187
59 188
59 189
59 190
59 192
59 193
59 195
59 196
59 200
59 201
59 202
59 203
59 205
59 206
59 223
59 224
59 225
59 226
59 228
59 229
59 234
59 235
59 236
59 237
59 245
59 246
59 247
59 248
59 252
59 253
59 261
59 262
59 266
59 267
59 275
59 276
60 61
60 62
60 63
60 64
60 65
60 66
60 67
60 68
60 69
60 70
60 71
60 72
60 73
60 74
60 75
60 76
60 77
60 78
60 79
60 82
60 83
60 90
60 91
60 97
60 100
60 103
60 106
60 107
60 108
60 109
60 110
60 111
60 112
60 113
60 114
60 115
60 116
60 117
60 118
60 119
60 120
61 62
61 63
61 64
61 65
61 66
61 67
61 68
61 69
61 70
61 71
61 72
61 73
61 74
61 75
61 76
61 77
61 78
61 80
61 82
61 83
61 86
61 87
61 88
61 89
61 90
61 91
61 97
61 98
61 99
61 100
61 103
61 104
61 105
61 106
61 107
61 109
61 110
61 113
61 114
61 115
61 116
61 117
61 118
61 121
61 122
61 123
61 124
61 125
61 126
61 127
61 128
61 129
61 130
61 131
61 132
61 133
61 137
61 140
61 141
61 142
61 143
61 144
61 145
61 146
61 147
61 148
61 153
61 154
61 155
61 156
61 160
61 161
61 166
61 169
61 173
61 174
61 176
61 177
61 179
61 180
61 182
61 183
61 185
61 186
61 191
61 194
61 198
61 199
61 204
61 207
61 209
61 210
61 212
61 213
61 215
61 216
61 218
61 219
61 221
61 222
61 227
61 230
61 232
61 233
61 239
61 240
61 241
61 242
61 243
61 244
61 250
61 251
61 255
61 256
61 257
61 258
61 259
61 260
61 264
61 265
61 269
61 270
61 271
61 272
61 273
61 274
61 278
61 279
61 281
61 282
61 283
61 284
61 285
61 286
62 63
62 64
62 65
62 66
62 67
62 68
62 69
62 70
62 71
62 72
62 73
62 74
62 75
62 76
62 77
62 78
62 81
62 82
62 83
62 86
62 87
62 88
62 89
62 90
62 91
62 97
62 98
62 99
62 100
62 103
62 104
62 105
62 106
62 108
62 109
62 110
62 113
62 114
62 115
62 116
62 117
62 118
62 121
62 122
62 123
62 128
62 129
62 130
62 131
62 135
62 136
62 137
62 138
62 139
62 140
62 143
62 146
62 147
62 148
62 149
62 150
62 151
62 152
62 153
62 154
62 155
62 156
62 157
62 158
62 160
62 161
62 166
62 169
62 173
62 174
62 176
62 177
62 179
62 180
62 182
62 183
62 185
62 186
62 191
62 194
62 198
62 199
62 204
62 207
62 209
62 210
62 212
62 213
62 215
62 216
62 218
62 219
62 221
62 222
62 227
62 230
62 232
62 233
62 239
62 240
62 241
62 242
62 243
62 244
62 250
62 251
62 255
62 256
62 257
62 258
62 259
62 260
62 264
62 265
62 269
62 270
62 271
62 272
62 273
62 274
62 278
62 279
62 281
62 282
62 283
62 284
62 285
62 286
63 64
63 65
63 66
63 67
63 68
63 69
63 70
63 71
63 72
63 73
63 74
63 75
63 76
63 77
63 78
63 82
63 84
63 85
63 86
63 89
63 90
63 91
63 92
63 93
63 98
63 99
63 104
63 105
63 109
63 111
63 112
63 113
63 116
63 117
63 118
63 119
63 120
63 122
63 124
63 125
63 126
63 127
63 129
63 130
63 132
63 133
63 135
63 136
63 137
63 138
63 139
63 140
63 141
63 142
63 143
63 144
63 145
63 146
63 147
63 149
63 150
63 151
63 152
63 154
63 155
63 157
63 158
63 159
63 160
63 161
63 162
63 163
63 164
63 165
63 166
63 167
63 168
63 169
63 170
63 171
63 172
63 179
63 180
63 182
63 183
63 185
63 186
63 189
63 190
63 191
63 194
63 197
63 198
63 199
63 204
63 207
63 208
63 209
63 210
63 212
63 213
63 215
63 216
63 218
63 219
63 221
63 222
63 227
63 230
63 231
63 232
63 233
63 238
63 239
63 240
63 241
63 242
63 243
63 244
63 249
63 250
63 251
63 254
63 255
63 256
63 257
63 258
63 259
63 260
63 263
63 264
63 265
63 268
63 269
63 270
63 271
63 272
63 273
63 274
63 277
63 278
63 279
63 280
63 281
63 282
63 283
63 284
63 285
63 286
63 287
63 288
64 65
64 66
64 67
64 68
64 69
64 70
64 71
64 72
64 73
64 74
64 75
64 76
64 77
64 78
64 83
64 84
64 85
64 86
64 89
64 90
64 91
64 92
64 93
64 98
64 99
64 104
64 105
64 110
64 111
64 112
64 113
64 116
64 117
64 118
64 119
64 120
64 123
64 124
64 125
64 126
64 127
64 129
64 130
64 132
64 133
64 135
64 136
64 137
64 138
64 139
64 140
64 141
64 142
64 143
64 144
64 145
64 146
64 148
64 149
64 150
64 151
64 152
64 154
64 155
64 157
64 158
64 159
64 160
64 161
64 164
64 165
64 166
64 169
64 172
64 173
64 174
64 176
64 177
64 185
64 186
64 187
64 188
64 189
64 190
64 191
64 192
64 193
64 194
64 195
64 196
64 197
64 198
64 199
64 204
64 207
64 208
64 209
64 210
64 212
64 213
64 215
64 216
64 218
64 219
64 221
64 222
64 227
64 230
64 231
64 232
64 233
64 238
64 239
64 240
64 241
64 242
64 243
64 244
64 249
64 250
64 251
64 254
64 255
64 256
64 257
64 258
64 259
64 260
64 263
64 264
64 265
64 268
64 269
64 270
64 271
64 272
64 273
64 274
64 277
64 278
64 279
64 280
64 281
64 282
64 283
64 284
64 285
64 286
64 287
64 288
65 66
65 67
65 68
65 69
65 70
65 71
65 72
65 73
65 74
65 75
65 76
65 77
65 78
65 84
65 85
65 86
65 87
65 88
65 89
65 92
65 93
65 97
65 98
65 99
65 100
65 103
65 104
65 105
65 106
65 111
65 112
65 113
65 114
65 115
65 116
65 119
65 120
65 124
65 128
65 129
65 130
65 131
65 132
65 133
65 137
65 138
65 139
65 140
65 143
65 144
65 145
65 146
65 149
65 153
65 154
65 155
65 156
65 157
65 158
65 160
65 161
65 164
65 165
65 166
65 167
65 168
65 169
65 173
65 174
65 175
65 176
65 177
65 178
65 179
65 180
65 181
65 182
65 183
65 184
65 185
65 186
65 189
65 190
65 191
65 192
65 193
65 194
65 197
65 198
65 199
65 200
65 201
65 202
65 203
65 204
65 205
65 206
65 207
65 208
65 215
65 216
65 218
65 219
65 221
65 222
65 227
65 230
65 231
65 232
65 233
65 238
65 239
65 240
65 241
65 242
65 243
65 244
65 249
65 250
65 251
65 254
65 255
65 256
65 257
65 258
65 259
65 260
65 263
65 264
65 265
65 268
65 269
65 270
65 271
65 272
65 273
65 274
65 277
65 278
65 279
65 280
65 281
65 282
65 283
65 284
65 285
65 286
65 287
65 288
66 67
66 68
66 69
66 70
66 71
66 72
66 73
66 74
66 75
66 76
66 77
66 78
66 84
66 85
66 86
66 87
66 88
66 89
66 92
66 93
66 97
66 98
66 99
66 100
66 103
66 104
66 105
66 106
66 111
66 112
66 113
66 114
66 115
66 116
66 119
66 120
66 125
66 128
66 129
66 130
66 131
66 132
66 133
66 137
66 138
66 139
66 140
66 143
66 144
66 145
66 146
66 150
66 153
66 154
66 155
66 156
66 157
66 158
66 160
66 161
66 164
66 165
66 166
66 167
66 168
66 169
66 173
66 174
66 175
66 176
66 177
66 178
66 179
66 180
66 181
66 182
66 183
66 184
66 185
66 186
66 189
66 190
66 191
66 192
66 193
66 194
66 197
66 198
66 199
66 204
66 207
66 208
66 209
66 210
66 212
66 213
66 221
66 222
66 223
66 224
66 225
66 226
66 227
66 228
66 229
66 230
66 231
66 232
66 233
66 238
66 239
66 240
66 241
66 242
66 243
66 244
66 249
66 250
66 251
66 254
66 255
66 256
66 257
66 258
66 259
66 260
66 263
66 264
66 265
66 268
66 269
66 270
66 271
66 272
66 273
66 274
66 277
66 278
66 279
66 280
66 281
66 282
66 283
66 284
66 285
66 286
66 287
66 288
67 68
67 69
67 70
67 71
67 72
67 73
67 74
67 75
67 76
67 77
67 78
67 84
67 87
67 88
67 90
67 91
67 92
67 93
67 97
67 98
67 99
67 100
67 103
67 104
67 105
67 106
67 111
67 114
67 115
67 117
67 118
67 119
67 120
67 126
67 127
67 128
67 131
67 132
67 133
67 138
67 139
67 144
67 145
67 151
67 152
67 153
67 156
67 157
67 158
67 162
67 164
67 165
67 167
67 168
67 170
67 171
67 175
67 176
67 177
67 178
67 181
67 182
67 183
67 184
67 187
67 189
67 190
67 192
67 193
67 195
67 196
67 198
67 199
67 200
67 201
67 202
67 203
67 204
67 207
67 209
67 210
67 212
67 213
67 215
67 216
67 218
67 219
67 221
67 222
67 223
67 224
67 225
67 226
67 227
67 230
67 231
67 232
67 233
67 234
67 235
67 236
67 237
67 245
67 246
68 69
68 70
68 71
68 72
68 73
68 74
68 75
68 76
68 77
68 78
68 84
68 90
68 91
68 92
68 93
68 98
68 99
68 104
68 105
68 111
68 117
68 118
68 119
68 120
68 126
68 127
68 129
68 130
68 132
68 133
68 137
68 140
68 143
68 146
68 151
68 152
68 154
68 155
68 157
68 158
68 162
68 163
68 164
68 165
68 170
68 171
68 176
68 177
68 182
68 183
68 187
68 188
68 189
68 190
68 195
68 196
68 200
68 201
68 202
68 203
68 205
68 206
68 209
68 211
68 214
68 215
68 217
68 220
68 223
68 224
68 225
68 226
68 228
68 229
68 232
68 233
68 238
68 239
68 240
68 245
68 246
68 247
68 248
68 252
68 253
68 261
68 262
68 266
68 267
68 275
68 276
69 70
69 71
69 72
69 73
69 74
69 75
69 76
69 77
69 78
69 85
69 90
69 91
69 92
69 93
69 98
69 99
69 104
69 105
69 112
69 117
69 118
69 119
69 120
69 126
69 127
69 129
69 130
69 132
69 133
69 137
69 140
69 143
69 146
69 151
69 152
69 154
69 155
69 157
69 158
69 162
69 163
69 164
69 165
69 170
69 171
69 176
69 177
69 182
69 183
69 187
69 188
69 189
69 190
69 195
69 196
69 200
69 201
69 202
69 203
69 205
69 206
69 210
69 211
69 214
69 216
69 217
69 220
69 223
69 224
69 225
69 226
69 228
69 229
69 234
69 235
69 236
69 237
69 238
69 241
69 242
69 243
69 244
69 252
69 253
69 261
69 262
69 266
69 267
69 275
69 276
70 71
70 72
70 73
70 74
70 75
70 76
70 77
70 78
70 85
70 87
70 88
70 90
70 91
70 92
70 93
70 97
70 98
70 99
70 100
70 103
70 104
70 105
70 106
70 112
70 114
70 115
70 117
70 118
70 119
70 120
70 126
70 127
70 128
70 131
70 132
70 133
70 138
70 139
70 144
70 145
70 151
70 152
70 153
70 156
70 157
70 158
70 163
70 164
70 165
70 167
70 168
70 170
70 171
70 175
70 176
70 177
70 178
70 181
70 182
70 183
70 184
70 188
70 189
70 190
70 192
70 193
70 195
70 196
70 198
70 199
70 200
70 201
70 202
70 203
70 204
70 207
70 209
70 210
70 212
70 213
70 215
70 216
70 218
70 219
70 221
70 222
70 223
70 224
70 225
70 226
70 227
70 230
70 231
70 234
70 235
70 243
70 244
70 245
70 246
70 247
70 248
71 72
71 73
71 74
71 75
71 76
71 77
71 78
71 86
71 87
71 90
71 91
71 97
71 103
71 113
71 114
71 117
71 118
71 126
71 128
71 129
71 130
71 131
71 137
71 138
71 139
71 140
71 143
71 144
71 145
71 146
71 151
71 153
71 154
71 155
71 156
71 166
71 167
71 168
71 169
71 170
71 171
71 175
71 176
71 177
71 178
71 181
71 182
71 183
71 184
71 191
71 192
71 193
71 194
71 195
71 196
71 202
71 203
71 204
71 205
71 206
71 207
71 211
71 212
71 213
71 214
71 217
71 218
71 219
71 220
71 225
71 226
71 227
71 228
71 229
71 230
71 232
71 234
71 235
71 243
71 245
71 246
71 249
71 250
71 251
71 252
71 253
71 257
71 258
71 259
71 260
71 264
71 265
71 269
71 270
71 271
71 272
71 273
71 274
71 278
71 279
71 281
71 282
71 283
71 284
71 285
71 286
72 73
72 74
72 75
72 76
72 77
72 78
72 88
72 89
72 90
72 91
72 100
72 106
72 115
72 116
72 117
72 118
72 127
72 128
72 129
72 130
72 131
72 137
72 138
72 139
72 140
72 143
72 144
72 145
72 146
72 152
72 153
72 154
72 155
72 156
72 166
72 167
72 168
72 169
72 170
72 171
72 175
72 176
72 177
72 178
72 181
72 182
72 183
72 184
72 191
72 192
72 193
72 194
72 195
72 196
72 202
72 203
72 204
72 205
72 206
72 207
72 211
72 212
72 213
72 214
72 217
72 218
72 219
72 220
72 225
72 226
72 227
72 228
72 229
72 230
72 233
72 234
72 235
72 244
72 245
72 246
72 249
72 250
72 251
72 255
72 256
72 259
72 260
72 261
72 262
72 264
72 265
72 269
72 270
72 271
72 272
72 273
72 274
72 278
72 279
72 281
72 282
72 283
72 284
72 285
72 286
73 74
73 75
73 76
73 77
73 78
73 90
73 92
73 93
73 97
73 100
73 103
73 106
73 117
73 119
73 120
73 128
73 129
73 132
73 133
73 137
73 138
73 139
73 140
73 143
73 144
73 145
73 146
73 153
73 154
73 157
73 158
73 164
73 166
73 169
73 170
73 171
73 176
73 177
73 182
73 183
73 189
73 191
73 194
73 195
73 196
73 202
73 203
73 205
73 206
73 211
73 212
73 213
73 214
73 217
73 218
73 219
73 220
73 225
73 226
73 228
73 229
73 234
73 236
73 237
73 245
73 247
73 248
73 250
73 252
73 253
73 255
73 256
73 257
73 258
73 259
73 261
73 262
73 263
73 264
73 265
73 266
73 267
73 268
73 271
73 272
73 273
73 274
73 277
73 278
73 279
73 280
73 281
73 282
73 283
73 284
73 285
73 286
73 287
73 288
74 75
74 76
74 77
74 78
74 91
74 92
74 93
74 97
74 100
74 103
74 106
74 118
74 119
74 120
74 130
74 131
74 132
74 133
74 137
74 138
74 139
74 140
74 143
74 144
74 145
74 146
74 155
74 156
74 157
74 158
74 165
74 166
74 169
74 170
74 171
74 176
74 177
74 182
74 183
74 190
74 191
74 194
74 195
74 196
74 202
74 203
74 205
74 206
74 211
74 212
74 213
74 214
74 217
74 218
74 219
74 220
74 225
74 226
74 228
74 229
74 235
74 236
74 237
74 246
74 247
74 248
74 251
74 252
74 253
74 255
74 256
74 257
74 258
74 260
74 261
74 262
74 263
74 264
74 265
74 268
74 269
74 270
74 273
74 274
74 275
74 276
74 277
74 278
74 279
74 280
74 281
74 282
74 283
74 284
74 285
74 286
74 287
74 288
75 76
75 77
75 78
75 92
75 93
75 97
75 100
75 103
75 106
75 119
75 120
75 132
75 137
75 140
75 143
75 146
75 157
75 166
75 167
75 169
75 175
75 176
75 177
75 181
75 182
75 183
75 191
75 192
75 194
75 204
75 205
75 206
75 207
75 211
75 212
75 213
75 214
75 217
75 218
75 219
75 220
75 227
75 228
75 229
75 230
75 236
75 237
75 247
75 248
75 252
75 261
75 264
75 265
75 269
75 270
75 271
75 272
75 273
75 274
75 277
75 278
75 279
75 280
75 283
75 284
75 285
75 286
75 287
75 288
76 77
76 78
76 92
76 93
76 97
76 100
76 103
76 106
76 119
76 120
76 133
76 137
76 140
76 143
76 146
76 158
76 166
76 168
76 169
76 176
76 177
76 178
76 182
76 183
76 184
76 191
76 193
76 194
76 204
76 205
76 206
76 207
76 211
76 212
76 213
76 214
76 217
76 218
76 219
76 220
76 227
76 228
76 229
76 230
76 236
76 237
76 247
76 248
76 253
76 262
76 264
76 265
76 269
76 270
76 271
76 272
76 273
76 274
76 277
76 278
76 279
76 280
76 281
76 282
76 285
76 286
76 287
76 288
77 78
77 92
77 119
77 170
77 195
77 204
77 207
77 211
77 212
77 213
77 217
77 218
77 219
77 227
77 230
77 236
77 247
77 266
77 275
77 278
77 279
77 281
77 282
77 283
77 284
77 285
77 286
77 287
77 288
78 93
78 120
78 171
78 196
78 204
78 207
78 212
78 213
78 214
78 218
78 219
78 220
78 227
78 230
78 237
78 248
78 267
78 276
78 278
78 279
78 281
78 282
78 283
78 284
78 285
78 286
78 287
78 288
79 80
79 81
79 82
79 83
79 84
79 85
79 86
79 87
79 88
79 89
79 90
79 91
79 92
79 93
79 94
79 95
79 96
79 101
79 102
79 107
79 108
79 109
79 110
79 111
79 112
79 113
79 114
79 115
79 116
79 117
79 118
79 119
79 120
79 124
79 125
79 126
79 127
79 132
79 133
79 149
79 150
79 151
79 152
79 157
79 158
79 162
79 163
79 164
79 165
79 170
79 171
79 187
79 188
79 189
79 190
79 195
79 196
79 200
79 201
79 202
79 203
79 223
79 224
79 225
79 226
79 234
79 235
79 236
79 237
79 245
79 246
79 247
79 248
79 252
79 253
79 261
79 262
79 266
79 267
79 275
79 276
80 81
80 82
80 83
80 84
80 85
80 86
80 87
80 88
80 89
80 90
80 91
80 92
80 93
80 94
80 95
80 97
80 100
80 102
80 103
80 106
80 107
80 108
80 111
80 112
80 114
80 115
80 119
80 120
80 121
80 122
80 123
80 124
80 125
80 126
80 127
80 128
80 129
80 130
80 131
80 132
80 133
80 134
80 135
80 136
80 138
80 139
80 141
80 142
80 144
80 145
80 147
80 148
80 149
80 150
80 151
80 152
80 153
80 156
80 157
80 158
80 162
80 163
80 164
80 165
80 167
80 168
80 170
80 171
80 187
80 188
80 189
80 190
80 192
80 193
80 195
80 196
80 200
80 201
80 202
80 203
80 205
80 206
80 223
80 224
80 225
80 226
80 228
80 229
80 234
80 235
80 236
80 237
80 245
80 246
80 247
80 248
80 252
80 253
80 261
80 262
80 266
80 267
80 275
80 276
81 82
81 83
81 84
81 85
81 86
81 87
81 88
81 89
81 90
81 91
81 92
81 93
81 94
81 96
81 97
81 100
81 101
81 103
81 106
81 107
81 108
81 111
81 112
81 114
81 115
81 119
81 120
81 121
81 122
81 123
81 124
81 125
81 126
81 127
81 128
81 131
81 132
81 133
81 134
81 135
81 136
81 138
81 139
81 141
81 142
81 144
81 145
81 147
81 148
81 149
81 150
81 151
81 152
81 153
81 154
81 155
81 156
81 157
81 158
81 162
81 163
81 164
81 165
81 167
81 168
81 170
81 171
81 187
81 188
81 189
81 190
81 192
81 193
81 195
81 196
81 200
81 201
81 202
81 203
81 205
81 206
81 223
81 224
81 225
81 226
81 228
81 229
81 234
81 235
81 236
81 237
81 245
81 246
81 247
81 248
81 252
81 253
81 261
81 262
81 266
81 267
81 275
81 276
82 83
82 84
82 85
82 86
82 87
82 88
82 89
82 90
82 91
82 92
82 93
82 98
82 99
82 103
82 104
82 105
82 106
82 109
82 110
82 111
82 112
82 113
82 114
82 115
82 116
82 119
82 120
82 124
82 125
82 128
82 129
82 130
82 131
82 132
82 133
82 135
82 137
82 138
82 139
82 140
82 141
82 143
82 144
82 145
82 146
82 149
82 150
82 153
82 154
82 155
82 156
82 157
82 158
82 160
82 161
82 164
82 165
82 166
82 167
82 168
82 169
82 172
82 173
82 174
82 175
82 176
82 177
82 178
82 179
82 180
82 181
82 182
82 183
82 184
82 185
82 186
82 191
82 192
82 193
82 194
82 197
82 198
82 199
82 204
82 207
82 208
82 209
82 210
82 212
82 213
82 215
82 216
82 218
82 219
82 221
82 222
82 227
82 230
82 231
82 232
82 233
82 238
82 239
82 240
82 241
82 242
82 243
82 244
82 249
82 250
82 251
82 254
82 255
82 256
82 257
82 258
82 259
82 260
82 263
82 264
82 265
82 268
82 269
82 270
82 271
82 272
82 273
82 274
82 277
82 278
82 279
82 280
82 281
82 282
82 283
82 284
82 285
82 286
82 287
82 288
83 84
83 85
83 86
83 87
83 88
83 89
83 90
83 91
83 92
83 93
83 98
83 99
83 103
83 104
83 105
83 106
83 109
83 110
83 111
83 112
83 113
83 114
83 115
83 116
83 119
83 120
83 124
83 125
83 128
83 129
83 130
83 131
83 132
83 133
83 136
83 137
83 138
83 139
83 140
83 142
83 143
83 144
83 145
83 146
83 149
83 150
83 153
83 154
83 155
83 156
83 157
83 158
83 160
83 161
83 166
83 167
83 168
83 169
83 172
83 173
83 174
83 175
83 176
83 177
83 178
83 179
83 180
83 181
83 182
83 183
83 184
83 185
83 186
83 189
83 190
83 191
83 192
83 193
83 194
83 197
83 198
83 199
83 204
83 207
83 208
83 209
83 210
83 212
83 213
83 215
83 216
83 218
83 219
83 221
83 222
83 227
83 230
83 231
83 232
83 233
83 238
83 239
83 240
83 241
83 242
83 243
83 244
83 249
83 250
83 251
83 254
83 255
83 256
83 257
83 258
83 259
83 260
83 263
83 264
83 265
83 268
83 269
83 270
83 271
83 272
83 273
83 274
83 277
83 278
83 279
83 280
83 281
83 282
83 283
83 284
83 285
83 286
83 287
83 288
84 85
84 86
84 87
84 88
84 89
84 90
84 91
84 92
84 93
84 94
84 95
84 96
84 101
84 102
84 103
84 106
84 107
84 108
84 109
84 110
84 111
84 112
84 114
84 115
84 117
84 118
84 124
84 125
84 126
84 127
84 128
84 129
84 130
84 131
84 137
84 138
84 139
84 140
84 143
84 144
84 145
84 146
84 149
84 150
84 151
84 152
84 153
84 154
84 155
84 156
84 162
84 163
84 166
84 167
84 168
84 169
84 170
84 171
84 175
84 176
84 177
84 178
84 181
84 182
84 183
84 184
84 187
84 188
84 191
84 192
84 193
84 194
84 195
84 196
84 198
84 199
84 202
84 203
84 204
84 205
84 206
84 207
84 209
84 210
84 211
84 212
84 213
84 214
84 215
84 216
84 217
84 218
84 219
84 220
84 221
84 222
84 225
84 226
84 227
84 228
84 229
84 230
84 231
84 232
84 233
84 234
84 235
84 238
84 239
84 240
84 241
84 242
84 243
84 244
84 249
84 250
84 251
84 254
84 255
84 256
84 257
84 258
84 259
84 260
84 263
84 264
84 265
84 268
84 269
84 270
84 271
84 272
84 273
84 274
84 277
84 278
84 279
84 280
84 281
84 282
84 283
84 284
84 285
84 286
84 287
84 288
85 86
85 87
85 88
85 89
85 90
85 91
85 92
85 93
85 94
85 95
85 96
85 101
85 102
85 103
85 106
85 107
85 108
85 109
85 110
85 111
85 112
85 114
85 115
85 117
85 118
85 124
85 125
85 126
85 127
85 128
85 129
85 130
85 131
85 137
85 138
85 139
85 140
85 143
85 144
85 145
85 146
85 149
85 150
85 151
85 152
85 153
85 154
85 155
85 156
85 162
85 163
85 166
85 167
85 168
85 169
85 170
85 171
85 175
85 176
85 177
85 178
85 181
85 182
85 183
85 184
85 187
85 188
85 191
85 192
85 193
85 194
85 195
85 196
85 198
85 199
85 202
85 203
85 204
85 205
85 206
85 207
85 209
85 210
85 211
85 212
85 213
85 214
85 215
85 216
85 217
85 218
85 219
85 220
85 221
85 222
85 225
85 226
85 227
85 228
85 229
85 230
85 231
85 232
85 233
85 238
85 239
85 240
85 241
85 242
85 243
85 244
85 245
85 246
85 249
85 250
85 251
85 254
85 255
85 256
85 257
85 258
85 259
85 260
85 263
85 264
85 265
85 268
85 269
85 270
85 271
85 272
85 273
85 274
85 277
85 278
85 279
85 280
85 281
85 282
85 283
85 284
85 285
85 286
85 287
85 288
86 87
86 88
86 89
86 90
86 91
86 92
86 93
86 97
86 98
86 103
86 105
86 109
86 110
86 113
86 116
86 119
86 120
86 128
86 129
86 130
86 131
86 132
86 133
86 137
86 138
86 139
86 140
86 143
86 144
86 145
86 146
86 153
86 154
86 155
86 156
86 157
86 158
86 164
86 165
86 167
86 168
86 170
86 171
86 175
86 178
86 181
86 184
86 189
86 190
86 192
86 193
86 195
86 196
86 200
86 201
86 202
86 203
86 204
86 205
86 206
86 207
86 211
86 212
86 213
86 214
86 217
86 218
86 219
86 220
86 223
86 224
86 225
86 226
86 227
86 228
86 229
86 230
86 232
86 234
86 235
86 236
86 237
86 243
86 245
86 246
86 247
86 248
86 249
86 250
86 251
86 252
86 253
86 255
86 256
86 257
86 258
86 259
86 260
86 261
86 262
86 266
86 267
86 275
86 276
87 88
87 89
87 90
87 91
87 92
87 93
87 95
87 96
87 97
87 98
87 101
87 102
87 104
87 106
87 107
87 108
87 109
87 110
87 111
87 112
87 114
87 115
87 117
87 118
87 119
87 120
87 124
87 125
87 126
87 127
87 129
87 130
87 132
87 133
87 137
87 138
87 139
87 140
87 143
87 144
87 145
87 146
87 149
87 150
87 151
87 152
87 154
87 155
87 157
87 158
87 162
87 163
87 164
87 165
87 166
87 169
87 170
87 171
87 176
87 177
87 182
87 183
87 187
87 188
87 189
87 190
87 191
87 194
87 195
87 196
87 200
87 201
87 202
87 203
87 205
87 206
87 211
87 212
87 213
87 214
87 217
87 218
87 219
87 220
87 223
87 224
87 225
87 226
87 228
87 229
87 232
87 233
87 234
87 235
87 236
87 237
87 239
87 240
87 241
87 242
87 243
87 244
87 245
87 246
87 247
87 248
87 252
87 253
87 254
87 255
87 256
87 261
87 262
87 264
87 265
87 269
87 270
87 271
87 272
87 273
87 274
87 278
87 279
87 281
87 282
87 283
87 284
87 285
87 286
88 89
88 90
88 91
88 92
88 93
88 95
88 96
88 99
88 100
88 101
88 102
88 103
88 105
88 107
88 108
88 109
88 110
88 111
88 112
88 114
88 115
88 117
88 118
88 119
88 120
88 124
88 125
88 126
88 127
88 129
88 130
88 132
88 133
88 137
88 138
88 139
88 140
88 143
88 144
88 145
88 146
88 149
88 150
88 151
88 152
88 154
88 155
88 157
88 158
88 162
88 163
88 164
88 165
88 166
88 169
88 170
88 171
88 176
88 177
88 182
88 183
88 187
88 188
88 189
88 190
88 191
88 194
88 195
88 196
88 200
88 201
88 202
88 203
88 205
88 206
88 211
88 212
88 213
88 214
88 217
88 218
88 219
88 220
88 223
88 224
88 225
88 226
88 228
88 229
88 232
88 233
88 234
88 235
88 236
88 237
88 239
88 240
88 241
88 242
88 243
88 244
88 245
88 246
88 247
88 248
88 252
88 253
88 254
88 257
88 258
88 261
88 262
88 264
88 265
88 269
88 270
88 271
88 272
88 273
88 274
88 278
88 279
88 281
88 282
88 283
88 284
88 285
88 286
89 90
89 91
89 92
89 93
89 99
89 100
89 104
89 106
89 109
89 110
89 113
89 116
89 119
89 120
89 128
89 129
89 130
89 131
89 132
89 133
89 137
89 138
89 139
89 140
89 143
89 144
89 145
89 146
89 153
89 154
89 155
89 156
89 157
89 158
89 164
89 165
89 167
89 168
89 170
89 171
89 175
89 178
89 181
89 184
89 189
89 190
89 192
89 193
89 195
89 196
89 200
89 201
89 202
89 203
89 204
89 205
89 206
89 207
89 211
89 212
89 213
89 214
89 217
89 218
89 219
89 220
89 223
89 224
89 225
89 226
89 227
89 228
89 229
89 230
89 233
89 234
89 235
89 236
89 237
89 244
89 245
89 246
89 247
89 248
89 249
89 250
89 251
89 252
89 253
89 255
89 256
89 257
89 258
89 259
89 260
89 261
89 262
89 266
89 267
89 275
89 276
90 91
90 92
90 93
90 97
90 100
90 111
90 112
90 114
90 115
90 117
90 118
90 119
90 120
90 126
90 127
90 129
90 130
90 132
90 133
90 137
90 138
90 143
90 144
90 151
90 152
90 154
90 155
90 157
90 158
90 164
90 165
90 166
90 167
90 168
90 169
90 175
90 176
90 177
90 178
90 181
90 182
90 183
90 184
90 189
90 190
90 191
90 192
90 193
90 194
90 204
90 205
90 206
90 207
90 211
90 212
90 213
90 214
90 217
90 218
90 219
90 220
90 227
90 228
90 229
90 230
90 234
90 236
90 237
90 245
90 247
90 248
90 252
90 253
90 255
90 257
90 261
90 262
90 264
90 265
90 268
90 269
90 270
90 271
90 272
90 273
90 274
90 277
90 278
90 279
90 280
90 281
90 282
90 283
90 284
90 285
90 286
90 287
90 288
91 92
91 93
91 97
91 100
91 111
91 112
91 114
91 115
91 117
91 118
91 119
91 120
91 126
91 127
91 129
91 130
91 132
91 133
91 139
91 140
91 145
91 146
91 151
91 152
91 154
91 155
91 157
91 158
91 164
91 165
91 166
91 167
91 168
91 169
91 175
91 176
91 177
91 178
91 181
91 182
91 183
91 184
91 189
91 190
91 191
91 192
91 193
91 194
91 204
91 205
91 206
91 207
91 211
91 212
91 213
91 214
91 217
91 218
91 219
91 220
91 227
91 228
91 229
91 230
91 235
91 236
91 237
91 246
91 247
91 248
91 252
91 253
91 256
91 258
91 261
91 262
91 264
91 265
91 268
91 269
91 270
91 271
91 272
91 273
91 274
91 277
91 278
91 279
91 280
91 281
91 282
91 283
91 284
91 285
91 286
91 287
91 288
92 93
92 94
92 95
92 96
92 97
92 98
92 99
92 100
92 101
92 102
92 104
92 105
92 107
92 108
92 109
92 110
92 113
92 114
92 115
92 116
92 117
92 118
92 119
92 120
92 124
92 125
92 129
92 130
92 132
92 133
92 137
92 140
92 143
92 146
92 149
92 150
92 154
92 155
92 157
92 158
92 162
92 163
92 167
92 168
92 170
92 171
92 175
92 178
92 181
92 184
92 187
92 188
92 192
92 193
92 195
92 196
92 200
92 201
92 204
92 205
92 206
92 207
92 211
92 212
92 213
92 217
92 218
92 219
92 223
92 224
92 227
92 228
92 229
92 230
92 234
92 235
92 236
92 245
92 246
92 247
92 252
92 253
92 261
92 262
92 266
92 267
92 275
92 276
92 278
92 279
92 281
92 282
92 283
92 284
92 285
92 286
92 287
92 288
93 94
93 95
93 96
93 97
93 98
93 99
93 100
93 101
93 102
93 104
93 105
93 107
93 108
93 109
93 110
93 113
93 114
93 115
93 116
93 117
93 118
93 119
93 120
93 124
93 125
93 129
93 130
93 132
93 133
93 137
93 140
93 143
93 146
93 149
93 150
93 154
93 155
93 157
93 158
93 162
93 163
93 167
93 168
93 170
93 171
93 175
93 178
93 181
93 184
93 187
93 188
93 192
93 193
93 195
93 196
93 200
93 201
93 204
93 205
93 206
93 207
93 212
93 213
93 214
93 218
93 219
93 220
93 223
93 224
93 227
93 228
93 229
93 230
93 234
93 235
93 237
93 245
93 246
93 248
93 252
93 253
93 261
93 262
93 266
93 267
93 275
93 276
93 278
93 279
93 281
93 282
93 283
93 284
93 285
93 286
93 287
93 288
94 95
94 96
94 97
94 98
94 99
94 100
94 101
94 102
94 103
94 104
94 105
94 106
94 107
94 108
94 111
94 112
94 119
94 120
94 124
94 125
94 126
94 127
94 132
94 133
94 149
94 150
94 151
94 152
94 157
94 158
94 162
94 163
94 164
94 165
94 170
94 171
94 187
94 188
94 189
94 190
94 195
94 196
94 200
94 201
94 202
94 203
94 223
94 224
94 225
94 226
94 234
94 235
94 236
94 237
94 245
94 246
94 247
94 248
94 252
94 253
94 261
94 262
94 266
94 267
94 275
94 276
95 96
95 97
95 98
95 99
95 100
95 101
95 102
95 103
95 106
95 108
95 111
95 112
95 114
95 115
95 119
95 120
95 121
95 122
95 123
95 124
95 125
95 126
95 127
95 128
95 131
95 132
95 133
95 134
95 135
95 136
95 137
95 138
95 139
95 140
95 141
95 142
95 144
95 145
95 147
95 148
95 149
95 150
95 151
95 152
95 153
95 156
95 157
95 158
95 162
95 163
95 164
95 165
95 167
95 168
95 170
95 171
95 187
95 188
95 189
95 190
95 192
95 193
95 195
95 196
95 200
95 201
95 202
95 203
95 205
95 206
95 223
95 224
95 225
95 226
95 228
95 229
95 234
95 235
95 236
95 237
95 245
95 246
95 247
95 248
95 252
95 253
95 261
95 262
95 266
95 267
95 275
95 276
96 97
96 98
96 99
96 100
96 101
96 102
96 103
96 106
96 107
96 111
96 112
96 114
96 115
96 119
96 120
96 121
96 122
96 123
96 124
96 125
96 126
96 127
96 128
96 131
96 132
96 133
96 134
96 135
96 136
96 138
96 139
96 141
96 142
96 143
96 144
96 145
96 146
96 147
96 148
96 149
96 150
96 151
96 152
96 153
96 156
96 157
96 158
96 162
96 163
96 164
96 165
96 167
96 168
96 170
96 171
96 187
96 188
96 189
96 190
96 192
96 193
96 195
96 196
96 200
96 201
96 202
96 203
96 205
96 206
96 223
96 224
96 225
96 226
96 228
96 229
96 234
96 235
96 236
96 237
96 245
96 246
96 247
96 248
96 252
96 253
96 261
96 262
96 266
96 267
96 275
96 276
97 98
97 99
97 100
97 101
97 102
97 103
97 106
97 107
97 108
97 109
97 110
97 111
97 112
97 113
97 115
97 124
97 125
97 127
97 129
97 130
97 132
97 133
97 137
97 138
97 139
97 140
97 143
97 144
97 145
97 146
97 149
97 150
97 152
97 154
97 155
97 157
97 158
97 162
97 163
97 164
97 165
97 166
97 169
97 170
97 171
97 176
97 177
97 182
97 183
97 187
97 188
97 189
97 190
97 191
97 194
97 195
97 196
97 201
97 202
97 203
97 205
97 206
97 211
97 212
97 213
97 214
97 217
97 218
97 219
97 220
97 224
97 225
97 226
97 228
97 229
97 232
97 233
97 234
97 235
97 236
97 237
97 239
97 240
97 241
97 242
97 243
97 244
97 245
97 246
97 247
97 248
97 249
97 250
97 251
97 252
97 253
97 261
97 262
98 99
98 100
98 104
98 105
98 109
98 110
98 114
98 116
98 119
98 120
98 126
98 128
98 131
98 132
98 133
98 138
98 139
98 144
98 145
98 151
98 153
98 156
98 157
98 158
98 164
98 165
98 166
98 167
98 168
98 169
98 170
98 171
98 175
98 178
98 181
98 184
98 189
98 190
98 191
98 192
98 193
98 194
98 195
98 196
98 200
98 201
98 202
98 203
98 204
98 207
98 212
98 213
98 218
98 219
98 223
98 224
98 225
98 226
98 227
98 230
98 234
98 235
98 236
98 237
98 239
98 241
98 245
98 246
98 247
98 248
98 250
98 251
98 252
98 253
98 254
98 255
98 256
98 257
98 258
98 259
98 260
98 261
98 262
98 266
98 267
98 275
98 276
99 100
99 104
99 105
99 109
99 110
99 113
99 115
99 119
99 120
99 127
99 128
99 131
99 132
99 133
99 138
99 139
99 144
99 145
99 152
99 153
99 156
99 157
99 158
99 164
99 165
99 166
99 167
99 168
99 169
99 170
99 171
99 175
99 178
99 181
99 184
99 189
99 190
99 191
99 192
99 193
99 194
99 195
99 196
99 200
99 201
99 202
99 203
99 204
99 207
99 212
99 213
99 218
99 219
99 223
99 224
99 225
99 226
99 227
99 230
99 234
99 235
99 236
99 237
99 240
99 242
99 245
99 246
99 247
99 248
99 250
99 251
99 252
99 253
99 254
99 255
99 256
99 257
99 258
99 259
99 260
99 261
99 262
99 266
99 267
99 275
99 276
100 101
100 102
100 103
100 106
100 107
100 108
100 109
100 110
100 111
100 112
100 114
100 116
100 124
100 125
100 126
100 129
100 130
100 132
100 133
100 137
100 138
100 139
100 140
100 143
100 144
100 145
100 146
100 149
100 150
100 151
100 154
100 155
100 157
100 158
100 162
100 163
100 164
100 165
100 166
100 169
100 170
100 171
100 176
100 177
100 182
100 183
100 187
100 188
100 189
100 190
100 191
100 194
100 195
100 196
100 200
100 202
100 203
100 205
100 206
100 211
100 212
100 213
100 214
100 217
100 218
100 219
100 220
100 223
100 225
100 226
100 228
100 229
100 232
100 233
100 234
100 235
100 236
100 237
100 239
100 240
100 241
100 242
100 243
100 244
100 245
100 246
100 247
100 248
100 249
100 252
100 253
100 259
100 260
100 261
100 262
101 102
101 103
101 104
101 105
101 106
101 107
101 111
101 112
101 114
101 115
101 119
101 120
101 121
101 122
101 123
101 124
101 125
101 126
101 127
101 128
101 131
101 132
101 133
101 134
101 135
101 136
101 137
101 138
101 139
101 140
101 141
101 142
101 144
101 145
101 147
101 148
101 149
101 150
101 151
101 152
101 153
101 156
101 157
101 158
101 162
101 163
101 164
101 165
101 167
101 168
101 170
101 171
101 187
101 188
101 189
101 190
101 192
101 193
101 195
101 196
101 200
101 201
101 202
101 203
101 205
101 206
101 223
101 224
101 225
101 226
101 228
101 229
101 234
101 235
101 236
101 237
101 245
101 246
101 247
101 248
101 252
101 253
101 261
101 262
101 266
101 267
101 275
101 276
102 103
102 104
102 105
102 106
102 108
102 111
102 112
102 114
102 115
102 119
102 120
102 121
102 122
102 123
102 124
102 125
102 126
102 127
102 128
102 131
102 132
102 133
102 134
102 135
102 136
102 138
102 139
102 141
102 142
102 143
102 144
102 145
102 146
102 147
102 148
102 149
102 150
102 151
102 152
102 153
102 156
102 157
102 158
102 162
102 163
102 164
102 165
102 167
102 168
102 170
102 171
102 187
102 188
102 189
102 190
102 192
102 193
102 195
102 196
102 200
102 201
102 202
102 203
102 205
102 206
102 223
102 224
102 225
102 226
102 228
102 229
102 234
102 235
102 236
102 237
102 245
102 246
102 247
102 248
102 252
102 253
102 261
102 262
102 266
102 267
102 275
102 276
103 104
103 105
103 106
103 107
103 108
103 113
103 114
103 117
103 118
103 119
103 120
103 124
103 125
103 127
103 129
103 130
103 132
103 133
103 137
103 138
103 139
103 140
103 143
103 144
103 145
103 146
103 149
103 150
103 152
103 154
103 155
103 157
103 158
103 162
103 163
103 164
103 165
103 166
103 169
103 170
103 171
103 176
103 177
103 182
103 183
103 187
103 188
103 189
103 190
103 191
103 194
103 195
103 196
103 201
103 202
103 203
103 205
103 206
103 211
103 212
103 213
103 214
103 217
103 218
103 219
103 220
103 224
103 225
103 226
103 228
103 229
103 232
103 233
103 234
103 235
103 236
103 237
103 239
103 240
103 241
103 242
103 243
103 244
103 245
103 246
103 247
103 248
103 249
103 250
103 251
103 252
103 253
103 261
103 262
104 105
104 106
104 109
104 110
104 113
104 114
104 119
104 120
104 126
104 128
104 131
104 132
104 133
104 138
104 139
104 144
104 145
104 151
104 153
104 156
104 157
104 158
104 164
104 165
104 166
104 167
104 168
104 169
104 170
104 171
104 175
104 178
104 181
104 184
104 189
104 190
104 191
104 192
104 193
104 194
104 195
104 196
104 200
104 201
104 202
104 203
104 204
104 207
104 212
104 213
104 218
104 219
104 223
104 224
104 225
104 226
104 227
104 230
104 234
104 235
104 236
104 237
104 239
104 241
104 245
104 246
104 247
104 248
104 250
104 251
104 252
104 253
104 254
104 255
104 256
104 257
104 258
104 259
104 260
104 261
104 262
104 266
104 267
104 275
104 276
105 106
105 109
105 110
105 115
105 116
105 119
105 120
105 127
105 128
105 131
105 132
105 133
105 138
105 139
105 144
105 145
105 152
105 153
105 156
105 157
105 158
105 164
105 165
105 166
105 167
105 168
105 169
105 170
105 171
105 175
105 178
105 181
105 184
105 189
105 190
105 191
105 192
105 193
105 194
105 195
105 196
105 200
105 201
105 202
105 203
105 204
105 207
105 212
105 213
105 218
105 219
105 223
105 224
105 225
105 226
105 227
105 230
105 234
105 235
105 236
105 237
105 240
105 242
105 245
105 246
105 247
105 248
105 250
105 251
105 252
105 253
105 254
105 255
105 256
105 257
105 258
105 259
105 260
105 261
105 262
105 266
105 267
105 275
105 276
106 107
106 108
106 115
106 116
106 117
106 118
106 119
106 120
106 124
106 125
106 126
106 129
106 130
106 132
106 133
106 137
106 138
106 139
106 140
106 143
106 144
106 145
106 146
106 149
106 150
106 151
106 154
106 155
106 157
106 158
106 162
106 163
106 164
106 165
106 166
106 169
106 170
106 171
106 176
106 177
106 182
106 183
106 187
106 188
106 189
106 190
106 191
106 194
106 195
106 196
106 200
106 202
106 203
106 205
106 206
106 211
106 212
106 213
106 214
106 217
106 218
106 219
106 220
106 223
106 225
106 226
106 228
106 229
106 232
106 233
106 234
106 235
106 236
106 237
106 239
106 240
106 241
106 242
106 243
106 244
106 245
106 246
106 247
106 248
106 249
106 252
106 253
106 259
106 260
106 261
106 262
107 108
107 109
107 110
107 111
107 112
107 113
107 114
107 115
107 116
107 117
107 118
107 119
107 120
107 121
107 122
107 123
107 124
107 125
107 126
107 127
107 128
107 129
107 130
107 131
107 132
107 133
107 134
107 135
107 136
107 138
107 139
107 141
107 142
107 144
107 145
107 147
107 148
107 149
107 150
107 151
107 152
107 153
107 156
107 157
107 158
107 162
107 163
107 164
107 165
107 167
107 168
107 170
107 171
107 187
107 188
107 189
107 190
107 192
107 193
107 195
107 196
107 200
107 201
107 202
107 203
107 205
107 206
107 223
107 224
107 225
107 226
107 228
107 229
107 234
107 235
107 236
107 237
107 245
107 246
107 247
107 248
107 252
107 253
107 261
107 262
107 266
107 267
107 275
107 276
108 109
108 110
108 111
108 112
108 113
108 114
108 115
108 116
108 117
108 118
108 119
108 120
108 121
108 122
108 123
108 124
108 125
108 126
108 127
108 128
108 131
108 132
108 133
108 134
108 135
108 136
108 138
108 139
108 141
108 142
108 144
108 145
108 147
108 148
108 149
108 150
108 151
108 152
108 153
108 154
108 155
108 156
108 157
108 158
108 162
108 163
108 164
108 165
108 167
108 168
108 170
108 171
108 187
108 188
108 189
108 190
108 192
108 193
108 195
108 196
108 200
108 201
108 202
108 203
108 205
108 206
108 223
108 224
108 225
108 226
108 228
108 229
108 234
108 235
108 236
108 237
108 245
108 246
108 247
108 248
108 252
108 253
108 261
108 262
108 266
108 267
108 275
108 276
109 110
109 111
109 112
109 113
109 114
109 115
109 116
109 117
109 118
109 119
109 120
109 124
109 125
109 128
109 129
109 130
109 131
109 132
109 133
109 135
109 137
109 138
109 139
109 140
109 141
109 143
109 144
109 145
109 146
109 149
109 150
109 153
109 154
109 155
109 156
109 157
109 158
109 160
109 161
109 164
109 165
109 166
109 167
109 168
109 169
109 172
109 173
109 174
109 175
109 176
109 177
109 178
109 179
109 180
109 181
109 182
109 183
109 184
109 185
109 186
109 191
109 192
109 193
109 194
109 197
109 198
109 199
109 204
109 207
109 208
109 209
109 210
109 212
109 213
109 215
109 216
109 218
109 219
109 221
109 222
109 227
109 230
109 231
109 232
109 233
109 238
109 239
109 240
109 241
109 242
109 243
109 244
109 249
109 250
109 251
109 254
109 255
109 256
109 257
109 258
109 259
109 260
109 263
109 264
109 265
109 268
109 269
109 270
109 271
109 272
109 273
109 274
109 277
109 278
109 279
109 280
109 281
109 282
109 283
109 284
109 285
109 286
109 287
109 288
110 111
110 112
110 113
110 114
110 115
110 116
110 117
110 118
110 119
110 120
110 124
110 125
110 128
110 129
110 130
110 131
110 132
110 133
110 136
110 137
110 138
110 139
110 140
110 142
110 143
110 144
110 145
110 146
110 149
110 150
110 153
110 154
110 155
110 156
110 157
110 158
110 160
110 161
110 166
110 167
110 168
110 169
110 172
110 173
110 174
110 175
110 176
110 177
110 178
110 179
110 180
110 181
110 182
110 183
110 184
110 185
110 186
110 189
110 190
110 191
110 192
110 193
110 194
110 197
110 198
110 199
110 204
110 207
110 208
110 209
110 210
110 212
110 213
110 215
110 216
110 218
110 219
110 221
110 222
110 227
110 230
110 231
110 232
110 233
110 238
110 239
110 240
110 241
110 242
110 243
110 244
110 249
110 250
110 251
110 254
110 255
110 256
110 257
110 258
110 259
110 260
110 263
110 264
110 265
110 268
110 269
110 270
110 271
110 272
110 273
110 274
110 277
110 278
110 279
110 280
110 281
110 282
110 283
110 284
110 285
110 286
110 287
110 288
111 112
111 113
111 114
111 115
111 116
111 117
111 118
111 119
111 120
111 124
111 125
111 126
111 127
111 128
111 129
111 130
111 131
111 137
111 138
111 139
111 140
111 143
111 144
111 145
111 146
111 149
111 150
111 151
111 152
111 153
111 154
111 155
111 156
111 162
111 163
111 166
111 167
111 168
111 169
111 170
111 171
111 175
111 176
111 177
111 178
111 181
111 182
111 183
111 184
111 187
111 188
111 191
111 192
111 193
111 194
111 195
111 196
111 198
111 199
111 202
111 203
111 204
111 205
111 206
111 207
111 209
111 210
111 211
111 212
111 213
111 214
111 215
111 216
111 217
111 218
111 219
111 220
111 221
111 222
111 225
111 226
111 227
111 228
111 229
111 230
111 231
111 232
111 233
111 234
111 235
111 238
111 239
111 240
111 241
111 242
111 243
111 244
111 249
111 250
111 251
111 254
111 255
111 256
111 257
111 258
111 259
111 260
111 263
111 264
111 265
111 268
111 269
111 270
111 271
111 272
111 273
111 274
111 277
111 278
111 279
111 280
111 281
111 282
111 283
111 284
111 285
111 286
111 287
111 288
112 113
112 114
112 115
112 116
112 117
112 118
112 119
112 120
112 124
112 125
112 126
112 127
112 128
112 129
112 130
112 131
112 137
112 138
112 139
112 140
112 143
112 144
112 145
112 146
112 149
112 150
112 151
112 152
112 153
112 154
112 155
112 156
112 162
112 163
112 166
112 167
112 168
112 169
112 170
112 171
112 175
112 176
112 177
112 178
112 181
112 182
112 183
112 184
112 187
112 188
112 191
112 192
112 193
112 194
112 195
112 196
112 198
112 199
112 202
112 203
112 204
112 205
112 206
112 207
112 209
112 210
112 211
112 212
112 213
112 214
112 215
112 216
112 217
112 218
112 219
112 220
112 221
112 222
112 225
112 226
112 227
112 228
112 229
112 230
112 231
112 232
112 233
112 238
112 239
112 240
112 241
112 242
112 243
112 244
112 245
112 246
112 249
112 250
112 251
112 254
112 255
112 256
112 257
112 258
112 259
112 260
112 263
112 264
112 265
112 268
112 269
112 270
112 271
112 272
112 273
112 274
112 277
112 278
112 279
112 280
112 281
112 282
112 283
112 284
112 285
112 286
112 287
112 288
113 114
113 115
113 116
113 117
113 118
113 119
113 120
113 128
113 129
113 130
113 131
113 132
113 133
113 137
113 138
113 139
113 140
113 143
113 144
113 145
113 146
113 153
113 154
113 155
113 156
113 157
113 158
113 164
113 165
113 167
113 168
113 170
113 171
113 175
113 178
113 181
113 184
113 189
113 190
113 192
113 193
113 195
113 196
113 200
113 201
113 202
113 203
113 204
113 205
113 206
113 207
113 211
113 212
113 213
113 214
113 217
113 218
113 219
113 220
113 223
113 224
113 225
113 226
113 227
113 228
113 229
113 230
113 232
113 234
113 235
113 236
113 237
113 243
113 245
113 246
113 247
113 248
113 249
113 250
113 251
113 252
113 253
113 255
113 256
113 257
113 258
113 259
113 260
113 261
113 262
113 266
113 267
113 275
113 276
114 115
114 116
114 117
114 118
114 119
114 120
114 124
114 125
114 126
114 127
114 129
114 130
114 132
114 133
114 137
114 138
114 139
114 140
114 143
114 144
114 145
114 146
114 149
114 150
114 151
114 152
114 154
114 155
114 157
114 158
114 162
114 163
114 164
114 165
114 166
114 169
114 170
114 171
114 176
114 177
114 182
114 183
114 187
114 188
114 189
114 190
114 191
114 194
114 195
114 196
114 200
114 201
114 202
114 203
114 205
114 206
114 211
114 212
114 213
114 214
114 217
114 218
114 219
114 220
114 223
114 224
114 225
114 226
114 228
114 229
114 232
114 233
114 234
114 235
114 236
114 237
114 239
114 240
114 241
114 242
114 243
114 244
114 245
114 246
114 247
114 248
114 252
114 253
114 254
114 255
114 256
114 261
114 262
114 264
114 265
114 269
114 270
114 271
114 272
114 273
114 274
114 278
114 279
114 281
114 282
114 283
114 284
114 285
114 286
115 116
115 117
115 118
115 119
115 120
115 124
115 125
115 126
115 127
115 129
115 130
115 132
115 133
115 137
115 138
115 139
115 140
115 143
115 144
115 145
115 146
115 149
115 150
115 151
115 152
115 154
115 155
115 157
115 158
115 162
115 163
115 164
115 165
115 166
115 169
115 170
115 171
115 176
115 177
115 182
115 183
115 187
115 188
115 189
115 190
115 191
115 194
115 195
115 196
115 200
115 201
115 202
115 203
115 205
115 206
115 211
115 212
115 213
115 214
115 217
115 218
115 219
115 220
115 223
115 224
115 225
115 226
115 228
115 229
115 232
115 233
115 234
115 235
115 236
115 237
115 239
115 240
115 241
115 242
115 243
115 244
115 245
115 246
115 247
115 248
115 252
115 253
115 254
115 257
115 258
115 261
115 262
115 264
115 265
115 269
115 270
115 271
115 272
115 273
115 274
115 278
115 279
115 281
115 282
115 283
115 284
115 285
115 286
116 117
116 118
116 119
116 120
116 128
116 129
116 130
116 131
116 132
116 133
116 137
116 138
116 139
116 140
116 143
116 144
116 145
116 146
116 153
116 154
116 155
116 156
116 157
116 158
116 164
116 165
116 167
116 168
116 170
116 171
116 175
116 178
116 181
116 184
116 189
116 190
116 192
116 193
116 195
116 196
116 200
116 201
116 202
116 203
116 204
116 205
116 206
116 207
116 211
116 212
116 213
116 214
116 217
116 218
116 219
116 220
116 223
116 224
116 225
116 226
116 227
116 228
116 229
116 230
116 233
116 234
116 235
116 236
116 237
116 244
116 245
116 246
116 247
116 248
116 249
116 250
116 251
116 252
116 253
116 255
116 256
116 257
116 258
116 259
116 260
116 261
116 262
116 266
116 267
116 275
116 276
117 118
117 119
117 120
117 126
117 127
117 129
117 130
117 132
117 133
117 137
117 138
117 143
117 144
117 151
117 152
117 154
117 155
117 157
117 158
117 164
117 165
117 166
117 167
117 168
117 169
117 175
117 176
117 177
117 178
117 181
117 182
117 183
117 184
117 189
117 190
117 191
117 192
117 193
117 194
117 204
117 205
117 206
117 207
117 211
117 212
117 213
117 214
117 217
117 218
117 219
117 220
117 227
117 228
117 229
117 230
117 234
117 236
117 237
117 245
117 247
117 248
117 252
117 253
117 255
117 257
117 261
117 262
117 264
117 265
117 268
117 269
117 270
117 271
117 272
117 273
117 274
117 277
117 278
117 279
117 280
117 281
117 282
117 283
117 284
117 285
117 286
117 287
117 288
118 119
118 120
118 126
118 127
118 129
118 130
118 132
118 133
118 139
118 140
118 145
118 146
118 151
118 152
118 154
118 155
118 157
118 158
118 164
118 165
118 166
118 167
118 168
118 169
118 175
118 176
118 177
118 178
118 181
118 182
118 183
118 184
118 189
118 190
118 191
118 192
118 193
118 194
118 204
118 205
118 206
118 207
118 211
118 212
118 213
118 214
118 217
118 218
118 219
118 220
118 227
118 228
118 229
118 230
118 235
118 236
118 237
118 246
118 247
118 248
118 252
118 253
118 256
118 258
118 261
118 262
118 264
118 265
118 268
118 269
118 270
118 271
118 272
118 273
118 274
118 277
118 278
118 279
118 280
118 281
118 282
118 283
118 284
118 285
118 286
118 287
118 288
119 120
119 124
119 125
119 129
119 130
119 132
119 133
119 137
119 140
119 143
119 146
119 149
119 150
119 154
119 155
119 157
119 158
119 162
119 163
119 167
119 168
119 170
119 171
119 175
119 178
119 181
119 184
119 187
119 188
119 192
119 193
119 195
119 196
119 200
119 201
119 204
119 205
119 206
119 207
119 211
119 212
119 213
119 217
119 218
119 219
119 223
119 224
119 227
119 228
119 229
119 230
119 234
119 235
119 236
119 245
119 246
119 247
119 252
119 253
119 261
119 262
119 266
119 267
119 275
119 276
119 278
119 279
119 281
119 282
119 283
119 284
119 285
119 286
119 287
119 288
120 124
120 125
120 129
120 130
120 132
120 133
120 137
120 140
120 143
120 146
120 149
120 150
120 154
120 155
120 157
120 158
120 162
120 163
120 167
120 168
120 170
120 171
120 175
120 178
120 181
120 184
120 187
120 188
120 192
120 193
120 195
120 196
120 200
120 201
120 204
120 205
120 206
120 207
120 212
120 213
120 214
120 218
120 219
120 220
120 223
120 224
120 227
120 228
120 229
120 230
120 234
120 235
120 237
120 245
120 246
120 248
120 252
120 253
120 261
120 262
120 266
120 267
120 275
120 276
120 278
120 279
120 281
120 282
120 283
120 284
120 285
120 286
120 287
120 288
121 122
121 123
121 124
121 125
121 126
121 127
121 128
121 129
121 130
121 131
121 132
121 133
121 134
121 135
121 136
121 141
121 142
121 147
121 148
121 149
121 150
121 151
121 152
121 153
121 154
121 155
121 156
121 157
121 158
121 162
121 163
121 164
121 165
121 170
121 171
121 187
121 188
121 189
121 190
121 195
121 196
121 200
121 201
121 202
121 203
121 223
121 224
121 225
121 226
121 234
121 235
121 236
121 237
121 245
121 246
121 247
121 248
121 252
121 253
121 261
121 262
121 266
121 267
121 275
121 276
122 123
122 124
122 125
122 126
122 127
122 128
122 129
122 130
122 131
122 132
122 133
122 134
122 135
122 137
122 140
122 142
122 143
122 146
122 147
122 148
122 151
122 152
122 154
122 155
122 159
122 160
122 161
122 162
122 163
122 164
122 165
122 166
122 167
122 168
122 169
122 170
122 171
122 172
122 173
122 174
122 176
122 177
122 179
122 180
122 182
122 183
122 185
122 186
122 187
122 188
122 189
122 190
122 191
122 194
122 195
122 196
122 200
122 201
122 202
122 203
122 205
122 206
122 223
122 224
122 225
122 226
122 228
122 229
122 234
122 235
122 236
122 237
122 245
122 246
122 247
122 248
122 252
122 253
122 261
122 262
122 266
122 267
122 275
122 276
123 124
123 125
123 126
123 127
123 128
123 129
123 130
123 131
123 132
123 133
123 134
123 136
123 137
123 140
123 141
123 143
123 146
123 147
123 148
123 151
123 152
123 154
123 155
123 159
123 160
123 161
123 162
123 163
123 164
123 165
123 166
123 169
123 170
123 171
123 172
123 173
123 174
123 176
123 177
123 179
123 180
123 182
123 183
123 185
123 186
123 187
123 188
123 189
123 190
123 191
123 192
123 193
123 194
123 195
123 196
123 200
123 201
123 202
123 203
123 205
123 206
123 223
123 224
123 225
123 226
123 228
123 229
123 234
123 235
123 236
123 237
123 245
123 246
123 247
123 248
123 252
123 253
123 261
123 262
123 266
123 267
123 275
123 276
124 125
124 126
124 127
124 128
124 129
124 130
124 131
124 132
124 133
124 138
124 139
124 143
124 144
124 145
124 146
124 149
124 150
124 151
124 152
124 153
124 154
124 155
124 156
124 162
124 163
124 166
124 167
124 168
124 169
124 170
124 171
124 173
124 175
124 176
124 177
124 178
124 179
124 181
124 182
124 183
124 184
124 187
124 188
124 191
124 192
124 193
124 194
124 195
124 196
124 198
124 199
124 202
124 203
124 204
124 205
124 206
124 207
124 208
124 209
124 210
124 211
124 212
124 213
124 214
124 215
124 216
124 217
124 218
124 219
124 220
124 221
124 222
124 227
124 228
124 229
124 230
124 231
124 232
124 233
124 238
124 239
124 240
124 241
124 242
124 243
124 244
124 249
124 250
124 251
124 254
124 255
124 256
124 257
124 258
124 259
124 260
124 263
124 264
124 265
124 268
124 269
124 270
124 271
124 272
124 273
124 274
124 277
124 278
124 279
124 280
124 281
124 282
124 283
124 284
124 285
124 286
124 287
124 288
125 126
125 127
125 128
125 129
125 130
125 131
125 132
125 133
125 138
125 139
125 143
125 144
125 145
125 146
125 149
125 150
125 151
125 152
125 153
125 154
125 155
125 156
125 162
125 163
125 166
125 167
125 168
125 169
125 170
125 171
125 174
125 175
125 176
125 177
125 178
125 180
125 181
125 182
125 183
125 184
125 187
125 188
125 191
125 192
125 193
125 194
125 195
125 196
125 198
125 199
125 204
125 205
125 206
125 207
125 208
125 209
125 210
125 211
125 212
125 213
125 214
125 215
125 216
125 217
125 218
125 219
125 220
125 221
125 222
125 225
125 226
125 227
125 228
125 229
125 230
125 231
125 232
125 233
125 238
125 239
125 240
125 241
125 242
125 243
125 244
125 249
125 250
125 251
125 254
125 255
125 256
125 257
125 258
125 259
125 260
125 263
125 264
125 265
125 268
125 269
125 270
125 271
125 272
125 273
125 274
125 277
125 278
125 279
125 280
125 281
125 282
125 283
125 284
125 285
125 286
125 287
125 288
126 127
126 128
126 129
126 130
126 131
126 132
126 133
126 134
126 135
126 136
126 141
126 142
126 143
126 146
126 147
126 148
126 149
126 150
126 151
126 152
126 154
126 155
126 157
126 158
126 162
126 163
126 164
126 165
126 166
126 167
126 168
126 169
126 175
126 176
126 177
126 178
126 181
126 182
126 183
126 184
126 187
126 188
126 189
126 190
126 191
126 192
126 193
126 194
126 200
126 201
126 204
126 205
126 206
126 207
126 211
126 212
126 213
126 214
126 217
126 218
126 219
126 220
126 223
126 224
126 227
126 228
126 229
126 230
126 232
126 233
126 236
126 237
126 239
126 240
126 241
126 242
126 243
126 244
126 247
126 248
126 249
126 250
126 251
126 252
126 253
126 254
126 255
126 256
126 257
126 258
126 259
126 260
126 263
126 264
126 265
126 268
126 269
126 270
126 271
126 272
126 273
126 274
126 277
126 278
126 279
126 280
126 281
126 282
126 283
126 284
126 285
126 286
126 287
126 288
127 128
127 129
127 130
127 131
127 132
127 133
127 134
127 135
127 136
127 141
127 142
127 143
127 146
127 147
127 148
127 149
127 150
127 151
127 152
127 154
127 155
127 157
127 158
127 162
127 163
127 164
127 165
127 166
127 167
127 168
127 169
127 175
127 176
127 177
127 178
127 181
127 182
127 183
127 184
127 187
127 188
127 189
127 190
127 191
127 192
127 193
127 194
127 200
127 201
127 204
127 205
127 206
127 207
127 211
127 212
127 213
127 214
127 217
127 218
127 219
127 220
127 223
127 224
127 227
127 228
127 229
127 230
127 232
127 233
127 236
127 237
127 239
127 240
127 241
127 242
127 243
127 244
127 247
127 248
127 249
127 250
127 251
127 254
127 255
127 256
127 257
127 258
127 259
127 260
127 261
127 262
127 263
127 264
127 265
127 268
127 269
127 270
127 271
127 272
127 273
127 274
127 277
127 278
127 279
127 280
127 281
127 282
127 283
127 284
127 285
127 286
127 287
127 288
128 129
128 130
128 131
128 132
128 133
128 137
128 138
128 143
128 145
128 149
128 150
128 153
128 156
128 166
128 167
128 168
128 169
128 170
128 171
128 175
128 176
128 177
128 178
128 181
128 182
128 183
128 184
128 191
128 192
128 193
128 194
128 195
128 196
128 202
128 203
128 205
128 206
128 211
128 214
128 217
128 220
128 225
128 226
128 228
128 229
128 234
128 235
128 236
128 237
128 245
128 246
128 247
128 248
128 250
128 252
128 253
128 259
128 261
128 262
128 263
128 264
128 265
128 266
128 267
128 269
128 270
128 271
128 272
128 273
128 274
128 275
128 276
129 130
129 131
129 132
129 133
129 135
129 136
129 137
129 138
129 141
129 142
129 144
129 146
129 147
129 148
129 149
129 150
129 151
129 152
129 154
129 155
129 157
129 158
129 162
129 163
129 164
129 165
129 167
129 168
129 170
129 171
129 175
129 176
129 177
129 178
129 181
129 182
129 183
129 184
129 187
129 188
129 189
129 190
129 192
129 193
129 195
129 196
129 200
129 201
129 202
129 203
129 204
129 207
129 212
129 213
129 218
129 219
129 223
129 224
129 225
129 226
129 227
129 230
129 234
129 235
129 236
129 237
129 245
129 246
129 247
129 248
129 250
129 251
129 252
129 253
129 255
129 256
129 257
129 258
129 259
129 260
129 261
129 262
129 266
129 267
129 268
129 269
129 270
129 275
129 276
129 278
129 279
129 281
129 282
129 283
129 284
129 285
129 286
130 131
130 132
130 133
130 135
130 136
130 139
130 140
130 141
130 142
130 143
130 145
130 147
130 148
130 149
130 150
130 151
130 152
130 154
130 155
130 157
130 158
130 162
130 163
130 164
130 165
130 167
130 168
130 170
130 171
130 175
130 176
130 177
130 178
130 181
130 182
130 183
130 184
130 187
130 188
130 189
130 190
130 192
130 193
130 195
130 196
130 200
130 201
130 202
130 203
130 204
130 207
130 212
130 213
130 218
130 219
130 223
130 224
130 225
130 226
130 227
130 230
130 234
130 235
130 236
130 237
130 245
130 246
130 247
130 248
130 250
130 251
130 252
130 253
130 255
130 256
130 257
130 258
130 259
130 260
130 261
130 262
130 266
130 267
130 268
130 271
130 272
130 275
130 276
130 278
130 279
130 281
130 282
130 283
130 284
130 285
130 286
131 132
131 133
131 139
131 140
131 144
131 146
131 149
131 150
131 153
131 156
131 166
131 167
131 168
131 169
131 170
131 171
131 175
131 176
131 177
131 178
131 181
131 182
131 183
131 184
131 191
131 192
131 193
131 194
131 195
131 196
131 202
131 203
131 205
131 206
131 211
131 214
131 217
131 220
131 225
131 226
131 228
131 229
131 234
131 235
131 236
131 237
131 245
131 246
131 247
131 248
131 251
131 252
131 253
131 260
131 261
131 262
131 263
131 264
131 265
131 266
131 267
131 269
131 270
131 271
131 272
131 273
131 274
131 275
131 276
132 133
132 137
132 140
132 151
132 152
132 154
132 155
132 157
132 158
132 164
132 165
132 167
132 168
132 170
132 171
132 175
132 176
132 181
132 182
132 189
132 190
132 192
132 193
132 195
132 196
132 202
132 203
132 204
132 205
132 206
132 207
132 211
132 212
132 213
132 214
132 217
132 218
132 219
132 220
132 225
132 226
132 227
132 228
132 229
132 230
132 252
132 261
132 266
132 267
132 269
132 271
132 275
132 276
132 278
132 279
132 280
132 281
132 282
132 283
132 284
132 285
132 286
132 287
132 288
133 137
133 140
133 151
133 152
133 154
133 155
133 157
133 158
133 164
133 165
133 167
133 168
133 170
133 171
133 177
133 178
133 183
133 184
133 189
133 190
133 192
133 193
133 195
133 196
133 202
133 203
133 204
133 205
133 206
133 207
133 211
133 212
133 213
133 214
133 217
133 218
133 219
133 220
133 225
133 226
133 227
133 228
133 229
133 230
133 253
133 262
133 266
133 267
133 270
133 272
133 275
133 276
133 278
133 279
133 280
133 281
133 282
133 283
133 284
133 285
133 286
133 287
133 288
134 135
134 136
134 137
134 138
134 139
134 140
134 141
134 142
134 143
134 144
134 145
134 146
134 147
134 148
134 151
134 152
134 162
134 163
134 164
134 165
134 170
134 171
134 187
134 188
134 189
134 190
134 195
134 196
134 200
134 201
134 202
134 203
134 223
134 224
134 225
134 226
134 234
134 235
134 236
134 237
134 245
134 246
134 247
134 248
134 252
134 253
134 261
134 262
134 266
134 267
134 275
134 276
135 136
135 137
135 138
135 139
135 140
135 141
135 142
135 143
135 146
135 148
135 151
135 152
135 154
135 155
135 159
135 160
135 161
135 162
135 163
135 164
135 165
135 166
135 169
135 170
135 171
135 172
135 173
135 174
135 175
135 176
135 177
135 178
135 179
135 180
135 182
135 183
135 185
135 186
135 187
135 188
135 189
135 190
135 191
135 194
135 195
135 196
135 200
135 201
135 202
135 203
135 205
135 206
135 223
135 224
135 225
135 226
135 228
135 229
135 234
135 235
135 236
135 237
135 245
135 246
135 247
135 248
135 252
135 253
135 261
135 262
135 266
135 267
135 275
135 276
136 137
136 138
136 139
136 140
136 141
136 142
136 143
136 146
136 147
136 151
136 152
136 154
136 155
136 159
136 160
136 161
136 162
136 163
136 164
136 165
136 166
136 169
136 170
136 171
136 172
136 173
136 174
136 176
136 177
136 179
136 180
136 181
136 182
136 183
136 184
136 185
136 186
136 187
136 188
136 189
136 190
136 191
136 194
136 195
136 196
136 200
136 201
136 202
136 203
136 205
136 206
136 223
136 224
136 225
136 226
136 228
136 229
136 234
136 235
136 236
136 237
136 245
136 246
136 247
136 248
136 252
136 253
136 261
136 262
136 266
136 267
136 275
136 276
137 138
137 139
137 140
137 141
137 142
137 143
137 146
137 147
137 148
137 149
137 150
137 151
137 152
137 153
137 155
137 162
137 163
137 165
137 167
137 168
137 170
137 171
137 175
137 176
137 177
137 178
137 181
137 182
137 183
137 184
137 187
137 188
137 190
137 192
137 193
137 195
137 196
137 200
137 201
137 202
137 203
137 204
137 207
137 212
137 213
137 218
137 219
137 223
137 224
137 225
137 226
137 227
137 230
137 235
137 236
137 237
137 246
137 247
137 248
137 250
137 251
137 252
137 253
137 255
137 256
137 257
137 258
137 259
137 260
137 261
137 262
137 263
137 264
137 265
137 266
137 267
137 275
137 276
138 139
138 140
138 144
138 145
138 149
138 150
138 154
138 156
138 164
138 166
138 169
138 170
138 171
138 176
138 177
138 182
138 183
138 189
138 191
138 194
138 195
138 196
138 202
138 203
138 204
138 205
138 206
138 207
138 211
138 214
138 217
138 220
138 225
138 226
138 227
138 228
138 229
138 230
138 234
138 235
138 236
138 237
138 245
138 246
138 247
138 248
138 252
138 253
138 255
138 257
138 261
138 262
138 264
138 265
138 266
138 267
138 268
138 269
138 270
138 271
138 272
138 273
138 274
138 275
138 276
139 140
139 144
139 145
139 149
139 150
139 153
139 155
139 165
139 166
139 169
139 170
139 171
139 176
139 177
139 182
139 183
139 190
139 191
139 194
139 195
139 196
139 202
139 203
139 204
139 205
139 206
139 207
139 211
139 214
139 217
139 220
139 225
139 226
139 227
139 228
139 229
139 230
139 234
139 235
139 236
139 237
139 245
139 246
139 247
139 248
139 252
139 253
139 256
139 258
139 261
139 262
139 264
139 265
139 266
139 267
139 268
139 269
139 270
139 271
139 272
139 273
139 274
139 275
139 276
140 141
140 142
140 143
140 146
140 147
140 148
140 149
140 150
140 151
140 152
140 154
140 156
140 162
140 163
140 164
140 167
140 168
140 170
140 171
140 175
140 176
140 177
140 178
140 181
140 182
140 183
140 184
140 187
140 188
140 189
140 192
140 193
140 195
140 196
140 200
140 201
140 202
140 203
140 204
140 207
140 212
140 213
140 218
140 219
140 223
140 224
140 225
140 226
140 227
140 230
140 234
140 236
140 237
140 245
140 247
140 248
140 250
140 251
140 252
140 253
140 255
140 256
140 257
140 258
140 259
140 260
140 261
140 262
140 263
140 266
140 267
140 273
140 274
140 275
140 276
141 142
141 143
141 144
141 145
141 146
141 147
141 151
141 152
141 154
141 155
141 159
141 160
141 161
141 162
141 163
141 164
141 165
141 166
141 169
141 170
141 171
141 172
141 173
141 174
141 175
141 176
141 177
141 178
141 179
141 180
141 182
141 183
141 185
141 186
141 187
141 188
141 189
141 190
141 191
141 194
141 195
141 196
141 200
141 201
141 202
141 203
141 205
141 206
141 223
141 224
141 225
141 226
141 228
141 229
141 234
141 235
141 236
141 237
141 245
141 246
141 247
141 248
141 252
141 253
141 261
141 262
141 266
141 267
141 275
141 276
142 143
142 144
142 145
142 146
142 148
142 151
142 152
142 154
142 155
142 159
142 160
142 161
142 162
142 163
142 164
142 165
142 166
142 169
142 170
142 171
142 172
142 173
142 174
142 176
142 177
142 179
142 180
142 181
142 182
142 183
142 184
142 185
142 186
142 187
142 188
142 189
142 190
142 191
142 194
142 195
142 196
142 200
142 201
142 202
142 203
142 205
142 206
142 223
142 224
142 225
142 226
142 228
142 229
142 234
142 235
142 236
142 237
142 245
142 246
142 247
142 248
142 252
142 253
142 261
142 262
142 266
142 267
142 275
142 276
143 144
143 145
143 146
143 147
143 148
143 153
143 154
143 157
143 158
143 162
143 163
143 165
143 167
143 168
143 170
143 171
143 175
143 176
143 177
143 178
143 181
143 182
143 183
143 184
143 187
143 188
143 190
143 192
143 193
143 195
143 196
143 200
143 201
143 202
143 203
143 204
143 207
143 212
143 213
143 218
143 219
143 223
143 224
143 225
143 226
143 227
143 230
143 235
143 236
143 237
143 246
143 247
143 248
143 250
143 251
143 252
143 253
143 255
143 256
143 257
143 258
143 259
143 260
143 261
143 262
143 263
143 264
143 265
143 266
143 267
143 275
143 276
144 145
144 146
144 149
144 150
144 153
144 154
144 164
144 166
144 169
144 170
144 171
144 176
144 177
144 182
144 183
144 189
144 191
144 194
144 195
144 196
144 202
144 203
144 204
144 205
144 206
144 207
144 211
144 214
144 217
144 220
144 225
144 226
144 227
144 228
144 229
144 230
144 234
144 235
144 236
144 237
144 245
144 246
144 247
144 248
144 252
144 253
144 255
144 257
144 261
144 262
144 264
144 265
144 266
144 267
144 268
144 269
144 270
144 271
144 272
144 273
144 274
144 275
144 276
145 146
145 149
145 150
145 155
145 156
145 165
145 166
145 169
145 170
145 171
145 176
145 177
145 182
145 183
145 190
145 191
145 194
145 195
145 196
145 202
145 203
145 204
145 205
145 206
145 207
145 211
145 214
145 217
145 220
145 225
145 226
145 227
145 228
145 229
145 230
145 234
145 235
145 236
145 237
145 245
145 246
145 247
145 248
145 252
145 253
145 256
145 258
145 261
145 262
145 264
145 265
145 266
145 267
145 268
145 269
145 270
145 271
145 272
145 273
145 274
145 275
145 276
146 147
146 148
146 155
146 156
146 157
146 158
146 162
146 163
146 164
146 167
146 168
146 170
146 171
146 175
146 176
146 177
146 178
146 181
146 182
146 183
146 184
146 187
146 188
146 189
146 192
146 193
146 195
146 196
146 200
146 201
146 202
146 203
146 204
146 207
146 212
146 213
146 218
146 219
146 223
146 224
146 225
146 226
146 227
146 230
146 234
146 236
146 237
146 245
146 247
146 248
146 250
146 251
146 252
146 253
146 255
146 256
146 257
146 258
146 259
146 260
146 261
146 262
146 263
146 266
146 267
146 273
146 274
146 275
146 276
147 148
147 149
147 150
147 151
147 152
147 153
147 154
147 155
147 156
147 157
147 158
147 159
147 160
147 161
147 162
147 163
147 164
147 165
147 166
147 167
147 168
147 169
147 170
147 171
147 172
147 173
147 174
147 176
147 177
147 179
147 180
147 182
147 183
147 185
147 186
147 187
147 188
147 189
147 190
147 191
147 194
147 195
147 196
147 200
147 201
147 202
147 203
147 205
147 206
147 223
147 224
147 225
147 226
147 228
147 229
147 234
147 235
147 236
147 237
147 245
147 246
147 247
147 248
147 252
147 253
147 261
147 262
147 266
147 267
147 275
147 276
148 149
148 150
148 151
148 152
148 153
148 154
148 155
148 156
148 157
148 158
148 159
148 160
148 161
148 162
148 163
148 164
148 165
148 166
148 169
148 170
148 171
148 172
148 173
148 174
148 176
148 177
148 179
148 180
148 182
148 183
148 185
148 186
148 187
148 188
148 189
148 190
148 191
148 192
148 193
148 194
148 195
148 196
148 200
148 201
148 202
148 203
148 205
148 206
148 223
148 224
148 225
148 226
148 228
148 229
148 234
148 235
148 236
148 237
148 245
148 246
148 247
148 248
148 252
148 253
148 261
148 262
148 266
148 267
148 275
148 276
149 150
149 151
149 152
149 153
149 154
149 155
149 156
149 157
149 158
149 162
149 163
149 166
149 167
149 168
149 169
149 170
149 171
149 173
149 175
149 176
149 177
149 178
149 179
149 181
149 182
149 183
149 184
149 187
149 188
149 191
149 192
149 193
149 194
149 195
149 196
149 198
149 199
149 202
149 203
149 204
149 205
149 206
149 207
149 208
149 209
149 210
149 211
149 212
149 213
149 214
149 215
149 216
149 217
149 218
149 219
149 220
149 221
149 222
149 227
149 228
149 229
149 230
149 231
149 232
149 233
149 238
149 239
149 240
149 241
149 242
149 243
149 244
149 249
149 250
149 251
149 254
149 255
149 256
149 257
149 258
149 259
149 260
149 263
149 264
149 265
149 268
149 269
149 270
149 271
149 272
149 273
149 274
149 277
149 278
149 279
149 280
149 281
149 282
149 283
149 284
149 285
149 286
149 287
149 288
150 151
150 152
150 153
150 154
150 155
150 156
150 157
150 158
150 162
150 163
150 166
150 167
150 168
150 169
150 170
150 171
150 174
150 175
150 176
150 177
150 178
150 180
150 181
150 182
150 183
150 184
150 187
150 188
150 191
150 192
150 193
150 194
150 195
150 196
150 198
150 199
150 204
150 205
150 206
150 207
150 208
150 209
150 210
150 211
150 212
150 213
150 214
150 215
150 216
150 217
150 218
150 219
150 220
150 221
150 222
150 225
150 226
150 227
150 228
150 229
150 230
150 231
150 232
150 233
150 238
150 239
150 240
150 241
150 242
150 243
150 244
150 249
150 250
150 251
150 254
150 255
150 256
150 257
150 258
150 259
150 260
150 263
150 264
150 265
150 268
150 269
150 270
150 271
150 272
150 273
150 274
150 277
150 278
150 279
150 280
150 281
150 282
150 283
150 284
150 285
150 286
150 287
150 288
151 152
151 153
151 154
151 155
151 156
151 157
151 158
151 162
151 163
151 164
151 165
151 166
151 167
151 168
151 169
151 175
151 176
151 177
151 178
151 181
151 182
151 183
151 184
151 187
151 188
151 189
151 190
151 191
151 192
151 193
151 194
151 200
151 201
151 204
151 205
151 206
151 207
151 211
151 212
151 213
151 214
151 217
151 218
151 219
151 220
151 223
151 224
151 227
151 228
151 229
151 230
151 232
151 233
151 236
151 237
151 239
151 240
151 241
151 242
151 243
151 244
151 247
151 248
151 249
151 250
151 251
151 252
151 253
151 254
151 255
151 256
151 257
151 258
151 259
151 260
151 263
151 264
151 265
151 268
151 269
151 270
151 271
151 272
151 273
151 274
151 277
151 278
151 279
151 280
151 281
151 282
151 283
151 284
151 285
151 286
151 287
151 288
152 153
152 154
152 155
152 156
152 157
152 158
152 162
152 163
152 164
152 165
152 166
152 167
152 168
152 169
152 175
152 176
152 177
152 178
152 181
152 182
152 183
152 184
152 187
152 188
152 189
152 190
152 191
152 192
152 193
152 194
152 200
152 201
152 204
152 205
152 206
152 207
152 211
152 212
152 213
152 214
152 217
152 218
152 219
152 220
152 223
152 224
152 227
152 228
152 229
152 230
152 232
152 233
152 236
152 237
152 239
152 240
152 241
152 242
152 243
152 244
152 247
152 248
152 249
152 250
152 251
152 254
152 255
152 256
152 257
152 258
152 259
152 260
152 261
152 262
152 263
152 264
152 265
152 268
152 269
152 270
152 271
152 272
152 273
152 274
152 277
152 278
152 279
152 280
152 281
152 282
152 283
152 284
152 285
152 286
152 287
152 288
153 154
153 155
153 156
153 157
153 158
153 166
153 167
153 168
153 169
153 170
153 171
153 175
153 176
153 177
153 178
153 181
153 182
153 183
153 184
153 191
153 192
153 193
153 194
153 195
153 196
153 202
153 203
153 205
153 206
153 211
153 214
153 217
153 220
153 225
153 226
153 228
153 229
153 234
153 235
153 236
153 237
153 245
153 246
153 247
153 248
153 250
153 252
153 253
153 259
153 261
153 262
153 263
153 264
153 265
153 266
153 267
153 269
153 270
153 271
153 272
153 273
153 274
153 275
153 276
154 155
154 156
154 157
154 158
154 162
154 163
154 164
154 165
154 167
154 168
154 170
154 171
154 175
154 176
154 177
154 178
154 181
154 182
154 183
154 184
154 187
154 188
154 189
154 190
154 192
154 193
154 195
154 196
154 200
154 201
154 202
154 203
154 204
154 207
154 212
154 213
154 218
154 219
154 223
154 224
154 225
154 226
154 227
154 230
154 234
154 235
154 236
154 237
154 245
154 246
154 247
154 248
154 250
154 251
154 252
154 253
154 255
154 256
154 257
154 258
154 259
154 260
154 261
154 262
154 266
154 267
154 268
154 269
154 270
154 275
154 276
154 278
154 279
154 281
154 282
154 283
154 284
154 285
154 286
155 156
155 157
155 158
155 162
155 163
155 164
155 165
155 167
155 168
155 170
155 171
155 175
155 176
155 177
155 178
155 181
155 182
155 183
155 184
155 187
155 188
155 189
155 190
155 192
155 193
155 195
155 196
155 200
155 201
155 202
155 203
155 204
155 207
155 212
155 213
155 218
155 219
155 223
155 224
155 225
155 226
155 227
155 230
155 234
155 235
155 236
155 237
155 245
155 246
155 247
155 248
155 250
155 251
155 252
155 253
155 255
155 256
155 257
155 258
155 259
155 260
155 261
155 262
155 266
155 267
155 268
155 271
155 272
155 275
155 276
155 278
155 279
155 281
155 282
155 283
155 284
155 285
155 286
156 157
156 158
156 166
156 167
156 168
156 169
156 170
156 171
156 175
156 176
156 177
156 178
156 181
156 182
156 183
156 184
156 191
156 192
156 193
156 194
156 195
156 196
156 202
156 203
156 205
156 206
156 211
156 214
156 217
156 220
156 225
156 226
156 228
156 229
156 234
156 235
156 236
156 237
156 245
156 246
156 247
156 248
156 251
156 252
156 253
156 260
156 261
156 262
156 263
156 264
156 265
156 266
156 267
156 269
156 270
156 271
156 272
156 273
156 274
156 275
156 276
157 158
157 164
157 165
157 167
157 168
157 170
157 171
157 175
157 176
157 181
157 182
157 189
157 190
157 192
157 193
157 195
157 196
157 202
157 203
157 204
157 205
157 206
157 207
157 211
157 212
157 213
157 214
157 217
157 218
157 219
157 220
157 225
157 226
157 227
157 228
157 229
157 230
157 252
157 261
157 266
157 267
157 269
157 271
157 275
157 276
157 278
157 279
157 280
157 281
157 282
157 283
157 284
157 285
157 286
157 287
157 288
158 164
158 165
158 167
158 168
158 170
158 171
158 177
158 178
158 183
158 184
158 189
158 190
158 192
158 193
158 195
158 196
158 202
158 203
158 204
158 205
158 206
158 207
158 211
158 212
158 213
158 214
158 217
158 218
158 219
158 220
158 225
158 226
158 227
158 228
158 229
158 230
158 253
158 262
158 266
158 267
158 270
158 272
158 275
158 276
158 278
158 279
158 280
158 281
158 282
158 283
158 284
158 285
158 286
158 287
158 288
159 160
159 161
159 162
159 163
159 164
159 165
159 166
159 167
159 168
159 169
159 170
159 171
159 172
159 173
159 174
159 179
159 180
159 185
159 186
159 187
159 188
159 189
159 190
159 191
159 192
159 193
159 194
159 195
159 196
159 200
159 201
159 202
159 203
159 223
159 224
159 225
159 226
159 234
159 235
159 236
159 237
159 245
159 246
159 247
159 248
159 252
159 253
159 261
159 262
159 266
159 267
159 275
159 276
160 161
160 162
160 163
160 164
160 165
160 166
160 167
160 168
160 169
160 170
160 171
160 172
160 173
160 175
160 178
160 180
160 181
160 184
160 185
160 186
160 189
160 190
160 192
160 193
160 197
160 198
160 199
160 200
160 201
160 202
160 203
160 204
160 205
160 206
160 207
160 208
160 209
160 210
160 212
160 213
160 215
160 216
160 218
160 219
160 221
160 222
160 223
160 224
160 225
160 226
160 227
160 230
160 234
160 235
160 236
160 237
160 245
160 246
160 247
160 248
160 252
160 253
160 261
160 262
160 266
160 267
160 275
160 276
161 162
161 163
161 164
161 165
161 166
161 167
161 168
161 169
161 170
161 171
161 172
161 174
161 175
161 178
161 179
161 181
161 184
161 185
161 186
161 189
161 190
161 192
161 193
161 197
161 198
161 199
161 200
161 201
161 202
161 203
161 204
161 207
161 208
161 209
161 210
161 212
161 213
161 215
161 216
161 218
161 219
161 221
161 222
161 223
161 224
161 225
161 226
161 227
161 228
161 229
161 230
161 234
161 235
161 236
161 237
161 245
161 246
161 247
161 248
161 252
161 253
161 261
161 262
161 266
161 267
161 275
161 276
162 163
162 164
162 165
162 166
162 167
162 168
162 169
162 170
162 171
162 176
162 177
162 181
162 182
162 183
162 184
162 187
162 188
162 189
162 190
162 191
162 192
162 193
162 194
162 200
162 201
162 204
162 205
162 206
162 207
162 209
162 211
162 212
162 213
162 214
162 215
162 217
162 218
162 219
162 220
162 223
162 224
162 227
162 228
162 229
162 230
162 232
162 233
162 236
162 237
162 238
162 239
162 240
162 241
162 242
162 243
162 244
162 249
162 250
162 251
162 254
162 255
162 256
162 257
162 258
162 259
162 260
162 263
162 264
162 265
162 268
162 269
162 270
162 271
162 272
162 273
162 274
162 277
162 278
162 279
162 280
162 281
162 282
162 283
162 284
162 285
162 286
162 287
162 288
163 164
163 165
163 166
163 167
163 168
163 169
163 170
163 171
163 176
163 177
163 181
163 182
163 183
163 184
163 187
163 188
163 189
163 190
163 191
163 192
163 193
163 194
163 200
163 201
163 204
163 205
163 206
163 207
163 210
163 211
163 212
163 213
163 214
163 216
163 217
163 218
163 219
163 220
163 223
163 224
163 227
163 228
163 229
163 230
163 232
163 233
163 238
163 239
163 240
163 241
163 242
163 243
163 244
163 247
163 248
163 249
163 250
163 251
163 254
163 255
163 256
163 257
163 258
163 259
163 260
163 263
163 264
163 265
163 268
163 269
163 270
163 271
163 272
163 273
163 274
163 277
163 278
163 279
163 280
163 281
163 282
163 283
163 284
163 285
163 286
163 287
163 288
164 165
164 166
164 167
164 168
164 169
164 170
164 171
164 172
164 173
164 174
164 179
164 180
164 181
164 184
164 185
164 186
164 187
164 188
164 189
164 190
164 192
164 193
164 195
164 196
164 200
164 201
164 202
164 203
164 204
164 205
164 206
164 207
164 211
164 212
164 213
164 214
164 217
164 218
164 219
164 220
164 223
164 224
164 225
164 226
164 227
164 228
164 229
164 230
164 234
164 235
164 245
164 246
164 250
164 251
164 255
164 256
164 257
164 258
164 259
164 260
164 263
164 264
164 265
164 266
164 267
164 268
164 269
164 270
164 271
164 272
164 273
164 274
164 277
164 278
164 279
164 280
164 281
164 282
164 283
164 284
164 285
164 286
164 287
164 288
165 166
165 167
165 168
165 169
165 170
165 171
165 172
165 173
165 174
165 179
165 180
165 181
165 184
165 185
165 186
165 187
165 188
165 189
165 190
165 192
165 193
165 195
165 196
165 200
165 201
165 202
165 203
165 204
165 205
165 206
165 207
165 211
165 212
165 213
165 214
165 217
165 218
165 219
165 220
165 223
165 224
165 225
165 226
165 227
165 228
165 229
165 230
165 234
165 235
165 245
165 246
165 250
165 251
165 255
165 256
165 257
165 258
165 259
165 260
165 263
165 264
165 265
165 268
165 269
165 270
165 271
165 272
165 273
165 274
165 275
165 276
165 277
165 278
165 279
165 280
165 281
165 282
165 283
165 284
165 285
165 286
165 287
165 288
166 167
166 168
166 169
166 170
166 171
166 175
166 176
166 181
166 183
166 187
166 188
166 191
166 194
166 204
166 205
166 206
166 207
166 211
166 212
166 213
166 214
166 217
166 218
166 219
166 220
166 227
166 228
166 229
166 230
166 236
166 237
166 247
166 248
166 252
166 253
166 261
166 262
166 264
166 266
166 267
166 273
166 275
166 276
166 277
166 278
166 279
166 281
166 282
166 283
166 284
166 285
166 286
167 168
167 169
167 170
167 171
167 173
167 174
167 175
167 176
167 179
167 180
167 182
167 184
167 185
167 186
167 187
167 188
167 189
167 190
167 192
167 193
167 195
167 196
167 200
167 201
167 202
167 203
167 205
167 206
167 211
167 212
167 213
167 214
167 217
167 218
167 219
167 220
167 223
167 224
167 225
167 226
167 228
167 229
167 234
167 235
167 236
167 237
167 245
167 246
167 247
167 248
167 252
167 253
167 261
167 262
167 264
167 265
167 266
167 267
167 269
167 270
167 271
167 272
167 273
167 274
167 275
167 276
167 280
167 281
167 282
168 169
168 170
168 171
168 173
168 174
168 177
168 178
168 179
168 180
168 181
168 183
168 185
168 186
168 187
168 188
168 189
168 190
168 192
168 193
168 195
168 196
168 200
168 201
168 202
168 203
168 205
168 206
168 211
168 212
168 213
168 214
168 217
168 218
168 219
168 220
168 223
168 224
168 225
168 226
168 228
168 229
168 234
168 235
168 236
168 237
168 245
168 246
168 247
168 248
168 252
168 253
168 261
168 262
168 264
168 265
168 266
168 267
168 269
168 270
168 271
168 272
168 273
168 274
168 275
168 276
168 280
168 283
168 284
169 170
169 171
169 177
169 178
169 182
169 184
169 187
169 188
169 191
169 194
169 204
169 205
169 206
169 207
169 211
169 212
169 213
169 214
169 217
169 218
169 219
169 220
169 227
169 228
169 229
169 230
169 236
169 237
169 247
169 248
169 252
169 253
169 261
169 262
169 265
169 266
169 267
169 274
169 275
169 276
169 277
169 278
169 279
169 281
169 282
169 283
169 284
169 285
169 286
170 171
170 175
170 178
170 189
170 190
170 192
170 193
170 195
170 196
170 202
170 203
170 205
170 206
170 211
170 212
170 217
170 218
170 225
170 226
170 228
170 229
170 236
170 237
170 247
170 248
170 266
170 275
170 281
170 283
170 288
171 175
171 178
171 189
171 190
171 192
171 193
171 195
171 196
171 202
171 203
171 205
171 206
171 213
171 214
171 219
171 220
171 225
171 226
171 228
171 229
171 236
171 237
171 247
171 248
171 267
171 276
171 282
171 284
171 288
172 173
172 174
172 175
172 176
172 177
172 178
172 179
172 180
172 181
172 182
172 183
172 184
172 185
172 186
172 189
172 190
172 200
172 201
172 202
172 203
172 223
172 224
172 225
172 226
172 234
172 235
172 236
172 237
172 245
172 246
172 247
172 248
172 252
172 253
172 261
172 262
172 266
172 267
172 275
172 276
173 174
173 175
173 176
173 177
173 178
173 179
173 180
173 181
173 184
173 186
173 189
173 190
173 192
173 193
173 197
173 198
173 199
173 200
173 201
173 202
173 203
173 204
173 207
173 208
173 209
173 210
173 211
173 212
173 213
173 214
173 215
173 216
173 218
173 219
173 221
173 222
173 223
173 224
173 225
173 226
173 227
173 230
173 234
173 235
173 236
173 237
173 245
173 246
173 247
173 248
173 252
173 253
173 261
173 262
173 266
173 267
173 275
173 276
174 175
174 176
174 177
174 178
174 179
174 180
174 181
174 184
174 185
174 189
174 190
174 192
174 193
174 197
174 198
174 199
174 200
174 201
174 202
174 203
174 204
174 207
174 208
174 209
174 210
174 212
174 213
174 215
174 216
174 217
174 218
174 219
174 220
174 221
174 222
174 223
174 224
174 225
174 226
174 227
174 230
174 234
174 235
174 236
174 237
174 245
174 246
174 247
174 248
174 252
174 253
174 261
174 262
174 266
174 267
174 275
174 276
175 176
175 177
175 178
175 179
175 180
175 181
175 184
175 185
175 186
175 187
175 188
175 189
175 190
175 191
175 193
175 200
175 201
175 203
175 205
175 206
175 211
175 212
175 213
175 214
175 217
175 218
175 219
175 220
175 223
175 224
175 226
175 228
175 229
175 234
175 235
175 236
175 237
175 245
175 246
175 247
175 248
175 253
175 262
175 264
175 265
175 266
175 267
175 269
175 270
175 271
175 272
175 273
175 274
175 275
175 276
175 277
175 278
175 279
176 177
176 178
176 182
176 183
176 187
176 188
176 192
176 194
176 202
176 204
176 207
176 212
176 213
176 218
176 219
176 225
176 227
176 230
176 236
176 237
176 247
176 248
176 252
176 253
176 261
176 262
176 266
176 267
176 269
176 271
176 275
176 276
176 278
176 279
176 280
176 281
176 282
176 283
176 284
176 285
176 286
177 178
177 182
177 183
177 187
177 188
177 191
177 193
177 203
177 204
177 207
177 212
177 213
177 218
177 219
177 226
177 227
177 230
177 236
177 237
177 247
177 248
177 252
177 253
177 261
177 262
177 266
177 267
177 270
177 272
177 275
177 276
177 278
177 279
177 280
177 281
177 282
177 283
177 284
177 285
177 286
178 179
178 180
178 181
178 184
178 185
178 186
178 187
178 188
178 189
178 190
178 192
178 194
178 200
178 201
178 202
178 205
178 206
178 211
178 212
178 213
178 214
178 217
178 218
178 219
178 220
178 223
178 224
178 225
178 228
178 229
178 234
178 235
178 236
178 237
178 245
178 246
178 247
178 248
178 252
178 261
178 264
178 265
178 266
178 267
178 269
178 270
178 271
178 272
178 273
178 274
178 275
178 276
178 277
178 285
178 286
179 180
179 181
179 182
179 183
179 184
179 185
179 189
179 190
179 192
179 193
179 197
179 198
179 199
179 200
179 201
179 202
179 203
179 204
179 207
179 208
179 209
179 210
179 211
179 212
179 213
179 214
179 215
179 216
179 218
179 219
179 221
179 222
179 223
179 224
179 225
179 226
179 227
179 230
179 234
179 235
179 236
179 237
179 245
179 246
179 247
179 248
179 252
179 253
179 261
179 262
179 266
179 267
179 275
179 276
180 181
180 182
180 183
180 184
180 186
180 189
180 190
180 192
180 193
180 197
180 198
180 199
180 200
180 201
180 202
180 203
180 204
180 207
180 208
180 209
180 210
180 212
180 213
180 215
180 216
180 217
180 218
180 219
180 220
180 221
180 222
180 223
180 224
180 225
180 226
180 227
180 230
180 234
180 235
180 236
180 237
180 245
180 246
180 247
180 248
180 252
180 253
180 261
180 262
180 266
180 267
180 275
180 276
181 182
181 183
181 184
181 185
181 186
181 191
181 192
181 195
181 196
181 200
181 201
181 203
181 205
181 206
181 211
181 212
181 213
181 214
181 217
181 218
181 219
181 220
181 223
181 224
181 226
181 228
181 229
181 234
181 235
181 236
181 237
181 245
181 246
181 247
181 248
181 253
181 262
181 264
181 265
181 266
181 267
181 269
181 270
181 271
181 272
181 273
181 274
181 275
181 276
181 277
181 278
181 279
182 183
182 184
182 187
182 188
182 191
182 192
182 202
182 204
182 207
182 212
182 213
182 218
182 219
182 225
182 227
182 230
182 236
182 237
182 247
182 248
182 252
182 253
182 261
182 262
182 266
182 267
182 269
182 271
182 275
182 276
182 278
182 279
182 280
182 281
182 282
182 283
182 284
182 285
182 286
183 184
183 187
183 188
183 193
183 194
183 203
183 204
183 207
183 212
183 213
183 218
183 219
183 226
183 227
183 230
183 236
183 237
183 247
183 248
183 252
183 253
183 261
183 262
183 266
183 267
183 270
183 272
183 275
183 276
183 278
183 279
183 280
183 281
183 282
183 283
183 284
183 285
183 286
184 185
184 186
184 193
184 194
184 195
184 196
184 200
184 201
184 202
184 205
184 206
184 211
184 212
184 213
184 214
184 217
184 218
184 219
184 220
184 223
184 224
184 225
184 228
184 229
184 234
184 235
184 236
184 237
184 245
184 246
184 247
184 248
184 252
184 261
184 264
184 265
184 266
184 267
184 269
184 270
184 271
184 272
184 273
184 274
184 275
184 276
184 277
184 285
184 286
185 186
185 187
185 188
185 189
185 190
185 191
185 192
185 193
185 194
185 195
185 196
185 197
185 198
185 199
185 200
185 201
185 202
185 203
185 204
185 205
185 206
185 207
185 208
185 209
185 210
185 212
185 213
185 215
185 216
185 218
185 219
185 221
185 222
185 223
185 224
185 225
185 226
185 227
185 230
185 234
185 235
185 236
185 237
185 245
185 246
185 247
185 248
185 252
185 253
185 261
185 262
185 266
185 267
185 275
185 276
186 187
186 188
186 189
186 190
186 191
186 192
186 193
186 194
186 195
186 196
186 197
186 198
186 199
186 200
186 201
186 202
186 203
186 204
186 207
186 208
186 209
186 210
186 212
186 213
186 215
186 216
186 218
186 219
186 221
186 222
186 223
186 224
186 225
186 226
186 227
186 228
186 229
186 230
186 234
186 235
186 236
186 237
186 245
186 246
186 247
186 248
186 252
186 253
186 261
186 262
186 266
186 267
186 275
186 276
187 188
187 189
187 190
187 191
187 192
187 193
187 194
187 195
187 196
187 200
187 201
187 204
187 205
187 206
187 207
187 209
187 211
187 212
187 213
187 214
187 215
187 217
187 218
187 219
187 220
187 223
187 224
187 227
187 228
187 229
187 230
187 232
187 233
187 236
187 237
187 238
187 239
187 240
187 241
187 242
187 243
187 244
187 249
187 250
187 251
187 254
187 255
187 256
187 257
187 258
187 259
187 260
187 263
187 264
187 265
187 268
187 269
187 270
187 271
187 272
187 273
187 274
187 277
187 278
187 279
187 280
187 281
187 282
187 283
187 284
187 285
187 286
187 287
187 288
188 189
188 190
188 191
188 192
188 193
188 194
188 195
188 196
188 200
188 201
188 204
188 205
188 206
188 207
188 210
188 211
188 212
188 213
188 214
188 216
188 217
188 218
188 219
188 220
188 223
188 224
188 227
188 228
188 229
188 230
188 232
188 233
188 238
188 239
188 240
188 241
188 242
188 243
188 244
188 247
188 248
188 249
188 250
188 251
188 254
188 255
188 256
188 257
188 258
188 259
188 260
188 263
188 264
188 265
188 268
188 269
188 270
188 271
188 272
188 273
188 274
188 277
188 278
188 279
188 280
188 281
188 282
188 283
188 284
188 285
188 286
188 287
188 288
189 190
189 191
189 192
189 193
189 194
189 195
189 196
189 200
189 201
189 202
189 203
189 204
189 205
189 206
189 207
189 211
189 212
189 213
189 214
189 217
189 218
189 219
189 220
189 223
189 224
189 225
189 226
189 227
189 228
189 229
189 230
189 234
189 235
189 245
189 246
189 250
189 251
189 255
189 256
189 257
189 258
189 259
189 260
189 263
189 264
189 265
189 266
189 267
189 268
189 269
189 270
189 271
189 272
189 273
189 274
189 277
189 278
189 279
189 280
189 281
189 282
189 283
189 284
189 285
189 286
189 287
189 288
190 191
190 192
190 193
190 194
190 195
190 196
190 200
190 201
190 202
190 203
190 204
190 205
190 206
190 207
190 211
190 212
190 213
190 214
190 217
190 218
190 219
190 220
190 223
190 224
190 225
190 226
190 227
190 228
190 229
190 230
190 234
190 235
190 245
190 246
190 250
190 251
190 255
190 256
190 257
190 258
190 259
190 260
190 263
190 264
190 265
190 268
190 269
190 270
190 271
190 272
190 273
190 274
190 275
190 276
190 277
190 278
190 279
190 280
190 281
190 282
190 283
190 284
190 285
190 286
190 287
190 288
191 192
191 193
191 194
191 195
191 196
191 204
191 205
191 206
191 207
191 211
191 212
191 213
191 214
191 217
191 218
191 219
191 220
191 227
191 228
191 229
191 230
191 236
191 237
191 247
191 248
191 252
191 253
191 261
191 262
191 264
191 266
191 267
191 273
191 275
191 276
191 277
191 278
191 279
191 281
191 282
191 283
191 284
191 285
191 286
192 193
192 194
192 195
192 196
192 200
192 201
192 202
192 203
192 205
192 206
192 211
192 212
192 213
192 214
192 217
192 218
192 219
192 220
192 223
192 224
192 225
192 226
192 228
192 229
192 234
192 235
192 236
192 237
192 245
192 246
192 247
192 248
192 252
192 253
192 261
192 262
192 264
192 265
192 266
192 267
192 269
192 270
192 271
192 272
192 273
192 274
192 275
192 276
192 280
192 281
192 282
193 194
193 195
193 196
193 200
193 201
193 202
193 203
193 205
193 206
193 211
193 212
193 213
193 214
193 217
193 218
193 219
193 220
193 223
193 224
193 225
193 226
193 228
193 229
193 234
193 235
193 236
193 237
193 245
193 246
193 247
193 248
193 252
193 253
193 261
193 262
193 264
193 265
193 266
193 267
193 269
193 270
193 271
193 272
193 273
193 274
193 275
193 276
193 280
193 283
193 284
194 195
194 196
194 204
194 205
194 206
194 207
194 211
194 212
194 213
194 214
194 217
194 218
194 219
194 220
194 227
194 228
194 229
194 230
194 236
194 237
194 247
194 248
194 252
194 253
194 261
194 262
194 265
194 266
194 267
194 274
194 275
194 276
194 277
194 278
194 279
194 281
194 282
194 283
194 284
194 285
194 286
195 196
195 202
195 203
195 205
195 206
195 211
195 212
195 217
195 218
195 225
195 226
195 228
195 229
195 236
195 237
195 247
195 248
195 266
195 275
195 281
195 283
195 288
196 202
196 203
196 205
196 206
196 213
196 214
196 219
196 220
196 225
196 226
196 228
196 229
196 236
196 237
196 247
196 248
196 267
196 276
196 282
196 284
196 288
197 198
197 199
197 200
197 201
197 202
197 203
197 204
197 205
197 206
197 207
197 208
197 209
197 210
197 215
197 216
197 221
197 222
197 223
197 224
197 225
197 226
197 227
197 228
197 229
197 230
197 234
197 235
197 236
197 237
197 245
197 246
197 247
197 248
197 252
197 253
197 261
197 262
197 266
197 267
197 275
197 276
198 199
198 200
198 201
198 202
198 203
198 204
198 205
198 206
198 207
198 208
198 209
198 211
198 214
198 216
198 217
198 220
198 221
198 222
198 225
198 226
198 228
198 229
198 231
198 232
198 233
198 234
198 235
198 236
198 237
198 238
198 239
198 240
198 241
198 242
198 243
198 244
198 245
198 246
198 247
198 248
198 252
198 253
198 261
198 262
198 266
198 267
198 275
198 276
199 200
199 201
199 202
199 203
199 204
199 205
199 206
199 207
199 208
199 210
199 211
199 214
199 215
199 217
199 220
199 221
199 222
199 225
199 226
199 228
199 229
199 231
199 232
199 233
199 234
199 235
199 236
199 237
199 238
199 239
199 240
199 241
199 242
199 243
199 244
199 245
199 246
199 247
199 248
199 252
199 253
199 261
199 262
199 266
199 267
199 275
199 276
200 201
200 202
200 203
200 204
200 205
200 206
200 207
200 212
200 213
200 217
200 218
200 219
200 220
200 223
200 224
200 225
200 226
200 227
200 228
200 229
200 230
200 234
200 235
200 239
200 241
200 245
200 246
200 250
200 251
200 254
200 255
200 256
200 257
200 258
200 259
200 260
200 263
200 264
200 265
200 268
200 269
200 270
200 271
200 272
200 273
200 274
200 277
200 278
200 279
200 280
200 281
200 282
200 283
200 284
200 285
200 286
200 287
200 288
201 202
201 203
201 204
201 205
201 206
201 207
201 212
201 213
201 217
201 218
201 219
201 220
201 223
201 224
201 225
201 226
201 227
201 228
201 229
201 230
201 234
201 235
201 240
201 242
201 245
201 246
201 250
201 251
201 254
201 255
201 256
201 257
201 258
201 259
201 260
201 263
201 264
201 265
201 268
201 269
201 270
201 271
201 272
201 273
201 274
201 277
201 278
201 279
201 280
201 281
201 282
201 283
201 284
201 285
201 286
201 287
201 288
202 203
202 204
202 205
202 206
202 207
202 208
202 209
202 210
202 215
202 216
202 217
202 220
202 221
202 222
202 223
202 224
202 225
202 226
202 228
202 229
202 234
202 235
202 236
202 237
202 245
202 246
202 247
202 248
202 252
202 253
202 261
202 262
202 264
202 265
202 269
202 270
202 271
202 272
202 273
202 274
202 277
202 278
202 279
202 280
202 281
202 282
202 283
202 284
202 285
202 286
202 287
202 288
203 204
203 205
203 206
203 207
203 208
203 209
203 210
203 215
203 216
203 217
203 220
203 221
203 222
203 223
203 224
203 225
203 226
203 228
203 229
203 234
203 235
203 236
203 237
203 245
203 246
203 247
203 248
203 252
203 253
203 261
203 262
203 264
203 265
203 269
203 270
203 271
203 272
203 273
203 274
203 277
203 278
203 279
203 280
203 281
203 282
203 283
203 284
203 285
203 286
203 287
203 288
204 205
204 206
204 207
204 211
204 212
204 217
204 219
204 223
204 224
204 227
204 230
204 266
204 267
204 275
204 276
204 278
204 285
204 287
205 206
205 207
205 209
205 210
205 211
205 212
205 215
205 216
205 218
205 220
205 221
205 222
205 223
205 224
205 225
205 226
205 228
205 229
205 234
205 235
205 236
205 237
205 245
205 246
205 247
205 248
205 252
205 253
205 261
205 262
205 266
205 267
205 275
205 276
205 278
205 279
205 281
205 282
205 283
205 284
205 285
205 286
205 288
206 207
206 209
206 210
206 213
206 214
206 215
206 216
206 217
206 219
206 221
206 222
206 223
206 224
206 225
206 226
206 228
206 229
206 234
206 235
206 236
206 237
206 245
206 246
206 247
206 248
206 252
206 253
206 261
206 262
206 266
206 267
206 275
206 276
206 278
206 279
206 281
206 282
206 283
206 284
206 285
206 286
206 288
207 213
207 214
207 218
207 220
207 223
207 224
207 227
207 230
207 266
207 267
207 275
207 276
207 279
207 286
207 287
208 209
208 210
208 211
208 212
208 213
208 214
208 215
208 216
208 217
208 218
208 219
208 220
208 221
208 222
208 225
208 226
208 234
208 235
208 236
208 237
208 245
208 246
208 247
208 248
208 252
208 253
208 261
208 262
208 266
208 267
208 275
208 276
209 210
209 211
209 212
209 213
209 214
209 215
209 216
209 217
209 220
209 222
209 225
209 226
209 228
209 229
209 231
209 232
209 233
209 234
209 235
209 236
209 237
209 238
209 239
209 240
209 241
209 242
209 243
209 244
209 245
209 246
209 247
209 248
209 252
209 253
209 261
209 262
209 266
209 267
209 275
209 276
210 211
210 212
210 213
210 214
210 215
210 216
210 217
210 220
210 221
210 225
210 226
210 228
210 229
210 231
210 232
210 233
210 234
210 235
210 236
210 237
210 238
210 239
210 240
210 241
210 242
210 243
210 244
210 245
210 246
210 247
210 248
210 252
210 253
210 261
210 262
210 266
210 267
210 275
210 276
211 212
211 213
211 214
211 215
211 216
211 217
211 220
211 221
211 222
211 223
211 224
211 225
211 226
211 227
211 229
211 234
211 235
211 237
211 245
211 246
211 248
211 252
211 253
211 261
211 262
211 267
211 276
211 278
211 279
211 281
211 282
211 283
211 284
211 285
211 286
211 287
212 213
212 214
212 218
212 219
212 223
212 224
212 228
212 230
212 236
212 247
212 266
212 267
212 275
212 276
212 281
212 283
212 288
213 214
213 218
213 219
213 223
213 224
213 227
213 229
213 237
213 248
213 266
213 267
213 275
213 276
213 282
213 284
213 288
214 215
214 216
214 217
214 220
214 221
214 222
214 223
214 224
214 225
214 226
214 228
214 230
214 234
214 235
214 236
214 245
214 246
214 247
214 252
214 253
214 261
214 262
214 266
214 275
214 278
214 279
214 281
214 282
214 283
214 284
214 285
214 286
214 287
215 216
215 217
215 218
215 219
215 220
215 221
215 225
215 226
215 228
215 229
215 231
215 232
215 233
215 234
215 235
215 236
215 237
215 238
215 239
215 240
215 241
215 242
215 243
215 244
215 245
215 246
215 247
215 248
215 252
215 253
215 261
215 262
215 266
215 267
215 275
215 276
216 217
216 218
216 219
216 220
216 222
216 225
216 226
216 228
216 229
216 231
216 232
216 233
216 234
216 235
216 236
216 237
216 238
216 239
216 240
216 241
216 242
216 243
216 244
216 245
216 246
216 247
216 248
216 252
216 253
216 261
216 262
216 266
216 267
216 275
216 276
217 218
217 219
217 220
217 221
217 222
217 227
217 228
217 234
217 235
217 237
217 245
217 246
217 248
217 252
217 253
217 261
217 262
217 267
217 276
217 278
217 279
217 281
217 282
217 283
217 284
217 285
217 286
217 287
218 219
218 220
218 223
218 224
218 227
218 228
218 236
218 247
218 266
218 267
218 275
218 276
218 281
218 283
218 288
219 220
219 223
219 224
219 229
219 230
219 237
219 248
219 266
219 267
219 275
219 276
219 282
219 284
219 288
220 221
220 222
220 229
220 230
220 234
220 235
220 236
220 245
220 246
220 247
220 252
220 253
220 261
220 262
220 266
220 275
220 278
220 279
220 281
220 282
220 283
220 284
220 285
220 286
220 287
221 222
221 223
221 224
221 225
221 226
221 227
221 228
221 229
221 230
221 231
221 232
221 233
221 234
221 235
221 236
221 237
221 238
221 239
221 240
221 241
221 242
221 243
221 244
221 245
221 246
221 247
221 248
221 252
221 253
221 261
221 262
221 266
221 267
221 275
221 276
222 223
222 224
222 225
222 226
222 227
222 228
222 229
222 230
222 231
222 232
222 233
222 234
222 235
222 236
222 237
222 238
222 239
222 240
222 241
222 242
222 243
222 244
222 245
222 246
222 247
222 248
222 252
222 253
222 261
222 262
222 266
222 267
222 275
222 276
223 224
223 225
223 226
223 227
223 228
223 229
223 230
223 234
223 235
223 239
223 241
223 245
223 246
223 250
223 251
223 254
223 255
223 256
223 257
223 258
223 259
223 260
223 263
223 264
223 265
223 268
223 269
223 270
223 271
223 272
223 273
223 274
223 277
223 278
223 279
223 280
223 281
223 282
223 283
223 284
223 285
223 286
223 287
223 288
224 225
224 226
224 227
224 228
224 229
224 230
224 234
224 235
224 240
224 242
224 245
224 246
224 250
224 251
224 254
224 255
224 256
224 257
224 258
224 259
224 260
224 263
224 264
224 265
224 268
224 269
224 270
224 271
224 272
224 273
224 274
224 277
224 278
224 279
224 280
224 281
224 282
224 283
224 284
224 285
224 286
224 287
224 288
225 226
225 227
225 228
225 229
225 230
225 234
225 235
225 236
225 237
225 245
225 246
225 247
225 248
225 252
225 253
225 261
225 262
225 264
225 265
225 269
225 270
225 271
225 272
225 273
225 274
225 277
225 278
225 279
225 280
225 281
225 282
225 283
225 284
225 285
225 286
225 287
225 288
226 227
226 228
226 229
226 230
226 234
226 235
226 236
226 237
226 245
226 246
226 247
226 248
226 252
226 253
226 261
226 262
226 264
226 265
226 269
226 270
226 271
226 272
226 273
226 274
226 277
226 278
226 279
226 280
226 281
226 282
226 283
226 284
226 285
226 286
226 287
226 288
227 228
227 229
227 230
227 266
227 267
227 275
227 276
227 278
227 285
227 287
228 229
228 230
228 234
228 235
228 236
228 237
228 245
228 246
228 247
228 248
228 252
228 253
228 261
228 262
228 266
228 267
228 275
228 276
228 278
228 279
228 281
228 282
228 283
228 284
228 285
228 286
228 288
229 230
229 234
229 235
229 236
229 237
229 245
229 246
229 247
229 248
229 252
229 253
229 261
229 262
229 266
229 267
229 275
229 276
229 278
229 279
229 281
229 282
229 283
229 284
229 285
229 286
229 288
230 266
230 267
230 275
230 276
230 279
230 286
230 287
231 232
231 233
231 234
231 235
231 236
231 237
231 238
231 239
231 240
231 241
231 242
231 243
231 244
231 245
231 246
231 247
231 248
231 252
231 253
231 261
231 262
231 266
231 267
231 275
231 276
232 233
232 234
232 235
232 236
232 237
232 238
232 239
232 242
232 243
232 244
232 247
232 248
232 249
232 250
232 251
232 252
232 253
232 254
232 255
232 256
232 257
232 258
232 259
232 260
232 261
232 262
232 266
232 267
232 275
232 276
233 234
233 235
233 236
233 237
233 238
233 240
233 241
233 243
233 244
233 247
233 248
233 249
233 250
233 251
233 252
233 253
233 254
233 255
233 256
233 257
233 258
233 259
233 260
233 261
233 262
233 266
233 267
233 275
233 276
234 235
234 236
234 237
234 245
234 246
234 247
234 248
234 252
234 253
234 255
234 257
234 261
234 262
234 264
234 265
234 268
234 269
234 270
234 271
234 272
234 273
234 274
234 277
234 278
234 279
234 280
234 281
234 282
234 283
234 284
234 285
234 286
234 287
234 288
235 236
235 237
235 245
235 246
235 247
235 248
235 252
235 253
235 256
235 258
235 261
235 262
235 264
235 265
235 268
235 269
235 270
235 271
235 272
235 273
235 274
235 277
235 278
235 279
235 280
235 281
235 282
235 283
235 284
235 285
235 286
235 287
235 288
236 237
236 238
236 239
236 240
236 241
236 242
236 243
236 244
236 245
236 246
236 247
236 248
236 252
236 253
236 261
236 262
236 266
236 267
236 275
236 276
236 278
236 279
236 281
236 282
236 283
236 284
236 285
236 286
236 287
236 288
237 238
237 239
237 240
237 241
237 242
237 243
237 244
237 245
237 246
237 247
237 248
237 252
237 253
237 261
237 262
237 266
237 267
237 275
237 276
237 278
237 279
237 281
237 282
237 283
237 284
237 285
237 286
237 287
237 288
238 239
238 240
238 241
238 242
238 243
238 244
238 247
238 248
238 252
238 253
238 261
238 262
238 266
238 267
238 275
238 276
239 240
239 241
239 242
239 244
239 247
239 248
239 249
239 250
239 251
239 252
239 253
239 254
239 255
239 256
239 257
239 258
239 259
239 260
239 261
239 262
239 266
239 267
239 275
239 276
240 241
240 242
240 243
240 247
240 248
240 249
240 250
240 251
240 252
240 253
240 254
240 255
240 256
240 257
240 258
240 259
240 260
240 261
240 262
240 266
240 267
240 275
240 276
241 242
241 243
241 247
241 248
241 249
241 250
241 251
241 252
241 253
241 254
241 255
241 256
241 257
241 258
241 259
241 260
241 261
241 262
241 266
241 267
241 275
241 276
242 244
242 247
242 248
242 249
242 250
242 251
242 252
242 253
242 254
242 255
242 256
242 257
242 258
242 259
242 260
242 261
242 262
242 266
242 267
242 275
242 276
243 244
243 245
243 246
243 247
243 248
243 249
243 250
243 251
243 252
243 253
243 254
243 255
243 256
243 257
243 258
243 259
243 260
243 261
243 262
243 266
243 267
243 275
243 276
244 245
244 246
244 247
244 248
244 249
244 250
244 251
244 252
244 253
244 254
244 255
244 256
244 257
244 258
244 259
244 260
244 261
244 262
244 266
244 267
244 275
244 276
245 246
245 247
245 248
245 252
245 253
245 255
245 257
245 261
245 262
245 264
245 265
245 268
245 269
245 270
245 271
245 272
245 273
245 274
245 277
245 278
245 279
245 280
245 281
245 282
245 283
245 284
245 285
245 286
245 287
245 288
246 247
246 248
246 252
246 253
246 256
246 258
246 261
246 262
246 264
246 265
246 268
246 269
246 270
246 271
246 272
246 273
246 274
246 277
246 278
246 279
246 280
246 281
246 282
246 283
246 284
246 285
246 286
246 287
246 288
247 248
247 252
247 253
247 261
247 262
247 266
247 267
247 275
247 276
247 278
247 279
247 281
247 282
247 283
247 284
247 285
247 286
247 287
247 288
248 252
248 253
248 261
248 262
248 266
248 267
248 275
248 276
248 278
248 279
248 281
248 282
248 283
248 284
248 285
248 286
248 287
248 288
249 250
249 251
249 252
249 253
249 254
249 255
249 256
249 257
249 258
249 259
249 260
249 261
249 262
249 266
249 267
249 275
249 276
250 251
250 252
250 253
250 254
250 255
250 258
250 259
250 260
250 263
250 264
250 265
250 266
250 267
250 268
250 269
250 270
250 271
250 272
250 273
250 274
250 275
250 276
251 252
251 253
251 254
251 256
251 257
251 259
251 260
251 263
251 264
251 265
251 266
251 267
251 268
251 269
251 270
251 271
251 272
251 273
251 274
251 275
251 276
252 253
252 261
252 262
252 266
252 267
252 269
252 271
252 275
252 276
252 278
252 279
252 280
252 281
252 282
252 283
252 284
252 285
252 286
252 287
252 288
253 261
253 262
253 266
253 267
253 270
253 272
253 275
253 276
253 278
253 279
253 280
253 281
253 282
253 283
253 284
253 285
253 286
253 287
253 288
254 255
254 256
254 257
254 258
254 259
254 260
254 266
254 267
254 275
254 276
255 256
255 257
255 258
255 260
255 263
255 264
255 265
255 266
255 267
255 268
255 269
255 270
255 271
255 272
255 273
255 274
255 275
255 276
256 257
256 258
256 259
256 263
256 264
256 265
256 266
256 267
256 268
256 269
256 270
256 271
256 272
256 273
256 274
256 275
256 276
257 258
257 259
257 263
257 264
257 265
257 266
257 267
257 268
257 269
257 270
257 271
257 272
257 273
257 274
257 275
257 276
258 260
258 263
258 264
258 265
258 266
258 267
258 268
258 269
258 270
258 271
258 272
258 273
258 274
258 275
258 276
259 260
259 261
259 262
259 263
259 264
259 265
259 266
259 267
259 268
259 269
259 270
259 271
259 272
259 273
259 274
259 275
259 276
260 261
260 262
260 263
260 264
260 265
260 266
260 267
260 268
260 269
260 270
260 271
260 272
260 273
260 274
260 275
260 276
261 262
261 266
261 267
261 269
261 271
261 275
261 276
261 278
261 279
261 280
261 281
261 282
261 283
261 284
261 285
261 286
261 287
261 288
262 266
262 267
262 270
262 272
262 275
262 276
262 278
262 279
262 280
262 281
262 282
262 283
262 284
262 285
262 286
262 287
262 288
263 264
263 265
263 266
263 267
263 268
263 269
263 270
263 271
263 272
263 273
263 274
263 275
263 276
264 265
264 266
264 267
264 268
264 269
264 272
264 273
264 274
264 277
264 278
264 279
264 280
264 281
264 282
264 283
264 284
264 285
264 286
265 266
265 267
265 268
265 270
265 271
265 273
265 274
265 277
265 278
265 279
265 280
265 281
265 282
265 283
265 284
265 285
265 286
266 267
266 275
266 276
266 281
266 283
266 288
267 275
267 276
267 282
267 284
267 288
268 269
268 270
268 271
268 272
268 273
268 274
269 270
269 271
269 272
269 274
269 277
269 278
269 279
269 280
269 281
269 282
269 283
269 284
269 285
269 286
270 271
270 272
270 273
270 277
270 278
270 279
270 280
270 281
270 282
270 283
270 284
270 285
270 286
271 272
271 273
271 277
271 278
271 279
271 280
271 281
271 282
271 283
271 284
271 285
271 286
272 274
272 277
272 278
272 279
272 280
272 281
272 282
272 283
272 284
272 285
272 286
273 274
273 275
273 276
273 277
273 278
273 279
273 280
273 281
273 282
273 283
273 284
273 285
273 286
274 275
274 276
274 277
274 278
274 279
274 280
274 281
274 282
274 283
274 284
274 285
274 286
275 276
275 281
275 283
275 288
276 282
276 284
276 288
277 278
277 279
277 280
277 281
277 282
277 283
277 284
277 285
277 286
278 279
278 280
278 281
278 284
278 285
278 286
278 287
278 288
279 280
279 282
279 283
279 285
279 286
279 287
279 288
280 281
280 282
280 283
280 284
280 285
280 286
281 282
281 283
281 284
281 286
281 287
281 288
282 283
282 284
282 285
282 287
282 288
283 284
283 285
283 287
283 288
284 286
284 287
284 288
285 286
285 287
285 288
286 287
286 288
287 288
