42 30 8680
-1 0 1 2 3 0 -1 2 1 3 1 2 -1 0 3 2 1 0 -1 3 3 3 3 3 -1
-1 0 1 3 2 0 -1 2 3 1 1 2 -1 3 0 3 3 3 -1 3 2 1 0 3 -1
-1 0 2 1 3 0 -1 1 2 3 2 1 -1 0 3 1 2 0 -1 3 3 3 3 3 -1
-1 0 2 3 1 0 -1 1 3 2 2 1 -1 3 0 3 3 3 -1 3 1 2 0 3 -1
-1 0 3 1 2 0 -1 3 2 1 3 3 -1 3 3 1 2 3 -1 0 2 1 3 0 -1
-1 0 3 2 1 0 -1 3 1 2 3 3 -1 3 3 2 1 3 -1 0 1 2 3 0 -1
-1 1 0 2 3 1 -1 2 0 3 0 2 -1 1 3 2 0 1 -1 3 3 3 3 3 -1
-1 1 0 3 2 1 -1 2 3 0 0 2 -1 3 1 3 3 3 -1 3 2 0 1 3 -1
-1 1 2 0 3 1 -1 0 2 3 2 0 -1 1 3 0 2 1 -1 3 3 3 3 3 -1
-1 1 2 3 0 1 -1 0 3 2 2 0 -1 3 1 3 3 3 -1 3 0 2 1 3 -1
-1 1 3 0 2 1 -1 3 2 0 3 3 -1 3 3 0 2 3 -1 1 2 0 3 1 -1
-1 1 3 2 0 1 -1 3 0 2 3 3 -1 3 3 2 0 3 -1 1 0 2 3 1 -1
-1 2 0 1 3 2 -1 1 0 3 0 1 -1 2 3 1 0 2 -1 3 3 3 3 3 -1
-1 2 0 3 1 2 -1 1 3 0 0 1 -1 3 2 3 3 3 -1 3 1 0 2 3 -1
-1 2 1 0 3 2 -1 0 1 3 1 0 -1 2 3 0 1 2 -1 3 3 3 3 3 -1
-1 2 1 3 0 2 -1 0 3 1 1 0 -1 3 2 3 3 3 -1 3 0 1 2 3 -1
-1 2 3 0 1 2 -1 3 1 0 3 3 -1 3 3 0 1 3 -1 2 1 0 3 2 -1
-1 2 3 1 0 2 -1 3 0 1 3 3 -1 3 3 1 0 3 -1 2 0 1 3 2 -1
-1 3 0 1 2 3 -1 3 3 3 0 3 -1 2 1 1 3 2 -1 0 2 3 1 0 -1
-1 3 0 2 1 3 -1 3 3 3 0 3 -1 1 2 2 3 1 -1 0 1 3 2 0 -1
-1 3 1 0 2 3 -1 3 3 3 1 3 -1 2 0 0 3 2 -1 1 2 3 0 1 -1
-1 3 1 2 0 3 -1 3 3 3 1 3 -1 0 2 2 3 0 -1 1 0 3 2 1 -1
-1 3 2 0 1 3 -1 3 3 3 2 3 -1 1 0 0 3 1 -1 2 1 3 0 2 -1
-1 3 2 1 0 3 -1 3 3 3 2 3 -1 0 1 1 3 0 -1 2 0 3 1 2 -1
-1 3 3 3 3 3 -1 0 1 2 3 0 -1 2 1 3 1 2 -1 0 3 2 1 0 -1
-1 3 3 3 3 3 -1 0 2 1 3 0 -1 1 2 3 2 1 -1 0 3 1 2 0 -1
-1 3 3 3 3 3 -1 1 0 2 3 1 -1 2 0 3 0 2 -1 1 3 2 0 1 -1
-1 3 3 3 3 3 -1 1 2 0 3 1 -1 0 2 3 2 0 -1 1 3 0 2 1 -1
-1 3 3 3 3 3 -1 2 0 1 3 2 -1 1 0 3 0 1 -1 2 3 1 0 2 -1
-1 3 3 3 3 3 -1 2 1 0 3 2 -1 0 1 3 1 0 -1 2 3 0 1 2 -1
6 7 0 6 7 2 1 1 0 1 4 3 6 1 3 1 7 2 1 1 2 0 2 1 1 2 0 2 1 1 2 2 0 1 4 3 1 2 0 2 4 0 0 0 3 2 0 2 6 1 3 1 1 1 2 2 3 2 0 2 1 2 2 3 7 2 1 1 2 0 2 1 1 2 0 2 1 1 2 2 2 0 2 1 0 1 0 1 2 0 0 0 1 1 0 1 1 2 0 2 2 0 0 0 0 0 0 0 2 0 0 0 1 1 2 2 1 1 0 1 2 0 0 0 2 1 0 1 0 1 4 3 1 2 0 2 4 0 0 0 3 2 0 2 1 2 0 2 2 0 0 0 0 0 0 0 2 0 0 0 4 0 0 0 0 0 0 0 0 0 0 0 0 0 0 0 3 2 0 2 2 0 0 0 0 0 0 0 2 0 0 0 6 1 3 1 1 1 2 2 3 2 0 2 1 2 2 3 1 1 2 2 1 1 0 1 2 0 0 0 2 1 0 1 3 2 0 2 2 0 0 0 0 0 0 0 2 0 0 0 1 2 2 3 2 1 0 1 2 0 0 0 3 1 0 1 7 2 1 1 2 0 2 1 1 2 0 2 1 1 2 2 2 0 2 1 0 1 0 1 2 0 0 0 1 1 0 1 1 2 0 2 2 0 0 0 0 0 0 0 2 0 0 0 1 1 2 2 1 1 0 1 2 0 0 0 2 1 0 1 2 0 2 1 0 1 0 1 2 0 0 0 1 1 0 1 0 1 0 1 1 0 0 0 0 0 0 0 1 0 0 0 2 0 0 0 0 0 0 0 0 0 0 0 0 0 0 0 1 1 0 1 1 0 0 0 0 0 0 0 1 0 0 0 1 2 0 2 2 0 0 0 0 0 0 0 2 0 0 0 2 0 0 0 0 0 0 0 0 0 0 0 0 0 0 0 0 0 0 0 0 0 0 0 0 0 0 0 0 0 0 0 2 0 0 0 0 0 0 0 0 0 0 0 0 0 0 0 1 1 2 2 1 1 0 1 2 0 0 0 2 1 0 1 1 1 0 1 1 0 0 0 0 0 0 0 1 0 0 0 2 0 0 0 0 0 0 0 0 0 0 0 0 0 0 0 2 1 0 1 1 0 0 0 0 0 0 0 1 0 0 0 0 1 4 3 1 2 0 2 4 0 0 0 3 2 0 2 1 2 0 2 2 0 0 0 0 0 0 0 2 0 0 0 4 0 0 0 0 0 0 0 0 0 0 0 0 0 0 0 3 2 0 2 2 0 0 0 0 0 0 0 2 0 0 0 1 2 0 2 2 0 0 0 0 0 0 0 2 0 0 0 2 0 0 0 0 0 0 0 0 0 0 0 0 0 0 0 0 0 0 0 0 0 0 0 0 0 0 0 0 0 0 0 2 0 0 0 0 0 0 0 0 0 0 0 0 0 0 0 4 0 0 0 0 0 0 0 0 0 0 0 0 0 0 0 0 0 0 0 0 0 0 0 0 0 0 0 0 0 0 0 0 0 0 0 0 0 0 0 0 0 0 0 0 0 0 0 0 0 0 0 0 0 0 0 0 0 0 0 0 0 0 0 3 2 0 2 2 0 0 0 0 0 0 0 2 0 0 0 2 0 0 0 0 0 0 0 0 0 0 0 0 0 0 0 0 0 0 0 0 0 0 0 0 0 0 0 0 0 0 0 2 0 0 0 0 0 0 0 0 0 0 0 0 0 0 0 6 1 3 1 1 1 2 2 3 2 0 2 1 2 2 3 1 1 2 2 1 1 0 1 2 0 0 0 2 1 0 1 3 2 0 2 2 0 0 0 0 0 0 0 2 0 0 0 1 2 2 3 2 1 0 1 2 0 0 0 3 1 0 1 1 1 2 2 1 1 0 1 2 0 0 0 2 1 0 1 1 1 0 1 1 0 0 0 0 0 0 0 1 0 0 0 2 0 0 0 0 0 0 0 0 0 0 0 0 0 0 0 2 1 0 1 1 0 0 0 0 0 0 0 1 0 0 0 3 2 0 2 2 0 0 0 0 0 0 0 2 0 0 0 2 0 0 0 0 0 0 0 0 0 0 0 0 0 0 0 0 0 0 0 0 0 0 0 0 0 0 0 0 0 0 0 2 0 0 0 0 0 0 0 0 0 0 0 0 0 0 0 1 2 2 3 2 1 0 1 2 0 0 0 3 1 0 1 2 1 0 1 1 0 0 0 0 0 0 0 1 0 0 0 2 0 0 0 0 0 0 0 0 0 0 0 0 0 0 0 3 1 0 1 1 0 0 0 0 0 0 0 1 0 0 0 7 2 1 1 2 0 2 1 1 2 0 2 1 1 2 2 2 0 2 1 0 1 0 1 2 0 0 0 1 1 0 1 1 2 0 2 2 0 0 0 0 0 0 0 2 0 0 0 1 1 2 2 1 1 0 1 2 0 0 0 2 1 0 1 2 0 2 1 0 1 0 1 2 0 0 0 1 1 0 1 0 1 0 1 1 0 0 0 0 0 0 0 1 0 0 0 2 0 0 0 0 0 0 0 0 0 0 0 0 0 0 0 1 1 0 1 1 0 0 0 0 0 0 0 1 0 0 0 1 2 0 2 2 0 0 0 0 0 0 0 2 0 0 0 2 0 0 0 0 0 0 0 0 0 0 0 0 0 0 0 0 0 0 0 0 0 0 0 0 0 0 0 0 0 0 0 2 0 0 0 0 0 0 0 0 0 0 0 0 0 0 0 1 1 2 2 1 1 0 1 2 0 0 0 2 1 0 1 1 1 0 1 1 0 0 0 0 0 0 0 1 0 0 0 2 0 0 0 0 0 0 0 0 0 0 0 0 0 0 0 2 1 0 1 1 0 0 0 0 0 0 0 1 0 0 0 2 0 2 1 0 1 0 1 2 0 0 0 1 1 0 1 0 1 0 1 1 0 0 0 0 0 0 0 1 0 0 0 2 0 0 0 0 0 0 0 0 0 0 0 0 0 0 0 1 1 0 1 1 0 0 0 0 0 0 0 1 0 0 0 0 1 0 1 1 0 0 0 0 0 0 0 1 0 0 0 1 0 0 0 0 0 0 0 0 0 0 0 0 0 0 0 0 0 0 0 0 0 0 0 0 0 0 0 0 0 0 0 1 0 0 0 0 0 0 0 0 0 0 0 0 0 0 0 2 0 0 0 0 0 0 0 0 0 0 0 0 0 0 0 0 0 0 0 0 0 0 0 0 0 0 0 0 0 0 0 0 0 0 0 0 0 0 0 0 0 0 0 0 0 0 0 0 0 0 0 0 0 0 0 0 0 0 0 0 0 0 0 1 1 0 1 1 0 0 0 0 0 0 0 1 0 0 0 1 0 0 0 0 0 0 0 0 0 0 0 0 0 0 0 0 0 0 0 0 0 0 0 0 0 0 0 0 0 0 0 1 0 0 0 0 0 0 0 0 0 0 0 0 0 0 0 1 2 0 2 2 0 0 0 0 0 0 0 2 0 0 0 2 0 0 0 0 0 0 0 0 0 0 0 0 0 0 0 0 0 0 0 0 0 0 0 0 0 0 0 0 0 0 0 2 0 0 0 0 0 0 0 0 0 0 0 0 0 0 0 2 0 0 0 0 0 0 0 0 0 0 0 0 0 0 0 0 0 0 0 0 0 0 0 0 0 0 0 0 0 0 0 0 0 0 0 0 0 0 0 0 0 0 0 0 0 0 0 0 0 0 0 0 0 0 0 0 0 0 0 0 0 0 0 0 0 0 0 0 0 0 0 0 0 0 0 0 0 0 0 0 0 0 0 0 0 0 0 0 0 0 0 0 0 0 0 0 0 0 0 0 0 0 0 0 0 0 0 0 0 0 0 0 0 0 0 0 0 0 0 0 0 0 0 0 0 0 0 2 0 0 0 0 0 0 0 0 0 0 0 0 0 0 0 0 0 0 0 0 0 0 0 0 0 0 0 0 0 0 0 0 0 0 0 0 0 0 0 0 0 0 0 0 0 0 0 0 0 0 0 0 0 0 0 0 0 0 0 0 0 0 0 1 1 2 2 1 1 0 1 2 0 0 0 2 1 0 1 1 1 0 1 1 0 0 0 0 0 0 0 1 0 0 0 2 0 0 0 0 0 0 0 0 0 0 0 0 0 0 0 2 1 0 1 1 0 0 0 0 0 0 0 1 0 0 0 1 1 0 1 1 0 0 0 0 0 0 0 1 0 0 0 1 0 0 0 0 0 0 0 0 0 0 0 0 0 0 0 0 0 0 0 0 0 0 0 0 0 0 0 0 0 0 0 1 0 0 0 0 0 0 0 0 0 0 0 0 0 0 0 2 0 0 0 0 0 0 0 0 0 0 0 0 0 0 0 0 0 0 0 0 0 0 0 0 0 0 0 0 0 0 0 0 0 0 0 0 0 0 0 0 0 0 0 0 0 0 0 0 0 0 0 0 0 0 0 0 0 0 0 0 0 0 0 2 1 0 1 1 0 0 0 0 0 0 0 1 0 0 0 1 0 0 0 0 0 0 0 0 0 0 0 0 0 0 0 0 0 0 0 0 0 0 0 0 0 0 0 0 0 0 0 1 0 0 0 0 0 0 0 0 0 0 0 0 0 0 0 0 1 4 3 1 2 0 2 4 0 0 0 3 2 0 2 1 2 0 2 2 0 0 0 0 0 0 0 2 0 0 0 4 0 0 0 0 0 0 0 0 0 0 0 0 0 0 0 3 2 0 2 2 0 0 0 0 0 0 0 2 0 0 0 1 2 0 2 2 0 0 0 0 0 0 0 2 0 0 0 2 0 0 0 0 0 0 0 0 0 0 0 0 0 0 0 0 0 0 0 0 0 0 0 0 0 0 0 0 0 0 0 2 0 0 0 0 0 0 0 0 0 0 0 0 0 0 0 4 0 0 0 0 0 0 0 0 0 0 0 0 0 0 0 0 0 0 0 0 0 0 0 0 0 0 0 0 0 0 0 0 0 0 0 0 0 0 0 0 0 0 0 0 0 0 0 0 0 0 0 0 0 0 0 0 0 0 0 0 0 0 0 3 2 0 2 2 0 0 0 0 0 0 0 2 0 0 0 2 0 0 0 0 0 0 0 0 0 0 0 0 0 0 0 0 0 0 0 0 0 0 0 0 0 0 0 0 0 0 0 2 0 0 0 0 0 0 0 0 0 0 0 0 0 0 0 1 2 0 2 2 0 0 0 0 0 0 0 2 0 0 0 2 0 0 0 0 0 0 0 0 0 0 0 0 0 0 0 0 0 0 0 0 0 0 0 0 0 0 0 0 0 0 0 2 0 0 0 0 0 0 0 0 0 0 0 0 0 0 0 2 0 0 0 0 0 0 0 0 0 0 0 0 0 0 0 0 0 0 0 0 0 0 0 0 0 0 0 0 0 0 0 0 0 0 0 0 0 0 0 0 0 0 0 0 0 0 0 0 0 0 0 0 0 0 0 0 0 0 0 0 0 0 0 0 0 0 0 0 0 0 0 0 0 0 0 0 0 0 0 0 0 0 0 0 0 0 0 0 0 0 0 0 0 0 0 0 0 0 0 0 0 0 0 0 0 0 0 0 0 0 0 0 0 0 0 0 0 0 0 0 0 0 0 0 0 0 0 2 0 0 0 0 0 0 0 0 0 0 0 0 0 0 0 0 0 0 0 0 0 0 0 0 0 0 0 0 0 0 0 0 0 0 0 0 0 0 0 0 0 0 0 0 0 0 0 0 0 0 0 0 0 0 0 0 0 0 0 0 0 0 0 4 0 0 0 0 0 0 0 0 0 0 0 0 0 0 0 0 0 0 0 0 0 0 0 0 0 0 0 0 0 0 0 0 0 0 0 0 0 0 0 0 0 0 0 0 0 0 0 0 0 0 0 0 0 0 0 0 0 0 0 0 0 0 0 0 0 0 0 0 0 0 0 0 0 0 0 0 0 0 0 0 0 0 0 0 0 0 0 0 0 0 0 0 0 0 0 0 0 0 0 0 0 0 0 0 0 0 0 0 0 0 0 0 0 0 0 0 0 0 0 0 0 0 0 0 0 0 0 0 0 0 0 0 0 0 0 0 0 0 0 0 0 0 0 0 0 0 0 0 0 0 0 0 0 0 0 0 0 0 0 0 0 0 0 0 0 0 0 0 0 0 0 0 0 0 0 0 0 0 0 0 0 0 0 0 0 0 0 0 0 0 0 0 0 0 0 0 0 0 0 0 0 0 0 0 0 0 0 0 0 0 0 0 0 0 0 0 0 0 0 0 0 0 0 0 0 0 0 0 0 0 0 0 0 0 0 0 0 0 0 0 0 0 0 0 0 0 0 0 0 0 0 0 0 0 0 3 2 0 2 2 0 0 0 0 0 0 0 2 0 0 0 2 0 0 0 0 0 0 0 0 0 0 0 0 0 0 0 0 0 0 0 0 0 0 0 0 0 0 0 0 0 0 0 2 0 0 0 0 0 0 0 0 0 0 0 0 0 0 0 2 0 0 0 0 0 0 0 0 0 0 0 0 0 0 0 0 0 0 0 0 0 0 0 0 0 0 0 0 0 0 0 0 0 0 0 0 0 0 0 0 0 0 0 0 0 0 0 0 0 0 0 0 0 0 0 0 0 0 0 0 0 0 0 0 0 0 0 0 0 0 0 0 0 0 0 0 0 0 0 0 0 0 0 0 0 0 0 0 0 0 0 0 0 0 0 0 0 0 0 0 0 0 0 0 0 0 0 0 0 0 0 0 0 0 0 0 0 0 0 0 0 0 0 0 0 0 0 2 0 0 0 0 0 0 0 0 0 0 0 0 0 0 0 0 0 0 0 0 0 0 0 0 0 0 0 0 0 0 0 0 0 0 0 0 0 0 0 0 0 0 0 0 0 0 0 0 0 0 0 0 0 0 0 0 0 0 0 0 0 0 0 6 1 3 1 1 1 2 2 3 2 0 2 1 2 2 3 1 1 2 2 1 1 0 1 2 0 0 0 2 1 0 1 3 2 0 2 2 0 0 0 0 0 0 0 2 0 0 0 1 2 2 3 2 1 0 1 2 0 0 0 3 1 0 1 1 1 2 2 1 1 0 1 2 0 0 0 2 1 0 1 1 1 0 1 1 0 0 0 0 0 0 0 1 0 0 0 2 0 0 0 0 0 0 0 0 0 0 0 0 0 0 0 2 1 0 1 1 0 0 0 0 0 0 0 1 0 0 0 3 2 0 2 2 0 0 0 0 0 0 0 2 0 0 0 2 0 0 0 0 0 0 0 0 0 0 0 0 0 0 0 0 0 0 0 0 0 0 0 0 0 0 0 0 0 0 0 2 0 0 0 0 0 0 0 0 0 0 0 0 0 0 0 1 2 2 3 2 1 0 1 2 0 0 0 3 1 0 1 2 1 0 1 1 0 0 0 0 0 0 0 1 0 0 0 2 0 0 0 0 0 0 0 0 0 0 0 0 0 0 0 3 1 0 1 1 0 0 0 0 0 0 0 1 0 0 0 1 1 2 2 1 1 0 1 2 0 0 0 2 1 0 1 1 1 0 1 1 0 0 0 0 0 0 0 1 0 0 0 2 0 0 0 0 0 0 0 0 0 0 0 0 0 0 0 2 1 0 1 1 0 0 0 0 0 0 0 1 0 0 0 1 1 0 1 1 0 0 0 0 0 0 0 1 0 0 0 1 0 0 0 0 0 0 0 0 0 0 0 0 0 0 0 0 0 0 0 0 0 0 0 0 0 0 0 0 0 0 0 1 0 0 0 0 0 0 0 0 0 0 0 0 0 0 0 2 0 0 0 0 0 0 0 0 0 0 0 0 0 0 0 0 0 0 0 0 0 0 0 0 0 0 0 0 0 0 0 0 0 0 0 0 0 0 0 0 0 0 0 0 0 0 0 0 0 0 0 0 0 0 0 0 0 0 0 0 0 0 0 2 1 0 1 1 0 0 0 0 0 0 0 1 0 0 0 1 0 0 0 0 0 0 0 0 0 0 0 0 0 0 0 0 0 0 0 0 0 0 0 0 0 0 0 0 0 0 0 1 0 0 0 0 0 0 0 0 0 0 0 0 0 0 0 3 2 0 2 2 0 0 0 0 0 0 0 2 0 0 0 2 0 0 0 0 0 0 0 0 0 0 0 0 0 0 0 0 0 0 0 0 0 0 0 0 0 0 0 0 0 0 0 2 0 0 0 0 0 0 0 0 0 0 0 0 0 0 0 2 0 0 0 0 0 0 0 0 0 0 0 0 0 0 0 0 0 0 0 0 0 0 0 0 0 0 0 0 0 0 0 0 0 0 0 0 0 0 0 0 0 0 0 0 0 0 0 0 0 0 0 0 0 0 0 0 0 0 0 0 0 0 0 0 0 0 0 0 0 0 0 0 0 0 0 0 0 0 0 0 0 0 0 0 0 0 0 0 0 0 0 0 0 0 0 0 0 0 0 0 0 0 0 0 0 0 0 0 0 0 0 0 0 0 0 0 0 0 0 0 0 0 0 0 0 0 0 2 0 0 0 0 0 0 0 0 0 0 0 0 0 0 0 0 0 0 0 0 0 0 0 0 0 0 0 0 0 0 0 0 0 0 0 0 0 0 0 0 0 0 0 0 0 0 0 0 0 0 0 0 0 0 0 0 0 0 0 0 0 0 0 1 2 2 3 2 1 0 1 2 0 0 0 3 1 0 1 2 1 0 1 1 0 0 0 0 0 0 0 1 0 0 0 2 0 0 0 0 0 0 0 0 0 0 0 0 0 0 0 3 1 0 1 1 0 0 0 0 0 0 0 1 0 0 0 2 1 0 1 1 0 0 0 0 0 0 0 1 0 0 0 1 0 0 0 0 0 0 0 0 0 0 0 0 0 0 0 0 0 0 0 0 0 0 0 0 0 0 0 0 0 0 0 1 0 0 0 0 0 0 0 0 0 0 0 0 0 0 0 2 0 0 0 0 0 0 0 0 0 0 0 0 0 0 0 0 0 0 0 0 0 0 0 0 0 0 0 0 0 0 0 0 0 0 0 0 0 0 0 0 0 0 0 0 0 0 0 0 0 0 0 0 0 0 0 0 0 0 0 0 0 0 0 3 1 0 1 1 0 0 0 0 0 0 0 1 0 0 0 1 0 0 0 0 0 0 0 0 0 0 0 0 0 0 0 0 0 0 0 0 0 0 0 0 0 0 0 0 0 0 0 1 0 0 0 0 0 0 0 0 0 0 0 0 0 0 0
0
6 0 1 0 22 0 1 5 1 0 21 1 0 1 0 1 26 1 0
8 0 2 0 22 0 1 5 1 0 21 1 0 1 0 2 27 0 2 10 1 2 30 2 0
8 0 4 0 22 0 1 5 1 0 21 1 0 1 0 2 27 0 3 14 1 4 38 2 0
8 0 3 0 22 0 1 5 1 0 21 1 0 1 0 2 27 0 4 18 1 3 34 2 0
8 0 2 0 22 0 1 5 1 0 21 1 0 1 0 3 28 0 2 12 1 2 30 4 0
8 0 4 0 22 0 1 5 1 0 21 1 0 1 0 3 28 0 3 16 1 4 38 4 0
8 0 3 0 22 0 1 5 1 0 21 1 0 1 0 3 28 0 4 20 1 3 34 4 0
8 0 2 0 22 0 1 5 1 0 21 1 0 1 0 4 29 0 2 11 1 2 30 3 0
8 0 4 0 22 0 1 5 1 0 21 1 0 1 0 4 29 0 3 15 1 4 38 3 0
8 0 3 0 22 0 1 5 1 0 21 1 0 1 0 4 29 0 4 19 1 3 34 3 0
6 0 2 0 22 0 1 5 1 0 21 1 2 9 0 1 30 1 0
8 0 1 0 22 0 1 5 1 0 21 1 2 9 0 2 31 2 0 2 2 1 26 2 0
8 0 4 0 22 0 1 5 1 0 21 1 2 9 0 2 31 2 3 16 2 4 38 4 0
8 0 3 0 22 0 1 5 1 0 21 1 2 9 0 2 31 2 4 19 2 3 34 3 0
8 0 1 0 22 0 1 5 1 0 21 1 2 9 0 3 32 2 0 4 2 1 26 4 0
8 0 4 0 22 0 1 5 1 0 21 1 2 9 0 3 32 2 3 15 2 4 38 3 0
8 0 3 0 22 0 1 5 1 0 21 1 2 9 0 3 32 2 4 18 2 3 34 2 0
8 0 1 0 22 0 1 5 1 0 21 1 2 9 0 4 33 2 0 3 2 1 26 3 0
8 0 4 0 22 0 1 5 1 0 21 1 2 9 0 4 33 2 3 14 2 4 38 2 0
8 0 3 0 22 0 1 5 1 0 21 1 2 9 0 4 33 2 4 20 2 3 34 4 0
6 0 4 0 22 0 1 5 1 0 21 1 3 13 0 1 38 1 0
8 0 1 0 22 0 1 5 1 0 21 1 3 13 0 2 39 3 0 4 4 1 26 4 0
8 0 2 0 22 0 1 5 1 0 21 1 3 13 0 2 39 3 2 11 4 2 30 3 0
8 0 3 0 22 0 1 5 1 0 21 1 3 13 0 2 39 3 4 20 4 3 34 4 0
8 0 1 0 22 0 1 5 1 0 21 1 3 13 0 3 40 3 0 3 4 1 26 3 0
8 0 2 0 22 0 1 5 1 0 21 1 3 13 0 3 40 3 2 10 4 2 30 2 0
8 0 3 0 22 0 1 5 1 0 21 1 3 13 0 3 40 3 4 19 4 3 34 3 0
8 0 1 0 22 0 1 5 1 0 21 1 3 13 0 4 41 3 0 2 4 1 26 2 0
8 0 2 0 22 0 1 5 1 0 21 1 3 13 0 4 41 3 2 12 4 2 30 4 0
8 0 3 0 22 0 1 5 1 0 21 1 3 13 0 4 41 3 4 18 4 3 34 2 0
6 0 3 0 22 0 1 5 1 0 21 1 4 17 0 1 34 1 0
8 0 1 0 22 0 1 5 1 0 21 1 4 17 0 2 35 4 0 3 3 1 26 3 0
8 0 2 0 22 0 1 5 1 0 21 1 4 17 0 2 35 4 2 12 3 2 30 4 0
8 0 4 0 22 0 1 5 1 0 21 1 4 17 0 2 35 4 3 15 3 4 38 3 0
8 0 1 0 22 0 1 5 1 0 21 1 4 17 0 3 36 4 0 2 3 1 26 2 0
8 0 2 0 22 0 1 5 1 0 21 1 4 17 0 3 36 4 2 11 3 2 30 3 0
8 0 4 0 22 0 1 5 1 0 21 1 4 17 0 3 36 4 3 14 3 4 38 2 0
8 0 1 0 22 0 1 5 1 0 21 1 4 17 0 4 37 4 0 4 3 1 26 4 0
8 0 2 0 22 0 1 5 1 0 21 1 4 17 0 4 37 4 2 10 3 2 30 2 0
8 0 4 0 22 0 1 5 1 0 21 1 4 17 0 4 37 4 3 16 3 4 38 4 0
6 0 1 0 22 0 1 5 1 2 23 1 0 2 0 1 26 2 0
8 0 2 0 22 0 1 5 1 2 23 1 0 2 0 2 31 0 2 9 2 1 30 1 0
8 0 4 0 22 0 1 5 1 2 23 1 0 2 0 2 31 0 3 16 2 4 38 4 0
8 0 3 0 22 0 1 5 1 2 23 1 0 2 0 2 31 0 4 19 2 3 34 3 0
8 0 2 0 22 0 1 5 1 2 23 1 0 2 0 3 36 0 2 11 3 2 30 3 0
8 0 4 0 22 0 1 5 1 2 23 1 0 2 0 3 36 0 3 14 3 4 38 2 0
8 0 3 0 22 0 1 5 1 2 23 1 0 2 0 3 36 0 4 17 3 1 34 1 0
8 0 2 0 22 0 1 5 1 2 23 1 0 2 0 4 41 0 2 12 4 2 30 4 0
8 0 4 0 22 0 1 5 1 2 23 1 0 2 0 4 41 0 3 13 4 1 38 1 0
8 0 3 0 22 0 1 5 1 2 23 1 0 2 0 4 41 0 4 18 4 3 34 2 0
8 0 1 0 22 0 1 5 1 2 23 1 2 10 0 1 27 2 0 1 2 1 26 1 0
8 0 4 0 22 0 1 5 1 2 23 1 2 10 0 1 27 2 3 14 1 4 38 2 0
8 0 3 0 22 0 1 5 1 2 23 1 2 10 0 1 27 2 4 18 1 3 34 2 0
6 0 2 0 22 0 1 5 1 2 23 1 2 10 0 2 30 2 0
8 0 1 0 22 0 1 5 1 2 23 1 2 10 0 3 37 2 0 4 3 1 26 4 0
8 0 4 0 22 0 1 5 1 2 23 1 2 10 0 3 37 2 3 16 3 4 38 4 0
8 0 3 0 22 0 1 5 1 2 23 1 2 10 0 3 37 2 4 17 4 1 34 1 0
8 0 1 0 22 0 1 5 1 2 23 1 2 10 0 4 40 2 0 3 4 1 26 3 0
8 0 4 0 22 0 1 5 1 2 23 1 2 10 0 4 40 2 3 13 3 1 38 1 0
8 0 3 0 22 0 1 5 1 2 23 1 2 10 0 4 40 2 4 19 4 3 34 3 0
8 0 1 0 22 0 1 5 1 2 23 1 3 15 0 1 29 3 0 1 4 1 26 1 0
8 0 2 0 22 0 1 5 1 2 23 1 3 15 0 1 29 3 2 11 1 2 30 3 0
8 0 3 0 22 0 1 5 1 2 23 1 3 15 0 1 29 3 4 19 1 3 34 3 0
8 0 1 0 22 0 1 5 1 2 23 1 3 15 0 2 32 3 0 4 2 1 26 4 0
8 0 2 0 22 0 1 5 1 2 23 1 3 15 0 2 32 3 2 9 3 1 30 1 0
8 0 3 0 22 0 1 5 1 2 23 1 3 15 0 2 32 3 4 18 2 3 34 2 0
8 0 1 0 22 0 1 5 1 2 23 1 3 15 0 3 35 3 0 3 3 1 26 3 0
8 0 2 0 22 0 1 5 1 2 23 1 3 15 0 3 35 3 2 12 3 2 30 4 0
8 0 3 0 22 0 1 5 1 2 23 1 3 15 0 3 35 3 4 17 2 1 34 1 0
6 0 4 0 22 0 1 5 1 2 23 1 3 15 0 4 38 3 0
8 0 1 0 22 0 1 5 1 2 23 1 4 20 0 1 28 4 0 1 3 1 26 1 0
8 0 2 0 22 0 1 5 1 2 23 1 4 20 0 1 28 4 2 12 1 2 30 4 0
8 0 4 0 22 0 1 5 1 2 23 1 4 20 0 1 28 4 3 16 1 4 38 4 0
8 0 1 0 22 0 1 5 1 2 23 1 4 20 0 2 33 4 0 3 2 1 26 3 0
8 0 2 0 22 0 1 5 1 2 23 1 4 20 0 2 33 4 2 9 4 1 30 1 0
8 0 4 0 22 0 1 5 1 2 23 1 4 20 0 2 33 4 3 14 2 4 38 2 0
6 0 3 0 22 0 1 5 1 2 23 1 4 20 0 3 34 4 0
8 0 1 0 22 0 1 5 1 2 23 1 4 20 0 4 39 4 0 4 4 1 26 4 0
8 0 2 0 22 0 1 5 1 2 23 1 4 20 0 4 39 4 2 11 4 2 30 3 0
8 0 4 0 22 0 1 5 1 2 23 1 4 20 0 4 39 4 3 13 2 1 38 1 0
6 0 1 0 22 0 1 5 1 3 24 1 0 4 0 1 26 4 0
8 0 2 0 22 0 1 5 1 3 24 1 0 4 0 2 32 0 2 9 3 1 30 1 0
8 0 4 0 22 0 1 5 1 3 24 1 0 4 0 2 32 0 3 15 2 4 38 3 0
8 0 3 0 22 0 1 5 1 3 24 1 0 4 0 2 32 0 4 18 2 3 34 2 0
8 0 2 0 22 0 1 5 1 3 24 1 0 4 0 3 37 0 2 10 3 2 30 2 0
8 0 4 0 22 0 1 5 1 3 24 1 0 4 0 3 37 0 3 16 3 4 38 4 0
8 0 3 0 22 0 1 5 1 3 24 1 0 4 0 3 37 0 4 17 4 1 34 1 0
8 0 2 0 22 0 1 5 1 3 24 1 0 4 0 4 39 0 2 11 4 2 30 3 0
8 0 4 0 22 0 1 5 1 3 24 1 0 4 0 4 39 0 3 13 2 1 38 1 0
8 0 3 0 22 0 1 5 1 3 24 1 0 4 0 4 39 0 4 20 4 3 34 4 0
8 0 1 0 22 0 1 5 1 3 24 1 2 12 0 1 28 2 0 1 3 1 26 1 0
8 0 4 0 22 0 1 5 1 3 24 1 2 12 0 1 28 2 3 16 1 4 38 4 0
8 0 3 0 22 0 1 5 1 3 24 1 2 12 0 1 28 2 4 20 1 3 34 4 0
6 0 2 0 22 0 1 5 1 3 24 1 2 12 0 2 30 4 0
8 0 1 0 22 0 1 5 1 3 24 1 2 12 0 3 35 2 0 3 3 1 26 3 0
8 0 4 0 22 0 1 5 1 3 24 1 2 12 0 3 35 2 3 15 3 4 38 3 0
8 0 3 0 22 0 1 5 1 3 24 1 2 12 0 3 35 2 4 17 2 1 34 1 0
8 0 1 0 22 0 1 5 1 3 24 1 2 12 0 4 41 2 0 2 4 1 26 2 0
8 0 4 0 22 0 1 5 1 3 24 1 2 12 0 4 41 2 3 13 4 1 38 1 0
8 0 3 0 22 0 1 5 1 3 24 1 2 12 0 4 41 2 4 18 4 3 34 2 0
8 0 1 0 22 0 1 5 1 3 24 1 3 14 0 1 27 3 0 1 2 1 26 1 0
8 0 2 0 22 0 1 5 1 3 24 1 3 14 0 1 27 3 2 10 1 2 30 2 0
8 0 3 0 22 0 1 5 1 3 24 1 3 14 0 1 27 3 4 18 1 3 34 2 0
8 0 1 0 22 0 1 5 1 3 24 1 3 14 0 2 33 3 0 3 2 1 26 3 0
8 0 2 0 22 0 1 5 1 3 24 1 3 14 0 2 33 3 2 9 4 1 30 1 0
8 0 3 0 22 0 1 5 1 3 24 1 3 14 0 2 33 3 4 20 2 3 34 4 0
8 0 1 0 22 0 1 5 1 3 24 1 3 14 0 3 36 3 0 2 3 1 26 2 0
8 0 2 0 22 0 1 5 1 3 24 1 3 14 0 3 36 3 2 11 3 2 30 3 0
8 0 3 0 22 0 1 5 1 3 24 1 3 14 0 3 36 3 4 17 3 1 34 1 0
6 0 4 0 22 0 1 5 1 3 24 1 3 14 0 4 38 2 0
8 0 1 0 22 0 1 5 1 3 24 1 4 19 0 1 29 4 0 1 4 1 26 1 0
8 0 2 0 22 0 1 5 1 3 24 1 4 19 0 1 29 4 2 11 1 2 30 3 0
8 0 4 0 22 0 1 5 1 3 24 1 4 19 0 1 29 4 3 15 1 4 38 3 0
8 0 1 0 22 0 1 5 1 3 24 1 4 19 0 2 31 4 0 2 2 1 26 2 0
8 0 2 0 22 0 1 5 1 3 24 1 4 19 0 2 31 4 2 9 2 1 30 1 0
8 0 4 0 22 0 1 5 1 3 24 1 4 19 0 2 31 4 3 16 2 4 38 4 0
6 0 3 0 22 0 1 5 1 3 24 1 4 19 0 3 34 3 0
8 0 1 0 22 0 1 5 1 3 24 1 4 19 0 4 40 4 0 3 4 1 26 3 0
8 0 2 0 22 0 1 5 1 3 24 1 4 19 0 4 40 4 2 10 4 2 30 2 0
8 0 4 0 22 0 1 5 1 3 24 1 4 19 0 4 40 4 3 13 3 1 38 1 0
6 0 1 0 22 0 1 5 1 4 25 1 0 3 0 1 26 3 0
8 0 2 0 22 0 1 5 1 4 25 1 0 3 0 2 33 0 2 9 4 1 30 1 0
8 0 4 0 22 0 1 5 1 4 25 1 0 3 0 2 33 0 3 14 2 4 38 2 0
8 0 3 0 22 0 1 5 1 4 25 1 0 3 0 2 33 0 4 20 2 3 34 4 0
8 0 2 0 22 0 1 5 1 4 25 1 0 3 0 3 35 0 2 12 3 2 30 4 0
8 0 4 0 22 0 1 5 1 4 25 1 0 3 0 3 35 0 3 15 3 4 38 3 0
8 0 3 0 22 0 1 5 1 4 25 1 0 3 0 3 35 0 4 17 2 1 34 1 0
8 0 2 0 22 0 1 5 1 4 25 1 0 3 0 4 40 0 2 10 4 2 30 2 0
8 0 4 0 22 0 1 5 1 4 25 1 0 3 0 4 40 0 3 13 3 1 38 1 0
8 0 3 0 22 0 1 5 1 4 25 1 0 3 0 4 40 0 4 19 4 3 34 3 0
8 0 1 0 22 0 1 5 1 4 25 1 2 11 0 1 29 2 0 1 4 1 26 1 0
8 0 4 0 22 0 1 5 1 4 25 1 2 11 0 1 29 2 3 15 1 4 38 3 0
8 0 3 0 22 0 1 5 1 4 25 1 2 11 0 1 29 2 4 19 1 3 34 3 0
6 0 2 0 22 0 1 5 1 4 25 1 2 11 0 2 30 3 0
8 0 1 0 22 0 1 5 1 4 25 1 2 11 0 3 36 2 0 2 3 1 26 2 0
8 0 4 0 22 0 1 5 1 4 25 1 2 11 0 3 36 2 3 14 3 4 38 2 0
8 0 3 0 22 0 1 5 1 4 25 1 2 11 0 3 36 2 4 17 3 1 34 1 0
8 0 1 0 22 0 1 5 1 4 25 1 2 11 0 4 39 2 0 4 4 1 26 4 0
8 0 4 0 22 0 1 5 1 4 25 1 2 11 0 4 39 2 3 13 2 1 38 1 0
8 0 3 0 22 0 1 5 1 4 25 1 2 11 0 4 39 2 4 20 4 3 34 4 0
8 0 1 0 22 0 1 5 1 4 25 1 3 16 0 1 28 3 0 1 3 1 26 1 0
8 0 2 0 22 0 1 5 1 4 25 1 3 16 0 1 28 3 2 12 1 2 30 4 0
8 0 3 0 22 0 1 5 1 4 25 1 3 16 0 1 28 3 4 20 1 3 34 4 0
8 0 1 0 22 0 1 5 1 4 25 1 3 16 0 2 31 3 0 2 2 1 26 2 0
8 0 2 0 22 0 1 5 1 4 25 1 3 16 0 2 31 3 2 9 2 1 30 1 0
8 0 3 0 22 0 1 5 1 4 25 1 3 16 0 2 31 3 4 19 2 3 34 3 0
8 0 1 0 22 0 1 5 1 4 25 1 3 16 0 3 37 3 0 4 3 1 26 4 0
8 0 2 0 22 0 1 5 1 4 25 1 3 16 0 3 37 3 2 10 3 2 30 2 0
8 0 3 0 22 0 1 5 1 4 25 1 3 16 0 3 37 3 4 17 4 1 34 1 0
6 0 4 0 22 0 1 5 1 4 25 1 3 16 0 4 38 4 0
8 0 1 0 22 0 1 5 1 4 25 1 4 18 0 1 27 4 0 1 2 1 26 1 0
8 0 2 0 22 0 1 5 1 4 25 1 4 18 0 1 27 4 2 10 1 2 30 2 0
8 0 4 0 22 0 1 5 1 4 25 1 4 18 0 1 27 4 3 14 1 4 38 2 0
8 0 1 0 22 0 1 5 1 4 25 1 4 18 0 2 32 4 0 4 2 1 26 4 0
8 0 2 0 22 0 1 5 1 4 25 1 4 18 0 2 32 4 2 9 3 1 30 1 0
8 0 4 0 22 0 1 5 1 4 25 1 4 18 0 2 32 4 3 15 2 4 38 3 0
6 0 3 0 22 0 1 5 1 4 25 1 4 18 0 3 34 2 0
8 0 1 0 22 0 1 5 1 4 25 1 4 18 0 4 41 4 0 2 4 1 26 2 0
8 0 2 0 22 0 1 5 1 4 25 1 4 18 0 4 41 4 2 12 4 2 30 4 0
8 0 4 0 22 0 1 5 1 4 25 1 4 18 0 4 41 4 3 13 4 1 38 1 0
8 0 2 0 22 0 2 6 0 1 27 1 0 1 2 0 21 0 2 9 0 1 30 1 0
8 0 4 0 22 0 2 6 0 1 27 1 0 1 2 0 21 0 3 13 0 1 38 1 0
8 0 3 0 22 0 2 6 0 1 27 1 0 1 2 0 21 0 4 17 0 1 34 1 0
6 0 1 0 22 0 2 6 0 1 27 1 0 1 2 1 26 1 0
8 0 2 0 22 0 2 6 0 1 27 1 0 1 2 3 28 0 2 12 1 2 30 4 0
8 0 4 0 22 0 2 6 0 1 27 1 0 1 2 3 28 0 3 16 1 4 38 4 0
8 0 3 0 22 0 2 6 0 1 27 1 0 1 2 3 28 0 4 20 1 3 34 4 0
8 0 2 0 22 0 2 6 0 1 27 1 0 1 2 4 29 0 2 11 1 2 30 3 0
8 0 4 0 22 0 2 6 0 1 27 1 0 1 2 4 29 0 3 15 1 4 38 3 0
8 0 3 0 22 0 2 6 0 1 27 1 0 1 2 4 29 0 4 19 1 3 34 3 0
8 0 1 0 22 0 2 6 0 1 27 1 2 10 1 0 23 2 0 2 0 1 26 2 0
8 0 4 0 22 0 2 6 0 1 27 1 2 10 1 0 23 2 3 15 0 4 38 3 0
8 0 3 0 22 0 2 6 0 1 27 1 2 10 1 0 23 2 4 20 0 3 34 4 0
6 0 2 0 22 0 2 6 0 1 27 1 2 10 1 2 30 2 0
8 0 1 0 22 0 2 6 0 1 27 1 2 10 1 3 37 2 0 4 3 1 26 4 0
8 0 4 0 22 0 2 6 0 1 27 1 2 10 1 3 37 2 3 16 3 4 38 4 0
8 0 3 0 22 0 2 6 0 1 27 1 2 10 1 3 37 2 4 17 4 1 34 1 0
8 0 1 0 22 0 2 6 0 1 27 1 2 10 1 4 40 2 0 3 4 1 26 3 0
8 0 4 0 22 0 2 6 0 1 27 1 2 10 1 4 40 2 3 13 3 1 38 1 0
8 0 3 0 22 0 2 6 0 1 27 1 2 10 1 4 40 2 4 19 4 3 34 3 0
8 0 1 0 22 0 2 6 0 1 27 1 3 14 1 0 24 3 0 4 0 1 26 4 0
8 0 2 0 22 0 2 6 0 1 27 1 3 14 1 0 24 3 2 12 0 2 30 4 0
8 0 3 0 22 0 2 6 0 1 27 1 3 14 1 0 24 3 4 19 0 3 34 3 0
8 0 1 0 22 0 2 6 0 1 27 1 3 14 1 2 33 3 0 3 2 1 26 3 0
8 0 2 0 22 0 2 6 0 1 27 1 3 14 1 2 33 3 2 9 4 1 30 1 0
8 0 3 0 22 0 2 6 0 1 27 1 3 14 1 2 33 3 4 20 2 3 34 4 0
8 0 1 0 22 0 2 6 0 1 27 1 3 14 1 3 36 3 0 2 3 1 26 2 0
8 0 2 0 22 0 2 6 0 1 27 1 3 14 1 3 36 3 2 11 3 2 30 3 0
8 0 3 0 22 0 2 6 0 1 27 1 3 14 1 3 36 3 4 17 3 1 34 1 0
6 0 4 0 22 0 2 6 0 1 27 1 3 14 1 4 38 2 0
8 0 1 0 22 0 2 6 0 1 27 1 4 18 1 0 25 4 0 3 0 1 26 3 0
8 0 2 0 22 0 2 6 0 1 27 1 4 18 1 0 25 4 2 11 0 2 30 3 0
8 0 4 0 22 0 2 6 0 1 27 1 4 18 1 0 25 4 3 16 0 4 38 4 0
8 0 1 0 22 0 2 6 0 1 27 1 4 18 1 2 32 4 0 4 2 1 26 4 0
8 0 2 0 22 0 2 6 0 1 27 1 4 18 1 2 32 4 2 9 3 1 30 1 0
8 0 4 0 22 0 2 6 0 1 27 1 4 18 1 2 32 4 3 15 2 4 38 3 0
6 0 3 0 22 0 2 6 0 1 27 1 4 18 1 3 34 2 0
8 0 1 0 22 0 2 6 0 1 27 1 4 18 1 4 41 4 0 2 4 1 26 2 0
8 0 2 0 22 0 2 6 0 1 27 1 4 18 1 4 41 4 2 12 4 2 30 4 0
8 0 4 0 22 0 2 6 0 1 27 1 4 18 1 4 41 4 3 13 4 1 38 1 0
8 0 2 0 22 0 2 6 0 2 31 1 0 2 2 0 23 0 2 10 0 2 30 2 0
8 0 4 0 22 0 2 6 0 2 31 1 0 2 2 0 23 0 3 15 0 4 38 3 0
8 0 3 0 22 0 2 6 0 2 31 1 0 2 2 0 23 0 4 20 0 3 34 4 0
6 0 1 0 22 0 2 6 0 2 31 1 0 2 2 1 26 2 0
8 0 2 0 22 0 2 6 0 2 31 1 0 2 2 3 36 0 2 11 3 2 30 3 0
8 0 4 0 22 0 2 6 0 2 31 1 0 2 2 3 36 0 3 14 3 4 38 2 0
8 0 3 0 22 0 2 6 0 2 31 1 0 2 2 3 36 0 4 17 3 1 34 1 0
8 0 2 0 22 0 2 6 0 2 31 1 0 2 2 4 41 0 2 12 4 2 30 4 0
8 0 4 0 22 0 2 6 0 2 31 1 0 2 2 4 41 0 3 13 4 1 38 1 0
8 0 3 0 22 0 2 6 0 2 31 1 0 2 2 4 41 0 4 18 4 3 34 2 0
8 0 1 0 22 0 2 6 0 2 31 1 2 9 2 0 21 2 0 1 0 1 26 1 0
8 0 4 0 22 0 2 6 0 2 31 1 2 9 2 0 21 2 3 13 0 1 38 1 0
8 0 3 0 22 0 2 6 0 2 31 1 2 9 2 0 21 2 4 17 0 1 34 1 0
6 0 2 0 22 0 2 6 0 2 31 1 2 9 2 1 30 1 0
8 0 1 0 22 0 2 6 0 2 31 1 2 9 2 3 32 2 0 4 2 1 26 4 0
8 0 4 0 22 0 2 6 0 2 31 1 2 9 2 3 32 2 3 15 2 4 38 3 0
8 0 3 0 22 0 2 6 0 2 31 1 2 9 2 3 32 2 4 18 2 3 34 2 0
8 0 1 0 22 0 2 6 0 2 31 1 2 9 2 4 33 2 0 3 2 1 26 3 0
8 0 4 0 22 0 2 6 0 2 31 1 2 9 2 4 33 2 3 14 2 4 38 2 0
8 0 3 0 22 0 2 6 0 2 31 1 2 9 2 4 33 2 4 20 2 3 34 4 0
8 0 1 0 22 0 2 6 0 2 31 1 3 16 2 0 25 3 0 3 0 1 26 3 0
8 0 2 0 22 0 2 6 0 2 31 1 3 16 2 0 25 3 2 11 0 2 30 3 0
8 0 3 0 22 0 2 6 0 2 31 1 3 16 2 0 25 3 4 18 0 3 34 2 0
8 0 1 0 22 0 2 6 0 2 31 1 3 16 2 1 28 3 0 1 3 1 26 1 0
8 0 2 0 22 0 2 6 0 2 31 1 3 16 2 1 28 3 2 12 1 2 30 4 0
8 0 3 0 22 0 2 6 0 2 31 1 3 16 2 1 28 3 4 20 1 3 34 4 0
8 0 1 0 22 0 2 6 0 2 31 1 3 16 2 3 37 3 0 4 3 1 26 4 0
8 0 2 0 22 0 2 6 0 2 31 1 3 16 2 3 37 3 2 10 3 2 30 2 0
8 0 3 0 22 0 2 6 0 2 31 1 3 16 2 3 37 3 4 17 4 1 34 1 0
6 0 4 0 22 0 2 6 0 2 31 1 3 16 2 4 38 4 0
8 0 1 0 22 0 2 6 0 2 31 1 4 19 2 0 24 4 0 4 0 1 26 4 0
8 0 2 0 22 0 2 6 0 2 31 1 4 19 2 0 24 4 2 12 0 2 30 4 0
8 0 4 0 22 0 2 6 0 2 31 1 4 19 2 0 24 4 3 14 0 4 38 2 0
8 0 1 0 22 0 2 6 0 2 31 1 4 19 2 1 29 4 0 1 4 1 26 1 0
8 0 2 0 22 0 2 6 0 2 31 1 4 19 2 1 29 4 2 11 1 2 30 3 0
8 0 4 0 22 0 2 6 0 2 31 1 4 19 2 1 29 4 3 15 1 4 38 3 0
6 0 3 0 22 0 2 6 0 2 31 1 4 19 2 3 34 3 0
8 0 1 0 22 0 2 6 0 2 31 1 4 19 2 4 40 4 0 3 4 1 26 3 0
8 0 2 0 22 0 2 6 0 2 31 1 4 19 2 4 40 4 2 10 4 2 30 2 0
8 0 4 0 22 0 2 6 0 2 31 1 4 19 2 4 40 4 3 13 3 1 38 1 0
8 0 2 0 22 0 2 6 0 3 35 1 0 3 3 0 25 0 2 11 0 2 30 3 0
8 0 4 0 22 0 2 6 0 3 35 1 0 3 3 0 25 0 3 16 0 4 38 4 0
8 0 3 0 22 0 2 6 0 3 35 1 0 3 3 0 25 0 4 18 0 3 34 2 0
6 0 1 0 22 0 2 6 0 3 35 1 0 3 3 1 26 3 0
8 0 2 0 22 0 2 6 0 3 35 1 0 3 3 2 33 0 2 9 4 1 30 1 0
8 0 4 0 22 0 2 6 0 3 35 1 0 3 3 2 33 0 3 14 2 4 38 2 0
8 0 3 0 22 0 2 6 0 3 35 1 0 3 3 2 33 0 4 20 2 3 34 4 0
8 0 2 0 22 0 2 6 0 3 35 1 0 3 3 4 40 0 2 10 4 2 30 2 0
8 0 4 0 22 0 2 6 0 3 35 1 0 3 3 4 40 0 3 13 3 1 38 1 0
8 0 3 0 22 0 2 6 0 3 35 1 0 3 3 4 40 0 4 19 4 3 34 3 0
8 0 1 0 22 0 2 6 0 3 35 1 2 12 3 0 24 2 0 4 0 1 26 4 0
8 0 4 0 22 0 2 6 0 3 35 1 2 12 3 0 24 2 3 14 0 4 38 2 0
8 0 3 0 22 0 2 6 0 3 35 1 2 12 3 0 24 2 4 19 0 3 34 3 0
8 0 1 0 22 0 2 6 0 3 35 1 2 12 3 1 28 2 0 1 3 1 26 1 0
8 0 4 0 22 0 2 6 0 3 35 1 2 12 3 1 28 2 3 16 1 4 38 4 0
8 0 3 0 22 0 2 6 0 3 35 1 2 12 3 1 28 2 4 20 1 3 34 4 0
6 0 2 0 22 0 2 6 0 3 35 1 2 12 3 2 30 4 0
8 0 1 0 22 0 2 6 0 3 35 1 2 12 3 4 41 2 0 2 4 1 26 2 0
8 0 4 0 22 0 2 6 0 3 35 1 2 12 3 4 41 2 3 13 4 1 38 1 0
8 0 3 0 22 0 2 6 0 3 35 1 2 12 3 4 41 2 4 18 4 3 34 2 0
8 0 1 0 22 0 2 6 0 3 35 1 3 15 3 0 23 3 0 2 0 1 26 2 0
8 0 2 0 22 0 2 6 0 3 35 1 3 15 3 0 23 3 2 10 0 2 30 2 0
8 0 3 0 22 0 2 6 0 3 35 1 3 15 3 0 23 3 4 20 0 3 34 4 0
8 0 1 0 22 0 2 6 0 3 35 1 3 15 3 1 29 3 0 1 4 1 26 1 0
8 0 2 0 22 0 2 6 0 3 35 1 3 15 3 1 29 3 2 11 1 2 30 3 0
8 0 3 0 22 0 2 6 0 3 35 1 3 15 3 1 29 3 4 19 1 3 34 3 0
8 0 1 0 22 0 2 6 0 3 35 1 3 15 3 2 32 3 0 4 2 1 26 4 0
8 0 2 0 22 0 2 6 0 3 35 1 3 15 3 2 32 3 2 9 3 1 30 1 0
8 0 3 0 22 0 2 6 0 3 35 1 3 15 3 2 32 3 4 18 2 3 34 2 0
6 0 4 0 22 0 2 6 0 3 35 1 3 15 3 4 38 3 0
8 0 1 0 22 0 2 6 0 3 35 1 4 17 2 0 21 4 0 1 0 1 26 1 0
8 0 2 0 22 0 2 6 0 3 35 1 4 17 2 0 21 4 2 9 0 1 30 1 0
8 0 4 0 22 0 2 6 0 3 35 1 4 17 2 0 21 4 3 13 0 1 38 1 0
6 0 3 0 22 0 2 6 0 3 35 1 4 17 2 1 34 1 0
8 0 1 0 22 0 2 6 0 3 35 1 4 17 2 3 36 4 0 2 3 1 26 2 0
8 0 2 0 22 0 2 6 0 3 35 1 4 17 2 3 36 4 2 11 3 2 30 3 0
8 0 4 0 22 0 2 6 0 3 35 1 4 17 2 3 36 4 3 14 3 4 38 2 0
8 0 1 0 22 0 2 6 0 3 35 1 4 17 2 4 37 4 0 4 3 1 26 4 0
8 0 2 0 22 0 2 6 0 3 35 1 4 17 2 4 37 4 2 10 3 2 30 2 0
8 0 4 0 22 0 2 6 0 3 35 1 4 17 2 4 37 4 3 16 3 4 38 4 0
8 0 2 0 22 0 2 6 0 4 39 1 0 4 4 0 24 0 2 12 0 2 30 4 0
8 0 4 0 22 0 2 6 0 4 39 1 0 4 4 0 24 0 3 14 0 4 38 2 0
8 0 3 0 22 0 2 6 0 4 39 1 0 4 4 0 24 0 4 19 0 3 34 3 0
6 0 1 0 22 0 2 6 0 4 39 1 0 4 4 1 26 4 0
8 0 2 0 22 0 2 6 0 4 39 1 0 4 4 2 32 0 2 9 3 1 30 1 0
8 0 4 0 22 0 2 6 0 4 39 1 0 4 4 2 32 0 3 15 2 4 38 3 0
8 0 3 0 22 0 2 6 0 4 39 1 0 4 4 2 32 0 4 18 2 3 34 2 0
8 0 2 0 22 0 2 6 0 4 39 1 0 4 4 3 37 0 2 10 3 2 30 2 0
8 0 4 0 22 0 2 6 0 4 39 1 0 4 4 3 37 0 3 16 3 4 38 4 0
8 0 3 0 22 0 2 6 0 4 39 1 0 4 4 3 37 0 4 17 4 1 34 1 0
8 0 1 0 22 0 2 6 0 4 39 1 2 11 4 0 25 2 0 3 0 1 26 3 0
8 0 4 0 22 0 2 6 0 4 39 1 2 11 4 0 25 2 3 16 0 4 38 4 0
8 0 3 0 22 0 2 6 0 4 39 1 2 11 4 0 25 2 4 18 0 3 34 2 0
8 0 1 0 22 0 2 6 0 4 39 1 2 11 4 1 29 2 0 1 4 1 26 1 0
8 0 4 0 22 0 2 6 0 4 39 1 2 11 4 1 29 2 3 15 1 4 38 3 0
8 0 3 0 22 0 2 6 0 4 39 1 2 11 4 1 29 2 4 19 1 3 34 3 0
6 0 2 0 22 0 2 6 0 4 39 1 2 11 4 2 30 3 0
8 0 1 0 22 0 2 6 0 4 39 1 2 11 4 3 36 2 0 2 3 1 26 2 0
8 0 4 0 22 0 2 6 0 4 39 1 2 11 4 3 36 2 3 14 3 4 38 2 0
8 0 3 0 22 0 2 6 0 4 39 1 2 11 4 3 36 2 4 17 3 1 34 1 0
8 0 1 0 22 0 2 6 0 4 39 1 3 13 2 0 21 3 0 1 0 1 26 1 0
8 0 2 0 22 0 2 6 0 4 39 1 3 13 2 0 21 3 2 9 0 1 30 1 0
8 0 3 0 22 0 2 6 0 4 39 1 3 13 2 0 21 3 4 17 0 1 34 1 0
6 0 4 0 22 0 2 6 0 4 39 1 3 13 2 1 38 1 0
8 0 1 0 22 0 2 6 0 4 39 1 3 13 2 3 40 3 0 3 4 1 26 3 0
8 0 2 0 22 0 2 6 0 4 39 1 3 13 2 3 40 3 2 10 4 2 30 2 0
8 0 3 0 22 0 2 6 0 4 39 1 3 13 2 3 40 3 4 19 4 3 34 3 0
8 0 1 0 22 0 2 6 0 4 39 1 3 13 2 4 41 3 0 2 4 1 26 2 0
8 0 2 0 22 0 2 6 0 4 39 1 3 13 2 4 41 3 2 12 4 2 30 4 0
8 0 3 0 22 0 2 6 0 4 39 1 3 13 2 4 41 3 4 18 4 3 34 2 0
8 0 1 0 22 0 2 6 0 4 39 1 4 20 4 0 23 4 0 2 0 1 26 2 0
8 0 2 0 22 0 2 6 0 4 39 1 4 20 4 0 23 4 2 10 0 2 30 2 0
8 0 4 0 22 0 2 6 0 4 39 1 4 20 4 0 23 4 3 15 0 4 38 3 0
8 0 1 0 22 0 2 6 0 4 39 1 4 20 4 1 28 4 0 1 3 1 26 1 0
8 0 2 0 22 0 2 6 0 4 39 1 4 20 4 1 28 4 2 12 1 2 30 4 0
8 0 4 0 22 0 2 6 0 4 39 1 4 20 4 1 28 4 3 16 1 4 38 4 0
8 0 1 0 22 0 2 6 0 4 39 1 4 20 4 2 33 4 0 3 2 1 26 3 0
8 0 2 0 22 0 2 6 0 4 39 1 4 20 4 2 33 4 2 9 4 1 30 1 0
8 0 4 0 22 0 2 6 0 4 39 1 4 20 4 2 33 4 3 14 2 4 38 2 0
6 0 3 0 22 0 2 6 0 4 39 1 4 20 4 3 34 4 0
8 0 2 0 22 0 3 7 0 1 29 1 0 1 4 0 21 0 2 9 0 1 30 1 0
8 0 4 0 22 0 3 7 0 1 29 1 0 1 4 0 21 0 3 13 0 1 38 1 0
8 0 3 0 22 0 3 7 0 1 29 1 0 1 4 0 21 0 4 17 0 1 34 1 0
6 0 1 0 22 0 3 7 0 1 29 1 0 1 4 1 26 1 0
8 0 2 0 22 0 3 7 0 1 29 1 0 1 4 2 27 0 2 10 1 2 30 2 0
8 0 4 0 22 0 3 7 0 1 29 1 0 1 4 2 27 0 3 14 1 4 38 2 0
8 0 3 0 22 0 3 7 0 1 29 1 0 1 4 2 27 0 4 18 1 3 34 2 0
8 0 2 0 22 0 3 7 0 1 29 1 0 1 4 3 28 0 2 12 1 2 30 4 0
8 0 4 0 22 0 3 7 0 1 29 1 0 1 4 3 28 0 3 16 1 4 38 4 0
8 0 3 0 22 0 3 7 0 1 29 1 0 1 4 3 28 0 4 20 1 3 34 4 0
8 0 1 0 22 0 3 7 0 1 29 1 2 11 1 0 25 2 0 3 0 1 26 3 0
8 0 4 0 22 0 3 7 0 1 29 1 2 11 1 0 25 2 3 16 0 4 38 4 0
8 0 3 0 22 0 3 7 0 1 29 1 2 11 1 0 25 2 4 18 0 3 34 2 0
6 0 2 0 22 0 3 7 0 1 29 1 2 11 1 2 30 3 0
8 0 1 0 22 0 3 7 0 1 29 1 2 11 1 3 36 2 0 2 3 1 26 2 0
8 0 4 0 22 0 3 7 0 1 29 1 2 11 1 3 36 2 3 14 3 4 38 2 0
8 0 3 0 22 0 3 7 0 1 29 1 2 11 1 3 36 2 4 17 3 1 34 1 0
8 0 1 0 22 0 3 7 0 1 29 1 2 11 1 4 39 2 0 4 4 1 26 4 0
8 0 4 0 22 0 3 7 0 1 29 1 2 11 1 4 39 2 3 13 2 1 38 1 0
8 0 3 0 22 0 3 7 0 1 29 1 2 11 1 4 39 2 4 20 4 3 34 4 0
8 0 1 0 22 0 3 7 0 1 29 1 3 15 1 0 23 3 0 2 0 1 26 2 0
8 0 2 0 22 0 3 7 0 1 29 1 3 15 1 0 23 3 2 10 0 2 30 2 0
8 0 3 0 22 0 3 7 0 1 29 1 3 15 1 0 23 3 4 20 0 3 34 4 0
8 0 1 0 22 0 3 7 0 1 29 1 3 15 1 2 32 3 0 4 2 1 26 4 0
8 0 2 0 22 0 3 7 0 1 29 1 3 15 1 2 32 3 2 9 3 1 30 1 0
8 0 3 0 22 0 3 7 0 1 29 1 3 15 1 2 32 3 4 18 2 3 34 2 0
8 0 1 0 22 0 3 7 0 1 29 1 3 15 1 3 35 3 0 3 3 1 26 3 0
8 0 2 0 22 0 3 7 0 1 29 1 3 15 1 3 35 3 2 12 3 2 30 4 0
8 0 3 0 22 0 3 7 0 1 29 1 3 15 1 3 35 3 4 17 2 1 34 1 0
6 0 4 0 22 0 3 7 0 1 29 1 3 15 1 4 38 3 0
8 0 1 0 22 0 3 7 0 1 29 1 4 19 1 0 24 4 0 4 0 1 26 4 0
8 0 2 0 22 0 3 7 0 1 29 1 4 19 1 0 24 4 2 12 0 2 30 4 0
8 0 4 0 22 0 3 7 0 1 29 1 4 19 1 0 24 4 3 14 0 4 38 2 0
8 0 1 0 22 0 3 7 0 1 29 1 4 19 1 2 31 4 0 2 2 1 26 2 0
8 0 2 0 22 0 3 7 0 1 29 1 4 19 1 2 31 4 2 9 2 1 30 1 0
8 0 4 0 22 0 3 7 0 1 29 1 4 19 1 2 31 4 3 16 2 4 38 4 0
6 0 3 0 22 0 3 7 0 1 29 1 4 19 1 3 34 3 0
8 0 1 0 22 0 3 7 0 1 29 1 4 19 1 4 40 4 0 3 4 1 26 3 0
8 0 2 0 22 0 3 7 0 1 29 1 4 19 1 4 40 4 2 10 4 2 30 2 0
8 0 4 0 22 0 3 7 0 1 29 1 4 19 1 4 40 4 3 13 3 1 38 1 0
8 0 2 0 22 0 3 7 0 2 33 1 0 3 2 0 25 0 2 11 0 2 30 3 0
8 0 4 0 22 0 3 7 0 2 33 1 0 3 2 0 25 0 3 16 0 4 38 4 0
8 0 3 0 22 0 3 7 0 2 33 1 0 3 2 0 25 0 4 18 0 3 34 2 0
6 0 1 0 22 0 3 7 0 2 33 1 0 3 2 1 26 3 0
8 0 2 0 22 0 3 7 0 2 33 1 0 3 2 3 35 0 2 12 3 2 30 4 0
8 0 4 0 22 0 3 7 0 2 33 1 0 3 2 3 35 0 3 15 3 4 38 3 0
8 0 3 0 22 0 3 7 0 2 33 1 0 3 2 3 35 0 4 17 2 1 34 1 0
8 0 2 0 22 0 3 7 0 2 33 1 0 3 2 4 40 0 2 10 4 2 30 2 0
8 0 4 0 22 0 3 7 0 2 33 1 0 3 2 4 40 0 3 13 3 1 38 1 0
8 0 3 0 22 0 3 7 0 2 33 1 0 3 2 4 40 0 4 19 4 3 34 3 0
8 0 1 0 22 0 3 7 0 2 33 1 2 9 4 0 21 2 0 1 0 1 26 1 0
8 0 4 0 22 0 3 7 0 2 33 1 2 9 4 0 21 2 3 13 0 1 38 1 0
8 0 3 0 22 0 3 7 0 2 33 1 2 9 4 0 21 2 4 17 0 1 34 1 0
6 0 2 0 22 0 3 7 0 2 33 1 2 9 4 1 30 1 0
8 0 1 0 22 0 3 7 0 2 33 1 2 9 4 2 31 2 0 2 2 1 26 2 0
8 0 4 0 22 0 3 7 0 2 33 1 2 9 4 2 31 2 3 16 2 4 38 4 0
8 0 3 0 22 0 3 7 0 2 33 1 2 9 4 2 31 2 4 19 2 3 34 3 0
8 0 1 0 22 0 3 7 0 2 33 1 2 9 4 3 32 2 0 4 2 1 26 4 0
8 0 4 0 22 0 3 7 0 2 33 1 2 9 4 3 32 2 3 15 2 4 38 3 0
8 0 3 0 22 0 3 7 0 2 33 1 2 9 4 3 32 2 4 18 2 3 34 2 0
8 0 1 0 22 0 3 7 0 2 33 1 3 14 2 0 24 3 0 4 0 1 26 4 0
8 0 2 0 22 0 3 7 0 2 33 1 3 14 2 0 24 3 2 12 0 2 30 4 0
8 0 3 0 22 0 3 7 0 2 33 1 3 14 2 0 24 3 4 19 0 3 34 3 0
8 0 1 0 22 0 3 7 0 2 33 1 3 14 2 1 27 3 0 1 2 1 26 1 0
8 0 2 0 22 0 3 7 0 2 33 1 3 14 2 1 27 3 2 10 1 2 30 2 0
8 0 3 0 22 0 3 7 0 2 33 1 3 14 2 1 27 3 4 18 1 3 34 2 0
8 0 1 0 22 0 3 7 0 2 33 1 3 14 2 3 36 3 0 2 3 1 26 2 0
8 0 2 0 22 0 3 7 0 2 33 1 3 14 2 3 36 3 2 11 3 2 30 3 0
8 0 3 0 22 0 3 7 0 2 33 1 3 14 2 3 36 3 4 17 3 1 34 1 0
6 0 4 0 22 0 3 7 0 2 33 1 3 14 2 4 38 2 0
8 0 1 0 22 0 3 7 0 2 33 1 4 20 2 0 23 4 0 2 0 1 26 2 0
8 0 2 0 22 0 3 7 0 2 33 1 4 20 2 0 23 4 2 10 0 2 30 2 0
8 0 4 0 22 0 3 7 0 2 33 1 4 20 2 0 23 4 3 15 0 4 38 3 0
8 0 1 0 22 0 3 7 0 2 33 1 4 20 2 1 28 4 0 1 3 1 26 1 0
8 0 2 0 22 0 3 7 0 2 33 1 4 20 2 1 28 4 2 12 1 2 30 4 0
8 0 4 0 22 0 3 7 0 2 33 1 4 20 2 1 28 4 3 16 1 4 38 4 0
6 0 3 0 22 0 3 7 0 2 33 1 4 20 2 3 34 4 0
8 0 1 0 22 0 3 7 0 2 33 1 4 20 2 4 39 4 0 4 4 1 26 4 0
8 0 2 0 22 0 3 7 0 2 33 1 4 20 2 4 39 4 2 11 4 2 30 3 0
8 0 4 0 22 0 3 7 0 2 33 1 4 20 2 4 39 4 3 13 2 1 38 1 0
8 0 2 0 22 0 3 7 0 3 37 1 0 4 3 0 24 0 2 12 0 2 30 4 0
8 0 4 0 22 0 3 7 0 3 37 1 0 4 3 0 24 0 3 14 0 4 38 2 0
8 0 3 0 22 0 3 7 0 3 37 1 0 4 3 0 24 0 4 19 0 3 34 3 0
6 0 1 0 22 0 3 7 0 3 37 1 0 4 3 1 26 4 0
8 0 2 0 22 0 3 7 0 3 37 1 0 4 3 2 32 0 2 9 3 1 30 1 0
8 0 4 0 22 0 3 7 0 3 37 1 0 4 3 2 32 0 3 15 2 4 38 3 0
8 0 3 0 22 0 3 7 0 3 37 1 0 4 3 2 32 0 4 18 2 3 34 2 0
8 0 2 0 22 0 3 7 0 3 37 1 0 4 3 4 39 0 2 11 4 2 30 3 0
8 0 4 0 22 0 3 7 0 3 37 1 0 4 3 4 39 0 3 13 2 1 38 1 0
8 0 3 0 22 0 3 7 0 3 37 1 0 4 3 4 39 0 4 20 4 3 34 4 0
8 0 1 0 22 0 3 7 0 3 37 1 2 10 3 0 23 2 0 2 0 1 26 2 0
8 0 4 0 22 0 3 7 0 3 37 1 2 10 3 0 23 2 3 15 0 4 38 3 0
8 0 3 0 22 0 3 7 0 3 37 1 2 10 3 0 23 2 4 20 0 3 34 4 0
8 0 1 0 22 0 3 7 0 3 37 1 2 10 3 1 27 2 0 1 2 1 26 1 0
8 0 4 0 22 0 3 7 0 3 37 1 2 10 3 1 27 2 3 14 1 4 38 2 0
8 0 3 0 22 0 3 7 0 3 37 1 2 10 3 1 27 2 4 18 1 3 34 2 0
6 0 2 0 22 0 3 7 0 3 37 1 2 10 3 2 30 2 0
8 0 1 0 22 0 3 7 0 3 37 1 2 10 3 4 40 2 0 3 4 1 26 3 0
8 0 4 0 22 0 3 7 0 3 37 1 2 10 3 4 40 2 3 13 3 1 38 1 0
8 0 3 0 22 0 3 7 0 3 37 1 2 10 3 4 40 2 4 19 4 3 34 3 0
8 0 1 0 22 0 3 7 0 3 37 1 3 16 3 0 25 3 0 3 0 1 26 3 0
8 0 2 0 22 0 3 7 0 3 37 1 3 16 3 0 25 3 2 11 0 2 30 3 0
8 0 3 0 22 0 3 7 0 3 37 1 3 16 3 0 25 3 4 18 0 3 34 2 0
8 0 1 0 22 0 3 7 0 3 37 1 3 16 3 1 28 3 0 1 3 1 26 1 0
8 0 2 0 22 0 3 7 0 3 37 1 3 16 3 1 28 3 2 12 1 2 30 4 0
8 0 3 0 22 0 3 7 0 3 37 1 3 16 3 1 28 3 4 20 1 3 34 4 0
8 0 1 0 22 0 3 7 0 3 37 1 3 16 3 2 31 3 0 2 2 1 26 2 0
8 0 2 0 22 0 3 7 0 3 37 1 3 16 3 2 31 3 2 9 2 1 30 1 0
8 0 3 0 22 0 3 7 0 3 37 1 3 16 3 2 31 3 4 19 2 3 34 3 0
6 0 4 0 22 0 3 7 0 3 37 1 3 16 3 4 38 4 0
8 0 1 0 22 0 3 7 0 3 37 1 4 17 4 0 21 4 0 1 0 1 26 1 0
8 0 2 0 22 0 3 7 0 3 37 1 4 17 4 0 21 4 2 9 0 1 30 1 0
8 0 4 0 22 0 3 7 0 3 37 1 4 17 4 0 21 4 3 13 0 1 38 1 0
6 0 3 0 22 0 3 7 0 3 37 1 4 17 4 1 34 1 0
8 0 1 0 22 0 3 7 0 3 37 1 4 17 4 2 35 4 0 3 3 1 26 3 0
8 0 2 0 22 0 3 7 0 3 37 1 4 17 4 2 35 4 2 12 3 2 30 4 0
8 0 4 0 22 0 3 7 0 3 37 1 4 17 4 2 35 4 3 15 3 4 38 3 0
8 0 1 0 22 0 3 7 0 3 37 1 4 17 4 3 36 4 0 2 3 1 26 2 0
8 0 2 0 22 0 3 7 0 3 37 1 4 17 4 3 36 4 2 11 3 2 30 3 0
8 0 4 0 22 0 3 7 0 3 37 1 4 17 4 3 36 4 3 14 3 4 38 2 0
8 0 2 0 22 0 3 7 0 4 41 1 0 2 4 0 23 0 2 10 0 2 30 2 0
8 0 4 0 22 0 3 7 0 4 41 1 0 2 4 0 23 0 3 15 0 4 38 3 0
8 0 3 0 22 0 3 7 0 4 41 1 0 2 4 0 23 0 4 20 0 3 34 4 0
6 0 1 0 22 0 3 7 0 4 41 1 0 2 4 1 26 2 0
8 0 2 0 22 0 3 7 0 4 41 1 0 2 4 2 31 0 2 9 2 1 30 1 0
8 0 4 0 22 0 3 7 0 4 41 1 0 2 4 2 31 0 3 16 2 4 38 4 0
8 0 3 0 22 0 3 7 0 4 41 1 0 2 4 2 31 0 4 19 2 3 34 3 0
8 0 2 0 22 0 3 7 0 4 41 1 0 2 4 3 36 0 2 11 3 2 30 3 0
8 0 4 0 22 0 3 7 0 4 41 1 0 2 4 3 36 0 3 14 3 4 38 2 0
8 0 3 0 22 0 3 7 0 4 41 1 0 2 4 3 36 0 4 17 3 1 34 1 0
8 0 1 0 22 0 3 7 0 4 41 1 2 12 4 0 24 2 0 4 0 1 26 4 0
8 0 4 0 22 0 3 7 0 4 41 1 2 12 4 0 24 2 3 14 0 4 38 2 0
8 0 3 0 22 0 3 7 0 4 41 1 2 12 4 0 24 2 4 19 0 3 34 3 0
8 0 1 0 22 0 3 7 0 4 41 1 2 12 4 1 28 2 0 1 3 1 26 1 0
8 0 4 0 22 0 3 7 0 4 41 1 2 12 4 1 28 2 3 16 1 4 38 4 0
8 0 3 0 22 0 3 7 0 4 41 1 2 12 4 1 28 2 4 20 1 3 34 4 0
6 0 2 0 22 0 3 7 0 4 41 1 2 12 4 2 30 4 0
8 0 1 0 22 0 3 7 0 4 41 1 2 12 4 3 35 2 0 3 3 1 26 3 0
8 0 4 0 22 0 3 7 0 4 41 1 2 12 4 3 35 2 3 15 3 4 38 3 0
8 0 3 0 22 0 3 7 0 4 41 1 2 12 4 3 35 2 4 17 2 1 34 1 0
8 0 1 0 22 0 3 7 0 4 41 1 3 13 4 0 21 3 0 1 0 1 26 1 0
8 0 2 0 22 0 3 7 0 4 41 1 3 13 4 0 21 3 2 9 0 1 30 1 0
8 0 3 0 22 0 3 7 0 4 41 1 3 13 4 0 21 3 4 17 0 1 34 1 0
6 0 4 0 22 0 3 7 0 4 41 1 3 13 4 1 38 1 0
8 0 1 0 22 0 3 7 0 4 41 1 3 13 4 2 39 3 0 4 4 1 26 4 0
8 0 2 0 22 0 3 7 0 4 41 1 3 13 4 2 39 3 2 11 4 2 30 3 0
8 0 3 0 22 0 3 7 0 4 41 1 3 13 4 2 39 3 4 20 4 3 34 4 0
8 0 1 0 22 0 3 7 0 4 41 1 3 13 4 3 40 3 0 3 4 1 26 3 0
8 0 2 0 22 0 3 7 0 4 41 1 3 13 4 3 40 3 2 10 4 2 30 2 0
8 0 3 0 22 0 3 7 0 4 41 1 3 13 4 3 40 3 4 19 4 3 34 3 0
8 0 1 0 22 0 3 7 0 4 41 1 4 18 4 0 25 4 0 3 0 1 26 3 0
8 0 2 0 22 0 3 7 0 4 41 1 4 18 4 0 25 4 2 11 0 2 30 3 0
8 0 4 0 22 0 3 7 0 4 41 1 4 18 4 0 25 4 3 16 0 4 38 4 0
8 0 1 0 22 0 3 7 0 4 41 1 4 18 4 1 27 4 0 1 2 1 26 1 0
8 0 2 0 22 0 3 7 0 4 41 1 4 18 4 1 27 4 2 10 1 2 30 2 0
8 0 4 0 22 0 3 7 0 4 41 1 4 18 4 1 27 4 3 14 1 4 38 2 0
8 0 1 0 22 0 3 7 0 4 41 1 4 18 4 2 32 4 0 4 2 1 26 4 0
8 0 2 0 22 0 3 7 0 4 41 1 4 18 4 2 32 4 2 9 3 1 30 1 0
8 0 4 0 22 0 3 7 0 4 41 1 4 18 4 2 32 4 3 15 2 4 38 3 0
6 0 3 0 22 0 3 7 0 4 41 1 4 18 4 3 34 2 0
8 0 2 0 22 0 4 8 0 1 28 1 0 1 3 0 21 0 2 9 0 1 30 1 0
8 0 4 0 22 0 4 8 0 1 28 1 0 1 3 0 21 0 3 13 0 1 38 1 0
8 0 3 0 22 0 4 8 0 1 28 1 0 1 3 0 21 0 4 17 0 1 34 1 0
6 0 1 0 22 0 4 8 0 1 28 1 0 1 3 1 26 1 0
8 0 2 0 22 0 4 8 0 1 28 1 0 1 3 2 27 0 2 10 1 2 30 2 0
8 0 4 0 22 0 4 8 0 1 28 1 0 1 3 2 27 0 3 14 1 4 38 2 0
8 0 3 0 22 0 4 8 0 1 28 1 0 1 3 2 27 0 4 18 1 3 34 2 0
8 0 2 0 22 0 4 8 0 1 28 1 0 1 3 4 29 0 2 11 1 2 30 3 0
8 0 4 0 22 0 4 8 0 1 28 1 0 1 3 4 29 0 3 15 1 4 38 3 0
8 0 3 0 22 0 4 8 0 1 28 1 0 1 3 4 29 0 4 19 1 3 34 3 0
8 0 1 0 22 0 4 8 0 1 28 1 2 12 1 0 24 2 0 4 0 1 26 4 0
8 0 4 0 22 0 4 8 0 1 28 1 2 12 1 0 24 2 3 14 0 4 38 2 0
8 0 3 0 22 0 4 8 0 1 28 1 2 12 1 0 24 2 4 19 0 3 34 3 0
6 0 2 0 22 0 4 8 0 1 28 1 2 12 1 2 30 4 0
8 0 1 0 22 0 4 8 0 1 28 1 2 12 1 3 35 2 0 3 3 1 26 3 0
8 0 4 0 22 0 4 8 0 1 28 1 2 12 1 3 35 2 3 15 3 4 38 3 0
8 0 3 0 22 0 4 8 0 1 28 1 2 12 1 3 35 2 4 17 2 1 34 1 0
8 0 1 0 22 0 4 8 0 1 28 1 2 12 1 4 41 2 0 2 4 1 26 2 0
8 0 4 0 22 0 4 8 0 1 28 1 2 12 1 4 41 2 3 13 4 1 38 1 0
8 0 3 0 22 0 4 8 0 1 28 1 2 12 1 4 41 2 4 18 4 3 34 2 0
8 0 1 0 22 0 4 8 0 1 28 1 3 16 1 0 25 3 0 3 0 1 26 3 0
8 0 2 0 22 0 4 8 0 1 28 1 3 16 1 0 25 3 2 11 0 2 30 3 0
8 0 3 0 22 0 4 8 0 1 28 1 3 16 1 0 25 3 4 18 0 3 34 2 0
8 0 1 0 22 0 4 8 0 1 28 1 3 16 1 2 31 3 0 2 2 1 26 2 0
8 0 2 0 22 0 4 8 0 1 28 1 3 16 1 2 31 3 2 9 2 1 30 1 0
8 0 3 0 22 0 4 8 0 1 28 1 3 16 1 2 31 3 4 19 2 3 34 3 0
8 0 1 0 22 0 4 8 0 1 28 1 3 16 1 3 37 3 0 4 3 1 26 4 0
8 0 2 0 22 0 4 8 0 1 28 1 3 16 1 3 37 3 2 10 3 2 30 2 0
8 0 3 0 22 0 4 8 0 1 28 1 3 16 1 3 37 3 4 17 4 1 34 1 0
6 0 4 0 22 0 4 8 0 1 28 1 3 16 1 4 38 4 0
8 0 1 0 22 0 4 8 0 1 28 1 4 20 1 0 23 4 0 2 0 1 26 2 0
8 0 2 0 22 0 4 8 0 1 28 1 4 20 1 0 23 4 2 10 0 2 30 2 0
8 0 4 0 22 0 4 8 0 1 28 1 4 20 1 0 23 4 3 15 0 4 38 3 0
8 0 1 0 22 0 4 8 0 1 28 1 4 20 1 2 33 4 0 3 2 1 26 3 0
8 0 2 0 22 0 4 8 0 1 28 1 4 20 1 2 33 4 2 9 4 1 30 1 0
8 0 4 0 22 0 4 8 0 1 28 1 4 20 1 2 33 4 3 14 2 4 38 2 0
6 0 3 0 22 0 4 8 0 1 28 1 4 20 1 3 34 4 0
8 0 1 0 22 0 4 8 0 1 28 1 4 20 1 4 39 4 0 4 4 1 26 4 0
8 0 2 0 22 0 4 8 0 1 28 1 4 20 1 4 39 4 2 11 4 2 30 3 0
8 0 4 0 22 0 4 8 0 1 28 1 4 20 1 4 39 4 3 13 2 1 38 1 0
8 0 2 0 22 0 4 8 0 2 32 1 0 4 2 0 24 0 2 12 0 2 30 4 0
8 0 4 0 22 0 4 8 0 2 32 1 0 4 2 0 24 0 3 14 0 4 38 2 0
8 0 3 0 22 0 4 8 0 2 32 1 0 4 2 0 24 0 4 19 0 3 34 3 0
6 0 1 0 22 0 4 8 0 2 32 1 0 4 2 1 26 4 0
8 0 2 0 22 0 4 8 0 2 32 1 0 4 2 3 37 0 2 10 3 2 30 2 0
8 0 4 0 22 0 4 8 0 2 32 1 0 4 2 3 37 0 3 16 3 4 38 4 0
8 0 3 0 22 0 4 8 0 2 32 1 0 4 2 3 37 0 4 17 4 1 34 1 0
8 0 2 0 22 0 4 8 0 2 32 1 0 4 2 4 39 0 2 11 4 2 30 3 0
8 0 4 0 22 0 4 8 0 2 32 1 0 4 2 4 39 0 3 13 2 1 38 1 0
8 0 3 0 22 0 4 8 0 2 32 1 0 4 2 4 39 0 4 20 4 3 34 4 0
8 0 1 0 22 0 4 8 0 2 32 1 2 9 3 0 21 2 0 1 0 1 26 1 0
8 0 4 0 22 0 4 8 0 2 32 1 2 9 3 0 21 2 3 13 0 1 38 1 0
8 0 3 0 22 0 4 8 0 2 32 1 2 9 3 0 21 2 4 17 0 1 34 1 0
6 0 2 0 22 0 4 8 0 2 32 1 2 9 3 1 30 1 0
8 0 1 0 22 0 4 8 0 2 32 1 2 9 3 2 31 2 0 2 2 1 26 2 0
8 0 4 0 22 0 4 8 0 2 32 1 2 9 3 2 31 2 3 16 2 4 38 4 0
8 0 3 0 22 0 4 8 0 2 32 1 2 9 3 2 31 2 4 19 2 3 34 3 0
8 0 1 0 22 0 4 8 0 2 32 1 2 9 3 4 33 2 0 3 2 1 26 3 0
8 0 4 0 22 0 4 8 0 2 32 1 2 9 3 4 33 2 3 14 2 4 38 2 0
8 0 3 0 22 0 4 8 0 2 32 1 2 9 3 4 33 2 4 20 2 3 34 4 0
8 0 1 0 22 0 4 8 0 2 32 1 3 15 2 0 23 3 0 2 0 1 26 2 0
8 0 2 0 22 0 4 8 0 2 32 1 3 15 2 0 23 3 2 10 0 2 30 2 0
8 0 3 0 22 0 4 8 0 2 32 1 3 15 2 0 23 3 4 20 0 3 34 4 0
8 0 1 0 22 0 4 8 0 2 32 1 3 15 2 1 29 3 0 1 4 1 26 1 0
8 0 2 0 22 0 4 8 0 2 32 1 3 15 2 1 29 3 2 11 1 2 30 3 0
8 0 3 0 22 0 4 8 0 2 32 1 3 15 2 1 29 3 4 19 1 3 34 3 0
8 0 1 0 22 0 4 8 0 2 32 1 3 15 2 3 35 3 0 3 3 1 26 3 0
8 0 2 0 22 0 4 8 0 2 32 1 3 15 2 3 35 3 2 12 3 2 30 4 0
8 0 3 0 22 0 4 8 0 2 32 1 3 15 2 3 35 3 4 17 2 1 34 1 0
6 0 4 0 22 0 4 8 0 2 32 1 3 15 2 4 38 3 0
8 0 1 0 22 0 4 8 0 2 32 1 4 18 2 0 25 4 0 3 0 1 26 3 0
8 0 2 0 22 0 4 8 0 2 32 1 4 18 2 0 25 4 2 11 0 2 30 3 0
8 0 4 0 22 0 4 8 0 2 32 1 4 18 2 0 25 4 3 16 0 4 38 4 0
8 0 1 0 22 0 4 8 0 2 32 1 4 18 2 1 27 4 0 1 2 1 26 1 0
8 0 2 0 22 0 4 8 0 2 32 1 4 18 2 1 27 4 2 10 1 2 30 2 0
8 0 4 0 22 0 4 8 0 2 32 1 4 18 2 1 27 4 3 14 1 4 38 2 0
6 0 3 0 22 0 4 8 0 2 32 1 4 18 2 3 34 2 0
8 0 1 0 22 0 4 8 0 2 32 1 4 18 2 4 41 4 0 2 4 1 26 2 0
8 0 2 0 22 0 4 8 0 2 32 1 4 18 2 4 41 4 2 12 4 2 30 4 0
8 0 4 0 22 0 4 8 0 2 32 1 4 18 2 4 41 4 3 13 4 1 38 1 0
8 0 2 0 22 0 4 8 0 3 36 1 0 2 3 0 23 0 2 10 0 2 30 2 0
8 0 4 0 22 0 4 8 0 3 36 1 0 2 3 0 23 0 3 15 0 4 38 3 0
8 0 3 0 22 0 4 8 0 3 36 1 0 2 3 0 23 0 4 20 0 3 34 4 0
6 0 1 0 22 0 4 8 0 3 36 1 0 2 3 1 26 2 0
8 0 2 0 22 0 4 8 0 3 36 1 0 2 3 2 31 0 2 9 2 1 30 1 0
8 0 4 0 22 0 4 8 0 3 36 1 0 2 3 2 31 0 3 16 2 4 38 4 0
8 0 3 0 22 0 4 8 0 3 36 1 0 2 3 2 31 0 4 19 2 3 34 3 0
8 0 2 0 22 0 4 8 0 3 36 1 0 2 3 4 41 0 2 12 4 2 30 4 0
8 0 4 0 22 0 4 8 0 3 36 1 0 2 3 4 41 0 3 13 4 1 38 1 0
8 0 3 0 22 0 4 8 0 3 36 1 0 2 3 4 41 0 4 18 4 3 34 2 0
8 0 1 0 22 0 4 8 0 3 36 1 2 11 3 0 25 2 0 3 0 1 26 3 0
8 0 4 0 22 0 4 8 0 3 36 1 2 11 3 0 25 2 3 16 0 4 38 4 0
8 0 3 0 22 0 4 8 0 3 36 1 2 11 3 0 25 2 4 18 0 3 34 2 0
8 0 1 0 22 0 4 8 0 3 36 1 2 11 3 1 29 2 0 1 4 1 26 1 0
8 0 4 0 22 0 4 8 0 3 36 1 2 11 3 1 29 2 3 15 1 4 38 3 0
8 0 3 0 22 0 4 8 0 3 36 1 2 11 3 1 29 2 4 19 1 3 34 3 0
6 0 2 0 22 0 4 8 0 3 36 1 2 11 3 2 30 3 0
8 0 1 0 22 0 4 8 0 3 36 1 2 11 3 4 39 2 0 4 4 1 26 4 0
8 0 4 0 22 0 4 8 0 3 36 1 2 11 3 4 39 2 3 13 2 1 38 1 0
8 0 3 0 22 0 4 8 0 3 36 1 2 11 3 4 39 2 4 20 4 3 34 4 0
8 0 1 0 22 0 4 8 0 3 36 1 3 14 3 0 24 3 0 4 0 1 26 4 0
8 0 2 0 22 0 4 8 0 3 36 1 3 14 3 0 24 3 2 12 0 2 30 4 0
8 0 3 0 22 0 4 8 0 3 36 1 3 14 3 0 24 3 4 19 0 3 34 3 0
8 0 1 0 22 0 4 8 0 3 36 1 3 14 3 1 27 3 0 1 2 1 26 1 0
8 0 2 0 22 0 4 8 0 3 36 1 3 14 3 1 27 3 2 10 1 2 30 2 0
8 0 3 0 22 0 4 8 0 3 36 1 3 14 3 1 27 3 4 18 1 3 34 2 0
8 0 1 0 22 0 4 8 0 3 36 1 3 14 3 2 33 3 0 3 2 1 26 3 0
8 0 2 0 22 0 4 8 0 3 36 1 3 14 3 2 33 3 2 9 4 1 30 1 0
8 0 3 0 22 0 4 8 0 3 36 1 3 14 3 2 33 3 4 20 2 3 34 4 0
6 0 4 0 22 0 4 8 0 3 36 1 3 14 3 4 38 2 0
8 0 1 0 22 0 4 8 0 3 36 1 4 17 3 0 21 4 0 1 0 1 26 1 0
8 0 2 0 22 0 4 8 0 3 36 1 4 17 3 0 21 4 2 9 0 1 30 1 0
8 0 4 0 22 0 4 8 0 3 36 1 4 17 3 0 21 4 3 13 0 1 38 1 0
6 0 3 0 22 0 4 8 0 3 36 1 4 17 3 1 34 1 0
8 0 1 0 22 0 4 8 0 3 36 1 4 17 3 2 35 4 0 3 3 1 26 3 0
8 0 2 0 22 0 4 8 0 3 36 1 4 17 3 2 35 4 2 12 3 2 30 4 0
8 0 4 0 22 0 4 8 0 3 36 1 4 17 3 2 35 4 3 15 3 4 38 3 0
8 0 1 0 22 0 4 8 0 3 36 1 4 17 3 4 37 4 0 4 3 1 26 4 0
8 0 2 0 22 0 4 8 0 3 36 1 4 17 3 4 37 4 2 10 3 2 30 2 0
8 0 4 0 22 0 4 8 0 3 36 1 4 17 3 4 37 4 3 16 3 4 38 4 0
8 0 2 0 22 0 4 8 0 4 40 1 0 3 4 0 25 0 2 11 0 2 30 3 0
8 0 4 0 22 0 4 8 0 4 40 1 0 3 4 0 25 0 3 16 0 4 38 4 0
8 0 3 0 22 0 4 8 0 4 40 1 0 3 4 0 25 0 4 18 0 3 34 2 0
6 0 1 0 22 0 4 8 0 4 40 1 0 3 4 1 26 3 0
8 0 2 0 22 0 4 8 0 4 40 1 0 3 4 2 33 0 2 9 4 1 30 1 0
8 0 4 0 22 0 4 8 0 4 40 1 0 3 4 2 33 0 3 14 2 4 38 2 0
8 0 3 0 22 0 4 8 0 4 40 1 0 3 4 2 33 0 4 20 2 3 34 4 0
8 0 2 0 22 0 4 8 0 4 40 1 0 3 4 3 35 0 2 12 3 2 30 4 0
8 0 4 0 22 0 4 8 0 4 40 1 0 3 4 3 35 0 3 15 3 4 38 3 0
8 0 3 0 22 0 4 8 0 4 40 1 0 3 4 3 35 0 4 17 2 1 34 1 0
8 0 1 0 22 0 4 8 0 4 40 1 2 10 4 0 23 2 0 2 0 1 26 2 0
8 0 4 0 22 0 4 8 0 4 40 1 2 10 4 0 23 2 3 15 0 4 38 3 0
8 0 3 0 22 0 4 8 0 4 40 1 2 10 4 0 23 2 4 20 0 3 34 4 0
8 0 1 0 22 0 4 8 0 4 40 1 2 10 4 1 27 2 0 1 2 1 26 1 0
8 0 4 0 22 0 4 8 0 4 40 1 2 10 4 1 27 2 3 14 1 4 38 2 0
8 0 3 0 22 0 4 8 0 4 40 1 2 10 4 1 27 2 4 18 1 3 34 2 0
6 0 2 0 22 0 4 8 0 4 40 1 2 10 4 2 30 2 0
8 0 1 0 22 0 4 8 0 4 40 1 2 10 4 3 37 2 0 4 3 1 26 4 0
8 0 4 0 22 0 4 8 0 4 40 1 2 10 4 3 37 2 3 16 3 4 38 4 0
8 0 3 0 22 0 4 8 0 4 40 1 2 10 4 3 37 2 4 17 4 1 34 1 0
8 0 1 0 22 0 4 8 0 4 40 1 3 13 3 0 21 3 0 1 0 1 26 1 0
8 0 2 0 22 0 4 8 0 4 40 1 3 13 3 0 21 3 2 9 0 1 30 1 0
8 0 3 0 22 0 4 8 0 4 40 1 3 13 3 0 21 3 4 17 0 1 34 1 0
6 0 4 0 22 0 4 8 0 4 40 1 3 13 3 1 38 1 0
8 0 1 0 22 0 4 8 0 4 40 1 3 13 3 2 39 3 0 4 4 1 26 4 0
8 0 2 0 22 0 4 8 0 4 40 1 3 13 3 2 39 3 2 11 4 2 30 3 0
8 0 3 0 22 0 4 8 0 4 40 1 3 13 3 2 39 3 4 20 4 3 34 4 0
8 0 1 0 22 0 4 8 0 4 40 1 3 13 3 4 41 3 0 2 4 1 26 2 0
8 0 2 0 22 0 4 8 0 4 40 1 3 13 3 4 41 3 2 12 4 2 30 4 0
8 0 3 0 22 0 4 8 0 4 40 1 3 13 3 4 41 3 4 18 4 3 34 2 0
8 0 1 0 22 0 4 8 0 4 40 1 4 19 4 0 24 4 0 4 0 1 26 4 0
8 0 2 0 22 0 4 8 0 4 40 1 4 19 4 0 24 4 2 12 0 2 30 4 0
8 0 4 0 22 0 4 8 0 4 40 1 4 19 4 0 24 4 3 14 0 4 38 2 0
8 0 1 0 22 0 4 8 0 4 40 1 4 19 4 1 29 4 0 1 4 1 26 1 0
8 0 2 0 22 0 4 8 0 4 40 1 4 19 4 1 29 4 2 11 1 2 30 3 0
8 0 4 0 22 0 4 8 0 4 40 1 4 19 4 1 29 4 3 15 1 4 38 3 0
8 0 1 0 22 0 4 8 0 4 40 1 4 19 4 2 31 4 0 2 2 1 26 2 0
8 0 2 0 22 0 4 8 0 4 40 1 4 19 4 2 31 4 2 9 2 1 30 1 0
8 0 4 0 22 0 4 8 0 4 40 1 4 19 4 2 31 4 3 16 2 4 38 4 0
6 0 3 0 22 0 4 8 0 4 40 1 4 19 4 3 34 3 0
8 0 2 1 26 0 1 1 1 0 21 0 1 5 0 2 23 1 2 10 0 2 30 2 0
8 0 4 1 26 0 1 1 1 0 21 0 1 5 0 2 23 1 3 15 0 4 38 3 0
8 0 3 1 26 0 1 1 1 0 21 0 1 5 0 2 23 1 4 20 0 3 34 4 0
8 0 2 1 26 0 1 1 1 0 21 0 1 5 0 3 24 1 2 12 0 2 30 4 0
8 0 4 1 26 0 1 1 1 0 21 0 1 5 0 3 24 1 3 14 0 4 38 2 0
8 0 3 1 26 0 1 1 1 0 21 0 1 5 0 3 24 1 4 19 0 3 34 3 0
8 0 2 1 26 0 1 1 1 0 21 0 1 5 0 4 25 1 2 11 0 2 30 3 0
8 0 4 1 26 0 1 1 1 0 21 0 1 5 0 4 25 1 3 16 0 4 38 4 0
8 0 3 1 26 0 1 1 1 0 21 0 1 5 0 4 25 1 4 18 0 3 34 2 0
6 0 2 1 26 0 1 1 1 0 21 0 2 9 0 1 30 1 0
8 0 4 1 26 0 1 1 1 0 21 0 2 9 0 2 31 2 3 16 2 4 38 4 0
8 0 3 1 26 0 1 1 1 0 21 0 2 9 0 2 31 2 4 19 2 3 34 3 0
8 0 4 1 26 0 1 1 1 0 21 0 2 9 0 3 32 2 3 15 2 4 38 3 0
8 0 3 1 26 0 1 1 1 0 21 0 2 9 0 3 32 2 4 18 2 3 34 2 0
8 0 4 1 26 0 1 1 1 0 21 0 2 9 0 4 33 2 3 14 2 4 38 2 0
8 0 3 1 26 0 1 1 1 0 21 0 2 9 0 4 33 2 4 20 2 3 34 4 0
6 0 4 1 26 0 1 1 1 0 21 0 3 13 0 1 38 1 0
8 0 2 1 26 0 1 1 1 0 21 0 3 13 0 2 39 3 2 11 4 2 30 3 0
8 0 3 1 26 0 1 1 1 0 21 0 3 13 0 2 39 3 4 20 4 3 34 4 0
8 0 2 1 26 0 1 1 1 0 21 0 3 13 0 3 40 3 2 10 4 2 30 2 0
8 0 3 1 26 0 1 1 1 0 21 0 3 13 0 3 40 3 4 19 4 3 34 3 0
8 0 2 1 26 0 1 1 1 0 21 0 3 13 0 4 41 3 2 12 4 2 30 4 0
8 0 3 1 26 0 1 1 1 0 21 0 3 13 0 4 41 3 4 18 4 3 34 2 0
6 0 3 1 26 0 1 1 1 0 21 0 4 17 0 1 34 1 0
8 0 2 1 26 0 1 1 1 0 21 0 4 17 0 2 35 4 2 12 3 2 30 4 0
8 0 4 1 26 0 1 1 1 0 21 0 4 17 0 2 35 4 3 15 3 4 38 3 0
8 0 2 1 26 0 1 1 1 0 21 0 4 17 0 3 36 4 2 11 3 2 30 3 0
8 0 4 1 26 0 1 1 1 0 21 0 4 17 0 3 36 4 3 14 3 4 38 2 0
8 0 2 1 26 0 1 1 1 0 21 0 4 17 0 4 37 4 2 10 3 2 30 2 0
8 0 4 1 26 0 1 1 1 0 21 0 4 17 0 4 37 4 3 16 3 4 38 4 0
8 0 2 1 26 0 1 1 1 2 27 0 1 6 1 2 31 1 2 9 2 1 30 1 0
8 0 4 1 26 0 1 1 1 2 27 0 1 6 1 2 31 1 3 16 2 4 38 4 0
8 0 3 1 26 0 1 1 1 2 27 0 1 6 1 2 31 1 4 19 2 3 34 3 0
8 0 2 1 26 0 1 1 1 2 27 0 1 6 1 3 35 1 2 12 3 2 30 4 0
8 0 4 1 26 0 1 1 1 2 27 0 1 6 1 3 35 1 3 15 3 4 38 3 0
8 0 3 1 26 0 1 1 1 2 27 0 1 6 1 3 35 1 4 17 2 1 34 1 0
8 0 2 1 26 0 1 1 1 2 27 0 1 6 1 4 39 1 2 11 4 2 30 3 0
8 0 4 1 26 0 1 1 1 2 27 0 1 6 1 4 39 1 3 13 2 1 38 1 0
8 0 3 1 26 0 1 1 1 2 27 0 1 6 1 4 39 1 4 20 4 3 34 4 0
8 0 4 1 26 0 1 1 1 2 27 0 2 10 1 0 23 2 3 15 0 4 38 3 0
8 0 3 1 26 0 1 1 1 2 27 0 2 10 1 0 23 2 4 20 0 3 34 4 0
6 0 2 1 26 0 1 1 1 2 27 0 2 10 1 2 30 2 0
8 0 4 1 26 0 1 1 1 2 27 0 2 10 1 3 37 2 3 16 3 4 38 4 0
8 0 3 1 26 0 1 1 1 2 27 0 2 10 1 3 37 2 4 17 4 1 34 1 0
8 0 4 1 26 0 1 1 1 2 27 0 2 10 1 4 40 2 3 13 3 1 38 1 0
8 0 3 1 26 0 1 1 1 2 27 0 2 10 1 4 40 2 4 19 4 3 34 3 0
8 0 2 1 26 0 1 1 1 2 27 0 3 14 1 0 24 3 2 12 0 2 30 4 0
8 0 3 1 26 0 1 1 1 2 27 0 3 14 1 0 24 3 4 19 0 3 34 3 0
8 0 2 1 26 0 1 1 1 2 27 0 3 14 1 2 33 3 2 9 4 1 30 1 0
8 0 3 1 26 0 1 1 1 2 27 0 3 14 1 2 33 3 4 20 2 3 34 4 0
8 0 2 1 26 0 1 1 1 2 27 0 3 14 1 3 36 3 2 11 3 2 30 3 0
8 0 3 1 26 0 1 1 1 2 27 0 3 14 1 3 36 3 4 17 3 1 34 1 0
6 0 4 1 26 0 1 1 1 2 27 0 3 14 1 4 38 2 0
8 0 2 1 26 0 1 1 1 2 27 0 4 18 1 0 25 4 2 11 0 2 30 3 0
8 0 4 1 26 0 1 1 1 2 27 0 4 18 1 0 25 4 3 16 0 4 38 4 0
8 0 2 1 26 0 1 1 1 2 27 0 4 18 1 2 32 4 2 9 3 1 30 1 0
8 0 4 1 26 0 1 1 1 2 27 0 4 18 1 2 32 4 3 15 2 4 38 3 0
6 0 3 1 26 0 1 1 1 2 27 0 4 18 1 3 34 2 0
8 0 2 1 26 0 1 1 1 2 27 0 4 18 1 4 41 4 2 12 4 2 30 4 0
8 0 4 1 26 0 1 1 1 2 27 0 4 18 1 4 41 4 3 13 4 1 38 1 0
8 0 2 1 26 0 1 1 1 3 28 0 1 8 1 2 32 1 2 9 3 1 30 1 0
8 0 4 1 26 0 1 1 1 3 28 0 1 8 1 2 32 1 3 15 2 4 38 3 0
8 0 3 1 26 0 1 1 1 3 28 0 1 8 1 2 32 1 4 18 2 3 34 2 0
8 0 2 1 26 0 1 1 1 3 28 0 1 8 1 3 36 1 2 11 3 2 30 3 0
8 0 4 1 26 0 1 1 1 3 28 0 1 8 1 3 36 1 3 14 3 4 38 2 0
8 0 3 1 26 0 1 1 1 3 28 0 1 8 1 3 36 1 4 17 3 1 34 1 0
8 0 2 1 26 0 1 1 1 3 28 0 1 8 1 4 40 1 2 10 4 2 30 2 0
8 0 4 1 26 0 1 1 1 3 28 0 1 8 1 4 40 1 3 13 3 1 38 1 0
8 0 3 1 26 0 1 1 1 3 28 0 1 8 1 4 40 1 4 19 4 3 34 3 0
8 0 4 1 26 0 1 1 1 3 28 0 2 12 1 0 24 2 3 14 0 4 38 2 0
8 0 3 1 26 0 1 1 1 3 28 0 2 12 1 0 24 2 4 19 0 3 34 3 0
6 0 2 1 26 0 1 1 1 3 28 0 2 12 1 2 30 4 0
8 0 4 1 26 0 1 1 1 3 28 0 2 12 1 3 35 2 3 15 3 4 38 3 0
8 0 3 1 26 0 1 1 1 3 28 0 2 12 1 3 35 2 4 17 2 1 34 1 0
8 0 4 1 26 0 1 1 1 3 28 0 2 12 1 4 41 2 3 13 4 1 38 1 0
8 0 3 1 26 0 1 1 1 3 28 0 2 12 1 4 41 2 4 18 4 3 34 2 0
8 0 2 1 26 0 1 1 1 3 28 0 3 16 1 0 25 3 2 11 0 2 30 3 0
8 0 3 1 26 0 1 1 1 3 28 0 3 16 1 0 25 3 4 18 0 3 34 2 0
8 0 2 1 26 0 1 1 1 3 28 0 3 16 1 2 31 3 2 9 2 1 30 1 0
8 0 3 1 26 0 1 1 1 3 28 0 3 16 1 2 31 3 4 19 2 3 34 3 0
8 0 2 1 26 0 1 1 1 3 28 0 3 16 1 3 37 3 2 10 3 2 30 2 0
8 0 3 1 26 0 1 1 1 3 28 0 3 16 1 3 37 3 4 17 4 1 34 1 0
6 0 4 1 26 0 1 1 1 3 28 0 3 16 1 4 38 4 0
8 0 2 1 26 0 1 1 1 3 28 0 4 20 1 0 23 4 2 10 0 2 30 2 0
8 0 4 1 26 0 1 1 1 3 28 0 4 20 1 0 23 4 3 15 0 4 38 3 0
8 0 2 1 26 0 1 1 1 3 28 0 4 20 1 2 33 4 2 9 4 1 30 1 0
8 0 4 1 26 0 1 1 1 3 28 0 4 20 1 2 33 4 3 14 2 4 38 2 0
6 0 3 1 26 0 1 1 1 3 28 0 4 20 1 3 34 4 0
8 0 2 1 26 0 1 1 1 3 28 0 4 20 1 4 39 4 2 11 4 2 30 3 0
8 0 4 1 26 0 1 1 1 3 28 0 4 20 1 4 39 4 3 13 2 1 38 1 0
8 0 2 1 26 0 1 1 1 4 29 0 1 7 1 2 33 1 2 9 4 1 30 1 0
8 0 4 1 26 0 1 1 1 4 29 0 1 7 1 2 33 1 3 14 2 4 38 2 0
8 0 3 1 26 0 1 1 1 4 29 0 1 7 1 2 33 1 4 20 2 3 34 4 0
8 0 2 1 26 0 1 1 1 4 29 0 1 7 1 3 37 1 2 10 3 2 30 2 0
8 0 4 1 26 0 1 1 1 4 29 0 1 7 1 3 37 1 3 16 3 4 38 4 0
8 0 3 1 26 0 1 1 1 4 29 0 1 7 1 3 37 1 4 17 4 1 34 1 0
8 0 2 1 26 0 1 1 1 4 29 0 1 7 1 4 41 1 2 12 4 2 30 4 0
8 0 4 1 26 0 1 1 1 4 29 0 1 7 1 4 41 1 3 13 4 1 38 1 0
8 0 3 1 26 0 1 1 1 4 29 0 1 7 1 4 41 1 4 18 4 3 34 2 0
8 0 4 1 26 0 1 1 1 4 29 0 2 11 1 0 25 2 3 16 0 4 38 4 0
8 0 3 1 26 0 1 1 1 4 29 0 2 11 1 0 25 2 4 18 0 3 34 2 0
6 0 2 1 26 0 1 1 1 4 29 0 2 11 1 2 30 3 0
8 0 4 1 26 0 1 1 1 4 29 0 2 11 1 3 36 2 3 14 3 4 38 2 0
8 0 3 1 26 0 1 1 1 4 29 0 2 11 1 3 36 2 4 17 3 1 34 1 0
8 0 4 1 26 0 1 1 1 4 29 0 2 11 1 4 39 2 3 13 2 1 38 1 0
8 0 3 1 26 0 1 1 1 4 29 0 2 11 1 4 39 2 4 20 4 3 34 4 0
8 0 2 1 26 0 1 1 1 4 29 0 3 15 1 0 23 3 2 10 0 2 30 2 0
8 0 3 1 26 0 1 1 1 4 29 0 3 15 1 0 23 3 4 20 0 3 34 4 0
8 0 2 1 26 0 1 1 1 4 29 0 3 15 1 2 32 3 2 9 3 1 30 1 0
8 0 3 1 26 0 1 1 1 4 29 0 3 15 1 2 32 3 4 18 2 3 34 2 0
8 0 2 1 26 0 1 1 1 4 29 0 3 15 1 3 35 3 2 12 3 2 30 4 0
8 0 3 1 26 0 1 1 1 4 29 0 3 15 1 3 35 3 4 17 2 1 34 1 0
6 0 4 1 26 0 1 1 1 4 29 0 3 15 1 4 38 3 0
8 0 2 1 26 0 1 1 1 4 29 0 4 19 1 0 24 4 2 12 0 2 30 4 0
8 0 4 1 26 0 1 1 1 4 29 0 4 19 1 0 24 4 3 14 0 4 38 2 0
8 0 2 1 26 0 1 1 1 4 29 0 4 19 1 2 31 4 2 9 2 1 30 1 0
8 0 4 1 26 0 1 1 1 4 29 0 4 19 1 2 31 4 3 16 2 4 38 4 0
6 0 3 1 26 0 1 1 1 4 29 0 4 19 1 3 34 3 0
8 0 2 1 26 0 1 1 1 4 29 0 4 19 1 4 40 4 2 10 4 2 30 2 0
8 0 4 1 26 0 1 1 1 4 29 0 4 19 1 4 40 4 3 13 3 1 38 1 0
8 0 2 1 26 0 2 2 1 0 23 0 1 5 2 0 21 1 2 9 0 1 30 1 0
8 0 4 1 26 0 2 2 1 0 23 0 1 5 2 0 21 1 3 13 0 1 38 1 0
8 0 3 1 26 0 2 2 1 0 23 0 1 5 2 0 21 1 4 17 0 1 34 1 0
8 0 2 1 26 0 2 2 1 0 23 0 1 5 2 3 24 1 2 12 0 2 30 4 0
8 0 4 1 26 0 2 2 1 0 23 0 1 5 2 3 24 1 3 14 0 4 38 2 0
8 0 3 1 26 0 2 2 1 0 23 0 1 5 2 3 24 1 4 19 0 3 34 3 0
8 0 2 1 26 0 2 2 1 0 23 0 1 5 2 4 25 1 2 11 0 2 30 3 0
8 0 4 1 26 0 2 2 1 0 23 0 1 5 2 4 25 1 3 16 0 4 38 4 0
8 0 3 1 26 0 2 2 1 0 23 0 1 5 2 4 25 1 4 18 0 3 34 2 0
8 0 4 1 26 0 2 2 1 0 23 0 2 10 0 1 27 2 3 14 1 4 38 2 0
8 0 3 1 26 0 2 2 1 0 23 0 2 10 0 1 27 2 4 18 1 3 34 2 0
6 0 2 1 26 0 2 2 1 0 23 0 2 10 0 2 30 2 0
8 0 4 1 26 0 2 2 1 0 23 0 2 10 0 3 37 2 3 16 3 4 38 4 0
8 0 3 1 26 0 2 2 1 0 23 0 2 10 0 3 37 2 4 17 4 1 34 1 0
8 0 4 1 26 0 2 2 1 0 23 0 2 10 0 4 40 2 3 13 3 1 38 1 0
8 0 3 1 26 0 2 2 1 0 23 0 2 10 0 4 40 2 4 19 4 3 34 3 0
8 0 2 1 26 0 2 2 1 0 23 0 3 15 0 1 29 3 2 11 1 2 30 3 0
8 0 3 1 26 0 2 2 1 0 23 0 3 15 0 1 29 3 4 19 1 3 34 3 0
8 0 2 1 26 0 2 2 1 0 23 0 3 15 0 2 32 3 2 9 3 1 30 1 0
8 0 3 1 26 0 2 2 1 0 23 0 3 15 0 2 32 3 4 18 2 3 34 2 0
8 0 2 1 26 0 2 2 1 0 23 0 3 15 0 3 35 3 2 12 3 2 30 4 0
8 0 3 1 26 0 2 2 1 0 23 0 3 15 0 3 35 3 4 17 2 1 34 1 0
6 0 4 1 26 0 2 2 1 0 23 0 3 15 0 4 38 3 0
8 0 2 1 26 0 2 2 1 0 23 0 4 20 0 1 28 4 2 12 1 2 30 4 0
8 0 4 1 26 0 2 2 1 0 23 0 4 20 0 1 28 4 3 16 1 4 38 4 0
8 0 2 1 26 0 2 2 1 0 23 0 4 20 0 2 33 4 2 9 4 1 30 1 0
8 0 4 1 26 0 2 2 1 0 23 0 4 20 0 2 33 4 3 14 2 4 38 2 0
6 0 3 1 26 0 2 2 1 0 23 0 4 20 0 3 34 4 0
8 0 2 1 26 0 2 2 1 0 23 0 4 20 0 4 39 4 2 11 4 2 30 3 0
8 0 4 1 26 0 2 2 1 0 23 0 4 20 0 4 39 4 3 13 2 1 38 1 0
8 0 2 1 26 0 2 2 1 2 31 0 1 6 2 1 27 1 2 10 1 2 30 2 0
8 0 4 1 26 0 2 2 1 2 31 0 1 6 2 1 27 1 3 14 1 4 38 2 0
8 0 3 1 26 0 2 2 1 2 31 0 1 6 2 1 27 1 4 18 1 3 34 2 0
8 0 2 1 26 0 2 2 1 2 31 0 1 6 2 3 35 1 2 12 3 2 30 4 0
8 0 4 1 26 0 2 2 1 2 31 0 1 6 2 3 35 1 3 15 3 4 38 3 0
8 0 3 1 26 0 2 2 1 2 31 0 1 6 2 3 35 1 4 17 2 1 34 1 0
8 0 2 1 26 0 2 2 1 2 31 0 1 6 2 4 39 1 2 11 4 2 30 3 0
8 0 4 1 26 0 2 2 1 2 31 0 1 6 2 4 39 1 3 13 2 1 38 1 0
8 0 3 1 26 0 2 2 1 2 31 0 1 6 2 4 39 1 4 20 4 3 34 4 0
8 0 4 1 26 0 2 2 1 2 31 0 2 9 2 0 21 2 3 13 0 1 38 1 0
8 0 3 1 26 0 2 2 1 2 31 0 2 9 2 0 21 2 4 17 0 1 34 1 0
6 0 2 1 26 0 2 2 1 2 31 0 2 9 2 1 30 1 0
8 0 4 1 26 0 2 2 1 2 31 0 2 9 2 3 32 2 3 15 2 4 38 3 0
8 0 3 1 26 0 2 2 1 2 31 0 2 9 2 3 32 2 4 18 2 3 34 2 0
8 0 4 1 26 0 2 2 1 2 31 0 2 9 2 4 33 2 3 14 2 4 38 2 0
8 0 3 1 26 0 2 2 1 2 31 0 2 9 2 4 33 2 4 20 2 3 34 4 0
8 0 2 1 26 0 2 2 1 2 31 0 3 16 2 0 25 3 2 11 0 2 30 3 0
8 0 3 1 26 0 2 2 1 2 31 0 3 16 2 0 25 3 4 18 0 3 34 2 0
8 0 2 1 26 0 2 2 1 2 31 0 3 16 2 1 28 3 2 12 1 2 30 4 0
8 0 3 1 26 0 2 2 1 2 31 0 3 16 2 1 28 3 4 20 1 3 34 4 0
8 0 2 1 26 0 2 2 1 2 31 0 3 16 2 3 37 3 2 10 3 2 30 2 0
8 0 3 1 26 0 2 2 1 2 31 0 3 16 2 3 37 3 4 17 4 1 34 1 0
6 0 4 1 26 0 2 2 1 2 31 0 3 16 2 4 38 4 0
8 0 2 1 26 0 2 2 1 2 31 0 4 19 2 0 24 4 2 12 0 2 30 4 0
8 0 4 1 26 0 2 2 1 2 31 0 4 19 2 0 24 4 3 14 0 4 38 2 0
8 0 2 1 26 0 2 2 1 2 31 0 4 19 2 1 29 4 2 11 1 2 30 3 0
8 0 4 1 26 0 2 2 1 2 31 0 4 19 2 1 29 4 3 15 1 4 38 3 0
6 0 3 1 26 0 2 2 1 2 31 0 4 19 2 3 34 3 0
8 0 2 1 26 0 2 2 1 2 31 0 4 19 2 4 40 4 2 10 4 2 30 2 0
8 0 4 1 26 0 2 2 1 2 31 0 4 19 2 4 40 4 3 13 3 1 38 1 0
8 0 2 1 26 0 2 2 1 3 36 0 1 8 3 1 28 1 2 12 1 2 30 4 0
8 0 4 1 26 0 2 2 1 3 36 0 1 8 3 1 28 1 3 16 1 4 38 4 0
8 0 3 1 26 0 2 2 1 3 36 0 1 8 3 1 28 1 4 20 1 3 34 4 0
8 0 2 1 26 0 2 2 1 3 36 0 1 8 3 2 32 1 2 9 3 1 30 1 0
8 0 4 1 26 0 2 2 1 3 36 0 1 8 3 2 32 1 3 15 2 4 38 3 0
8 0 3 1 26 0 2 2 1 3 36 0 1 8 3 2 32 1 4 18 2 3 34 2 0
8 0 2 1 26 0 2 2 1 3 36 0 1 8 3 4 40 1 2 10 4 2 30 2 0
8 0 4 1 26 0 2 2 1 3 36 0 1 8 3 4 40 1 3 13 3 1 38 1 0
8 0 3 1 26 0 2 2 1 3 36 0 1 8 3 4 40 1 4 19 4 3 34 3 0
8 0 4 1 26 0 2 2 1 3 36 0 2 11 3 0 25 2 3 16 0 4 38 4 0
8 0 3 1 26 0 2 2 1 3 36 0 2 11 3 0 25 2 4 18 0 3 34 2 0
8 0 4 1 26 0 2 2 1 3 36 0 2 11 3 1 29 2 3 15 1 4 38 3 0
8 0 3 1 26 0 2 2 1 3 36 0 2 11 3 1 29 2 4 19 1 3 34 3 0
6 0 2 1 26 0 2 2 1 3 36 0 2 11 3 2 30 3 0
8 0 4 1 26 0 2 2 1 3 36 0 2 11 3 4 39 2 3 13 2 1 38 1 0
8 0 3 1 26 0 2 2 1 3 36 0 2 11 3 4 39 2 4 20 4 3 34 4 0
8 0 2 1 26 0 2 2 1 3 36 0 3 14 3 0 24 3 2 12 0 2 30 4 0
8 0 3 1 26 0 2 2 1 3 36 0 3 14 3 0 24 3 4 19 0 3 34 3 0
8 0 2 1 26 0 2 2 1 3 36 0 3 14 3 1 27 3 2 10 1 2 30 2 0
8 0 3 1 26 0 2 2 1 3 36 0 3 14 3 1 27 3 4 18 1 3 34 2 0
8 0 2 1 26 0 2 2 1 3 36 0 3 14 3 2 33 3 2 9 4 1 30 1 0
8 0 3 1 26 0 2 2 1 3 36 0 3 14 3 2 33 3 4 20 2 3 34 4 0
6 0 4 1 26 0 2 2 1 3 36 0 3 14 3 4 38 2 0
8 0 2 1 26 0 2 2 1 3 36 0 4 17 3 0 21 4 2 9 0 1 30 1 0
8 0 4 1 26 0 2 2 1 3 36 0 4 17 3 0 21 4 3 13 0 1 38 1 0
6 0 3 1 26 0 2 2 1 3 36 0 4 17 3 1 34 1 0
8 0 2 1 26 0 2 2 1 3 36 0 4 17 3 2 35 4 2 12 3 2 30 4 0
8 0 4 1 26 0 2 2 1 3 36 0 4 17 3 2 35 4 3 15 3 4 38 3 0
8 0 2 1 26 0 2 2 1 3 36 0 4 17 3 4 37 4 2 10 3 2 30 2 0
8 0 4 1 26 0 2 2 1 3 36 0 4 17 3 4 37 4 3 16 3 4 38 4 0
8 0 2 1 26 0 2 2 1 4 41 0 1 7 4 1 29 1 2 11 1 2 30 3 0
8 0 4 1 26 0 2 2 1 4 41 0 1 7 4 1 29 1 3 15 1 4 38 3 0
8 0 3 1 26 0 2 2 1 4 41 0 1 7 4 1 29 1 4 19 1 3 34 3 0
8 0 2 1 26 0 2 2 1 4 41 0 1 7 4 2 33 1 2 9 4 1 30 1 0
8 0 4 1 26 0 2 2 1 4 41 0 1 7 4 2 33 1 3 14 2 4 38 2 0
8 0 3 1 26 0 2 2 1 4 41 0 1 7 4 2 33 1 4 20 2 3 34 4 0
8 0 2 1 26 0 2 2 1 4 41 0 1 7 4 3 37 1 2 10 3 2 30 2 0
8 0 4 1 26 0 2 2 1 4 41 0 1 7 4 3 37 1 3 16 3 4 38 4 0
8 0 3 1 26 0 2 2 1 4 41 0 1 7 4 3 37 1 4 17 4 1 34 1 0
8 0 4 1 26 0 2 2 1 4 41 0 2 12 4 0 24 2 3 14 0 4 38 2 0
8 0 3 1 26 0 2 2 1 4 41 0 2 12 4 0 24 2 4 19 0 3 34 3 0
8 0 4 1 26 0 2 2 1 4 41 0 2 12 4 1 28 2 3 16 1 4 38 4 0
8 0 3 1 26 0 2 2 1 4 41 0 2 12 4 1 28 2 4 20 1 3 34 4 0
6 0 2 1 26 0 2 2 1 4 41 0 2 12 4 2 30 4 0
8 0 4 1 26 0 2 2 1 4 41 0 2 12 4 3 35 2 3 15 3 4 38 3 0
8 0 3 1 26 0 2 2 1 4 41 0 2 12 4 3 35 2 4 17 2 1 34 1 0
8 0 2 1 26 0 2 2 1 4 41 0 3 13 4 0 21 3 2 9 0 1 30 1 0
8 0 3 1 26 0 2 2 1 4 41 0 3 13 4 0 21 3 4 17 0 1 34 1 0
6 0 4 1 26 0 2 2 1 4 41 0 3 13 4 1 38 1 0
8 0 2 1 26 0 2 2 1 4 41 0 3 13 4 2 39 3 2 11 4 2 30 3 0
8 0 3 1 26 0 2 2 1 4 41 0 3 13 4 2 39 3 4 20 4 3 34 4 0
8 0 2 1 26 0 2 2 1 4 41 0 3 13 4 3 40 3 2 10 4 2 30 2 0
8 0 3 1 26 0 2 2 1 4 41 0 3 13 4 3 40 3 4 19 4 3 34 3 0
8 0 2 1 26 0 2 2 1 4 41 0 4 18 4 0 25 4 2 11 0 2 30 3 0
8 0 4 1 26 0 2 2 1 4 41 0 4 18 4 0 25 4 3 16 0 4 38 4 0
8 0 2 1 26 0 2 2 1 4 41 0 4 18 4 1 27 4 2 10 1 2 30 2 0
8 0 4 1 26 0 2 2 1 4 41 0 4 18 4 1 27 4 3 14 1 4 38 2 0
8 0 2 1 26 0 2 2 1 4 41 0 4 18 4 2 32 4 2 9 3 1 30 1 0
8 0 4 1 26 0 2 2 1 4 41 0 4 18 4 2 32 4 3 15 2 4 38 3 0
6 0 3 1 26 0 2 2 1 4 41 0 4 18 4 3 34 2 0
8 0 2 1 26 0 3 3 1 0 25 0 1 5 4 0 21 1 2 9 0 1 30 1 0
8 0 4 1 26 0 3 3 1 0 25 0 1 5 4 0 21 1 3 13 0 1 38 1 0
8 0 3 1 26 0 3 3 1 0 25 0 1 5 4 0 21 1 4 17 0 1 34 1 0
8 0 2 1 26 0 3 3 1 0 25 0 1 5 4 2 23 1 2 10 0 2 30 2 0
8 0 4 1 26 0 3 3 1 0 25 0 1 5 4 2 23 1 3 15 0 4 38 3 0
8 0 3 1 26 0 3 3 1 0 25 0 1 5 4 2 23 1 4 20 0 3 34 4 0
8 0 2 1 26 0 3 3 1 0 25 0 1 5 4 3 24 1 2 12 0 2 30 4 0
8 0 4 1 26 0 3 3 1 0 25 0 1 5 4 3 24 1 3 14 0 4 38 2 0
8 0 3 1 26 0 3 3 1 0 25 0 1 5 4 3 24 1 4 19 0 3 34 3 0
8 0 4 1 26 0 3 3 1 0 25 0 2 11 0 1 29 2 3 15 1 4 38 3 0
8 0 3 1 26 0 3 3 1 0 25 0 2 11 0 1 29 2 4 19 1 3 34 3 0
6 0 2 1 26 0 3 3 1 0 25 0 2 11 0 2 30 3 0
8 0 4 1 26 0 3 3 1 0 25 0 2 11 0 3 36 2 3 14 3 4 38 2 0
8 0 3 1 26 0 3 3 1 0 25 0 2 11 0 3 36 2 4 17 3 1 34 1 0
8 0 4 1 26 0 3 3 1 0 25 0 2 11 0 4 39 2 3 13 2 1 38 1 0
8 0 3 1 26 0 3 3 1 0 25 0 2 11 0 4 39 2 4 20 4 3 34 4 0
8 0 2 1 26 0 3 3 1 0 25 0 3 16 0 1 28 3 2 12 1 2 30 4 0
8 0 3 1 26 0 3 3 1 0 25 0 3 16 0 1 28 3 4 20 1 3 34 4 0
8 0 2 1 26 0 3 3 1 0 25 0 3 16 0 2 31 3 2 9 2 1 30 1 0
8 0 3 1 26 0 3 3 1 0 25 0 3 16 0 2 31 3 4 19 2 3 34 3 0
8 0 2 1 26 0 3 3 1 0 25 0 3 16 0 3 37 3 2 10 3 2 30 2 0
8 0 3 1 26 0 3 3 1 0 25 0 3 16 0 3 37 3 4 17 4 1 34 1 0
6 0 4 1 26 0 3 3 1 0 25 0 3 16 0 4 38 4 0
8 0 2 1 26 0 3 3 1 0 25 0 4 18 0 1 27 4 2 10 1 2 30 2 0
8 0 4 1 26 0 3 3 1 0 25 0 4 18 0 1 27 4 3 14 1 4 38 2 0
8 0 2 1 26 0 3 3 1 0 25 0 4 18 0 2 32 4 2 9 3 1 30 1 0
8 0 4 1 26 0 3 3 1 0 25 0 4 18 0 2 32 4 3 15 2 4 38 3 0
6 0 3 1 26 0 3 3 1 0 25 0 4 18 0 3 34 2 0
8 0 2 1 26 0 3 3 1 0 25 0 4 18 0 4 41 4 2 12 4 2 30 4 0
8 0 4 1 26 0 3 3 1 0 25 0 4 18 0 4 41 4 3 13 4 1 38 1 0
8 0 2 1 26 0 3 3 1 2 33 0 1 7 2 1 29 1 2 11 1 2 30 3 0
8 0 4 1 26 0 3 3 1 2 33 0 1 7 2 1 29 1 3 15 1 4 38 3 0
8 0 3 1 26 0 3 3 1 2 33 0 1 7 2 1 29 1 4 19 1 3 34 3 0
8 0 2 1 26 0 3 3 1 2 33 0 1 7 2 3 37 1 2 10 3 2 30 2 0
8 0 4 1 26 0 3 3 1 2 33 0 1 7 2 3 37 1 3 16 3 4 38 4 0
8 0 3 1 26 0 3 3 1 2 33 0 1 7 2 3 37 1 4 17 4 1 34 1 0
8 0 2 1 26 0 3 3 1 2 33 0 1 7 2 4 41 1 2 12 4 2 30 4 0
8 0 4 1 26 0 3 3 1 2 33 0 1 7 2 4 41 1 3 13 4 1 38 1 0
8 0 3 1 26 0 3 3 1 2 33 0 1 7 2 4 41 1 4 18 4 3 34 2 0
8 0 4 1 26 0 3 3 1 2 33 0 2 9 4 0 21 2 3 13 0 1 38 1 0
8 0 3 1 26 0 3 3 1 2 33 0 2 9 4 0 21 2 4 17 0 1 34 1 0
6 0 2 1 26 0 3 3 1 2 33 0 2 9 4 1 30 1 0
8 0 4 1 26 0 3 3 1 2 33 0 2 9 4 2 31 2 3 16 2 4 38 4 0
8 0 3 1 26 0 3 3 1 2 33 0 2 9 4 2 31 2 4 19 2 3 34 3 0
8 0 4 1 26 0 3 3 1 2 33 0 2 9 4 3 32 2 3 15 2 4 38 3 0
8 0 3 1 26 0 3 3 1 2 33 0 2 9 4 3 32 2 4 18 2 3 34 2 0
8 0 2 1 26 0 3 3 1 2 33 0 3 14 2 0 24 3 2 12 0 2 30 4 0
8 0 3 1 26 0 3 3 1 2 33 0 3 14 2 0 24 3 4 19 0 3 34 3 0
8 0 2 1 26 0 3 3 1 2 33 0 3 14 2 1 27 3 2 10 1 2 30 2 0
8 0 3 1 26 0 3 3 1 2 33 0 3 14 2 1 27 3 4 18 1 3 34 2 0
8 0 2 1 26 0 3 3 1 2 33 0 3 14 2 3 36 3 2 11 3 2 30 3 0
8 0 3 1 26 0 3 3 1 2 33 0 3 14 2 3 36 3 4 17 3 1 34 1 0
6 0 4 1 26 0 3 3 1 2 33 0 3 14 2 4 38 2 0
8 0 2 1 26 0 3 3 1 2 33 0 4 20 2 0 23 4 2 10 0 2 30 2 0
8 0 4 1 26 0 3 3 1 2 33 0 4 20 2 0 23 4 3 15 0 4 38 3 0
8 0 2 1 26 0 3 3 1 2 33 0 4 20 2 1 28 4 2 12 1 2 30 4 0
8 0 4 1 26 0 3 3 1 2 33 0 4 20 2 1 28 4 3 16 1 4 38 4 0
6 0 3 1 26 0 3 3 1 2 33 0 4 20 2 3 34 4 0
8 0 2 1 26 0 3 3 1 2 33 0 4 20 2 4 39 4 2 11 4 2 30 3 0
8 0 4 1 26 0 3 3 1 2 33 0 4 20 2 4 39 4 3 13 2 1 38 1 0
8 0 2 1 26 0 3 3 1 3 35 0 1 6 3 1 27 1 2 10 1 2 30 2 0
8 0 4 1 26 0 3 3 1 3 35 0 1 6 3 1 27 1 3 14 1 4 38 2 0
8 0 3 1 26 0 3 3 1 3 35 0 1 6 3 1 27 1 4 18 1 3 34 2 0
8 0 2 1 26 0 3 3 1 3 35 0 1 6 3 2 31 1 2 9 2 1 30 1 0
8 0 4 1 26 0 3 3 1 3 35 0 1 6 3 2 31 1 3 16 2 4 38 4 0
8 0 3 1 26 0 3 3 1 3 35 0 1 6 3 2 31 1 4 19 2 3 34 3 0
8 0 2 1 26 0 3 3 1 3 35 0 1 6 3 4 39 1 2 11 4 2 30 3 0
8 0 4 1 26 0 3 3 1 3 35 0 1 6 3 4 39 1 3 13 2 1 38 1 0
8 0 3 1 26 0 3 3 1 3 35 0 1 6 3 4 39 1 4 20 4 3 34 4 0
8 0 4 1 26 0 3 3 1 3 35 0 2 12 3 0 24 2 3 14 0 4 38 2 0
8 0 3 1 26 0 3 3 1 3 35 0 2 12 3 0 24 2 4 19 0 3 34 3 0
8 0 4 1 26 0 3 3 1 3 35 0 2 12 3 1 28 2 3 16 1 4 38 4 0
8 0 3 1 26 0 3 3 1 3 35 0 2 12 3 1 28 2 4 20 1 3 34 4 0
6 0 2 1 26 0 3 3 1 3 35 0 2 12 3 2 30 4 0
8 0 4 1 26 0 3 3 1 3 35 0 2 12 3 4 41 2 3 13 4 1 38 1 0
8 0 3 1 26 0 3 3 1 3 35 0 2 12 3 4 41 2 4 18 4 3 34 2 0
8 0 2 1 26 0 3 3 1 3 35 0 3 15 3 0 23 3 2 10 0 2 30 2 0
8 0 3 1 26 0 3 3 1 3 35 0 3 15 3 0 23 3 4 20 0 3 34 4 0
8 0 2 1 26 0 3 3 1 3 35 0 3 15 3 1 29 3 2 11 1 2 30 3 0
8 0 3 1 26 0 3 3 1 3 35 0 3 15 3 1 29 3 4 19 1 3 34 3 0
8 0 2 1 26 0 3 3 1 3 35 0 3 15 3 2 32 3 2 9 3 1 30 1 0
8 0 3 1 26 0 3 3 1 3 35 0 3 15 3 2 32 3 4 18 2 3 34 2 0
6 0 4 1 26 0 3 3 1 3 35 0 3 15 3 4 38 3 0
8 0 2 1 26 0 3 3 1 3 35 0 4 17 2 0 21 4 2 9 0 1 30 1 0
8 0 4 1 26 0 3 3 1 3 35 0 4 17 2 0 21 4 3 13 0 1 38 1 0
6 0 3 1 26 0 3 3 1 3 35 0 4 17 2 1 34 1 0
8 0 2 1 26 0 3 3 1 3 35 0 4 17 2 3 36 4 2 11 3 2 30 3 0
8 0 4 1 26 0 3 3 1 3 35 0 4 17 2 3 36 4 3 14 3 4 38 2 0
8 0 2 1 26 0 3 3 1 3 35 0 4 17 2 4 37 4 2 10 3 2 30 2 0
8 0 4 1 26 0 3 3 1 3 35 0 4 17 2 4 37 4 3 16 3 4 38 4 0
8 0 2 1 26 0 3 3 1 4 40 0 1 8 4 1 28 1 2 12 1 2 30 4 0
8 0 4 1 26 0 3 3 1 4 40 0 1 8 4 1 28 1 3 16 1 4 38 4 0
8 0 3 1 26 0 3 3 1 4 40 0 1 8 4 1 28 1 4 20 1 3 34 4 0
8 0 2 1 26 0 3 3 1 4 40 0 1 8 4 2 32 1 2 9 3 1 30 1 0
8 0 4 1 26 0 3 3 1 4 40 0 1 8 4 2 32 1 3 15 2 4 38 3 0
8 0 3 1 26 0 3 3 1 4 40 0 1 8 4 2 32 1 4 18 2 3 34 2 0
8 0 2 1 26 0 3 3 1 4 40 0 1 8 4 3 36 1 2 11 3 2 30 3 0
8 0 4 1 26 0 3 3 1 4 40 0 1 8 4 3 36 1 3 14 3 4 38 2 0
8 0 3 1 26 0 3 3 1 4 40 0 1 8 4 3 36 1 4 17 3 1 34 1 0
8 0 4 1 26 0 3 3 1 4 40 0 2 10 4 0 23 2 3 15 0 4 38 3 0
8 0 3 1 26 0 3 3 1 4 40 0 2 10 4 0 23 2 4 20 0 3 34 4 0
8 0 4 1 26 0 3 3 1 4 40 0 2 10 4 1 27 2 3 14 1 4 38 2 0
8 0 3 1 26 0 3 3 1 4 40 0 2 10 4 1 27 2 4 18 1 3 34 2 0
6 0 2 1 26 0 3 3 1 4 40 0 2 10 4 2 30 2 0
8 0 4 1 26 0 3 3 1 4 40 0 2 10 4 3 37 2 3 16 3 4 38 4 0
8 0 3 1 26 0 3 3 1 4 40 0 2 10 4 3 37 2 4 17 4 1 34 1 0
8 0 2 1 26 0 3 3 1 4 40 0 3 13 3 0 21 3 2 9 0 1 30 1 0
8 0 3 1 26 0 3 3 1 4 40 0 3 13 3 0 21 3 4 17 0 1 34 1 0
6 0 4 1 26 0 3 3 1 4 40 0 3 13 3 1 38 1 0
8 0 2 1 26 0 3 3 1 4 40 0 3 13 3 2 39 3 2 11 4 2 30 3 0
8 0 3 1 26 0 3 3 1 4 40 0 3 13 3 2 39 3 4 20 4 3 34 4 0
8 0 2 1 26 0 3 3 1 4 40 0 3 13 3 4 41 3 2 12 4 2 30 4 0
8 0 3 1 26 0 3 3 1 4 40 0 3 13 3 4 41 3 4 18 4 3 34 2 0
8 0 2 1 26 0 3 3 1 4 40 0 4 19 4 0 24 4 2 12 0 2 30 4 0
8 0 4 1 26 0 3 3 1 4 40 0 4 19 4 0 24 4 3 14 0 4 38 2 0
8 0 2 1 26 0 3 3 1 4 40 0 4 19 4 1 29 4 2 11 1 2 30 3 0
8 0 4 1 26 0 3 3 1 4 40 0 4 19 4 1 29 4 3 15 1 4 38 3 0
8 0 2 1 26 0 3 3 1 4 40 0 4 19 4 2 31 4 2 9 2 1 30 1 0
8 0 4 1 26 0 3 3 1 4 40 0 4 19 4 2 31 4 3 16 2 4 38 4 0
6 0 3 1 26 0 3 3 1 4 40 0 4 19 4 3 34 3 0
8 0 2 1 26 0 4 4 1 0 24 0 1 5 3 0 21 1 2 9 0 1 30 1 0
8 0 4 1 26 0 4 4 1 0 24 0 1 5 3 0 21 1 3 13 0 1 38 1 0
8 0 3 1 26 0 4 4 1 0 24 0 1 5 3 0 21 1 4 17 0 1 34 1 0
8 0 2 1 26 0 4 4 1 0 24 0 1 5 3 2 23 1 2 10 0 2 30 2 0
8 0 4 1 26 0 4 4 1 0 24 0 1 5 3 2 23 1 3 15 0 4 38 3 0
8 0 3 1 26 0 4 4 1 0 24 0 1 5 3 2 23 1 4 20 0 3 34 4 0
8 0 2 1 26 0 4 4 1 0 24 0 1 5 3 4 25 1 2 11 0 2 30 3 0
8 0 4 1 26 0 4 4 1 0 24 0 1 5 3 4 25 1 3 16 0 4 38 4 0
8 0 3 1 26 0 4 4 1 0 24 0 1 5 3 4 25 1 4 18 0 3 34 2 0
8 0 4 1 26 0 4 4 1 0 24 0 2 12 0 1 28 2 3 16 1 4 38 4 0
8 0 3 1 26 0 4 4 1 0 24 0 2 12 0 1 28 2 4 20 1 3 34 4 0
6 0 2 1 26 0 4 4 1 0 24 0 2 12 0 2 30 4 0
8 0 4 1 26 0 4 4 1 0 24 0 2 12 0 3 35 2 3 15 3 4 38 3 0
8 0 3 1 26 0 4 4 1 0 24 0 2 12 0 3 35 2 4 17 2 1 34 1 0
8 0 4 1 26 0 4 4 1 0 24 0 2 12 0 4 41 2 3 13 4 1 38 1 0
8 0 3 1 26 0 4 4 1 0 24 0 2 12 0 4 41 2 4 18 4 3 34 2 0
8 0 2 1 26 0 4 4 1 0 24 0 3 14 0 1 27 3 2 10 1 2 30 2 0
8 0 3 1 26 0 4 4 1 0 24 0 3 14 0 1 27 3 4 18 1 3 34 2 0
8 0 2 1 26 0 4 4 1 0 24 0 3 14 0 2 33 3 2 9 4 1 30 1 0
8 0 3 1 26 0 4 4 1 0 24 0 3 14 0 2 33 3 4 20 2 3 34 4 0
8 0 2 1 26 0 4 4 1 0 24 0 3 14 0 3 36 3 2 11 3 2 30 3 0
8 0 3 1 26 0 4 4 1 0 24 0 3 14 0 3 36 3 4 17 3 1 34 1 0
6 0 4 1 26 0 4 4 1 0 24 0 3 14 0 4 38 2 0
8 0 2 1 26 0 4 4 1 0 24 0 4 19 0 1 29 4 2 11 1 2 30 3 0
8 0 4 1 26 0 4 4 1 0 24 0 4 19 0 1 29 4 3 15 1 4 38 3 0
8 0 2 1 26 0 4 4 1 0 24 0 4 19 0 2 31 4 2 9 2 1 30 1 0
8 0 4 1 26 0 4 4 1 0 24 0 4 19 0 2 31 4 3 16 2 4 38 4 0
6 0 3 1 26 0 4 4 1 0 24 0 4 19 0 3 34 3 0
8 0 2 1 26 0 4 4 1 0 24 0 4 19 0 4 40 4 2 10 4 2 30 2 0
8 0 4 1 26 0 4 4 1 0 24 0 4 19 0 4 40 4 3 13 3 1 38 1 0
8 0 2 1 26 0 4 4 1 2 32 0 1 8 2 1 28 1 2 12 1 2 30 4 0
8 0 4 1 26 0 4 4 1 2 32 0 1 8 2 1 28 1 3 16 1 4 38 4 0
8 0 3 1 26 0 4 4 1 2 32 0 1 8 2 1 28 1 4 20 1 3 34 4 0
8 0 2 1 26 0 4 4 1 2 32 0 1 8 2 3 36 1 2 11 3 2 30 3 0
8 0 4 1 26 0 4 4 1 2 32 0 1 8 2 3 36 1 3 14 3 4 38 2 0
8 0 3 1 26 0 4 4 1 2 32 0 1 8 2 3 36 1 4 17 3 1 34 1 0
8 0 2 1 26 0 4 4 1 2 32 0 1 8 2 4 40 1 2 10 4 2 30 2 0
8 0 4 1 26 0 4 4 1 2 32 0 1 8 2 4 40 1 3 13 3 1 38 1 0
8 0 3 1 26 0 4 4 1 2 32 0 1 8 2 4 40 1 4 19 4 3 34 3 0
8 0 4 1 26 0 4 4 1 2 32 0 2 9 3 0 21 2 3 13 0 1 38 1 0
8 0 3 1 26 0 4 4 1 2 32 0 2 9 3 0 21 2 4 17 0 1 34 1 0
6 0 2 1 26 0 4 4 1 2 32 0 2 9 3 1 30 1 0
8 0 4 1 26 0 4 4 1 2 32 0 2 9 3 2 31 2 3 16 2 4 38 4 0
8 0 3 1 26 0 4 4 1 2 32 0 2 9 3 2 31 2 4 19 2 3 34 3 0
8 0 4 1 26 0 4 4 1 2 32 0 2 9 3 4 33 2 3 14 2 4 38 2 0
8 0 3 1 26 0 4 4 1 2 32 0 2 9 3 4 33 2 4 20 2 3 34 4 0
8 0 2 1 26 0 4 4 1 2 32 0 3 15 2 0 23 3 2 10 0 2 30 2 0
8 0 3 1 26 0 4 4 1 2 32 0 3 15 2 0 23 3 4 20 0 3 34 4 0
8 0 2 1 26 0 4 4 1 2 32 0 3 15 2 1 29 3 2 11 1 2 30 3 0
8 0 3 1 26 0 4 4 1 2 32 0 3 15 2 1 29 3 4 19 1 3 34 3 0
8 0 2 1 26 0 4 4 1 2 32 0 3 15 2 3 35 3 2 12 3 2 30 4 0
8 0 3 1 26 0 4 4 1 2 32 0 3 15 2 3 35 3 4 17 2 1 34 1 0
6 0 4 1 26 0 4 4 1 2 32 0 3 15 2 4 38 3 0
8 0 2 1 26 0 4 4 1 2 32 0 4 18 2 0 25 4 2 11 0 2 30 3 0
8 0 4 1 26 0 4 4 1 2 32 0 4 18 2 0 25 4 3 16 0 4 38 4 0
8 0 2 1 26 0 4 4 1 2 32 0 4 18 2 1 27 4 2 10 1 2 30 2 0
8 0 4 1 26 0 4 4 1 2 32 0 4 18 2 1 27 4 3 14 1 4 38 2 0
6 0 3 1 26 0 4 4 1 2 32 0 4 18 2 3 34 2 0
8 0 2 1 26 0 4 4 1 2 32 0 4 18 2 4 41 4 2 12 4 2 30 4 0
8 0 4 1 26 0 4 4 1 2 32 0 4 18 2 4 41 4 3 13 4 1 38 1 0
8 0 2 1 26 0 4 4 1 3 37 0 1 7 3 1 29 1 2 11 1 2 30 3 0
8 0 4 1 26 0 4 4 1 3 37 0 1 7 3 1 29 1 3 15 1 4 38 3 0
8 0 3 1 26 0 4 4 1 3 37 0 1 7 3 1 29 1 4 19 1 3 34 3 0
8 0 2 1 26 0 4 4 1 3 37 0 1 7 3 2 33 1 2 9 4 1 30 1 0
8 0 4 1 26 0 4 4 1 3 37 0 1 7 3 2 33 1 3 14 2 4 38 2 0
8 0 3 1 26 0 4 4 1 3 37 0 1 7 3 2 33 1 4 20 2 3 34 4 0
8 0 2 1 26 0 4 4 1 3 37 0 1 7 3 4 41 1 2 12 4 2 30 4 0
8 0 4 1 26 0 4 4 1 3 37 0 1 7 3 4 41 1 3 13 4 1 38 1 0
8 0 3 1 26 0 4 4 1 3 37 0 1 7 3 4 41 1 4 18 4 3 34 2 0
8 0 4 1 26 0 4 4 1 3 37 0 2 10 3 0 23 2 3 15 0 4 38 3 0
8 0 3 1 26 0 4 4 1 3 37 0 2 10 3 0 23 2 4 20 0 3 34 4 0
8 0 4 1 26 0 4 4 1 3 37 0 2 10 3 1 27 2 3 14 1 4 38 2 0
8 0 3 1 26 0 4 4 1 3 37 0 2 10 3 1 27 2 4 18 1 3 34 2 0
6 0 2 1 26 0 4 4 1 3 37 0 2 10 3 2 30 2 0
8 0 4 1 26 0 4 4 1 3 37 0 2 10 3 4 40 2 3 13 3 1 38 1 0
8 0 3 1 26 0 4 4 1 3 37 0 2 10 3 4 40 2 4 19 4 3 34 3 0
8 0 2 1 26 0 4 4 1 3 37 0 3 16 3 0 25 3 2 11 0 2 30 3 0
8 0 3 1 26 0 4 4 1 3 37 0 3 16 3 0 25 3 4 18 0 3 34 2 0
8 0 2 1 26 0 4 4 1 3 37 0 3 16 3 1 28 3 2 12 1 2 30 4 0
8 0 3 1 26 0 4 4 1 3 37 0 3 16 3 1 28 3 4 20 1 3 34 4 0
8 0 2 1 26 0 4 4 1 3 37 0 3 16 3 2 31 3 2 9 2 1 30 1 0
8 0 3 1 26 0 4 4 1 3 37 0 3 16 3 2 31 3 4 19 2 3 34 3 0
6 0 4 1 26 0 4 4 1 3 37 0 3 16 3 4 38 4 0
8 0 2 1 26 0 4 4 1 3 37 0 4 17 4 0 21 4 2 9 0 1 30 1 0
8 0 4 1 26 0 4 4 1 3 37 0 4 17 4 0 21 4 3 13 0 1 38 1 0
6 0 3 1 26 0 4 4 1 3 37 0 4 17 4 1 34 1 0
8 0 2 1 26 0 4 4 1 3 37 0 4 17 4 2 35 4 2 12 3 2 30 4 0
8 0 4 1 26 0 4 4 1 3 37 0 4 17 4 2 35 4 3 15 3 4 38 3 0
8 0 2 1 26 0 4 4 1 3 37 0 4 17 4 3 36 4 2 11 3 2 30 3 0
8 0 4 1 26 0 4 4 1 3 37 0 4 17 4 3 36 4 3 14 3 4 38 2 0
8 0 2 1 26 0 4 4 1 4 39 0 1 6 4 1 27 1 2 10 1 2 30 2 0
8 0 4 1 26 0 4 4 1 4 39 0 1 6 4 1 27 1 3 14 1 4 38 2 0
8 0 3 1 26 0 4 4 1 4 39 0 1 6 4 1 27 1 4 18 1 3 34 2 0
8 0 2 1 26 0 4 4 1 4 39 0 1 6 4 2 31 1 2 9 2 1 30 1 0
8 0 4 1 26 0 4 4 1 4 39 0 1 6 4 2 31 1 3 16 2 4 38 4 0
8 0 3 1 26 0 4 4 1 4 39 0 1 6 4 2 31 1 4 19 2 3 34 3 0
8 0 2 1 26 0 4 4 1 4 39 0 1 6 4 3 35 1 2 12 3 2 30 4 0
8 0 4 1 26 0 4 4 1 4 39 0 1 6 4 3 35 1 3 15 3 4 38 3 0
8 0 3 1 26 0 4 4 1 4 39 0 1 6 4 3 35 1 4 17 2 1 34 1 0
8 0 4 1 26 0 4 4 1 4 39 0 2 11 4 0 25 2 3 16 0 4 38 4 0
8 0 3 1 26 0 4 4 1 4 39 0 2 11 4 0 25 2 4 18 0 3 34 2 0
8 0 4 1 26 0 4 4 1 4 39 0 2 11 4 1 29 2 3 15 1 4 38 3 0
8 0 3 1 26 0 4 4 1 4 39 0 2 11 4 1 29 2 4 19 1 3 34 3 0
6 0 2 1 26 0 4 4 1 4 39 0 2 11 4 2 30 3 0
8 0 4 1 26 0 4 4 1 4 39 0 2 11 4 3 36 2 3 14 3 4 38 2 0
8 0 3 1 26 0 4 4 1 4 39 0 2 11 4 3 36 2 4 17 3 1 34 1 0
8 0 2 1 26 0 4 4 1 4 39 0 3 13 2 0 21 3 2 9 0 1 30 1 0
8 0 3 1 26 0 4 4 1 4 39 0 3 13 2 0 21 3 4 17 0 1 34 1 0
6 0 4 1 26 0 4 4 1 4 39 0 3 13 2 1 38 1 0
8 0 2 1 26 0 4 4 1 4 39 0 3 13 2 3 40 3 2 10 4 2 30 2 0
8 0 3 1 26 0 4 4 1 4 39 0 3 13 2 3 40 3 4 19 4 3 34 3 0
8 0 2 1 26 0 4 4 1 4 39 0 3 13 2 4 41 3 2 12 4 2 30 4 0
8 0 3 1 26 0 4 4 1 4 39 0 3 13 2 4 41 3 4 18 4 3 34 2 0
8 0 2 1 26 0 4 4 1 4 39 0 4 20 4 0 23 4 2 10 0 2 30 2 0
8 0 4 1 26 0 4 4 1 4 39 0 4 20 4 0 23 4 3 15 0 4 38 3 0
8 0 2 1 26 0 4 4 1 4 39 0 4 20 4 1 28 4 2 12 1 2 30 4 0
8 0 4 1 26 0 4 4 1 4 39 0 4 20 4 1 28 4 3 16 1 4 38 4 0
8 0 2 1 26 0 4 4 1 4 39 0 4 20 4 2 33 4 2 9 4 1 30 1 0
8 0 4 1 26 0 4 4 1 4 39 0 4 20 4 2 33 4 3 14 2 4 38 2 0
6 0 3 1 26 0 4 4 1 4 39 0 4 20 4 3 34 4 0
8 0 4 2 30 0 1 9 1 0 21 2 0 1 0 2 27 0 3 14 1 4 38 2 0
8 0 3 2 30 0 1 9 1 0 21 2 0 1 0 2 27 0 4 18 1 3 34 2 0
8 0 4 2 30 0 1 9 1 0 21 2 0 1 0 3 28 0 3 16 1 4 38 4 0
8 0 3 2 30 0 1 9 1 0 21 2 0 1 0 3 28 0 4 20 1 3 34 4 0
8 0 4 2 30 0 1 9 1 0 21 2 0 1 0 4 29 0 3 15 1 4 38 3 0
8 0 3 2 30 0 1 9 1 0 21 2 0 1 0 4 29 0 4 19 1 3 34 3 0
8 0 4 2 30 0 1 9 1 0 21 2 1 5 0 2 23 1 3 15 0 4 38 3 0
8 0 3 2 30 0 1 9 1 0 21 2 1 5 0 2 23 1 4 20 0 3 34 4 0
8 0 4 2 30 0 1 9 1 0 21 2 1 5 0 3 24 1 3 14 0 4 38 2 0
8 0 3 2 30 0 1 9 1 0 21 2 1 5 0 3 24 1 4 19 0 3 34 3 0
8 0 4 2 30 0 1 9 1 0 21 2 1 5 0 4 25 1 3 16 0 4 38 4 0
8 0 3 2 30 0 1 9 1 0 21 2 1 5 0 4 25 1 4 18 0 3 34 2 0
6 0 4 2 30 0 1 9 1 0 21 2 3 13 0 1 38 1 0
8 0 3 2 30 0 1 9 1 0 21 2 3 13 0 2 39 3 4 20 4 3 34 4 0
8 0 3 2 30 0 1 9 1 0 21 2 3 13 0 3 40 3 4 19 4 3 34 3 0
8 0 3 2 30 0 1 9 1 0 21 2 3 13 0 4 41 3 4 18 4 3 34 2 0
6 0 3 2 30 0 1 9 1 0 21 2 4 17 0 1 34 1 0
8 0 4 2 30 0 1 9 1 0 21 2 4 17 0 2 35 4 3 15 3 4 38 3 0
8 0 4 2 30 0 1 9 1 0 21 2 4 17 0 3 36 4 3 14 3 4 38 2 0
8 0 4 2 30 0 1 9 1 0 21 2 4 17 0 4 37 4 3 16 3 4 38 4 0
8 0 4 2 30 0 1 9 1 2 31 2 0 2 2 0 23 0 3 15 0 4 38 3 0
8 0 3 2 30 0 1 9 1 2 31 2 0 2 2 0 23 0 4 20 0 3 34 4 0
8 0 4 2 30 0 1 9 1 2 31 2 0 2 2 3 36 0 3 14 3 4 38 2 0
8 0 3 2 30 0 1 9 1 2 31 2 0 2 2 3 36 0 4 17 3 1 34 1 0
8 0 4 2 30 0 1 9 1 2 31 2 0 2 2 4 41 0 3 13 4 1 38 1 0
8 0 3 2 30 0 1 9 1 2 31 2 0 2 2 4 41 0 4 18 4 3 34 2 0
8 0 4 2 30 0 1 9 1 2 31 2 1 6 2 1 27 1 3 14 1 4 38 2 0
8 0 3 2 30 0 1 9 1 2 31 2 1 6 2 1 27 1 4 18 1 3 34 2 0
8 0 4 2 30 0 1 9 1 2 31 2 1 6 2 3 35 1 3 15 3 4 38 3 0
8 0 3 2 30 0 1 9 1 2 31 2 1 6 2 3 35 1 4 17 2 1 34 1 0
8 0 4 2 30 0 1 9 1 2 31 2 1 6 2 4 39 1 3 13 2 1 38 1 0
8 0 3 2 30 0 1 9 1 2 31 2 1 6 2 4 39 1 4 20 4 3 34 4 0
8 0 3 2 30 0 1 9 1 2 31 2 3 16 2 0 25 3 4 18 0 3 34 2 0
8 0 3 2 30 0 1 9 1 2 31 2 3 16 2 1 28 3 4 20 1 3 34 4 0
8 0 3 2 30 0 1 9 1 2 31 2 3 16 2 3 37 3 4 17 4 1 34 1 0
6 0 4 2 30 0 1 9 1 2 31 2 3 16 2 4 38 4 0
8 0 4 2 30 0 1 9 1 2 31 2 4 19 2 0 24 4 3 14 0 4 38 2 0
8 0 4 2 30 0 1 9 1 2 31 2 4 19 2 1 29 4 3 15 1 4 38 3 0
6 0 3 2 30 0 1 9 1 2 31 2 4 19 2 3 34 3 0
8 0 4 2 30 0 1 9 1 2 31 2 4 19 2 4 40 4 3 13 3 1 38 1 0
8 0 4 2 30 0 1 9 1 3 32 2 0 4 2 0 24 0 3 14 0 4 38 2 0
8 0 3 2 30 0 1 9 1 3 32 2 0 4 2 0 24 0 4 19 0 3 34 3 0
8 0 4 2 30 0 1 9 1 3 32 2 0 4 2 3 37 0 3 16 3 4 38 4 0
8 0 3 2 30 0 1 9 1 3 32 2 0 4 2 3 37 0 4 17 4 1 34 1 0
8 0 4 2 30 0 1 9 1 3 32 2 0 4 2 4 39 0 3 13 2 1 38 1 0
8 0 3 2 30 0 1 9 1 3 32 2 0 4 2 4 39 0 4 20 4 3 34 4 0
8 0 4 2 30 0 1 9 1 3 32 2 1 8 2 1 28 1 3 16 1 4 38 4 0
8 0 3 2 30 0 1 9 1 3 32 2 1 8 2 1 28 1 4 20 1 3 34 4 0
8 0 4 2 30 0 1 9 1 3 32 2 1 8 2 3 36 1 3 14 3 4 38 2 0
8 0 3 2 30 0 1 9 1 3 32 2 1 8 2 3 36 1 4 17 3 1 34 1 0
8 0 4 2 30 0 1 9 1 3 32 2 1 8 2 4 40 1 3 13 3 1 38 1 0
8 0 3 2 30 0 1 9 1 3 32 2 1 8 2 4 40 1 4 19 4 3 34 3 0
8 0 3 2 30 0 1 9 1 3 32 2 3 15 2 0 23 3 4 20 0 3 34 4 0
8 0 3 2 30 0 1 9 1 3 32 2 3 15 2 1 29 3 4 19 1 3 34 3 0
8 0 3 2 30 0 1 9 1 3 32 2 3 15 2 3 35 3 4 17 2 1 34 1 0
6 0 4 2 30 0 1 9 1 3 32 2 3 15 2 4 38 3 0
8 0 4 2 30 0 1 9 1 3 32 2 4 18 2 0 25 4 3 16 0 4 38 4 0
8 0 4 2 30 0 1 9 1 3 32 2 4 18 2 1 27 4 3 14 1 4 38 2 0
6 0 3 2 30 0 1 9 1 3 32 2 4 18 2 3 34 2 0
8 0 4 2 30 0 1 9 1 3 32 2 4 18 2 4 41 4 3 13 4 1 38 1 0
8 0 4 2 30 0 1 9 1 4 33 2 0 3 2 0 25 0 3 16 0 4 38 4 0
8 0 3 2 30 0 1 9 1 4 33 2 0 3 2 0 25 0 4 18 0 3 34 2 0
8 0 4 2 30 0 1 9 1 4 33 2 0 3 2 3 35 0 3 15 3 4 38 3 0
8 0 3 2 30 0 1 9 1 4 33 2 0 3 2 3 35 0 4 17 2 1 34 1 0
8 0 4 2 30 0 1 9 1 4 33 2 0 3 2 4 40 0 3 13 3 1 38 1 0
8 0 3 2 30 0 1 9 1 4 33 2 0 3 2 4 40 0 4 19 4 3 34 3 0
8 0 4 2 30 0 1 9 1 4 33 2 1 7 2 1 29 1 3 15 1 4 38 3 0
8 0 3 2 30 0 1 9 1 4 33 2 1 7 2 1 29 1 4 19 1 3 34 3 0
8 0 4 2 30 0 1 9 1 4 33 2 1 7 2 3 37 1 3 16 3 4 38 4 0
8 0 3 2 30 0 1 9 1 4 33 2 1 7 2 3 37 1 4 17 4 1 34 1 0
8 0 4 2 30 0 1 9 1 4 33 2 1 7 2 4 41 1 3 13 4 1 38 1 0
8 0 3 2 30 0 1 9 1 4 33 2 1 7 2 4 41 1 4 18 4 3 34 2 0
8 0 3 2 30 0 1 9 1 4 33 2 3 14 2 0 24 3 4 19 0 3 34 3 0
8 0 3 2 30 0 1 9 1 4 33 2 3 14 2 1 27 3 4 18 1 3 34 2 0
8 0 3 2 30 0 1 9 1 4 33 2 3 14 2 3 36 3 4 17 3 1 34 1 0
6 0 4 2 30 0 1 9 1 4 33 2 3 14 2 4 38 2 0
8 0 4 2 30 0 1 9 1 4 33 2 4 20 2 0 23 4 3 15 0 4 38 3 0
8 0 4 2 30 0 1 9 1 4 33 2 4 20 2 1 28 4 3 16 1 4 38 4 0
6 0 3 2 30 0 1 9 1 4 33 2 4 20 2 3 34 4 0
8 0 4 2 30 0 1 9 1 4 33 2 4 20 2 4 39 4 3 13 2 1 38 1 0
8 0 4 2 30 0 2 10 2 0 23 2 0 2 0 2 31 0 3 16 2 4 38 4 0
8 0 3 2 30 0 2 10 2 0 23 2 0 2 0 2 31 0 4 19 2 3 34 3 0
8 0 4 2 30 0 2 10 2 0 23 2 0 2 0 3 36 0 3 14 3 4 38 2 0
8 0 3 2 30 0 2 10 2 0 23 2 0 2 0 3 36 0 4 17 3 1 34 1 0
8 0 4 2 30 0 2 10 2 0 23 2 0 2 0 4 41 0 3 13 4 1 38 1 0
8 0 3 2 30 0 2 10 2 0 23 2 0 2 0 4 41 0 4 18 4 3 34 2 0
8 0 4 2 30 0 2 10 2 0 23 2 1 5 2 0 21 1 3 13 0 1 38 1 0
8 0 3 2 30 0 2 10 2 0 23 2 1 5 2 0 21 1 4 17 0 1 34 1 0
8 0 4 2 30 0 2 10 2 0 23 2 1 5 2 3 24 1 3 14 0 4 38 2 0
8 0 3 2 30 0 2 10 2 0 23 2 1 5 2 3 24 1 4 19 0 3 34 3 0
8 0 4 2 30 0 2 10 2 0 23 2 1 5 2 4 25 1 3 16 0 4 38 4 0
8 0 3 2 30 0 2 10 2 0 23 2 1 5 2 4 25 1 4 18 0 3 34 2 0
8 0 3 2 30 0 2 10 2 0 23 2 3 15 0 1 29 3 4 19 1 3 34 3 0
8 0 3 2 30 0 2 10 2 0 23 2 3 15 0 2 32 3 4 18 2 3 34 2 0
8 0 3 2 30 0 2 10 2 0 23 2 3 15 0 3 35 3 4 17 2 1 34 1 0
6 0 4 2 30 0 2 10 2 0 23 2 3 15 0 4 38 3 0
8 0 4 2 30 0 2 10 2 0 23 2 4 20 0 1 28 4 3 16 1 4 38 4 0
8 0 4 2 30 0 2 10 2 0 23 2 4 20 0 2 33 4 3 14 2 4 38 2 0
6 0 3 2 30 0 2 10 2 0 23 2 4 20 0 3 34 4 0
8 0 4 2 30 0 2 10 2 0 23 2 4 20 0 4 39 4 3 13 2 1 38 1 0
8 0 4 2 30 0 2 10 2 1 27 2 0 1 2 0 21 0 3 13 0 1 38 1 0
8 0 3 2 30 0 2 10 2 1 27 2 0 1 2 0 21 0 4 17 0 1 34 1 0
8 0 4 2 30 0 2 10 2 1 27 2 0 1 2 3 28 0 3 16 1 4 38 4 0
8 0 3 2 30 0 2 10 2 1 27 2 0 1 2 3 28 0 4 20 1 3 34 4 0
8 0 4 2 30 0 2 10 2 1 27 2 0 1 2 4 29 0 3 15 1 4 38 3 0
8 0 3 2 30 0 2 10 2 1 27 2 0 1 2 4 29 0 4 19 1 3 34 3 0
8 0 4 2 30 0 2 10 2 1 27 2 1 6 1 2 31 1 3 16 2 4 38 4 0
8 0 3 2 30 0 2 10 2 1 27 2 1 6 1 2 31 1 4 19 2 3 34 3 0
8 0 4 2 30 0 2 10 2 1 27 2 1 6 1 3 35 1 3 15 3 4 38 3 0
8 0 3 2 30 0 2 10 2 1 27 2 1 6 1 3 35 1 4 17 2 1 34 1 0
8 0 4 2 30 0 2 10 2 1 27 2 1 6 1 4 39 1 3 13 2 1 38 1 0
8 0 3 2 30 0 2 10 2 1 27 2 1 6 1 4 39 1 4 20 4 3 34 4 0
8 0 3 2 30 0 2 10 2 1 27 2 3 14 1 0 24 3 4 19 0 3 34 3 0
8 0 3 2 30 0 2 10 2 1 27 2 3 14 1 2 33 3 4 20 2 3 34 4 0
8 0 3 2 30 0 2 10 2 1 27 2 3 14 1 3 36 3 4 17 3 1 34 1 0
6 0 4 2 30 0 2 10 2 1 27 2 3 14 1 4 38 2 0
8 0 4 2 30 0 2 10 2 1 27 2 4 18 1 0 25 4 3 16 0 4 38 4 0
8 0 4 2 30 0 2 10 2 1 27 2 4 18 1 2 32 4 3 15 2 4 38 3 0
6 0 3 2 30 0 2 10 2 1 27 2 4 18 1 3 34 2 0
8 0 4 2 30 0 2 10 2 1 27 2 4 18 1 4 41 4 3 13 4 1 38 1 0
8 0 4 2 30 0 2 10 2 3 37 2 0 4 3 0 24 0 3 14 0 4 38 2 0
8 0 3 2 30 0 2 10 2 3 37 2 0 4 3 0 24 0 4 19 0 3 34 3 0
8 0 4 2 30 0 2 10 2 3 37 2 0 4 3 2 32 0 3 15 2 4 38 3 0
8 0 3 2 30 0 2 10 2 3 37 2 0 4 3 2 32 0 4 18 2 3 34 2 0
8 0 4 2 30 0 2 10 2 3 37 2 0 4 3 4 39 0 3 13 2 1 38 1 0
8 0 3 2 30 0 2 10 2 3 37 2 0 4 3 4 39 0 4 20 4 3 34 4 0
8 0 4 2 30 0 2 10 2 3 37 2 1 7 3 1 29 1 3 15 1 4 38 3 0
8 0 3 2 30 0 2 10 2 3 37 2 1 7 3 1 29 1 4 19 1 3 34 3 0
8 0 4 2 30 0 2 10 2 3 37 2 1 7 3 2 33 1 3 14 2 4 38 2 0
8 0 3 2 30 0 2 10 2 3 37 2 1 7 3 2 33 1 4 20 2 3 34 4 0
8 0 4 2 30 0 2 10 2 3 37 2 1 7 3 4 41 1 3 13 4 1 38 1 0
8 0 3 2 30 0 2 10 2 3 37 2 1 7 3 4 41 1 4 18 4 3 34 2 0
8 0 3 2 30 0 2 10 2 3 37 2 3 16 3 0 25 3 4 18 0 3 34 2 0
8 0 3 2 30 0 2 10 2 3 37 2 3 16 3 1 28 3 4 20 1 3 34 4 0
8 0 3 2 30 0 2 10 2 3 37 2 3 16 3 2 31 3 4 19 2 3 34 3 0
6 0 4 2 30 0 2 10 2 3 37 2 3 16 3 4 38 4 0
8 0 4 2 30 0 2 10 2 3 37 2 4 17 4 0 21 4 3 13 0 1 38 1 0
6 0 3 2 30 0 2 10 2 3 37 2 4 17 4 1 34 1 0
8 0 4 2 30 0 2 10 2 3 37 2 4 17 4 2 35 4 3 15 3 4 38 3 0
8 0 4 2 30 0 2 10 2 3 37 2 4 17 4 3 36 4 3 14 3 4 38 2 0
8 0 4 2 30 0 2 10 2 4 40 2 0 3 4 0 25 0 3 16 0 4 38 4 0
8 0 3 2 30 0 2 10 2 4 40 2 0 3 4 0 25 0 4 18 0 3 34 2 0
8 0 4 2 30 0 2 10 2 4 40 2 0 3 4 2 33 0 3 14 2 4 38 2 0
8 0 3 2 30 0 2 10 2 4 40 2 0 3 4 2 33 0 4 20 2 3 34 4 0
8 0 4 2 30 0 2 10 2 4 40 2 0 3 4 3 35 0 3 15 3 4 38 3 0
8 0 3 2 30 0 2 10 2 4 40 2 0 3 4 3 35 0 4 17 2 1 34 1 0
8 0 4 2 30 0 2 10 2 4 40 2 1 8 4 1 28 1 3 16 1 4 38 4 0
8 0 3 2 30 0 2 10 2 4 40 2 1 8 4 1 28 1 4 20 1 3 34 4 0
8 0 4 2 30 0 2 10 2 4 40 2 1 8 4 2 32 1 3 15 2 4 38 3 0
8 0 3 2 30 0 2 10 2 4 40 2 1 8 4 2 32 1 4 18 2 3 34 2 0
8 0 4 2 30 0 2 10 2 4 40 2 1 8 4 3 36 1 3 14 3 4 38 2 0
8 0 3 2 30 0 2 10 2 4 40 2 1 8 4 3 36 1 4 17 3 1 34 1 0
8 0 3 2 30 0 2 10 2 4 40 2 3 13 3 0 21 3 4 17 0 1 34 1 0
6 0 4 2 30 0 2 10 2 4 40 2 3 13 3 1 38 1 0
8 0 3 2 30 0 2 10 2 4 40 2 3 13 3 2 39 3 4 20 4 3 34 4 0
8 0 3 2 30 0 2 10 2 4 40 2 3 13 3 4 41 3 4 18 4 3 34 2 0
8 0 4 2 30 0 2 10 2 4 40 2 4 19 4 0 24 4 3 14 0 4 38 2 0
8 0 4 2 30 0 2 10 2 4 40 2 4 19 4 1 29 4 3 15 1 4 38 3 0
8 0 4 2 30 0 2 10 2 4 40 2 4 19 4 2 31 4 3 16 2 4 38 4 0
6 0 3 2 30 0 2 10 2 4 40 2 4 19 4 3 34 3 0
8 0 4 2 30 0 3 11 2 0 25 2 0 3 0 2 33 0 3 14 2 4 38 2 0
8 0 3 2 30 0 3 11 2 0 25 2 0 3 0 2 33 0 4 20 2 3 34 4 0
8 0 4 2 30 0 3 11 2 0 25 2 0 3 0 3 35 0 3 15 3 4 38 3 0
8 0 3 2 30 0 3 11 2 0 25 2 0 3 0 3 35 0 4 17 2 1 34 1 0
8 0 4 2 30 0 3 11 2 0 25 2 0 3 0 4 40 0 3 13 3 1 38 1 0
8 0 3 2 30 0 3 11 2 0 25 2 0 3 0 4 40 0 4 19 4 3 34 3 0
8 0 4 2 30 0 3 11 2 0 25 2 1 5 4 0 21 1 3 13 0 1 38 1 0
8 0 3 2 30 0 3 11 2 0 25 2 1 5 4 0 21 1 4 17 0 1 34 1 0
8 0 4 2 30 0 3 11 2 0 25 2 1 5 4 2 23 1 3 15 0 4 38 3 0
8 0 3 2 30 0 3 11 2 0 25 2 1 5 4 2 23 1 4 20 0 3 34 4 0
8 0 4 2 30 0 3 11 2 0 25 2 1 5 4 3 24 1 3 14 0 4 38 2 0
8 0 3 2 30 0 3 11 2 0 25 2 1 5 4 3 24 1 4 19 0 3 34 3 0
8 0 3 2 30 0 3 11 2 0 25 2 3 16 0 1 28 3 4 20 1 3 34 4 0
8 0 3 2 30 0 3 11 2 0 25 2 3 16 0 2 31 3 4 19 2 3 34 3 0
8 0 3 2 30 0 3 11 2 0 25 2 3 16 0 3 37 3 4 17 4 1 34 1 0
6 0 4 2 30 0 3 11 2 0 25 2 3 16 0 4 38 4 0
8 0 4 2 30 0 3 11 2 0 25 2 4 18 0 1 27 4 3 14 1 4 38 2 0
8 0 4 2 30 0 3 11 2 0 25 2 4 18 0 2 32 4 3 15 2 4 38 3 0
6 0 3 2 30 0 3 11 2 0 25 2 4 18 0 3 34 2 0
8 0 4 2 30 0 3 11 2 0 25 2 4 18 0 4 41 4 3 13 4 1 38 1 0
8 0 4 2 30 0 3 11 2 1 29 2 0 1 4 0 21 0 3 13 0 1 38 1 0
8 0 3 2 30 0 3 11 2 1 29 2 0 1 4 0 21 0 4 17 0 1 34 1 0
8 0 4 2 30 0 3 11 2 1 29 2 0 1 4 2 27 0 3 14 1 4 38 2 0
8 0 3 2 30 0 3 11 2 1 29 2 0 1 4 2 27 0 4 18 1 3 34 2 0
8 0 4 2 30 0 3 11 2 1 29 2 0 1 4 3 28 0 3 16 1 4 38 4 0
8 0 3 2 30 0 3 11 2 1 29 2 0 1 4 3 28 0 4 20 1 3 34 4 0
8 0 4 2 30 0 3 11 2 1 29 2 1 7 1 2 33 1 3 14 2 4 38 2 0
8 0 3 2 30 0 3 11 2 1 29 2 1 7 1 2 33 1 4 20 2 3 34 4 0
8 0 4 2 30 0 3 11 2 1 29 2 1 7 1 3 37 1 3 16 3 4 38 4 0
8 0 3 2 30 0 3 11 2 1 29 2 1 7 1 3 37 1 4 17 4 1 34 1 0
8 0 4 2 30 0 3 11 2 1 29 2 1 7 1 4 41 1 3 13 4 1 38 1 0
8 0 3 2 30 0 3 11 2 1 29 2 1 7 1 4 41 1 4 18 4 3 34 2 0
8 0 3 2 30 0 3 11 2 1 29 2 3 15 1 0 23 3 4 20 0 3 34 4 0
8 0 3 2 30 0 3 11 2 1 29 2 3 15 1 2 32 3 4 18 2 3 34 2 0
8 0 3 2 30 0 3 11 2 1 29 2 3 15 1 3 35 3 4 17 2 1 34 1 0
6 0 4 2 30 0 3 11 2 1 29 2 3 15 1 4 38 3 0
8 0 4 2 30 0 3 11 2 1 29 2 4 19 1 0 24 4 3 14 0 4 38 2 0
8 0 4 2 30 0 3 11 2 1 29 2 4 19 1 2 31 4 3 16 2 4 38 4 0
6 0 3 2 30 0 3 11 2 1 29 2 4 19 1 3 34 3 0
8 0 4 2 30 0 3 11 2 1 29 2 4 19 1 4 40 4 3 13 3 1 38 1 0
8 0 4 2 30 0 3 11 2 3 36 2 0 2 3 0 23 0 3 15 0 4 38 3 0
8 0 3 2 30 0 3 11 2 3 36 2 0 2 3 0 23 0 4 20 0 3 34 4 0
8 0 4 2 30 0 3 11 2 3 36 2 0 2 3 2 31 0 3 16 2 4 38 4 0
8 0 3 2 30 0 3 11 2 3 36 2 0 2 3 2 31 0 4 19 2 3 34 3 0
8 0 4 2 30 0 3 11 2 3 36 2 0 2 3 4 41 0 3 13 4 1 38 1 0
8 0 3 2 30 0 3 11 2 3 36 2 0 2 3 4 41 0 4 18 4 3 34 2 0
8 0 4 2 30 0 3 11 2 3 36 2 1 8 3 1 28 1 3 16 1 4 38 4 0
8 0 3 2 30 0 3 11 2 3 36 2 1 8 3 1 28 1 4 20 1 3 34 4 0
8 0 4 2 30 0 3 11 2 3 36 2 1 8 3 2 32 1 3 15 2 4 38 3 0
8 0 3 2 30 0 3 11 2 3 36 2 1 8 3 2 32 1 4 18 2 3 34 2 0
8 0 4 2 30 0 3 11 2 3 36 2 1 8 3 4 40 1 3 13 3 1 38 1 0
8 0 3 2 30 0 3 11 2 3 36 2 1 8 3 4 40 1 4 19 4 3 34 3 0
8 0 3 2 30 0 3 11 2 3 36 2 3 14 3 0 24 3 4 19 0 3 34 3 0
8 0 3 2 30 0 3 11 2 3 36 2 3 14 3 1 27 3 4 18 1 3 34 2 0
8 0 3 2 30 0 3 11 2 3 36 2 3 14 3 2 33 3 4 20 2 3 34 4 0
6 0 4 2 30 0 3 11 2 3 36 2 3 14 3 4 38 2 0
8 0 4 2 30 0 3 11 2 3 36 2 4 17 3 0 21 4 3 13 0 1 38 1 0
6 0 3 2 30 0 3 11 2 3 36 2 4 17 3 1 34 1 0
8 0 4 2 30 0 3 11 2 3 36 2 4 17 3 2 35 4 3 15 3 4 38 3 0
8 0 4 2 30 0 3 11 2 3 36 2 4 17 3 4 37 4 3 16 3 4 38 4 0
8 0 4 2 30 0 3 11 2 4 39 2 0 4 4 0 24 0 3 14 0 4 38 2 0
8 0 3 2 30 0 3 11 2 4 39 2 0 4 4 0 24 0 4 19 0 3 34 3 0
8 0 4 2 30 0 3 11 2 4 39 2 0 4 4 2 32 0 3 15 2 4 38 3 0
8 0 3 2 30 0 3 11 2 4 39 2 0 4 4 2 32 0 4 18 2 3 34 2 0
8 0 4 2 30 0 3 11 2 4 39 2 0 4 4 3 37 0 3 16 3 4 38 4 0
8 0 3 2 30 0 3 11 2 4 39 2 0 4 4 3 37 0 4 17 4 1 34 1 0
8 0 4 2 30 0 3 11 2 4 39 2 1 6 4 1 27 1 3 14 1 4 38 2 0
8 0 3 2 30 0 3 11 2 4 39 2 1 6 4 1 27 1 4 18 1 3 34 2 0
8 0 4 2 30 0 3 11 2 4 39 2 1 6 4 2 31 1 3 16 2 4 38 4 0
8 0 3 2 30 0 3 11 2 4 39 2 1 6 4 2 31 1 4 19 2 3 34 3 0
8 0 4 2 30 0 3 11 2 4 39 2 1 6 4 3 35 1 3 15 3 4 38 3 0
8 0 3 2 30 0 3 11 2 4 39 2 1 6 4 3 35 1 4 17 2 1 34 1 0
8 0 3 2 30 0 3 11 2 4 39 2 3 13 2 0 21 3 4 17 0 1 34 1 0
6 0 4 2 30 0 3 11 2 4 39 2 3 13 2 1 38 1 0
8 0 3 2 30 0 3 11 2 4 39 2 3 13 2 3 40 3 4 19 4 3 34 3 0
8 0 3 2 30 0 3 11 2 4 39 2 3 13 2 4 41 3 4 18 4 3 34 2 0
8 0 4 2 30 0 3 11 2 4 39 2 4 20 4 0 23 4 3 15 0 4 38 3 0
8 0 4 2 30 0 3 11 2 4 39 2 4 20 4 1 28 4 3 16 1 4 38 4 0
8 0 4 2 30 0 3 11 2 4 39 2 4 20 4 2 33 4 3 14 2 4 38 2 0
6 0 3 2 30 0 3 11 2 4 39 2 4 20 4 3 34 4 0
8 0 4 2 30 0 4 12 2 0 24 2 0 4 0 2 32 0 3 15 2 4 38 3 0
8 0 3 2 30 0 4 12 2 0 24 2 0 4 0 2 32 0 4 18 2 3 34 2 0
8 0 4 2 30 0 4 12 2 0 24 2 0 4 0 3 37 0 3 16 3 4 38 4 0
8 0 3 2 30 0 4 12 2 0 24 2 0 4 0 3 37 0 4 17 4 1 34 1 0
8 0 4 2 30 0 4 12 2 0 24 2 0 4 0 4 39 0 3 13 2 1 38 1 0
8 0 3 2 30 0 4 12 2 0 24 2 0 4 0 4 39 0 4 20 4 3 34 4 0
8 0 4 2 30 0 4 12 2 0 24 2 1 5 3 0 21 1 3 13 0 1 38 1 0
8 0 3 2 30 0 4 12 2 0 24 2 1 5 3 0 21 1 4 17 0 1 34 1 0
8 0 4 2 30 0 4 12 2 0 24 2 1 5 3 2 23 1 3 15 0 4 38 3 0
8 0 3 2 30 0 4 12 2 0 24 2 1 5 3 2 23 1 4 20 0 3 34 4 0
8 0 4 2 30 0 4 12 2 0 24 2 1 5 3 4 25 1 3 16 0 4 38 4 0
8 0 3 2 30 0 4 12 2 0 24 2 1 5 3 4 25 1 4 18 0 3 34 2 0
8 0 3 2 30 0 4 12 2 0 24 2 3 14 0 1 27 3 4 18 1 3 34 2 0
8 0 3 2 30 0 4 12 2 0 24 2 3 14 0 2 33 3 4 20 2 3 34 4 0
8 0 3 2 30 0 4 12 2 0 24 2 3 14 0 3 36 3 4 17 3 1 34 1 0
6 0 4 2 30 0 4 12 2 0 24 2 3 14 0 4 38 2 0
8 0 4 2 30 0 4 12 2 0 24 2 4 19 0 1 29 4 3 15 1 4 38 3 0
8 0 4 2 30 0 4 12 2 0 24 2 4 19 0 2 31 4 3 16 2 4 38 4 0
6 0 3 2 30 0 4 12 2 0 24 2 4 19 0 3 34 3 0
8 0 4 2 30 0 4 12 2 0 24 2 4 19 0 4 40 4 3 13 3 1 38 1 0
8 0 4 2 30 0 4 12 2 1 28 2 0 1 3 0 21 0 3 13 0 1 38 1 0
8 0 3 2 30 0 4 12 2 1 28 2 0 1 3 0 21 0 4 17 0 1 34 1 0
8 0 4 2 30 0 4 12 2 1 28 2 0 1 3 2 27 0 3 14 1 4 38 2 0
8 0 3 2 30 0 4 12 2 1 28 2 0 1 3 2 27 0 4 18 1 3 34 2 0
8 0 4 2 30 0 4 12 2 1 28 2 0 1 3 4 29 0 3 15 1 4 38 3 0
8 0 3 2 30 0 4 12 2 1 28 2 0 1 3 4 29 0 4 19 1 3 34 3 0
8 0 4 2 30 0 4 12 2 1 28 2 1 8 1 2 32 1 3 15 2 4 38 3 0
8 0 3 2 30 0 4 12 2 1 28 2 1 8 1 2 32 1 4 18 2 3 34 2 0
8 0 4 2 30 0 4 12 2 1 28 2 1 8 1 3 36 1 3 14 3 4 38 2 0
8 0 3 2 30 0 4 12 2 1 28 2 1 8 1 3 36 1 4 17 3 1 34 1 0
8 0 4 2 30 0 4 12 2 1 28 2 1 8 1 4 40 1 3 13 3 1 38 1 0
8 0 3 2 30 0 4 12 2 1 28 2 1 8 1 4 40 1 4 19 4 3 34 3 0
8 0 3 2 30 0 4 12 2 1 28 2 3 16 1 0 25 3 4 18 0 3 34 2 0
8 0 3 2 30 0 4 12 2 1 28 2 3 16 1 2 31 3 4 19 2 3 34 3 0
8 0 3 2 30 0 4 12 2 1 28 2 3 16 1 3 37 3 4 17 4 1 34 1 0
6 0 4 2 30 0 4 12 2 1 28 2 3 16 1 4 38 4 0
8 0 4 2 30 0 4 12 2 1 28 2 4 20 1 0 23 4 3 15 0 4 38 3 0
8 0 4 2 30 0 4 12 2 1 28 2 4 20 1 2 33 4 3 14 2 4 38 2 0
6 0 3 2 30 0 4 12 2 1 28 2 4 20 1 3 34 4 0
8 0 4 2 30 0 4 12 2 1 28 2 4 20 1 4 39 4 3 13 2 1 38 1 0
8 0 4 2 30 0 4 12 2 3 35 2 0 3 3 0 25 0 3 16 0 4 38 4 0
8 0 3 2 30 0 4 12 2 3 35 2 0 3 3 0 25 0 4 18 0 3 34 2 0
8 0 4 2 30 0 4 12 2 3 35 2 0 3 3 2 33 0 3 14 2 4 38 2 0
8 0 3 2 30 0 4 12 2 3 35 2 0 3 3 2 33 0 4 20 2 3 34 4 0
8 0 4 2 30 0 4 12 2 3 35 2 0 3 3 4 40 0 3 13 3 1 38 1 0
8 0 3 2 30 0 4 12 2 3 35 2 0 3 3 4 40 0 4 19 4 3 34 3 0
8 0 4 2 30 0 4 12 2 3 35 2 1 6 3 1 27 1 3 14 1 4 38 2 0
8 0 3 2 30 0 4 12 2 3 35 2 1 6 3 1 27 1 4 18 1 3 34 2 0
8 0 4 2 30 0 4 12 2 3 35 2 1 6 3 2 31 1 3 16 2 4 38 4 0
8 0 3 2 30 0 4 12 2 3 35 2 1 6 3 2 31 1 4 19 2 3 34 3 0
8 0 4 2 30 0 4 12 2 3 35 2 1 6 3 4 39 1 3 13 2 1 38 1 0
8 0 3 2 30 0 4 12 2 3 35 2 1 6 3 4 39 1 4 20 4 3 34 4 0
8 0 3 2 30 0 4 12 2 3 35 2 3 15 3 0 23 3 4 20 0 3 34 4 0
8 0 3 2 30 0 4 12 2 3 35 2 3 15 3 1 29 3 4 19 1 3 34 3 0
8 0 3 2 30 0 4 12 2 3 35 2 3 15 3 2 32 3 4 18 2 3 34 2 0
6 0 4 2 30 0 4 12 2 3 35 2 3 15 3 4 38 3 0
8 0 4 2 30 0 4 12 2 3 35 2 4 17 2 0 21 4 3 13 0 1 38 1 0
6 0 3 2 30 0 4 12 2 3 35 2 4 17 2 1 34 1 0
8 0 4 2 30 0 4 12 2 3 35 2 4 17 2 3 36 4 3 14 3 4 38 2 0
8 0 4 2 30 0 4 12 2 3 35 2 4 17 2 4 37 4 3 16 3 4 38 4 0
8 0 4 2 30 0 4 12 2 4 41 2 0 2 4 0 23 0 3 15 0 4 38 3 0
8 0 3 2 30 0 4 12 2 4 41 2 0 2 4 0 23 0 4 20 0 3 34 4 0
8 0 4 2 30 0 4 12 2 4 41 2 0 2 4 2 31 0 3 16 2 4 38 4 0
8 0 3 2 30 0 4 12 2 4 41 2 0 2 4 2 31 0 4 19 2 3 34 3 0
8 0 4 2 30 0 4 12 2 4 41 2 0 2 4 3 36 0 3 14 3 4 38 2 0
8 0 3 2 30 0 4 12 2 4 41 2 0 2 4 3 36 0 4 17 3 1 34 1 0
8 0 4 2 30 0 4 12 2 4 41 2 1 7 4 1 29 1 3 15 1 4 38 3 0
8 0 3 2 30 0 4 12 2 4 41 2 1 7 4 1 29 1 4 19 1 3 34 3 0
8 0 4 2 30 0 4 12 2 4 41 2 1 7 4 2 33 1 3 14 2 4 38 2 0
8 0 3 2 30 0 4 12 2 4 41 2 1 7 4 2 33 1 4 20 2 3 34 4 0
8 0 4 2 30 0 4 12 2 4 41 2 1 7 4 3 37 1 3 16 3 4 38 4 0
8 0 3 2 30 0 4 12 2 4 41 2 1 7 4 3 37 1 4 17 4 1 34 1 0
8 0 3 2 30 0 4 12 2 4 41 2 3 13 4 0 21 3 4 17 0 1 34 1 0
6 0 4 2 30 0 4 12 2 4 41 2 3 13 4 1 38 1 0
8 0 3 2 30 0 4 12 2 4 41 2 3 13 4 2 39 3 4 20 4 3 34 4 0
8 0 3 2 30 0 4 12 2 4 41 2 3 13 4 3 40 3 4 19 4 3 34 3 0
8 0 4 2 30 0 4 12 2 4 41 2 4 18 4 0 25 4 3 16 0 4 38 4 0
8 0 4 2 30 0 4 12 2 4 41 2 4 18 4 1 27 4 3 14 1 4 38 2 0
8 0 4 2 30 0 4 12 2 4 41 2 4 18 4 2 32 4 3 15 2 4 38 3 0
6 0 3 2 30 0 4 12 2 4 41 2 4 18 4 3 34 2 0
8 0 4 3 34 0 1 17 1 0 21 4 0 1 0 2 27 0 3 14 1 4 38 2 0
8 0 4 3 34 0 1 17 1 0 21 4 0 1 0 3 28 0 3 16 1 4 38 4 0
8 0 4 3 34 0 1 17 1 0 21 4 0 1 0 4 29 0 3 15 1 4 38 3 0
8 0 4 3 34 0 1 17 1 0 21 4 1 5 0 2 23 1 3 15 0 4 38 3 0
8 0 4 3 34 0 1 17 1 0 21 4 1 5 0 3 24 1 3 14 0 4 38 2 0
8 0 4 3 34 0 1 17 1 0 21 4 1 5 0 4 25 1 3 16 0 4 38 4 0
8 0 4 3 34 0 1 17 1 0 21 4 2 9 0 2 31 2 3 16 2 4 38 4 0
8 0 4 3 34 0 1 17 1 0 21 4 2 9 0 3 32 2 3 15 2 4 38 3 0
8 0 4 3 34 0 1 17 1 0 21 4 2 9 0 4 33 2 3 14 2 4 38 2 0
6 0 4 3 34 0 1 17 1 0 21 4 3 13 0 1 38 1 0
8 0 4 3 34 0 1 17 1 2 35 4 0 3 3 0 25 0 3 16 0 4 38 4 0
8 0 4 3 34 0 1 17 1 2 35 4 0 3 3 2 33 0 3 14 2 4 38 2 0
8 0 4 3 34 0 1 17 1 2 35 4 0 3 3 4 40 0 3 13 3 1 38 1 0
8 0 4 3 34 0 1 17 1 2 35 4 1 6 3 1 27 1 3 14 1 4 38 2 0
8 0 4 3 34 0 1 17 1 2 35 4 1 6 3 2 31 1 3 16 2 4 38 4 0
8 0 4 3 34 0 1 17 1 2 35 4 1 6 3 4 39 1 3 13 2 1 38 1 0
8 0 4 3 34 0 1 17 1 2 35 4 2 12 3 0 24 2 3 14 0 4 38 2 0
8 0 4 3 34 0 1 17 1 2 35 4 2 12 3 1 28 2 3 16 1 4 38 4 0
8 0 4 3 34 0 1 17 1 2 35 4 2 12 3 4 41 2 3 13 4 1 38 1 0
6 0 4 3 34 0 1 17 1 2 35 4 3 15 3 4 38 3 0
8 0 4 3 34 0 1 17 1 3 36 4 0 2 3 0 23 0 3 15 0 4 38 3 0
8 0 4 3 34 0 1 17 1 3 36 4 0 2 3 2 31 0 3 16 2 4 38 4 0
8 0 4 3 34 0 1 17 1 3 36 4 0 2 3 4 41 0 3 13 4 1 38 1 0
8 0 4 3 34 0 1 17 1 3 36 4 1 8 3 1 28 1 3 16 1 4 38 4 0
8 0 4 3 34 0 1 17 1 3 36 4 1 8 3 2 32 1 3 15 2 4 38 3 0
8 0 4 3 34 0 1 17 1 3 36 4 1 8 3 4 40 1 3 13 3 1 38 1 0
8 0 4 3 34 0 1 17 1 3 36 4 2 11 3 0 25 2 3 16 0 4 38 4 0
8 0 4 3 34 0 1 17 1 3 36 4 2 11 3 1 29 2 3 15 1 4 38 3 0
8 0 4 3 34 0 1 17 1 3 36 4 2 11 3 4 39 2 3 13 2 1 38 1 0
6 0 4 3 34 0 1 17 1 3 36 4 3 14 3 4 38 2 0
8 0 4 3 34 0 1 17 1 4 37 4 0 4 3 0 24 0 3 14 0 4 38 2 0
8 0 4 3 34 0 1 17 1 4 37 4 0 4 3 2 32 0 3 15 2 4 38 3 0
8 0 4 3 34 0 1 17 1 4 37 4 0 4 3 4 39 0 3 13 2 1 38 1 0
8 0 4 3 34 0 1 17 1 4 37 4 1 7 3 1 29 1 3 15 1 4 38 3 0
8 0 4 3 34 0 1 17 1 4 37 4 1 7 3 2 33 1 3 14 2 4 38 2 0
8 0 4 3 34 0 1 17 1 4 37 4 1 7 3 4 41 1 3 13 4 1 38 1 0
8 0 4 3 34 0 1 17 1 4 37 4 2 10 3 0 23 2 3 15 0 4 38 3 0
8 0 4 3 34 0 1 17 1 4 37 4 2 10 3 1 27 2 3 14 1 4 38 2 0
8 0 4 3 34 0 1 17 1 4 37 4 2 10 3 4 40 2 3 13 3 1 38 1 0
6 0 4 3 34 0 1 17 1 4 37 4 3 16 3 4 38 4 0
8 0 4 3 34 0 2 18 3 0 25 4 0 3 0 2 33 0 3 14 2 4 38 2 0
8 0 4 3 34 0 2 18 3 0 25 4 0 3 0 3 35 0 3 15 3 4 38 3 0
8 0 4 3 34 0 2 18 3 0 25 4 0 3 0 4 40 0 3 13 3 1 38 1 0
8 0 4 3 34 0 2 18 3 0 25 4 1 5 4 0 21 1 3 13 0 1 38 1 0
8 0 4 3 34 0 2 18 3 0 25 4 1 5 4 2 23 1 3 15 0 4 38 3 0
8 0 4 3 34 0 2 18 3 0 25 4 1 5 4 3 24 1 3 14 0 4 38 2 0
8 0 4 3 34 0 2 18 3 0 25 4 2 11 0 1 29 2 3 15 1 4 38 3 0
8 0 4 3 34 0 2 18 3 0 25 4 2 11 0 3 36 2 3 14 3 4 38 2 0
8 0 4 3 34 0 2 18 3 0 25 4 2 11 0 4 39 2 3 13 2 1 38 1 0
6 0 4 3 34 0 2 18 3 0 25 4 3 16 0 4 38 4 0
8 0 4 3 34 0 2 18 3 1 27 4 0 1 2 0 21 0 3 13 0 1 38 1 0
8 0 4 3 34 0 2 18 3 1 27 4 0 1 2 3 28 0 3 16 1 4 38 4 0
8 0 4 3 34 0 2 18 3 1 27 4 0 1 2 4 29 0 3 15 1 4 38 3 0
8 0 4 3 34 0 2 18 3 1 27 4 1 6 1 2 31 1 3 16 2 4 38 4 0
8 0 4 3 34 0 2 18 3 1 27 4 1 6 1 3 35 1 3 15 3 4 38 3 0
8 0 4 3 34 0 2 18 3 1 27 4 1 6 1 4 39 1 3 13 2 1 38 1 0
8 0 4 3 34 0 2 18 3 1 27 4 2 10 1 0 23 2 3 15 0 4 38 3 0
8 0 4 3 34 0 2 18 3 1 27 4 2 10 1 3 37 2 3 16 3 4 38 4 0
8 0 4 3 34 0 2 18 3 1 27 4 2 10 1 4 40 2 3 13 3 1 38 1 0
6 0 4 3 34 0 2 18 3 1 27 4 3 14 1 4 38 2 0
8 0 4 3 34 0 2 18 3 2 32 4 0 4 2 0 24 0 3 14 0 4 38 2 0
8 0 4 3 34 0 2 18 3 2 32 4 0 4 2 3 37 0 3 16 3 4 38 4 0
8 0 4 3 34 0 2 18 3 2 32 4 0 4 2 4 39 0 3 13 2 1 38 1 0
8 0 4 3 34 0 2 18 3 2 32 4 1 8 2 1 28 1 3 16 1 4 38 4 0
8 0 4 3 34 0 2 18 3 2 32 4 1 8 2 3 36 1 3 14 3 4 38 2 0
8 0 4 3 34 0 2 18 3 2 32 4 1 8 2 4 40 1 3 13 3 1 38 1 0
8 0 4 3 34 0 2 18 3 2 32 4 2 9 3 0 21 2 3 13 0 1 38 1 0
8 0 4 3 34 0 2 18 3 2 32 4 2 9 3 2 31 2 3 16 2 4 38 4 0
8 0 4 3 34 0 2 18 3 2 32 4 2 9 3 4 33 2 3 14 2 4 38 2 0
6 0 4 3 34 0 2 18 3 2 32 4 3 15 2 4 38 3 0
8 0 4 3 34 0 2 18 3 4 41 4 0 2 4 0 23 0 3 15 0 4 38 3 0
8 0 4 3 34 0 2 18 3 4 41 4 0 2 4 2 31 0 3 16 2 4 38 4 0
8 0 4 3 34 0 2 18 3 4 41 4 0 2 4 3 36 0 3 14 3 4 38 2 0
8 0 4 3 34 0 2 18 3 4 41 4 1 7 4 1 29 1 3 15 1 4 38 3 0
8 0 4 3 34 0 2 18 3 4 41 4 1 7 4 2 33 1 3 14 2 4 38 2 0
8 0 4 3 34 0 2 18 3 4 41 4 1 7 4 3 37 1 3 16 3 4 38 4 0
8 0 4 3 34 0 2 18 3 4 41 4 2 12 4 0 24 2 3 14 0 4 38 2 0
8 0 4 3 34 0 2 18 3 4 41 4 2 12 4 1 28 2 3 16 1 4 38 4 0
8 0 4 3 34 0 2 18 3 4 41 4 2 12 4 3 35 2 3 15 3 4 38 3 0
6 0 4 3 34 0 2 18 3 4 41 4 3 13 4 1 38 1 0
8 0 4 3 34 0 3 19 3 0 24 4 0 4 0 2 32 0 3 15 2 4 38 3 0
8 0 4 3 34 0 3 19 3 0 24 4 0 4 0 3 37 0 3 16 3 4 38 4 0
8 0 4 3 34 0 3 19 3 0 24 4 0 4 0 4 39 0 3 13 2 1 38 1 0
8 0 4 3 34 0 3 19 3 0 24 4 1 5 3 0 21 1 3 13 0 1 38 1 0
8 0 4 3 34 0 3 19 3 0 24 4 1 5 3 2 23 1 3 15 0 4 38 3 0
8 0 4 3 34 0 3 19 3 0 24 4 1 5 3 4 25 1 3 16 0 4 38 4 0
8 0 4 3 34 0 3 19 3 0 24 4 2 12 0 1 28 2 3 16 1 4 38 4 0
8 0 4 3 34 0 3 19 3 0 24 4 2 12 0 3 35 2 3 15 3 4 38 3 0
8 0 4 3 34 0 3 19 3 0 24 4 2 12 0 4 41 2 3 13 4 1 38 1 0
6 0 4 3 34 0 3 19 3 0 24 4 3 14 0 4 38 2 0
8 0 4 3 34 0 3 19 3 1 29 4 0 1 4 0 21 0 3 13 0 1 38 1 0
8 0 4 3 34 0 3 19 3 1 29 4 0 1 4 2 27 0 3 14 1 4 38 2 0
8 0 4 3 34 0 3 19 3 1 29 4 0 1 4 3 28 0 3 16 1 4 38 4 0
8 0 4 3 34 0 3 19 3 1 29 4 1 7 1 2 33 1 3 14 2 4 38 2 0
8 0 4 3 34 0 3 19 3 1 29 4 1 7 1 3 37 1 3 16 3 4 38 4 0
8 0 4 3 34 0 3 19 3 1 29 4 1 7 1 4 41 1 3 13 4 1 38 1 0
8 0 4 3 34 0 3 19 3 1 29 4 2 11 1 0 25 2 3 16 0 4 38 4 0
8 0 4 3 34 0 3 19 3 1 29 4 2 11 1 3 36 2 3 14 3 4 38 2 0
8 0 4 3 34 0 3 19 3 1 29 4 2 11 1 4 39 2 3 13 2 1 38 1 0
6 0 4 3 34 0 3 19 3 1 29 4 3 15 1 4 38 3 0
8 0 4 3 34 0 3 19 3 2 31 4 0 2 2 0 23 0 3 15 0 4 38 3 0
8 0 4 3 34 0 3 19 3 2 31 4 0 2 2 3 36 0 3 14 3 4 38 2 0
8 0 4 3 34 0 3 19 3 2 31 4 0 2 2 4 41 0 3 13 4 1 38 1 0
8 0 4 3 34 0 3 19 3 2 31 4 1 6 2 1 27 1 3 14 1 4 38 2 0
8 0 4 3 34 0 3 19 3 2 31 4 1 6 2 3 35 1 3 15 3 4 38 3 0
8 0 4 3 34 0 3 19 3 2 31 4 1 6 2 4 39 1 3 13 2 1 38 1 0
8 0 4 3 34 0 3 19 3 2 31 4 2 9 2 0 21 2 3 13 0 1 38 1 0
8 0 4 3 34 0 3 19 3 2 31 4 2 9 2 3 32 2 3 15 2 4 38 3 0
8 0 4 3 34 0 3 19 3 2 31 4 2 9 2 4 33 2 3 14 2 4 38 2 0
6 0 4 3 34 0 3 19 3 2 31 4 3 16 2 4 38 4 0
8 0 4 3 34 0 3 19 3 4 40 4 0 3 4 0 25 0 3 16 0 4 38 4 0
8 0 4 3 34 0 3 19 3 4 40 4 0 3 4 2 33 0 3 14 2 4 38 2 0
8 0 4 3 34 0 3 19 3 4 40 4 0 3 4 3 35 0 3 15 3 4 38 3 0
8 0 4 3 34 0 3 19 3 4 40 4 1 8 4 1 28 1 3 16 1 4 38 4 0
8 0 4 3 34 0 3 19 3 4 40 4 1 8 4 2 32 1 3 15 2 4 38 3 0
8 0 4 3 34 0 3 19 3 4 40 4 1 8 4 3 36 1 3 14 3 4 38 2 0
8 0 4 3 34 0 3 19 3 4 40 4 2 10 4 0 23 2 3 15 0 4 38 3 0
8 0 4 3 34 0 3 19 3 4 40 4 2 10 4 1 27 2 3 14 1 4 38 2 0
8 0 4 3 34 0 3 19 3 4 40 4 2 10 4 3 37 2 3 16 3 4 38 4 0
6 0 4 3 34 0 3 19 3 4 40 4 3 13 3 1 38 1 0
8 0 4 3 34 0 4 20 3 0 23 4 0 2 0 2 31 0 3 16 2 4 38 4 0
8 0 4 3 34 0 4 20 3 0 23 4 0 2 0 3 36 0 3 14 3 4 38 2 0
8 0 4 3 34 0 4 20 3 0 23 4 0 2 0 4 41 0 3 13 4 1 38 1 0
8 0 4 3 34 0 4 20 3 0 23 4 1 5 2 0 21 1 3 13 0 1 38 1 0
8 0 4 3 34 0 4 20 3 0 23 4 1 5 2 3 24 1 3 14 0 4 38 2 0
8 0 4 3 34 0 4 20 3 0 23 4 1 5 2 4 25 1 3 16 0 4 38 4 0
8 0 4 3 34 0 4 20 3 0 23 4 2 10 0 1 27 2 3 14 1 4 38 2 0
8 0 4 3 34 0 4 20 3 0 23 4 2 10 0 3 37 2 3 16 3 4 38 4 0
8 0 4 3 34 0 4 20 3 0 23 4 2 10 0 4 40 2 3 13 3 1 38 1 0
6 0 4 3 34 0 4 20 3 0 23 4 3 15 0 4 38 3 0
8 0 4 3 34 0 4 20 3 1 28 4 0 1 3 0 21 0 3 13 0 1 38 1 0
8 0 4 3 34 0 4 20 3 1 28 4 0 1 3 2 27 0 3 14 1 4 38 2 0
8 0 4 3 34 0 4 20 3 1 28 4 0 1 3 4 29 0 3 15 1 4 38 3 0
8 0 4 3 34 0 4 20 3 1 28 4 1 8 1 2 32 1 3 15 2 4 38 3 0
8 0 4 3 34 0 4 20 3 1 28 4 1 8 1 3 36 1 3 14 3 4 38 2 0
8 0 4 3 34 0 4 20 3 1 28 4 1 8 1 4 40 1 3 13 3 1 38 1 0
8 0 4 3 34 0 4 20 3 1 28 4 2 12 1 0 24 2 3 14 0 4 38 2 0
8 0 4 3 34 0 4 20 3 1 28 4 2 12 1 3 35 2 3 15 3 4 38 3 0
8 0 4 3 34 0 4 20 3 1 28 4 2 12 1 4 41 2 3 13 4 1 38 1 0
6 0 4 3 34 0 4 20 3 1 28 4 3 16 1 4 38 4 0
8 0 4 3 34 0 4 20 3 2 33 4 0 3 2 0 25 0 3 16 0 4 38 4 0
8 0 4 3 34 0 4 20 3 2 33 4 0 3 2 3 35 0 3 15 3 4 38 3 0
8 0 4 3 34 0 4 20 3 2 33 4 0 3 2 4 40 0 3 13 3 1 38 1 0
8 0 4 3 34 0 4 20 3 2 33 4 1 7 2 1 29 1 3 15 1 4 38 3 0
8 0 4 3 34 0 4 20 3 2 33 4 1 7 2 3 37 1 3 16 3 4 38 4 0
8 0 4 3 34 0 4 20 3 2 33 4 1 7 2 4 41 1 3 13 4 1 38 1 0
8 0 4 3 34 0 4 20 3 2 33 4 2 9 4 0 21 2 3 13 0 1 38 1 0
8 0 4 3 34 0 4 20 3 2 33 4 2 9 4 2 31 2 3 16 2 4 38 4 0
8 0 4 3 34 0 4 20 3 2 33 4 2 9 4 3 32 2 3 15 2 4 38 3 0
6 0 4 3 34 0 4 20 3 2 33 4 3 14 2 4 38 2 0
8 0 4 3 34 0 4 20 3 4 39 4 0 4 4 0 24 0 3 14 0 4 38 2 0
8 0 4 3 34 0 4 20 3 4 39 4 0 4 4 2 32 0 3 15 2 4 38 3 0
8 0 4 3 34 0 4 20 3 4 39 4 0 4 4 3 37 0 3 16 3 4 38 4 0
8 0 4 3 34 0 4 20 3 4 39 4 1 6 4 1 27 1 3 14 1 4 38 2 0
8 0 4 3 34 0 4 20 3 4 39 4 1 6 4 2 31 1 3 16 2 4 38 4 0
8 0 4 3 34 0 4 20 3 4 39 4 1 6 4 3 35 1 3 15 3 4 38 3 0
8 0 4 3 34 0 4 20 3 4 39 4 2 11 4 0 25 2 3 16 0 4 38 4 0
8 0 4 3 34 0 4 20 3 4 39 4 2 11 4 1 29 2 3 15 1 4 38 3 0
8 0 4 3 34 0 4 20 3 4 39 4 2 11 4 3 36 2 3 14 3 4 38 2 0
6 0 4 3 34 0 4 20 3 4 39 4 3 13 2 1 38 1 0
8 22 2 1 5 1 0 21 1 0 1 0 1 26 1 2 2 1 2 31 0 1 6 2 0
8 22 4 1 5 1 0 21 1 0 1 0 1 26 1 2 2 1 3 36 0 1 8 3 0
8 22 3 1 5 1 0 21 1 0 1 0 1 26 1 2 2 1 4 41 0 1 7 4 0
8 22 3 1 5 1 0 21 1 0 1 0 1 26 1 3 3 1 2 33 0 1 7 2 0
8 22 2 1 5 1 0 21 1 0 1 0 1 26 1 3 3 1 3 35 0 1 6 3 0
8 22 4 1 5 1 0 21 1 0 1 0 1 26 1 3 3 1 4 40 0 1 8 4 0
8 22 4 1 5 1 0 21 1 0 1 0 1 26 1 4 4 1 2 32 0 1 8 2 0
8 22 3 1 5 1 0 21 1 0 1 0 1 26 1 4 4 1 3 37 0 1 7 3 0
8 22 2 1 5 1 0 21 1 0 1 0 1 26 1 4 4 1 4 39 0 1 6 4 0
6 22 2 1 5 1 0 21 1 0 1 0 2 27 0 1 6 1 0
8 22 3 1 5 1 0 21 1 0 1 0 2 27 0 2 10 1 3 37 2 1 7 3 0
8 22 4 1 5 1 0 21 1 0 1 0 2 27 0 2 10 1 4 40 2 1 8 4 0
8 22 3 1 5 1 0 21 1 0 1 0 2 27 0 3 14 1 2 33 3 1 7 2 0
8 22 4 1 5 1 0 21 1 0 1 0 2 27 0 3 14 1 3 36 3 1 8 3 0
8 22 4 1 5 1 0 21 1 0 1 0 2 27 0 4 18 1 2 32 4 1 8 2 0
8 22 3 1 5 1 0 21 1 0 1 0 2 27 0 4 18 1 4 41 4 1 7 4 0
6 22 4 1 5 1 0 21 1 0 1 0 3 28 0 1 8 1 0
8 22 2 1 5 1 0 21 1 0 1 0 3 28 0 2 12 1 3 35 2 1 6 3 0
8 22 3 1 5 1 0 21 1 0 1 0 3 28 0 2 12 1 4 41 2 1 7 4 0
8 22 2 1 5 1 0 21 1 0 1 0 3 28 0 3 16 1 2 31 3 1 6 2 0
8 22 3 1 5 1 0 21 1 0 1 0 3 28 0 3 16 1 3 37 3 1 7 3 0
8 22 3 1 5 1 0 21 1 0 1 0 3 28 0 4 20 1 2 33 4 1 7 2 0
8 22 2 1 5 1 0 21 1 0 1 0 3 28 0 4 20 1 4 39 4 1 6 4 0
6 22 3 1 5 1 0 21 1 0 1 0 4 29 0 1 7 1 0
8 22 4 1 5 1 0 21 1 0 1 0 4 29 0 2 11 1 3 36 2 1 8 3 0
8 22 2 1 5 1 0 21 1 0 1 0 4 29 0 2 11 1 4 39 2 1 6 4 0
8 22 4 1 5 1 0 21 1 0 1 0 4 29 0 3 15 1 2 32 3 1 8 2 0
8 22 2 1 5 1 0 21 1 0 1 0 4 29 0 3 15 1 3 35 3 1 6 3 0
8 22 2 1 5 1 0 21 1 0 1 0 4 29 0 4 19 1 2 31 4 1 6 2 0
8 22 4 1 5 1 0 21 1 0 1 0 4 29 0 4 19 1 4 40 4 1 8 4 0
8 22 2 1 5 1 0 21 1 2 9 0 1 30 1 2 10 2 1 27 2 1 6 1 0
8 22 3 1 5 1 0 21 1 2 9 0 1 30 1 2 10 2 3 37 2 1 7 3 0
8 22 4 1 5 1 0 21 1 2 9 0 1 30 1 2 10 2 4 40 2 1 8 4 0
8 22 3 1 5 1 0 21 1 2 9 0 1 30 1 3 11 2 1 29 2 1 7 1 0
8 22 4 1 5 1 0 21 1 2 9 0 1 30 1 3 11 2 3 36 2 1 8 3 0
8 22 2 1 5 1 0 21 1 2 9 0 1 30 1 3 11 2 4 39 2 1 6 4 0
8 22 4 1 5 1 0 21 1 2 9 0 1 30 1 4 12 2 1 28 2 1 8 1 0
8 22 2 1 5 1 0 21 1 2 9 0 1 30 1 4 12 2 3 35 2 1 6 3 0
8 22 3 1 5 1 0 21 1 2 9 0 1 30 1 4 12 2 4 41 2 1 7 4 0
8 22 4 1 5 1 0 21 1 2 9 0 2 31 2 0 2 2 3 36 0 1 8 3 0
8 22 3 1 5 1 0 21 1 2 9 0 2 31 2 0 2 2 4 41 0 1 7 4 0
6 22 2 1 5 1 0 21 1 2 9 0 2 31 2 1 6 2 0
8 22 4 1 5 1 0 21 1 2 9 0 2 31 2 3 16 2 1 28 3 1 8 1 0
8 22 3 1 5 1 0 21 1 2 9 0 2 31 2 3 16 2 3 37 3 1 7 3 0
8 22 3 1 5 1 0 21 1 2 9 0 2 31 2 4 19 2 1 29 4 1 7 1 0
8 22 4 1 5 1 0 21 1 2 9 0 2 31 2 4 19 2 4 40 4 1 8 4 0
8 22 3 1 5 1 0 21 1 2 9 0 3 32 2 0 4 2 3 37 0 1 7 3 0
8 22 2 1 5 1 0 21 1 2 9 0 3 32 2 0 4 2 4 39 0 1 6 4 0
6 22 4 1 5 1 0 21 1 2 9 0 3 32 2 1 8 2 0
8 22 3 1 5 1 0 21 1 2 9 0 3 32 2 3 15 2 1 29 3 1 7 1 0
8 22 2 1 5 1 0 21 1 2 9 0 3 32 2 3 15 2 3 35 3 1 6 3 0
8 22 2 1 5 1 0 21 1 2 9 0 3 32 2 4 18 2 1 27 4 1 6 1 0
8 22 3 1 5 1 0 21 1 2 9 0 3 32 2 4 18 2 4 41 4 1 7 4 0
8 22 2 1 5 1 0 21 1 2 9 0 4 33 2 0 3 2 3 35 0 1 6 3 0
8 22 4 1 5 1 0 21 1 2 9 0 4 33 2 0 3 2 4 40 0 1 8 4 0
6 22 3 1 5 1 0 21 1 2 9 0 4 33 2 1 7 2 0
8 22 2 1 5 1 0 21 1 2 9 0 4 33 2 3 14 2 1 27 3 1 6 1 0
8 22 4 1 5 1 0 21 1 2 9 0 4 33 2 3 14 2 3 36 3 1 8 3 0
8 22 4 1 5 1 0 21 1 2 9 0 4 33 2 4 20 2 1 28 4 1 8 1 0
8 22 2 1 5 1 0 21 1 2 9 0 4 33 2 4 20 2 4 39 4 1 6 4 0
8 22 2 1 5 1 0 21 1 3 13 0 1 38 1 2 14 4 1 27 3 1 6 1 0
8 22 3 1 5 1 0 21 1 3 13 0 1 38 1 2 14 4 2 33 3 1 7 2 0
8 22 4 1 5 1 0 21 1 3 13 0 1 38 1 2 14 4 3 36 3 1 8 3 0
8 22 3 1 5 1 0 21 1 3 13 0 1 38 1 3 15 4 1 29 3 1 7 1 0
8 22 4 1 5 1 0 21 1 3 13 0 1 38 1 3 15 4 2 32 3 1 8 2 0
8 22 2 1 5 1 0 21 1 3 13 0 1 38 1 3 15 4 3 35 3 1 6 3 0
8 22 4 1 5 1 0 21 1 3 13 0 1 38 1 4 16 4 1 28 3 1 8 1 0
8 22 2 1 5 1 0 21 1 3 13 0 1 38 1 4 16 4 2 31 3 1 6 2 0
8 22 3 1 5 1 0 21 1 3 13 0 1 38 1 4 16 4 3 37 3 1 7 3 0
8 22 4 1 5 1 0 21 1 3 13 0 2 39 3 0 4 4 2 32 0 1 8 2 0
8 22 3 1 5 1 0 21 1 3 13 0 2 39 3 0 4 4 3 37 0 1 7 3 0
6 22 2 1 5 1 0 21 1 3 13 0 2 39 3 1 6 4 0
8 22 3 1 5 1 0 21 1 3 13 0 2 39 3 2 11 4 1 29 2 1 7 1 0
8 22 4 1 5 1 0 21 1 3 13 0 2 39 3 2 11 4 3 36 2 1 8 3 0
8 22 4 1 5 1 0 21 1 3 13 0 2 39 3 4 20 4 1 28 4 1 8 1 0
8 22 3 1 5 1 0 21 1 3 13 0 2 39 3 4 20 4 2 33 4 1 7 2 0
8 22 3 1 5 1 0 21 1 3 13 0 3 40 3 0 3 4 2 33 0 1 7 2 0
8 22 2 1 5 1 0 21 1 3 13 0 3 40 3 0 3 4 3 35 0 1 6 3 0
6 22 4 1 5 1 0 21 1 3 13 0 3 40 3 1 8 4 0
8 22 2 1 5 1 0 21 1 3 13 0 3 40 3 2 10 4 1 27 2 1 6 1 0
8 22 3 1 5 1 0 21 1 3 13 0 3 40 3 2 10 4 3 37 2 1 7 3 0
8 22 3 1 5 1 0 21 1 3 13 0 3 40 3 4 19 4 1 29 4 1 7 1 0
8 22 2 1 5 1 0 21 1 3 13 0 3 40 3 4 19 4 2 31 4 1 6 2 0
8 22 2 1 5 1 0 21 1 3 13 0 4 41 3 0 2 4 2 31 0 1 6 2 0
8 22 4 1 5 1 0 21 1 3 13 0 4 41 3 0 2 4 3 36 0 1 8 3 0
6 22 3 1 5 1 0 21 1 3 13 0 4 41 3 1 7 4 0
8 22 4 1 5 1 0 21 1 3 13 0 4 41 3 2 12 4 1 28 2 1 8 1 0
8 22 2 1 5 1 0 21 1 3 13 0 4 41 3 2 12 4 3 35 2 1 6 3 0
8 22 2 1 5 1 0 21 1 3 13 0 4 41 3 4 18 4 1 27 4 1 6 1 0
8 22 4 1 5 1 0 21 1 3 13 0 4 41 3 4 18 4 2 32 4 1 8 2 0
8 22 2 1 5 1 0 21 1 4 17 0 1 34 1 2 18 3 1 27 4 1 6 1 0
8 22 4 1 5 1 0 21 1 4 17 0 1 34 1 2 18 3 2 32 4 1 8 2 0
8 22 3 1 5 1 0 21 1 4 17 0 1 34 1 2 18 3 4 41 4 1 7 4 0
8 22 3 1 5 1 0 21 1 4 17 0 1 34 1 3 19 3 1 29 4 1 7 1 0
8 22 2 1 5 1 0 21 1 4 17 0 1 34 1 3 19 3 2 31 4 1 6 2 0
8 22 4 1 5 1 0 21 1 4 17 0 1 34 1 3 19 3 4 40 4 1 8 4 0
8 22 4 1 5 1 0 21 1 4 17 0 1 34 1 4 20 3 1 28 4 1 8 1 0
8 22 3 1 5 1 0 21 1 4 17 0 1 34 1 4 20 3 2 33 4 1 7 2 0
8 22 2 1 5 1 0 21 1 4 17 0 1 34 1 4 20 3 4 39 4 1 6 4 0
8 22 3 1 5 1 0 21 1 4 17 0 2 35 4 0 3 3 2 33 0 1 7 2 0
8 22 4 1 5 1 0 21 1 4 17 0 2 35 4 0 3 3 4 40 0 1 8 4 0
6 22 2 1 5 1 0 21 1 4 17 0 2 35 4 1 6 3 0
8 22 4 1 5 1 0 21 1 4 17 0 2 35 4 2 12 3 1 28 2 1 8 1 0
8 22 3 1 5 1 0 21 1 4 17 0 2 35 4 2 12 3 4 41 2 1 7 4 0
8 22 3 1 5 1 0 21 1 4 17 0 2 35 4 3 15 3 1 29 3 1 7 1 0
8 22 4 1 5 1 0 21 1 4 17 0 2 35 4 3 15 3 2 32 3 1 8 2 0
8 22 2 1 5 1 0 21 1 4 17 0 3 36 4 0 2 3 2 31 0 1 6 2 0
8 22 3 1 5 1 0 21 1 4 17 0 3 36 4 0 2 3 4 41 0 1 7 4 0
6 22 4 1 5 1 0 21 1 4 17 0 3 36 4 1 8 3 0
8 22 3 1 5 1 0 21 1 4 17 0 3 36 4 2 11 3 1 29 2 1 7 1 0
8 22 2 1 5 1 0 21 1 4 17 0 3 36 4 2 11 3 4 39 2 1 6 4 0
8 22 2 1 5 1 0 21 1 4 17 0 3 36 4 3 14 3 1 27 3 1 6 1 0
8 22 3 1 5 1 0 21 1 4 17 0 3 36 4 3 14 3 2 33 3 1 7 2 0
8 22 4 1 5 1 0 21 1 4 17 0 4 37 4 0 4 3 2 32 0 1 8 2 0
8 22 2 1 5 1 0 21 1 4 17 0 4 37 4 0 4 3 4 39 0 1 6 4 0
6 22 3 1 5 1 0 21 1 4 17 0 4 37 4 1 7 3 0
8 22 2 1 5 1 0 21 1 4 17 0 4 37 4 2 10 3 1 27 2 1 6 1 0
8 22 4 1 5 1 0 21 1 4 17 0 4 37 4 2 10 3 4 40 2 1 8 4 0
8 22 4 1 5 1 0 21 1 4 17 0 4 37 4 3 16 3 1 28 3 1 8 1 0
8 22 2 1 5 1 0 21 1 4 17 0 4 37 4 3 16 3 2 31 3 1 6 2 0
8 22 2 1 5 1 2 23 1 0 2 0 1 26 2 1 1 1 2 27 0 1 6 1 0
8 22 4 1 5 1 2 23 1 0 2 0 1 26 2 1 1 1 3 28 0 1 8 1 0
8 22 3 1 5 1 2 23 1 0 2 0 1 26 2 1 1 1 4 29 0 1 7 1 0
8 22 3 1 5 1 2 23 1 0 2 0 1 26 2 3 3 1 2 33 0 1 7 2 0
8 22 2 1 5 1 2 23 1 0 2 0 1 26 2 3 3 1 3 35 0 1 6 3 0
8 22 4 1 5 1 2 23 1 0 2 0 1 26 2 3 3 1 4 40 0 1 8 4 0
8 22 4 1 5 1 2 23 1 0 2 0 1 26 2 4 4 1 2 32 0 1 8 2 0
8 22 3 1 5 1 2 23 1 0 2 0 1 26 2 4 4 1 3 37 0 1 7 3 0
8 22 2 1 5 1 2 23 1 0 2 0 1 26 2 4 4 1 4 39 0 1 6 4 0
6 22 2 1 5 1 2 23 1 0 2 0 2 31 0 1 6 2 0
8 22 4 1 5 1 2 23 1 0 2 0 2 31 0 2 9 2 3 32 2 1 8 2 0
8 22 3 1 5 1 2 23 1 0 2 0 2 31 0 2 9 2 4 33 2 1 7 2 0
8 22 4 1 5 1 2 23 1 0 2 0 2 31 0 3 16 2 1 28 3 1 8 1 0
8 22 3 1 5 1 2 23 1 0 2 0 2 31 0 3 16 2 3 37 3 1 7 3 0
8 22 3 1 5 1 2 23 1 0 2 0 2 31 0 4 19 2 1 29 4 1 7 1 0
8 22 4 1 5 1 2 23 1 0 2 0 2 31 0 4 19 2 4 40 4 1 8 4 0
6 22 4 1 5 1 2 23 1 0 2 0 3 36 0 1 8 3 0
8 22 3 1 5 1 2 23 1 0 2 0 3 36 0 2 11 3 1 29 2 1 7 1 0
8 22 2 1 5 1 2 23 1 0 2 0 3 36 0 2 11 3 4 39 2 1 6 4 0
8 22 2 1 5 1 2 23 1 0 2 0 3 36 0 3 14 3 1 27 3 1 6 1 0
8 22 3 1 5 1 2 23 1 0 2 0 3 36 0 3 14 3 2 33 3 1 7 2 0
8 22 2 1 5 1 2 23 1 0 2 0 3 36 0 4 17 3 2 35 4 1 6 3 0
8 22 3 1 5 1 2 23 1 0 2 0 3 36 0 4 17 3 4 37 4 1 7 3 0
6 22 3 1 5 1 2 23 1 0 2 0 4 41 0 1 7 4 0
8 22 4 1 5 1 2 23 1 0 2 0 4 41 0 2 12 4 1 28 2 1 8 1 0
8 22 2 1 5 1 2 23 1 0 2 0 4 41 0 2 12 4 3 35 2 1 6 3 0
8 22 2 1 5 1 2 23 1 0 2 0 4 41 0 3 13 4 2 39 3 1 6 4 0
8 22 4 1 5 1 2 23 1 0 2 0 4 41 0 3 13 4 3 40 3 1 8 4 0
8 22 2 1 5 1 2 23 1 0 2 0 4 41 0 4 18 4 1 27 4 1 6 1 0
8 22 4 1 5 1 2 23 1 0 2 0 4 41 0 4 18 4 2 32 4 1 8 2 0
8 22 4 1 5 1 2 23 1 2 10 0 1 27 2 0 1 2 3 28 0 1 8 1 0
8 22 3 1 5 1 2 23 1 2 10 0 1 27 2 0 1 2 4 29 0 1 7 1 0
6 22 2 1 5 1 2 23 1 2 10 0 1 27 2 1 6 1 0
8 22 3 1 5 1 2 23 1 2 10 0 1 27 2 3 14 1 2 33 3 1 7 2 0
8 22 4 1 5 1 2 23 1 2 10 0 1 27 2 3 14 1 3 36 3 1 8 3 0
8 22 4 1 5 1 2 23 1 2 10 0 1 27 2 4 18 1 2 32 4 1 8 2 0
8 22 3 1 5 1 2 23 1 2 10 0 1 27 2 4 18 1 4 41 4 1 7 4 0
8 22 2 1 5 1 2 23 1 2 10 0 2 30 2 1 9 1 2 31 2 1 6 2 0
8 22 4 1 5 1 2 23 1 2 10 0 2 30 2 1 9 1 3 32 2 1 8 2 0
8 22 3 1 5 1 2 23 1 2 10 0 2 30 2 1 9 1 4 33 2 1 7 2 0
8 22 3 1 5 1 2 23 1 2 10 0 2 30 2 3 11 2 1 29 2 1 7 1 0
8 22 4 1 5 1 2 23 1 2 10 0 2 30 2 3 11 2 3 36 2 1 8 3 0
8 22 2 1 5 1 2 23 1 2 10 0 2 30 2 3 11 2 4 39 2 1 6 4 0
8 22 4 1 5 1 2 23 1 2 10 0 2 30 2 4 12 2 1 28 2 1 8 1 0
8 22 2 1 5 1 2 23 1 2 10 0 2 30 2 4 12 2 3 35 2 1 6 3 0
8 22 3 1 5 1 2 23 1 2 10 0 2 30 2 4 12 2 4 41 2 1 7 4 0
8 22 4 1 5 1 2 23 1 2 10 0 3 37 2 0 4 3 2 32 0 1 8 2 0
8 22 2 1 5 1 2 23 1 2 10 0 3 37 2 0 4 3 4 39 0 1 6 4 0
6 22 3 1 5 1 2 23 1 2 10 0 3 37 2 1 7 3 0
8 22 4 1 5 1 2 23 1 2 10 0 3 37 2 3 16 3 1 28 3 1 8 1 0
8 22 2 1 5 1 2 23 1 2 10 0 3 37 2 3 16 3 2 31 3 1 6 2 0
8 22 2 1 5 1 2 23 1 2 10 0 3 37 2 4 17 4 2 35 4 1 6 3 0
8 22 4 1 5 1 2 23 1 2 10 0 3 37 2 4 17 4 3 36 4 1 8 3 0
8 22 3 1 5 1 2 23 1 2 10 0 4 40 2 0 3 4 2 33 0 1 7 2 0
8 22 2 1 5 1 2 23 1 2 10 0 4 40 2 0 3 4 3 35 0 1 6 3 0
6 22 4 1 5 1 2 23 1 2 10 0 4 40 2 1 8 4 0
8 22 2 1 5 1 2 23 1 2 10 0 4 40 2 3 13 3 2 39 3 1 6 4 0
8 22 3 1 5 1 2 23 1 2 10 0 4 40 2 3 13 3 4 41 3 1 7 4 0
8 22 3 1 5 1 2 23 1 2 10 0 4 40 2 4 19 4 1 29 4 1 7 1 0
8 22 2 1 5 1 2 23 1 2 10 0 4 40 2 4 19 4 2 31 4 1 6 2 0
8 22 2 1 5 1 2 23 1 3 15 0 1 29 3 0 1 4 2 27 0 1 6 1 0
8 22 4 1 5 1 2 23 1 3 15 0 1 29 3 0 1 4 3 28 0 1 8 1 0
6 22 3 1 5 1 2 23 1 3 15 0 1 29 3 1 7 1 0
8 22 4 1 5 1 2 23 1 3 15 0 1 29 3 2 11 1 3 36 2 1 8 3 0
8 22 2 1 5 1 2 23 1 3 15 0 1 29 3 2 11 1 4 39 2 1 6 4 0
8 22 2 1 5 1 2 23 1 3 15 0 1 29 3 4 19 1 2 31 4 1 6 2 0
8 22 4 1 5 1 2 23 1 3 15 0 1 29 3 4 19 1 4 40 4 1 8 4 0
8 22 3 1 5 1 2 23 1 3 15 0 2 32 3 0 4 2 3 37 0 1 7 3 0
8 22 2 1 5 1 2 23 1 3 15 0 2 32 3 0 4 2 4 39 0 1 6 4 0
6 22 4 1 5 1 2 23 1 3 15 0 2 32 3 1 8 2 0
8 22 2 1 5 1 2 23 1 3 15 0 2 32 3 2 9 3 2 31 2 1 6 2 0
8 22 3 1 5 1 2 23 1 3 15 0 2 32 3 2 9 3 4 33 2 1 7 2 0
8 22 2 1 5 1 2 23 1 3 15 0 2 32 3 4 18 2 1 27 4 1 6 1 0
8 22 3 1 5 1 2 23 1 3 15 0 2 32 3 4 18 2 4 41 4 1 7 4 0
8 22 3 1 5 1 2 23 1 3 15 0 3 35 3 0 3 3 2 33 0 1 7 2 0
8 22 4 1 5 1 2 23 1 3 15 0 3 35 3 0 3 3 4 40 0 1 8 4 0
6 22 2 1 5 1 2 23 1 3 15 0 3 35 3 1 6 3 0
8 22 4 1 5 1 2 23 1 3 15 0 3 35 3 2 12 3 1 28 2 1 8 1 0
8 22 3 1 5 1 2 23 1 3 15 0 3 35 3 2 12 3 4 41 2 1 7 4 0
8 22 4 1 5 1 2 23 1 3 15 0 3 35 3 4 17 2 3 36 4 1 8 3 0
8 22 3 1 5 1 2 23 1 3 15 0 3 35 3 4 17 2 4 37 4 1 7 3 0
8 22 2 1 5 1 2 23 1 3 15 0 4 38 3 1 13 1 2 39 3 1 6 4 0
8 22 4 1 5 1 2 23 1 3 15 0 4 38 3 1 13 1 3 40 3 1 8 4 0
8 22 3 1 5 1 2 23 1 3 15 0 4 38 3 1 13 1 4 41 3 1 7 4 0
8 22 2 1 5 1 2 23 1 3 15 0 4 38 3 2 14 4 1 27 3 1 6 1 0
8 22 3 1 5 1 2 23 1 3 15 0 4 38 3 2 14 4 2 33 3 1 7 2 0
8 22 4 1 5 1 2 23 1 3 15 0 4 38 3 2 14 4 3 36 3 1 8 3 0
8 22 4 1 5 1 2 23 1 3 15 0 4 38 3 4 16 4 1 28 3 1 8 1 0
8 22 2 1 5 1 2 23 1 3 15 0 4 38 3 4 16 4 2 31 3 1 6 2 0
8 22 3 1 5 1 2 23 1 3 15 0 4 38 3 4 16 4 3 37 3 1 7 3 0
8 22 2 1 5 1 2 23 1 4 20 0 1 28 4 0 1 3 2 27 0 1 6 1 0
8 22 3 1 5 1 2 23 1 4 20 0 1 28 4 0 1 3 4 29 0 1 7 1 0
6 22 4 1 5 1 2 23 1 4 20 0 1 28 4 1 8 1 0
8 22 2 1 5 1 2 23 1 4 20 0 1 28 4 2 12 1 3 35 2 1 6 3 0
8 22 3 1 5 1 2 23 1 4 20 0 1 28 4 2 12 1 4 41 2 1 7 4 0
8 22 2 1 5 1 2 23 1 4 20 0 1 28 4 3 16 1 2 31 3 1 6 2 0
8 22 3 1 5 1 2 23 1 4 20 0 1 28 4 3 16 1 3 37 3 1 7 3 0
8 22 2 1 5 1 2 23 1 4 20 0 2 33 4 0 3 2 3 35 0 1 6 3 0
8 22 4 1 5 1 2 23 1 4 20 0 2 33 4 0 3 2 4 40 0 1 8 4 0
6 22 3 1 5 1 2 23 1 4 20 0 2 33 4 1 7 2 0
8 22 2 1 5 1 2 23 1 4 20 0 2 33 4 2 9 4 2 31 2 1 6 2 0
8 22 4 1 5 1 2 23 1 4 20 0 2 33 4 2 9 4 3 32 2 1 8 2 0
8 22 2 1 5 1 2 23 1 4 20 0 2 33 4 3 14 2 1 27 3 1 6 1 0
8 22 4 1 5 1 2 23 1 4 20 0 2 33 4 3 14 2 3 36 3 1 8 3 0
8 22 2 1 5 1 2 23 1 4 20 0 3 34 4 1 17 1 2 35 4 1 6 3 0
8 22 4 1 5 1 2 23 1 4 20 0 3 34 4 1 17 1 3 36 4 1 8 3 0
8 22 3 1 5 1 2 23 1 4 20 0 3 34 4 1 17 1 4 37 4 1 7 3 0
8 22 2 1 5 1 2 23 1 4 20 0 3 34 4 2 18 3 1 27 4 1 6 1 0
8 22 4 1 5 1 2 23 1 4 20 0 3 34 4 2 18 3 2 32 4 1 8 2 0
8 22 3 1 5 1 2 23 1 4 20 0 3 34 4 2 18 3 4 41 4 1 7 4 0
8 22 3 1 5 1 2 23 1 4 20 0 3 34 4 3 19 3 1 29 4 1 7 1 0
8 22 2 1 5 1 2 23 1 4 20 0 3 34 4 3 19 3 2 31 4 1 6 2 0
8 22 4 1 5 1 2 23 1 4 20 0 3 34 4 3 19 3 4 40 4 1 8 4 0
8 22 4 1 5 1 2 23 1 4 20 0 4 39 4 0 4 4 2 32 0 1 8 2 0
8 22 3 1 5 1 2 23 1 4 20 0 4 39 4 0 4 4 3 37 0 1 7 3 0
6 22 2 1 5 1 2 23 1 4 20 0 4 39 4 1 6 4 0
8 22 3 1 5 1 2 23 1 4 20 0 4 39 4 2 11 4 1 29 2 1 7 1 0
8 22 4 1 5 1 2 23 1 4 20 0 4 39 4 2 11 4 3 36 2 1 8 3 0
8 22 4 1 5 1 2 23 1 4 20 0 4 39 4 3 13 2 3 40 3 1 8 4 0
8 22 3 1 5 1 2 23 1 4 20 0 4 39 4 3 13 2 4 41 3 1 7 4 0
8 22 2 1 5 1 3 24 1 0 4 0 1 26 4 1 1 1 2 27 0 1 6 1 0
8 22 4 1 5 1 3 24 1 0 4 0 1 26 4 1 1 1 3 28 0 1 8 1 0
8 22 3 1 5 1 3 24 1 0 4 0 1 26 4 1 1 1 4 29 0 1 7 1 0
8 22 2 1 5 1 3 24 1 0 4 0 1 26 4 2 2 1 2 31 0 1 6 2 0
8 22 4 1 5 1 3 24 1 0 4 0 1 26 4 2 2 1 3 36 0 1 8 3 0
8 22 3 1 5 1 3 24 1 0 4 0 1 26 4 2 2 1 4 41 0 1 7 4 0
8 22 3 1 5 1 3 24 1 0 4 0 1 26 4 3 3 1 2 33 0 1 7 2 0
8 22 2 1 5 1 3 24 1 0 4 0 1 26 4 3 3 1 3 35 0 1 6 3 0
8 22 4 1 5 1 3 24 1 0 4 0 1 26 4 3 3 1 4 40 0 1 8 4 0
6 22 4 1 5 1 3 24 1 0 4 0 2 32 0 1 8 2 0
8 22 2 1 5 1 3 24 1 0 4 0 2 32 0 2 9 3 2 31 2 1 6 2 0
8 22 3 1 5 1 3 24 1 0 4 0 2 32 0 2 9 3 4 33 2 1 7 2 0
8 22 3 1 5 1 3 24 1 0 4 0 2 32 0 3 15 2 1 29 3 1 7 1 0
8 22 2 1 5 1 3 24 1 0 4 0 2 32 0 3 15 2 3 35 3 1 6 3 0
8 22 2 1 5 1 3 24 1 0 4 0 2 32 0 4 18 2 1 27 4 1 6 1 0
8 22 3 1 5 1 3 24 1 0 4 0 2 32 0 4 18 2 4 41 4 1 7 4 0
6 22 3 1 5 1 3 24 1 0 4 0 3 37 0 1 7 3 0
8 22 2 1 5 1 3 24 1 0 4 0 3 37 0 2 10 3 1 27 2 1 6 1 0
8 22 4 1 5 1 3 24 1 0 4 0 3 37 0 2 10 3 4 40 2 1 8 4 0
8 22 4 1 5 1 3 24 1 0 4 0 3 37 0 3 16 3 1 28 3 1 8 1 0
8 22 2 1 5 1 3 24 1 0 4 0 3 37 0 3 16 3 2 31 3 1 6 2 0
8 22 2 1 5 1 3 24 1 0 4 0 3 37 0 4 17 4 2 35 4 1 6 3 0
8 22 4 1 5 1 3 24 1 0 4 0 3 37 0 4 17 4 3 36 4 1 8 3 0
6 22 2 1 5 1 3 24 1 0 4 0 4 39 0 1 6 4 0
8 22 3 1 5 1 3 24 1 0 4 0 4 39 0 2 11 4 1 29 2 1 7 1 0
8 22 4 1 5 1 3 24 1 0 4 0 4 39 0 2 11 4 3 36 2 1 8 3 0
8 22 4 1 5 1 3 24 1 0 4 0 4 39 0 3 13 2 3 40 3 1 8 4 0
8 22 3 1 5 1 3 24 1 0 4 0 4 39 0 3 13 2 4 41 3 1 7 4 0
8 22 4 1 5 1 3 24 1 0 4 0 4 39 0 4 20 4 1 28 4 1 8 1 0
8 22 3 1 5 1 3 24 1 0 4 0 4 39 0 4 20 4 2 33 4 1 7 2 0
8 22 2 1 5 1 3 24 1 2 12 0 1 28 2 0 1 3 2 27 0 1 6 1 0
8 22 3 1 5 1 3 24 1 2 12 0 1 28 2 0 1 3 4 29 0 1 7 1 0
6 22 4 1 5 1 3 24 1 2 12 0 1 28 2 1 8 1 0
8 22 2 1 5 1 3 24 1 2 12 0 1 28 2 3 16 1 2 31 3 1 6 2 0
8 22 3 1 5 1 3 24 1 2 12 0 1 28 2 3 16 1 3 37 3 1 7 3 0
8 22 3 1 5 1 3 24 1 2 12 0 1 28 2 4 20 1 2 33 4 1 7 2 0
8 22 2 1 5 1 3 24 1 2 12 0 1 28 2 4 20 1 4 39 4 1 6 4 0
8 22 2 1 5 1 3 24 1 2 12 0 2 30 4 1 9 1 2 31 2 1 6 2 0
8 22 4 1 5 1 3 24 1 2 12 0 2 30 4 1 9 1 3 32 2 1 8 2 0
8 22 3 1 5 1 3 24 1 2 12 0 2 30 4 1 9 1 4 33 2 1 7 2 0
8 22 2 1 5 1 3 24 1 2 12 0 2 30 4 2 10 2 1 27 2 1 6 1 0
8 22 3 1 5 1 3 24 1 2 12 0 2 30 4 2 10 2 3 37 2 1 7 3 0
8 22 4 1 5 1 3 24 1 2 12 0 2 30 4 2 10 2 4 40 2 1 8 4 0
8 22 3 1 5 1 3 24 1 2 12 0 2 30 4 3 11 2 1 29 2 1 7 1 0
8 22 4 1 5 1 3 24 1 2 12 0 2 30 4 3 11 2 3 36 2 1 8 3 0
8 22 2 1 5 1 3 24 1 2 12 0 2 30 4 3 11 2 4 39 2 1 6 4 0
8 22 3 1 5 1 3 24 1 2 12 0 3 35 2 0 3 3 2 33 0 1 7 2 0
8 22 4 1 5 1 3 24 1 2 12 0 3 35 2 0 3 3 4 40 0 1 8 4 0
6 22 2 1 5 1 3 24 1 2 12 0 3 35 2 1 6 3 0
8 22 3 1 5 1 3 24 1 2 12 0 3 35 2 3 15 3 1 29 3 1 7 1 0
8 22 4 1 5 1 3 24 1 2 12 0 3 35 2 3 15 3 2 32 3 1 8 2 0
8 22 4 1 5 1 3 24 1 2 12 0 3 35 2 4 17 2 3 36 4 1 8 3 0
8 22 3 1 5 1 3 24 1 2 12 0 3 35 2 4 17 2 4 37 4 1 7 3 0
8 22 2 1 5 1 3 24 1 2 12 0 4 41 2 0 2 4 2 31 0 1 6 2 0
8 22 4 1 5 1 3 24 1 2 12 0 4 41 2 0 2 4 3 36 0 1 8 3 0
6 22 3 1 5 1 3 24 1 2 12 0 4 41 2 1 7 4 0
8 22 2 1 5 1 3 24 1 2 12 0 4 41 2 3 13 4 2 39 3 1 6 4 0
8 22 4 1 5 1 3 24 1 2 12 0 4 41 2 3 13 4 3 40 3 1 8 4 0
8 22 2 1 5 1 3 24 1 2 12 0 4 41 2 4 18 4 1 27 4 1 6 1 0
8 22 4 1 5 1 3 24 1 2 12 0 4 41 2 4 18 4 2 32 4 1 8 2 0
8 22 4 1 5 1 3 24 1 3 14 0 1 27 3 0 1 2 3 28 0 1 8 1 0
8 22 3 1 5 1 3 24 1 3 14 0 1 27 3 0 1 2 4 29 0 1 7 1 0
6 22 2 1 5 1 3 24 1 3 14 0 1 27 3 1 6 1 0
8 22 3 1 5 1 3 24 1 3 14 0 1 27 3 2 10 1 3 37 2 1 7 3 0
8 22 4 1 5 1 3 24 1 3 14 0 1 27 3 2 10 1 4 40 2 1 8 4 0
8 22 4 1 5 1 3 24 1 3 14 0 1 27 3 4 18 1 2 32 4 1 8 2 0
8 22 3 1 5 1 3 24 1 3 14 0 1 27 3 4 18 1 4 41 4 1 7 4 0
8 22 2 1 5 1 3 24 1 3 14 0 2 33 3 0 3 2 3 35 0 1 6 3 0
8 22 4 1 5 1 3 24 1 3 14 0 2 33 3 0 3 2 4 40 0 1 8 4 0
6 22 3 1 5 1 3 24 1 3 14 0 2 33 3 1 7 2 0
8 22 2 1 5 1 3 24 1 3 14 0 2 33 3 2 9 4 2 31 2 1 6 2 0
8 22 4 1 5 1 3 24 1 3 14 0 2 33 3 2 9 4 3 32 2 1 8 2 0
8 22 4 1 5 1 3 24 1 3 14 0 2 33 3 4 20 2 1 28 4 1 8 1 0
8 22 2 1 5 1 3 24 1 3 14 0 2 33 3 4 20 2 4 39 4 1 6 4 0
8 22 2 1 5 1 3 24 1 3 14 0 3 36 3 0 2 3 2 31 0 1 6 2 0
8 22 3 1 5 1 3 24 1 3 14 0 3 36 3 0 2 3 4 41 0 1 7 4 0
6 22 4 1 5 1 3 24 1 3 14 0 3 36 3 1 8 3 0
8 22 3 1 5 1 3 24 1 3 14 0 3 36 3 2 11 3 1 29 2 1 7 1 0
8 22 2 1 5 1 3 24 1 3 14 0 3 36 3 2 11 3 4 39 2 1 6 4 0
8 22 2 1 5 1 3 24 1 3 14 0 3 36 3 4 17 3 2 35 4 1 6 3 0
8 22 3 1 5 1 3 24 1 3 14 0 3 36 3 4 17 3 4 37 4 1 7 3 0
8 22 2 1 5 1 3 24 1 3 14 0 4 38 2 1 13 1 2 39 3 1 6 4 0
8 22 4 1 5 1 3 24 1 3 14 0 4 38 2 1 13 1 3 40 3 1 8 4 0
8 22 3 1 5 1 3 24 1 3 14 0 4 38 2 1 13 1 4 41 3 1 7 4 0
8 22 3 1 5 1 3 24 1 3 14 0 4 38 2 3 15 4 1 29 3 1 7 1 0
8 22 4 1 5 1 3 24 1 3 14 0 4 38 2 3 15 4 2 32 3 1 8 2 0
8 22 2 1 5 1 3 24 1 3 14 0 4 38 2 3 15 4 3 35 3 1 6 3 0
8 22 4 1 5 1 3 24 1 3 14 0 4 38 2 4 16 4 1 28 3 1 8 1 0
8 22 2 1 5 1 3 24 1 3 14 0 4 38 2 4 16 4 2 31 3 1 6 2 0
8 22 3 1 5 1 3 24 1 3 14 0 4 38 2 4 16 4 3 37 3 1 7 3 0
8 22 2 1 5 1 3 24 1 4 19 0 1 29 4 0 1 4 2 27 0 1 6 1 0
8 22 4 1 5 1 3 24 1 4 19 0 1 29 4 0 1 4 3 28 0 1 8 1 0
6 22 3 1 5 1 3 24 1 4 19 0 1 29 4 1 7 1 0
8 22 4 1 5 1 3 24 1 4 19 0 1 29 4 2 11 1 3 36 2 1 8 3 0
8 22 2 1 5 1 3 24 1 4 19 0 1 29 4 2 11 1 4 39 2 1 6 4 0
8 22 4 1 5 1 3 24 1 4 19 0 1 29 4 3 15 1 2 32 3 1 8 2 0
8 22 2 1 5 1 3 24 1 4 19 0 1 29 4 3 15 1 3 35 3 1 6 3 0
8 22 4 1 5 1 3 24 1 4 19 0 2 31 4 0 2 2 3 36 0 1 8 3 0
8 22 3 1 5 1 3 24 1 4 19 0 2 31 4 0 2 2 4 41 0 1 7 4 0
6 22 2 1 5 1 3 24 1 4 19 0 2 31 4 1 6 2 0
8 22 4 1 5 1 3 24 1 4 19 0 2 31 4 2 9 2 3 32 2 1 8 2 0
8 22 3 1 5 1 3 24 1 4 19 0 2 31 4 2 9 2 4 33 2 1 7 2 0
8 22 4 1 5 1 3 24 1 4 19 0 2 31 4 3 16 2 1 28 3 1 8 1 0
8 22 3 1 5 1 3 24 1 4 19 0 2 31 4 3 16 2 3 37 3 1 7 3 0
8 22 2 1 5 1 3 24 1 4 19 0 3 34 3 1 17 1 2 35 4 1 6 3 0
8 22 4 1 5 1 3 24 1 4 19 0 3 34 3 1 17 1 3 36 4 1 8 3 0
8 22 3 1 5 1 3 24 1 4 19 0 3 34 3 1 17 1 4 37 4 1 7 3 0
8 22 2 1 5 1 3 24 1 4 19 0 3 34 3 2 18 3 1 27 4 1 6 1 0
8 22 4 1 5 1 3 24 1 4 19 0 3 34 3 2 18 3 2 32 4 1 8 2 0
8 22 3 1 5 1 3 24 1 4 19 0 3 34 3 2 18 3 4 41 4 1 7 4 0
8 22 4 1 5 1 3 24 1 4 19 0 3 34 3 4 20 3 1 28 4 1 8 1 0
8 22 3 1 5 1 3 24 1 4 19 0 3 34 3 4 20 3 2 33 4 1 7 2 0
8 22 2 1 5 1 3 24 1 4 19 0 3 34 3 4 20 3 4 39 4 1 6 4 0
8 22 3 1 5 1 3 24 1 4 19 0 4 40 4 0 3 4 2 33 0 1 7 2 0
8 22 2 1 5 1 3 24 1 4 19 0 4 40 4 0 3 4 3 35 0 1 6 3 0
6 22 4 1 5 1 3 24 1 4 19 0 4 40 4 1 8 4 0
8 22 2 1 5 1 3 24 1 4 19 0 4 40 4 2 10 4 1 27 2 1 6 1 0
8 22 3 1 5 1 3 24 1 4 19 0 4 40 4 2 10 4 3 37 2 1 7 3 0
8 22 2 1 5 1 3 24 1 4 19 0 4 40 4 3 13 3 2 39 3 1 6 4 0
8 22 3 1 5 1 3 24 1 4 19 0 4 40 4 3 13 3 4 41 3 1 7 4 0
8 22 2 1 5 1 4 25 1 0 3 0 1 26 3 1 1 1 2 27 0 1 6 1 0
8 22 4 1 5 1 4 25 1 0 3 0 1 26 3 1 1 1 3 28 0 1 8 1 0
8 22 3 1 5 1 4 25 1 0 3 0 1 26 3 1 1 1 4 29 0 1 7 1 0
8 22 2 1 5 1 4 25 1 0 3 0 1 26 3 2 2 1 2 31 0 1 6 2 0
8 22 4 1 5 1 4 25 1 0 3 0 1 26 3 2 2 1 3 36 0 1 8 3 0
8 22 3 1 5 1 4 25 1 0 3 0 1 26 3 2 2 1 4 41 0 1 7 4 0
8 22 4 1 5 1 4 25 1 0 3 0 1 26 3 4 4 1 2 32 0 1 8 2 0
8 22 3 1 5 1 4 25 1 0 3 0 1 26 3 4 4 1 3 37 0 1 7 3 0
8 22 2 1 5 1 4 25 1 0 3 0 1 26 3 4 4 1 4 39 0 1 6 4 0
6 22 3 1 5 1 4 25 1 0 3 0 2 33 0 1 7 2 0
8 22 2 1 5 1 4 25 1 0 3 0 2 33 0 2 9 4 2 31 2 1 6 2 0
8 22 4 1 5 1 4 25 1 0 3 0 2 33 0 2 9 4 3 32 2 1 8 2 0
8 22 2 1 5 1 4 25 1 0 3 0 2 33 0 3 14 2 1 27 3 1 6 1 0
8 22 4 1 5 1 4 25 1 0 3 0 2 33 0 3 14 2 3 36 3 1 8 3 0
8 22 4 1 5 1 4 25 1 0 3 0 2 33 0 4 20 2 1 28 4 1 8 1 0
8 22 2 1 5 1 4 25 1 0 3 0 2 33 0 4 20 2 4 39 4 1 6 4 0
6 22 2 1 5 1 4 25 1 0 3 0 3 35 0 1 6 3 0
8 22 4 1 5 1 4 25 1 0 3 0 3 35 0 2 12 3 1 28 2 1 8 1 0
8 22 3 1 5 1 4 25 1 0 3 0 3 35 0 2 12 3 4 41 2 1 7 4 0
8 22 3 1 5 1 4 25 1 0 3 0 3 35 0 3 15 3 1 29 3 1 7 1 0
8 22 4 1 5 1 4 25 1 0 3 0 3 35 0 3 15 3 2 32 3 1 8 2 0
8 22 4 1 5 1 4 25 1 0 3 0 3 35 0 4 17 2 3 36 4 1 8 3 0
8 22 3 1 5 1 4 25 1 0 3 0 3 35 0 4 17 2 4 37 4 1 7 3 0
6 22 4 1 5 1 4 25 1 0 3 0 4 40 0 1 8 4 0
8 22 2 1 5 1 4 25 1 0 3 0 4 40 0 2 10 4 1 27 2 1 6 1 0
8 22 3 1 5 1 4 25 1 0 3 0 4 40 0 2 10 4 3 37 2 1 7 3 0
8 22 2 1 5 1 4 25 1 0 3 0 4 40 0 3 13 3 2 39 3 1 6 4 0
8 22 3 1 5 1 4 25 1 0 3 0 4 40 0 3 13 3 4 41 3 1 7 4 0
8 22 3 1 5 1 4 25 1 0 3 0 4 40 0 4 19 4 1 29 4 1 7 1 0
8 22 2 1 5 1 4 25 1 0 3 0 4 40 0 4 19 4 2 31 4 1 6 2 0
8 22 2 1 5 1 4 25 1 2 11 0 1 29 2 0 1 4 2 27 0 1 6 1 0
8 22 4 1 5 1 4 25 1 2 11 0 1 29 2 0 1 4 3 28 0 1 8 1 0
6 22 3 1 5 1 4 25 1 2 11 0 1 29 2 1 7 1 0
8 22 4 1 5 1 4 25 1 2 11 0 1 29 2 3 15 1 2 32 3 1 8 2 0
8 22 2 1 5 1 4 25 1 2 11 0 1 29 2 3 15 1 3 35 3 1 6 3 0
8 22 2 1 5 1 4 25 1 2 11 0 1 29 2 4 19 1 2 31 4 1 6 2 0
8 22 4 1 5 1 4 25 1 2 11 0 1 29 2 4 19 1 4 40 4 1 8 4 0
8 22 2 1 5 1 4 25 1 2 11 0 2 30 3 1 9 1 2 31 2 1 6 2 0
8 22 4 1 5 1 4 25 1 2 11 0 2 30 3 1 9 1 3 32 2 1 8 2 0
8 22 3 1 5 1 4 25 1 2 11 0 2 30 3 1 9 1 4 33 2 1 7 2 0
8 22 2 1 5 1 4 25 1 2 11 0 2 30 3 2 10 2 1 27 2 1 6 1 0
8 22 3 1 5 1 4 25 1 2 11 0 2 30 3 2 10 2 3 37 2 1 7 3 0
8 22 4 1 5 1 4 25 1 2 11 0 2 30 3 2 10 2 4 40 2 1 8 4 0
8 22 4 1 5 1 4 25 1 2 11 0 2 30 3 4 12 2 1 28 2 1 8 1 0
8 22 2 1 5 1 4 25 1 2 11 0 2 30 3 4 12 2 3 35 2 1 6 3 0
8 22 3 1 5 1 4 25 1 2 11 0 2 30 3 4 12 2 4 41 2 1 7 4 0
8 22 2 1 5 1 4 25 1 2 11 0 3 36 2 0 2 3 2 31 0 1 6 2 0
8 22 3 1 5 1 4 25 1 2 11 0 3 36 2 0 2 3 4 41 0 1 7 4 0
6 22 4 1 5 1 4 25 1 2 11 0 3 36 2 1 8 3 0
8 22 2 1 5 1 4 25 1 2 11 0 3 36 2 3 14 3 1 27 3 1 6 1 0
8 22 3 1 5 1 4 25 1 2 11 0 3 36 2 3 14 3 2 33 3 1 7 2 0
8 22 2 1 5 1 4 25 1 2 11 0 3 36 2 4 17 3 2 35 4 1 6 3 0
8 22 3 1 5 1 4 25 1 2 11 0 3 36 2 4 17 3 4 37 4 1 7 3 0
8 22 4 1 5 1 4 25 1 2 11 0 4 39 2 0 4 4 2 32 0 1 8 2 0
8 22 3 1 5 1 4 25 1 2 11 0 4 39 2 0 4 4 3 37 0 1 7 3 0
6 22 2 1 5 1 4 25 1 2 11 0 4 39 2 1 6 4 0
8 22 4 1 5 1 4 25 1 2 11 0 4 39 2 3 13 2 3 40 3 1 8 4 0
8 22 3 1 5 1 4 25 1 2 11 0 4 39 2 3 13 2 4 41 3 1 7 4 0
8 22 4 1 5 1 4 25 1 2 11 0 4 39 2 4 20 4 1 28 4 1 8 1 0
8 22 3 1 5 1 4 25 1 2 11 0 4 39 2 4 20 4 2 33 4 1 7 2 0
8 22 2 1 5 1 4 25 1 3 16 0 1 28 3 0 1 3 2 27 0 1 6 1 0
8 22 3 1 5 1 4 25 1 3 16 0 1 28 3 0 1 3 4 29 0 1 7 1 0
6 22 4 1 5 1 4 25 1 3 16 0 1 28 3 1 8 1 0
8 22 2 1 5 1 4 25 1 3 16 0 1 28 3 2 12 1 3 35 2 1 6 3 0
8 22 3 1 5 1 4 25 1 3 16 0 1 28 3 2 12 1 4 41 2 1 7 4 0
8 22 3 1 5 1 4 25 1 3 16 0 1 28 3 4 20 1 2 33 4 1 7 2 0
8 22 2 1 5 1 4 25 1 3 16 0 1 28 3 4 20 1 4 39 4 1 6 4 0
8 22 4 1 5 1 4 25 1 3 16 0 2 31 3 0 2 2 3 36 0 1 8 3 0
8 22 3 1 5 1 4 25 1 3 16 0 2 31 3 0 2 2 4 41 0 1 7 4 0
6 22 2 1 5 1 4 25 1 3 16 0 2 31 3 1 6 2 0
8 22 4 1 5 1 4 25 1 3 16 0 2 31 3 2 9 2 3 32 2 1 8 2 0
8 22 3 1 5 1 4 25 1 3 16 0 2 31 3 2 9 2 4 33 2 1 7 2 0
8 22 3 1 5 1 4 25 1 3 16 0 2 31 3 4 19 2 1 29 4 1 7 1 0
8 22 4 1 5 1 4 25 1 3 16 0 2 31 3 4 19 2 4 40 4 1 8 4 0
8 22 4 1 5 1 4 25 1 3 16 0 3 37 3 0 4 3 2 32 0 1 8 2 0
8 22 2 1 5 1 4 25 1 3 16 0 3 37 3 0 4 3 4 39 0 1 6 4 0
6 22 3 1 5 1 4 25 1 3 16 0 3 37 3 1 7 3 0
8 22 2 1 5 1 4 25 1 3 16 0 3 37 3 2 10 3 1 27 2 1 6 1 0
8 22 4 1 5 1 4 25 1 3 16 0 3 37 3 2 10 3 4 40 2 1 8 4 0
8 22 2 1 5 1 4 25 1 3 16 0 3 37 3 4 17 4 2 35 4 1 6 3 0
8 22 4 1 5 1 4 25 1 3 16 0 3 37 3 4 17 4 3 36 4 1 8 3 0
8 22 2 1 5 1 4 25 1 3 16 0 4 38 4 1 13 1 2 39 3 1 6 4 0
8 22 4 1 5 1 4 25 1 3 16 0 4 38 4 1 13 1 3 40 3 1 8 4 0
8 22 3 1 5 1 4 25 1 3 16 0 4 38 4 1 13 1 4 41 3 1 7 4 0
8 22 2 1 5 1 4 25 1 3 16 0 4 38 4 2 14 4 1 27 3 1 6 1 0
8 22 3 1 5 1 4 25 1 3 16 0 4 38 4 2 14 4 2 33 3 1 7 2 0
8 22 4 1 5 1 4 25 1 3 16 0 4 38 4 2 14 4 3 36 3 1 8 3 0
8 22 3 1 5 1 4 25 1 3 16 0 4 38 4 3 15 4 1 29 3 1 7 1 0
8 22 4 1 5 1 4 25 1 3 16 0 4 38 4 3 15 4 2 32 3 1 8 2 0
8 22 2 1 5 1 4 25 1 3 16 0 4 38 4 3 15 4 3 35 3 1 6 3 0
8 22 4 1 5 1 4 25 1 4 18 0 1 27 4 0 1 2 3 28 0 1 8 1 0
8 22 3 1 5 1 4 25 1 4 18 0 1 27 4 0 1 2 4 29 0 1 7 1 0
6 22 2 1 5 1 4 25 1 4 18 0 1 27 4 1 6 1 0
8 22 3 1 5 1 4 25 1 4 18 0 1 27 4 2 10 1 3 37 2 1 7 3 0
8 22 4 1 5 1 4 25 1 4 18 0 1 27 4 2 10 1 4 40 2 1 8 4 0
8 22 3 1 5 1 4 25 1 4 18 0 1 27 4 3 14 1 2 33 3 1 7 2 0
8 22 4 1 5 1 4 25 1 4 18 0 1 27 4 3 14 1 3 36 3 1 8 3 0
8 22 3 1 5 1 4 25 1 4 18 0 2 32 4 0 4 2 3 37 0 1 7 3 0
8 22 2 1 5 1 4 25 1 4 18 0 2 32 4 0 4 2 4 39 0 1 6 4 0
6 22 4 1 5 1 4 25 1 4 18 0 2 32 4 1 8 2 0
8 22 2 1 5 1 4 25 1 4 18 0 2 32 4 2 9 3 2 31 2 1 6 2 0
8 22 3 1 5 1 4 25 1 4 18 0 2 32 4 2 9 3 4 33 2 1 7 2 0
8 22 3 1 5 1 4 25 1 4 18 0 2 32 4 3 15 2 1 29 3 1 7 1 0
8 22 2 1 5 1 4 25 1 4 18 0 2 32 4 3 15 2 3 35 3 1 6 3 0
8 22 2 1 5 1 4 25 1 4 18 0 3 34 2 1 17 1 2 35 4 1 6 3 0
8 22 4 1 5 1 4 25 1 4 18 0 3 34 2 1 17 1 3 36 4 1 8 3 0
8 22 3 1 5 1 4 25 1 4 18 0 3 34 2 1 17 1 4 37 4 1 7 3 0
8 22 3 1 5 1 4 25 1 4 18 0 3 34 2 3 19 3 1 29 4 1 7 1 0
8 22 2 1 5 1 4 25 1 4 18 0 3 34 2 3 19 3 2 31 4 1 6 2 0
8 22 4 1 5 1 4 25 1 4 18 0 3 34 2 3 19 3 4 40 4 1 8 4 0
8 22 4 1 5 1 4 25 1 4 18 0 3 34 2 4 20 3 1 28 4 1 8 1 0
8 22 3 1 5 1 4 25 1 4 18 0 3 34 2 4 20 3 2 33 4 1 7 2 0
8 22 2 1 5 1 4 25 1 4 18 0 3 34 2 4 20 3 4 39 4 1 6 4 0
8 22 2 1 5 1 4 25 1 4 18 0 4 41 4 0 2 4 2 31 0 1 6 2 0
8 22 4 1 5 1 4 25 1 4 18 0 4 41 4 0 2 4 3 36 0 1 8 3 0
6 22 3 1 5 1 4 25 1 4 18 0 4 41 4 1 7 4 0
8 22 4 1 5 1 4 25 1 4 18 0 4 41 4 2 12 4 1 28 2 1 8 1 0
8 22 2 1 5 1 4 25 1 4 18 0 4 41 4 2 12 4 3 35 2 1 6 3 0
8 22 2 1 5 1 4 25 1 4 18 0 4 41 4 3 13 4 2 39 3 1 6 4 0
8 22 4 1 5 1 4 25 1 4 18 0 4 41 4 3 13 4 3 40 3 1 8 4 0
8 22 4 2 6 0 1 27 1 0 1 2 0 21 0 2 9 0 3 32 2 1 8 2 0
8 22 3 2 6 0 1 27 1 0 1 2 0 21 0 2 9 0 4 33 2 1 7 2 0
8 22 4 2 6 0 1 27 1 0 1 2 0 21 0 3 13 0 3 40 3 1 8 4 0
8 22 3 2 6 0 1 27 1 0 1 2 0 21 0 3 13 0 4 41 3 1 7 4 0
8 22 4 2 6 0 1 27 1 0 1 2 0 21 0 4 17 0 3 36 4 1 8 3 0
8 22 3 2 6 0 1 27 1 0 1 2 0 21 0 4 17 0 4 37 4 1 7 3 0
8 22 4 2 6 0 1 27 1 0 1 2 1 26 1 2 2 1 3 36 0 1 8 3 0
8 22 3 2 6 0 1 27 1 0 1 2 1 26 1 2 2 1 4 41 0 1 7 4 0
8 22 3 2 6 0 1 27 1 0 1 2 1 26 1 3 3 1 2 33 0 1 7 2 0
8 22 4 2 6 0 1 27 1 0 1 2 1 26 1 3 3 1 4 40 0 1 8 4 0
8 22 4 2 6 0 1 27 1 0 1 2 1 26 1 4 4 1 2 32 0 1 8 2 0
8 22 3 2 6 0 1 27 1 0 1 2 1 26 1 4 4 1 3 37 0 1 7 3 0
6 22 4 2 6 0 1 27 1 0 1 2 3 28 0 1 8 1 0
8 22 3 2 6 0 1 27 1 0 1 2 3 28 0 2 12 1 4 41 2 1 7 4 0
8 22 3 2 6 0 1 27 1 0 1 2 3 28 0 3 16 1 3 37 3 1 7 3 0
8 22 3 2 6 0 1 27 1 0 1 2 3 28 0 4 20 1 2 33 4 1 7 2 0
6 22 3 2 6 0 1 27 1 0 1 2 4 29 0 1 7 1 0
8 22 4 2 6 0 1 27 1 0 1 2 4 29 0 2 11 1 3 36 2 1 8 3 0
8 22 4 2 6 0 1 27 1 0 1 2 4 29 0 3 15 1 2 32 3 1 8 2 0
8 22 4 2 6 0 1 27 1 0 1 2 4 29 0 4 19 1 4 40 4 1 8 4 0
8 22 4 2 6 0 1 27 1 2 10 1 0 23 2 0 2 0 3 36 0 1 8 3 0
8 22 3 2 6 0 1 27 1 2 10 1 0 23 2 0 2 0 4 41 0 1 7 4 0
8 22 3 2 6 0 1 27 1 2 10 1 0 23 2 3 15 0 1 29 3 1 7 1 0
8 22 4 2 6 0 1 27 1 2 10 1 0 23 2 3 15 0 2 32 3 1 8 2 0
8 22 4 2 6 0 1 27 1 2 10 1 0 23 2 4 20 0 1 28 4 1 8 1 0
8 22 3 2 6 0 1 27 1 2 10 1 0 23 2 4 20 0 2 33 4 1 7 2 0
8 22 4 2 6 0 1 27 1 2 10 1 2 30 2 1 9 1 3 32 2 1 8 2 0
8 22 3 2 6 0 1 27 1 2 10 1 2 30 2 1 9 1 4 33 2 1 7 2 0
8 22 3 2 6 0 1 27 1 2 10 1 2 30 2 3 11 2 1 29 2 1 7 1 0
8 22 4 2 6 0 1 27 1 2 10 1 2 30 2 3 11 2 3 36 2 1 8 3 0
8 22 4 2 6 0 1 27 1 2 10 1 2 30 2 4 12 2 1 28 2 1 8 1 0
8 22 3 2 6 0 1 27 1 2 10 1 2 30 2 4 12 2 4 41 2 1 7 4 0
8 22 4 2 6 0 1 27 1 2 10 1 3 37 2 0 4 3 2 32 0 1 8 2 0
6 22 3 2 6 0 1 27 1 2 10 1 3 37 2 1 7 3 0
8 22 4 2 6 0 1 27 1 2 10 1 3 37 2 3 16 3 1 28 3 1 8 1 0
8 22 4 2 6 0 1 27 1 2 10 1 3 37 2 4 17 4 3 36 4 1 8 3 0
8 22 3 2 6 0 1 27 1 2 10 1 4 40 2 0 3 4 2 33 0 1 7 2 0
6 22 4 2 6 0 1 27 1 2 10 1 4 40 2 1 8 4 0
8 22 3 2 6 0 1 27 1 2 10 1 4 40 2 3 13 3 4 41 3 1 7 4 0
8 22 3 2 6 0 1 27 1 2 10 1 4 40 2 4 19 4 1 29 4 1 7 1 0
8 22 4 2 6 0 1 27 1 3 14 1 0 24 3 0 4 0 2 32 0 1 8 2 0
8 22 3 2 6 0 1 27 1 3 14 1 0 24 3 0 4 0 3 37 0 1 7 3 0
8 22 4 2 6 0 1 27 1 3 14 1 0 24 3 2 12 0 1 28 2 1 8 1 0
8 22 3 2 6 0 1 27 1 3 14 1 0 24 3 2 12 0 4 41 2 1 7 4 0
8 22 3 2 6 0 1 27 1 3 14 1 0 24 3 4 19 0 1 29 4 1 7 1 0
8 22 4 2 6 0 1 27 1 3 14 1 0 24 3 4 19 0 4 40 4 1 8 4 0
8 22 4 2 6 0 1 27 1 3 14 1 2 33 3 0 3 2 4 40 0 1 8 4 0
6 22 3 2 6 0 1 27 1 3 14 1 2 33 3 1 7 2 0
8 22 4 2 6 0 1 27 1 3 14 1 2 33 3 2 9 4 3 32 2 1 8 2 0
8 22 4 2 6 0 1 27 1 3 14 1 2 33 3 4 20 2 1 28 4 1 8 1 0
8 22 3 2 6 0 1 27 1 3 14 1 3 36 3 0 2 3 4 41 0 1 7 4 0
6 22 4 2 6 0 1 27 1 3 14 1 3 36 3 1 8 3 0
8 22 3 2 6 0 1 27 1 3 14 1 3 36 3 2 11 3 1 29 2 1 7 1 0
8 22 3 2 6 0 1 27 1 3 14 1 3 36 3 4 17 3 4 37 4 1 7 3 0
8 22 4 2 6 0 1 27 1 3 14 1 4 38 2 1 13 1 3 40 3 1 8 4 0
8 22 3 2 6 0 1 27 1 3 14 1 4 38 2 1 13 1 4 41 3 1 7 4 0
8 22 3 2 6 0 1 27 1 3 14 1 4 38 2 3 15 4 1 29 3 1 7 1 0
8 22 4 2 6 0 1 27 1 3 14 1 4 38 2 3 15 4 2 32 3 1 8 2 0
8 22 4 2 6 0 1 27 1 3 14 1 4 38 2 4 16 4 1 28 3 1 8 1 0
8 22 3 2 6 0 1 27 1 3 14 1 4 38 2 4 16 4 3 37 3 1 7 3 0
8 22 3 2 6 0 1 27 1 4 18 1 0 25 4 0 3 0 2 33 0 1 7 2 0
8 22 4 2 6 0 1 27 1 4 18 1 0 25 4 0 3 0 4 40 0 1 8 4 0
8 22 3 2 6 0 1 27 1 4 18 1 0 25 4 2 11 0 1 29 2 1 7 1 0
8 22 4 2 6 0 1 27 1 4 18 1 0 25 4 2 11 0 3 36 2 1 8 3 0
8 22 4 2 6 0 1 27 1 4 18 1 0 25 4 3 16 0 1 28 3 1 8 1 0
8 22 3 2 6 0 1 27 1 4 18 1 0 25 4 3 16 0 3 37 3 1 7 3 0
8 22 3 2 6 0 1 27 1 4 18 1 2 32 4 0 4 2 3 37 0 1 7 3 0
6 22 4 2 6 0 1 27 1 4 18 1 2 32 4 1 8 2 0
8 22 3 2 6 0 1 27 1 4 18 1 2 32 4 2 9 3 4 33 2 1 7 2 0
8 22 3 2 6 0 1 27 1 4 18 1 2 32 4 3 15 2 1 29 3 1 7 1 0
8 22 4 2 6 0 1 27 1 4 18 1 3 34 2 1 17 1 3 36 4 1 8 3 0
8 22 3 2 6 0 1 27 1 4 18 1 3 34 2 1 17 1 4 37 4 1 7 3 0
8 22 3 2 6 0 1 27 1 4 18 1 3 34 2 3 19 3 1 29 4 1 7 1 0
8 22 4 2 6 0 1 27 1 4 18 1 3 34 2 3 19 3 4 40 4 1 8 4 0
8 22 4 2 6 0 1 27 1 4 18 1 3 34 2 4 20 3 1 28 4 1 8 1 0
8 22 3 2 6 0 1 27 1 4 18 1 3 34 2 4 20 3 2 33 4 1 7 2 0
8 22 4 2 6 0 1 27 1 4 18 1 4 41 4 0 2 4 3 36 0 1 8 3 0
6 22 3 2 6 0 1 27 1 4 18 1 4 41 4 1 7 4 0
8 22 4 2 6 0 1 27 1 4 18 1 4 41 4 2 12 4 1 28 2 1 8 1 0
8 22 4 2 6 0 1 27 1 4 18 1 4 41 4 3 13 4 3 40 3 1 8 4 0
8 22 3 2 6 0 2 31 1 0 2 2 0 23 0 2 10 0 3 37 2 1 7 3 0
8 22 4 2 6 0 2 31 1 0 2 2 0 23 0 2 10 0 4 40 2 1 8 4 0
8 22 3 2 6 0 2 31 1 0 2 2 0 23 0 3 15 0 1 29 3 1 7 1 0
8 22 4 2 6 0 2 31 1 0 2 2 0 23 0 3 15 0 2 32 3 1 8 2 0
8 22 4 2 6 0 2 31 1 0 2 2 0 23 0 4 20 0 1 28 4 1 8 1 0
8 22 3 2 6 0 2 31 1 0 2 2 0 23 0 4 20 0 2 33 4 1 7 2 0
8 22 4 2 6 0 2 31 1 0 2 2 1 26 2 1 1 1 3 28 0 1 8 1 0
8 22 3 2 6 0 2 31 1 0 2 2 1 26 2 1 1 1 4 29 0 1 7 1 0
8 22 3 2 6 0 2 31 1 0 2 2 1 26 2 3 3 1 2 33 0 1 7 2 0
8 22 4 2 6 0 2 31 1 0 2 2 1 26 2 3 3 1 4 40 0 1 8 4 0
8 22 4 2 6 0 2 31 1 0 2 2 1 26 2 4 4 1 2 32 0 1 8 2 0
8 22 3 2 6 0 2 31 1 0 2 2 1 26 2 4 4 1 3 37 0 1 7 3 0
6 22 4 2 6 0 2 31 1 0 2 2 3 36 0 1 8 3 0
8 22 3 2 6 0 2 31 1 0 2 2 3 36 0 2 11 3 1 29 2 1 7 1 0
8 22 3 2 6 0 2 31 1 0 2 2 3 36 0 3 14 3 2 33 3 1 7 2 0
8 22 3 2 6 0 2 31 1 0 2 2 3 36 0 4 17 3 4 37 4 1 7 3 0
6 22 3 2 6 0 2 31 1 0 2 2 4 41 0 1 7 4 0
8 22 4 2 6 0 2 31 1 0 2 2 4 41 0 2 12 4 1 28 2 1 8 1 0
8 22 4 2 6 0 2 31 1 0 2 2 4 41 0 3 13 4 3 40 3 1 8 4 0
8 22 4 2 6 0 2 31 1 0 2 2 4 41 0 4 18 4 2 32 4 1 8 2 0
8 22 4 2 6 0 2 31 1 2 9 2 0 21 2 0 1 0 3 28 0 1 8 1 0
8 22 3 2 6 0 2 31 1 2 9 2 0 21 2 0 1 0 4 29 0 1 7 1 0
8 22 4 2 6 0 2 31 1 2 9 2 0 21 2 3 13 0 3 40 3 1 8 4 0
8 22 3 2 6 0 2 31 1 2 9 2 0 21 2 3 13 0 4 41 3 1 7 4 0
8 22 4 2 6 0 2 31 1 2 9 2 0 21 2 4 17 0 3 36 4 1 8 3 0
8 22 3 2 6 0 2 31 1 2 9 2 0 21 2 4 17 0 4 37 4 1 7 3 0
8 22 3 2 6 0 2 31 1 2 9 2 1 30 1 2 10 2 3 37 2 1 7 3 0
8 22 4 2 6 0 2 31 1 2 9 2 1 30 1 2 10 2 4 40 2 1 8 4 0
8 22 3 2 6 0 2 31 1 2 9 2 1 30 1 3 11 2 1 29 2 1 7 1 0
8 22 4 2 6 0 2 31 1 2 9 2 1 30 1 3 11 2 3 36 2 1 8 3 0
8 22 4 2 6 0 2 31 1 2 9 2 1 30 1 4 12 2 1 28 2 1 8 1 0
8 22 3 2 6 0 2 31 1 2 9 2 1 30 1 4 12 2 4 41 2 1 7 4 0
8 22 3 2 6 0 2 31 1 2 9 2 3 32 2 0 4 2 3 37 0 1 7 3 0
6 22 4 2 6 0 2 31 1 2 9 2 3 32 2 1 8 2 0
8 22 3 2 6 0 2 31 1 2 9 2 3 32 2 3 15 2 1 29 3 1 7 1 0
8 22 3 2 6 0 2 31 1 2 9 2 3 32 2 4 18 2 4 41 4 1 7 4 0
8 22 4 2 6 0 2 31 1 2 9 2 4 33 2 0 3 2 4 40 0 1 8 4 0
6 22 3 2 6 0 2 31 1 2 9 2 4 33 2 1 7 2 0
8 22 4 2 6 0 2 31 1 2 9 2 4 33 2 3 14 2 3 36 3 1 8 3 0
8 22 4 2 6 0 2 31 1 2 9 2 4 33 2 4 20 2 1 28 4 1 8 1 0
8 22 3 2 6 0 2 31 1 3 16 2 0 25 3 0 3 0 2 33 0 1 7 2 0
8 22 4 2 6 0 2 31 1 3 16 2 0 25 3 0 3 0 4 40 0 1 8 4 0
8 22 3 2 6 0 2 31 1 3 16 2 0 25 3 2 11 0 1 29 2 1 7 1 0
8 22 4 2 6 0 2 31 1 3 16 2 0 25 3 2 11 0 3 36 2 1 8 3 0
8 22 4 2 6 0 2 31 1 3 16 2 0 25 3 4 18 0 2 32 4 1 8 2 0
8 22 3 2 6 0 2 31 1 3 16 2 0 25 3 4 18 0 4 41 4 1 7 4 0
8 22 3 2 6 0 2 31 1 3 16 2 1 28 3 0 1 3 4 29 0 1 7 1 0
6 22 4 2 6 0 2 31 1 3 16 2 1 28 3 1 8 1 0
8 22 3 2 6 0 2 31 1 3 16 2 1 28 3 2 12 1 4 41 2 1 7 4 0
8 22 3 2 6 0 2 31 1 3 16 2 1 28 3 4 20 1 2 33 4 1 7 2 0
8 22 4 2 6 0 2 31 1 3 16 2 3 37 3 0 4 3 2 32 0 1 8 2 0
6 22 3 2 6 0 2 31 1 3 16 2 3 37 3 1 7 3 0
8 22 4 2 6 0 2 31 1 3 16 2 3 37 3 2 10 3 4 40 2 1 8 4 0
8 22 4 2 6 0 2 31 1 3 16 2 3 37 3 4 17 4 3 36 4 1 8 3 0
8 22 4 2 6 0 2 31 1 3 16 2 4 38 4 1 13 1 3 40 3 1 8 4 0
8 22 3 2 6 0 2 31 1 3 16 2 4 38 4 1 13 1 4 41 3 1 7 4 0
8 22 3 2 6 0 2 31 1 3 16 2 4 38 4 2 14 4 2 33 3 1 7 2 0
8 22 4 2 6 0 2 31 1 3 16 2 4 38 4 2 14 4 3 36 3 1 8 3 0
8 22 3 2 6 0 2 31 1 3 16 2 4 38 4 3 15 4 1 29 3 1 7 1 0
8 22 4 2 6 0 2 31 1 3 16 2 4 38 4 3 15 4 2 32 3 1 8 2 0
8 22 4 2 6 0 2 31 1 4 19 2 0 24 4 0 4 0 2 32 0 1 8 2 0
8 22 3 2 6 0 2 31 1 4 19 2 0 24 4 0 4 0 3 37 0 1 7 3 0
8 22 4 2 6 0 2 31 1 4 19 2 0 24 4 2 12 0 1 28 2 1 8 1 0
8 22 3 2 6 0 2 31 1 4 19 2 0 24 4 2 12 0 4 41 2 1 7 4 0
8 22 3 2 6 0 2 31 1 4 19 2 0 24 4 3 14 0 2 33 3 1 7 2 0
8 22 4 2 6 0 2 31 1 4 19 2 0 24 4 3 14 0 3 36 3 1 8 3 0
8 22 4 2 6 0 2 31 1 4 19 2 1 29 4 0 1 4 3 28 0 1 8 1 0
6 22 3 2 6 0 2 31 1 4 19 2 1 29 4 1 7 1 0
8 22 4 2 6 0 2 31 1 4 19 2 1 29 4 2 11 1 3 36 2 1 8 3 0
8 22 4 2 6 0 2 31 1 4 19 2 1 29 4 3 15 1 2 32 3 1 8 2 0
8 22 4 2 6 0 2 31 1 4 19 2 3 34 3 1 17 1 3 36 4 1 8 3 0
8 22 3 2 6 0 2 31 1 4 19 2 3 34 3 1 17 1 4 37 4 1 7 3 0
8 22 4 2 6 0 2 31 1 4 19 2 3 34 3 2 18 3 2 32 4 1 8 2 0
8 22 3 2 6 0 2 31 1 4 19 2 3 34 3 2 18 3 4 41 4 1 7 4 0
8 22 4 2 6 0 2 31 1 4 19 2 3 34 3 4 20 3 1 28 4 1 8 1 0
8 22 3 2 6 0 2 31 1 4 19 2 3 34 3 4 20 3 2 33 4 1 7 2 0
8 22 3 2 6 0 2 31 1 4 19 2 4 40 4 0 3 4 2 33 0 1 7 2 0
6 22 4 2 6 0 2 31 1 4 19 2 4 40 4 1 8 4 0
8 22 3 2 6 0 2 31 1 4 19 2 4 40 4 2 10 4 3 37 2 1 7 3 0
8 22 3 2 6 0 2 31 1 4 19 2 4 40 4 3 13 3 4 41 3 1 7 4 0
8 22 3 2 6 0 3 35 1 0 3 3 0 25 0 2 11 0 1 29 2 1 7 1 0
8 22 4 2 6 0 3 35 1 0 3 3 0 25 0 2 11 0 3 36 2 1 8 3 0
8 22 4 2 6 0 3 35 1 0 3 3 0 25 0 3 16 0 1 28 3 1 8 1 0
8 22 3 2 6 0 3 35 1 0 3 3 0 25 0 3 16 0 3 37 3 1 7 3 0
8 22 4 2 6 0 3 35 1 0 3 3 0 25 0 4 18 0 2 32 4 1 8 2 0
8 22 3 2 6 0 3 35 1 0 3 3 0 25 0 4 18 0 4 41 4 1 7 4 0
8 22 4 2 6 0 3 35 1 0 3 3 1 26 3 1 1 1 3 28 0 1 8 1 0
8 22 3 2 6 0 3 35 1 0 3 3 1 26 3 1 1 1 4 29 0 1 7 1 0
8 22 4 2 6 0 3 35 1 0 3 3 1 26 3 2 2 1 3 36 0 1 8 3 0
8 22 3 2 6 0 3 35 1 0 3 3 1 26 3 2 2 1 4 41 0 1 7 4 0
8 22 4 2 6 0 3 35 1 0 3 3 1 26 3 4 4 1 2 32 0 1 8 2 0
8 22 3 2 6 0 3 35 1 0 3 3 1 26 3 4 4 1 3 37 0 1 7 3 0
6 22 3 2 6 0 3 35 1 0 3 3 2 33 0 1 7 2 0
8 22 4 2 6 0 3 35 1 0 3 3 2 33 0 2 9 4 3 32 2 1 8 2 0
8 22 4 2 6 0 3 35 1 0 3 3 2 33 0 3 14 2 3 36 3 1 8 3 0
8 22 4 2 6 0 3 35 1 0 3 3 2 33 0 4 20 2 1 28 4 1 8 1 0
6 22 4 2 6 0 3 35 1 0 3 3 4 40 0 1 8 4 0
8 22 3 2 6 0 3 35 1 0 3 3 4 40 0 2 10 4 3 37 2 1 7 3 0
8 22 3 2 6 0 3 35 1 0 3 3 4 40 0 3 13 3 4 41 3 1 7 4 0
8 22 3 2 6 0 3 35 1 0 3 3 4 40 0 4 19 4 1 29 4 1 7 1 0
8 22 4 2 6 0 3 35 1 2 12 3 0 24 2 0 4 0 2 32 0 1 8 2 0
8 22 3 2 6 0 3 35 1 2 12 3 0 24 2 0 4 0 3 37 0 1 7 3 0
8 22 3 2 6 0 3 35 1 2 12 3 0 24 2 3 14 0 2 33 3 1 7 2 0
8 22 4 2 6 0 3 35 1 2 12 3 0 24 2 3 14 0 3 36 3 1 8 3 0
8 22 3 2 6 0 3 35 1 2 12 3 0 24 2 4 19 0 1 29 4 1 7 1 0
8 22 4 2 6 0 3 35 1 2 12 3 0 24 2 4 19 0 4 40 4 1 8 4 0
8 22 3 2 6 0 3 35 1 2 12 3 1 28 2 0 1 3 4 29 0 1 7 1 0
6 22 4 2 6 0 3 35 1 2 12 3 1 28 2 1 8 1 0
8 22 3 2 6 0 3 35 1 2 12 3 1 28 2 3 16 1 3 37 3 1 7 3 0
8 22 3 2 6 0 3 35 1 2 12 3 1 28 2 4 20 1 2 33 4 1 7 2 0
8 22 4 2 6 0 3 35 1 2 12 3 2 30 4 1 9 1 3 32 2 1 8 2 0
8 22 3 2 6 0 3 35 1 2 12 3 2 30 4 1 9 1 4 33 2 1 7 2 0
8 22 3 2 6 0 3 35 1 2 12 3 2 30 4 2 10 2 3 37 2 1 7 3 0
8 22 4 2 6 0 3 35 1 2 12 3 2 30 4 2 10 2 4 40 2 1 8 4 0
8 22 3 2 6 0 3 35 1 2 12 3 2 30 4 3 11 2 1 29 2 1 7 1 0
8 22 4 2 6 0 3 35 1 2 12 3 2 30 4 3 11 2 3 36 2 1 8 3 0
8 22 4 2 6 0 3 35 1 2 12 3 4 41 2 0 2 4 3 36 0 1 8 3 0
6 22 3 2 6 0 3 35 1 2 12 3 4 41 2 1 7 4 0
8 22 4 2 6 0 3 35 1 2 12 3 4 41 2 3 13 4 3 40 3 1 8 4 0
8 22 4 2 6 0 3 35 1 2 12 3 4 41 2 4 18 4 2 32 4 1 8 2 0
8 22 4 2 6 0 3 35 1 3 15 3 0 23 3 0 2 0 3 36 0 1 8 3 0
8 22 3 2 6 0 3 35 1 3 15 3 0 23 3 0 2 0 4 41 0 1 7 4 0
8 22 3 2 6 0 3 35 1 3 15 3 0 23 3 2 10 0 3 37 2 1 7 3 0
8 22 4 2 6 0 3 35 1 3 15 3 0 23 3 2 10 0 4 40 2 1 8 4 0
8 22 4 2 6 0 3 35 1 3 15 3 0 23 3 4 20 0 1 28 4 1 8 1 0
8 22 3 2 6 0 3 35 1 3 15 3 0 23 3 4 20 0 2 33 4 1 7 2 0
8 22 4 2 6 0 3 35 1 3 15 3 1 29 3 0 1 4 3 28 0 1 8 1 0
6 22 3 2 6 0 3 35 1 3 15 3 1 29 3 1 7 1 0
8 22 4 2 6 0 3 35 1 3 15 3 1 29 3 2 11 1 3 36 2 1 8 3 0
8 22 4 2 6 0 3 35 1 3 15 3 1 29 3 4 19 1 4 40 4 1 8 4 0
8 22 3 2 6 0 3 35 1 3 15 3 2 32 3 0 4 2 3 37 0 1 7 3 0
6 22 4 2 6 0 3 35 1 3 15 3 2 32 3 1 8 2 0
8 22 3 2 6 0 3 35 1 3 15 3 2 32 3 2 9 3 4 33 2 1 7 2 0
8 22 3 2 6 0 3 35 1 3 15 3 2 32 3 4 18 2 4 41 4 1 7 4 0
8 22 4 2 6 0 3 35 1 3 15 3 4 38 3 1 13 1 3 40 3 1 8 4 0
8 22 3 2 6 0 3 35 1 3 15 3 4 38 3 1 13 1 4 41 3 1 7 4 0
8 22 3 2 6 0 3 35 1 3 15 3 4 38 3 2 14 4 2 33 3 1 7 2 0
8 22 4 2 6 0 3 35 1 3 15 3 4 38 3 2 14 4 3 36 3 1 8 3 0
8 22 4 2 6 0 3 35 1 3 15 3 4 38 3 4 16 4 1 28 3 1 8 1 0
8 22 3 2 6 0 3 35 1 3 15 3 4 38 3 4 16 4 3 37 3 1 7 3 0
8 22 4 2 6 0 3 35 1 4 17 2 0 21 4 0 1 0 3 28 0 1 8 1 0
8 22 3 2 6 0 3 35 1 4 17 2 0 21 4 0 1 0 4 29 0 1 7 1 0
8 22 4 2 6 0 3 35 1 4 17 2 0 21 4 2 9 0 3 32 2 1 8 2 0
8 22 3 2 6 0 3 35 1 4 17 2 0 21 4 2 9 0 4 33 2 1 7 2 0
8 22 4 2 6 0 3 35 1 4 17 2 0 21 4 3 13 0 3 40 3 1 8 4 0
8 22 3 2 6 0 3 35 1 4 17 2 0 21 4 3 13 0 4 41 3 1 7 4 0
8 22 4 2 6 0 3 35 1 4 17 2 1 34 1 2 18 3 2 32 4 1 8 2 0
8 22 3 2 6 0 3 35 1 4 17 2 1 34 1 2 18 3 4 41 4 1 7 4 0
8 22 3 2 6 0 3 35 1 4 17 2 1 34 1 3 19 3 1 29 4 1 7 1 0
8 22 4 2 6 0 3 35 1 4 17 2 1 34 1 3 19 3 4 40 4 1 8 4 0
8 22 4 2 6 0 3 35 1 4 17 2 1 34 1 4 20 3 1 28 4 1 8 1 0
8 22 3 2 6 0 3 35 1 4 17 2 1 34 1 4 20 3 2 33 4 1 7 2 0
8 22 3 2 6 0 3 35 1 4 17 2 3 36 4 0 2 3 4 41 0 1 7 4 0
6 22 4 2 6 0 3 35 1 4 17 2 3 36 4 1 8 3 0
8 22 3 2 6 0 3 35 1 4 17 2 3 36 4 2 11 3 1 29 2 1 7 1 0
8 22 3 2 6 0 3 35 1 4 17 2 3 36 4 3 14 3 2 33 3 1 7 2 0
8 22 4 2 6 0 3 35 1 4 17 2 4 37 4 0 4 3 2 32 0 1 8 2 0
6 22 3 2 6 0 3 35 1 4 17 2 4 37 4 1 7 3 0
8 22 4 2 6 0 3 35 1 4 17 2 4 37 4 2 10 3 4 40 2 1 8 4 0
8 22 4 2 6 0 3 35 1 4 17 2 4 37 4 3 16 3 1 28 3 1 8 1 0
8 22 4 2 6 0 4 39 1 0 4 4 0 24 0 2 12 0 1 28 2 1 8 1 0
8 22 3 2 6 0 4 39 1 0 4 4 0 24 0 2 12 0 4 41 2 1 7 4 0
8 22 3 2 6 0 4 39 1 0 4 4 0 24 0 3 14 0 2 33 3 1 7 2 0
8 22 4 2 6 0 4 39 1 0 4 4 0 24 0 3 14 0 3 36 3 1 8 3 0
8 22 3 2 6 0 4 39 1 0 4 4 0 24 0 4 19 0 1 29 4 1 7 1 0
8 22 4 2 6 0 4 39 1 0 4 4 0 24 0 4 19 0 4 40 4 1 8 4 0
8 22 4 2 6 0 4 39 1 0 4 4 1 26 4 1 1 1 3 28 0 1 8 1 0
8 22 3 2 6 0 4 39 1 0 4 4 1 26 4 1 1 1 4 29 0 1 7 1 0
8 22 4 2 6 0 4 39 1 0 4 4 1 26 4 2 2 1 3 36 0 1 8 3 0
8 22 3 2 6 0 4 39 1 0 4 4 1 26 4 2 2 1 4 41 0 1 7 4 0
8 22 3 2 6 0 4 39 1 0 4 4 1 26 4 3 3 1 2 33 0 1 7 2 0
8 22 4 2 6 0 4 39 1 0 4 4 1 26 4 3 3 1 4 40 0 1 8 4 0
6 22 4 2 6 0 4 39 1 0 4 4 2 32 0 1 8 2 0
8 22 3 2 6 0 4 39 1 0 4 4 2 32 0 2 9 3 4 33 2 1 7 2 0
8 22 3 2 6 0 4 39 1 0 4 4 2 32 0 3 15 2 1 29 3 1 7 1 0
8 22 3 2 6 0 4 39 1 0 4 4 2 32 0 4 18 2 4 41 4 1 7 4 0
6 22 3 2 6 0 4 39 1 0 4 4 3 37 0 1 7 3 0
8 22 4 2 6 0 4 39 1 0 4 4 3 37 0 2 10 3 4 40 2 1 8 4 0
8 22 4 2 6 0 4 39 1 0 4 4 3 37 0 3 16 3 1 28 3 1 8 1 0
8 22 4 2 6 0 4 39 1 0 4 4 3 37 0 4 17 4 3 36 4 1 8 3 0
8 22 3 2 6 0 4 39 1 2 11 4 0 25 2 0 3 0 2 33 0 1 7 2 0
8 22 4 2 6 0 4 39 1 2 11 4 0 25 2 0 3 0 4 40 0 1 8 4 0
8 22 4 2 6 0 4 39 1 2 11 4 0 25 2 3 16 0 1 28 3 1 8 1 0
8 22 3 2 6 0 4 39 1 2 11 4 0 25 2 3 16 0 3 37 3 1 7 3 0
8 22 4 2 6 0 4 39 1 2 11 4 0 25 2 4 18 0 2 32 4 1 8 2 0
8 22 3 2 6 0 4 39 1 2 11 4 0 25 2 4 18 0 4 41 4 1 7 4 0
8 22 4 2 6 0 4 39 1 2 11 4 1 29 2 0 1 4 3 28 0 1 8 1 0
6 22 3 2 6 0 4 39 1 2 11 4 1 29 2 1 7 1 0
8 22 4 2 6 0 4 39 1 2 11 4 1 29 2 3 15 1 2 32 3 1 8 2 0
8 22 4 2 6 0 4 39 1 2 11 4 1 29 2 4 19 1 4 40 4 1 8 4 0
8 22 4 2 6 0 4 39 1 2 11 4 2 30 3 1 9 1 3 32 2 1 8 2 0
8 22 3 2 6 0 4 39 1 2 11 4 2 30 3 1 9 1 4 33 2 1 7 2 0
8 22 3 2 6 0 4 39 1 2 11 4 2 30 3 2 10 2 3 37 2 1 7 3 0
8 22 4 2 6 0 4 39 1 2 11 4 2 30 3 2 10 2 4 40 2 1 8 4 0
8 22 4 2 6 0 4 39 1 2 11 4 2 30 3 4 12 2 1 28 2 1 8 1 0
8 22 3 2 6 0 4 39 1 2 11 4 2 30 3 4 12 2 4 41 2 1 7 4 0
8 22 3 2 6 0 4 39 1 2 11 4 3 36 2 0 2 3 4 41 0 1 7 4 0
6 22 4 2 6 0 4 39 1 2 11 4 3 36 2 1 8 3 0
8 22 3 2 6 0 4 39 1 2 11 4 3 36 2 3 14 3 2 33 3 1 7 2 0
8 22 3 2 6 0 4 39 1 2 11 4 3 36 2 4 17 3 4 37 4 1 7 3 0
8 22 4 2 6 0 4 39 1 3 13 2 0 21 3 0 1 0 3 28 0 1 8 1 0
8 22 3 2 6 0 4 39 1 3 13 2 0 21 3 0 1 0 4 29 0 1 7 1 0
8 22 4 2 6 0 4 39 1 3 13 2 0 21 3 2 9 0 3 32 2 1 8 2 0
8 22 3 2 6 0 4 39 1 3 13 2 0 21 3 2 9 0 4 33 2 1 7 2 0
8 22 4 2 6 0 4 39 1 3 13 2 0 21 3 4 17 0 3 36 4 1 8 3 0
8 22 3 2 6 0 4 39 1 3 13 2 0 21 3 4 17 0 4 37 4 1 7 3 0
8 22 3 2 6 0 4 39 1 3 13 2 1 38 1 2 14 4 2 33 3 1 7 2 0
8 22 4 2 6 0 4 39 1 3 13 2 1 38 1 2 14 4 3 36 3 1 8 3 0
8 22 3 2 6 0 4 39 1 3 13 2 1 38 1 3 15 4 1 29 3 1 7 1 0
8 22 4 2 6 0 4 39 1 3 13 2 1 38 1 3 15 4 2 32 3 1 8 2 0
8 22 4 2 6 0 4 39 1 3 13 2 1 38 1 4 16 4 1 28 3 1 8 1 0
8 22 3 2 6 0 4 39 1 3 13 2 1 38 1 4 16 4 3 37 3 1 7 3 0
8 22 3 2 6 0 4 39 1 3 13 2 3 40 3 0 3 4 2 33 0 1 7 2 0
6 22 4 2 6 0 4 39 1 3 13 2 3 40 3 1 8 4 0
8 22 3 2 6 0 4 39 1 3 13 2 3 40 3 2 10 4 3 37 2 1 7 3 0
8 22 3 2 6 0 4 39 1 3 13 2 3 40 3 4 19 4 1 29 4 1 7 1 0
8 22 4 2 6 0 4 39 1 3 13 2 4 41 3 0 2 4 3 36 0 1 8 3 0
6 22 3 2 6 0 4 39 1 3 13 2 4 41 3 1 7 4 0
8 22 4 2 6 0 4 39 1 3 13 2 4 41 3 2 12 4 1 28 2 1 8 1 0
8 22 4 2 6 0 4 39 1 3 13 2 4 41 3 4 18 4 2 32 4 1 8 2 0
8 22 4 2 6 0 4 39 1 4 20 4 0 23 4 0 2 0 3 36 0 1 8 3 0
8 22 3 2 6 0 4 39 1 4 20 4 0 23 4 0 2 0 4 41 0 1 7 4 0
8 22 3 2 6 0 4 39 1 4 20 4 0 23 4 2 10 0 3 37 2 1 7 3 0
8 22 4 2 6 0 4 39 1 4 20 4 0 23 4 2 10 0 4 40 2 1 8 4 0
8 22 3 2 6 0 4 39 1 4 20 4 0 23 4 3 15 0 1 29 3 1 7 1 0
8 22 4 2 6 0 4 39 1 4 20 4 0 23 4 3 15 0 2 32 3 1 8 2 0
8 22 3 2 6 0 4 39 1 4 20 4 1 28 4 0 1 3 4 29 0 1 7 1 0
6 22 4 2 6 0 4 39 1 4 20 4 1 28 4 1 8 1 0
8 22 3 2 6 0 4 39 1 4 20 4 1 28 4 2 12 1 4 41 2 1 7 4 0
8 22 3 2 6 0 4 39 1 4 20 4 1 28 4 3 16 1 3 37 3 1 7 3 0
8 22 4 2 6 0 4 39 1 4 20 4 2 33 4 0 3 2 4 40 0 1 8 4 0
6 22 3 2 6 0 4 39 1 4 20 4 2 33 4 1 7 2 0
8 22 4 2 6 0 4 39 1 4 20 4 2 33 4 2 9 4 3 32 2 1 8 2 0
8 22 4 2 6 0 4 39 1 4 20 4 2 33 4 3 14 2 3 36 3 1 8 3 0
8 22 4 2 6 0 4 39 1 4 20 4 3 34 4 1 17 1 3 36 4 1 8 3 0
8 22 3 2 6 0 4 39 1 4 20 4 3 34 4 1 17 1 4 37 4 1 7 3 0
8 22 4 2 6 0 4 39 1 4 20 4 3 34 4 2 18 3 2 32 4 1 8 2 0
8 22 3 2 6 0 4 39 1 4 20 4 3 34 4 2 18 3 4 41 4 1 7 4 0
8 22 3 2 6 0 4 39 1 4 20 4 3 34 4 3 19 3 1 29 4 1 7 1 0
8 22 4 2 6 0 4 39 1 4 20 4 3 34 4 3 19 3 4 40 4 1 8 4 0
8 22 4 3 7 0 1 29 1 0 1 4 0 21 0 2 9 0 3 32 2 1 8 2 0
8 22 4 3 7 0 1 29 1 0 1 4 0 21 0 3 13 0 3 40 3 1 8 4 0
8 22 4 3 7 0 1 29 1 0 1 4 0 21 0 4 17 0 3 36 4 1 8 3 0
8 22 4 3 7 0 1 29 1 0 1 4 1 26 1 2 2 1 3 36 0 1 8 3 0
8 22 4 3 7 0 1 29 1 0 1 4 1 26 1 3 3 1 4 40 0 1 8 4 0
8 22 4 3 7 0 1 29 1 0 1 4 1 26 1 4 4 1 2 32 0 1 8 2 0
8 22 4 3 7 0 1 29 1 0 1 4 2 27 0 2 10 1 4 40 2 1 8 4 0
8 22 4 3 7 0 1 29 1 0 1 4 2 27 0 3 14 1 3 36 3 1 8 3 0
8 22 4 3 7 0 1 29 1 0 1 4 2 27 0 4 18 1 2 32 4 1 8 2 0
6 22 4 3 7 0 1 29 1 0 1 4 3 28 0 1 8 1 0
8 22 4 3 7 0 1 29 1 2 11 1 0 25 2 0 3 0 4 40 0 1 8 4 0
8 22 4 3 7 0 1 29 1 2 11 1 0 25 2 3 16 0 1 28 3 1 8 1 0
8 22 4 3 7 0 1 29 1 2 11 1 0 25 2 4 18 0 2 32 4 1 8 2 0
8 22 4 3 7 0 1 29 1 2 11 1 2 30 3 1 9 1 3 32 2 1 8 2 0
8 22 4 3 7 0 1 29 1 2 11 1 2 30 3 2 10 2 4 40 2 1 8 4 0
8 22 4 3 7 0 1 29 1 2 11 1 2 30 3 4 12 2 1 28 2 1 8 1 0
6 22 4 3 7 0 1 29 1 2 11 1 3 36 2 1 8 3 0
8 22 4 3 7 0 1 29 1 2 11 1 4 39 2 0 4 4 2 32 0 1 8 2 0
8 22 4 3 7 0 1 29 1 2 11 1 4 39 2 3 13 2 3 40 3 1 8 4 0
8 22 4 3 7 0 1 29 1 2 11 1 4 39 2 4 20 4 1 28 4 1 8 1 0
8 22 4 3 7 0 1 29 1 3 15 1 0 23 3 0 2 0 3 36 0 1 8 3 0
8 22 4 3 7 0 1 29 1 3 15 1 0 23 3 2 10 0 4 40 2 1 8 4 0
8 22 4 3 7 0 1 29 1 3 15 1 0 23 3 4 20 0 1 28 4 1 8 1 0
6 22 4 3 7 0 1 29 1 3 15 1 2 32 3 1 8 2 0
8 22 4 3 7 0 1 29 1 3 15 1 3 35 3 0 3 3 4 40 0 1 8 4 0
8 22 4 3 7 0 1 29 1 3 15 1 3 35 3 2 12 3 1 28 2 1 8 1 0
8 22 4 3 7 0 1 29 1 3 15 1 3 35 3 4 17 2 3 36 4 1 8 3 0
8 22 4 3 7 0 1 29 1 3 15 1 4 38 3 1 13 1 3 40 3 1 8 4 0
8 22 4 3 7 0 1 29 1 3 15 1 4 38 3 2 14 4 3 36 3 1 8 3 0
8 22 4 3 7 0 1 29 1 3 15 1 4 38 3 4 16 4 1 28 3 1 8 1 0
8 22 4 3 7 0 1 29 1 4 19 1 0 24 4 0 4 0 2 32 0 1 8 2 0
8 22 4 3 7 0 1 29 1 4 19 1 0 24 4 2 12 0 1 28 2 1 8 1 0
8 22 4 3 7 0 1 29 1 4 19 1 0 24 4 3 14 0 3 36 3 1 8 3 0
8 22 4 3 7 0 1 29 1 4 19 1 2 31 4 0 2 2 3 36 0 1 8 3 0
8 22 4 3 7 0 1 29 1 4 19 1 2 31 4 2 9 2 3 32 2 1 8 2 0
8 22 4 3 7 0 1 29 1 4 19 1 2 31 4 3 16 2 1 28 3 1 8 1 0
8 22 4 3 7 0 1 29 1 4 19 1 3 34 3 1 17 1 3 36 4 1 8 3 0
8 22 4 3 7 0 1 29 1 4 19 1 3 34 3 2 18 3 2 32 4 1 8 2 0
8 22 4 3 7 0 1 29 1 4 19 1 3 34 3 4 20 3 1 28 4 1 8 1 0
6 22 4 3 7 0 1 29 1 4 19 1 4 40 4 1 8 4 0
8 22 4 3 7 0 2 33 1 0 3 2 0 25 0 2 11 0 3 36 2 1 8 3 0
8 22 4 3 7 0 2 33 1 0 3 2 0 25 0 3 16 0 1 28 3 1 8 1 0
8 22 4 3 7 0 2 33 1 0 3 2 0 25 0 4 18 0 2 32 4 1 8 2 0
8 22 4 3 7 0 2 33 1 0 3 2 1 26 3 1 1 1 3 28 0 1 8 1 0
8 22 4 3 7 0 2 33 1 0 3 2 1 26 3 2 2 1 3 36 0 1 8 3 0
8 22 4 3 7 0 2 33 1 0 3 2 1 26 3 4 4 1 2 32 0 1 8 2 0
8 22 4 3 7 0 2 33 1 0 3 2 3 35 0 2 12 3 1 28 2 1 8 1 0
8 22 4 3 7 0 2 33 1 0 3 2 3 35 0 3 15 3 2 32 3 1 8 2 0
8 22 4 3 7 0 2 33 1 0 3 2 3 35 0 4 17 2 3 36 4 1 8 3 0
6 22 4 3 7 0 2 33 1 0 3 2 4 40 0 1 8 4 0
8 22 4 3 7 0 2 33 1 2 9 4 0 21 2 0 1 0 3 28 0 1 8 1 0
8 22 4 3 7 0 2 33 1 2 9 4 0 21 2 3 13 0 3 40 3 1 8 4 0
8 22 4 3 7 0 2 33 1 2 9 4 0 21 2 4 17 0 3 36 4 1 8 3 0
8 22 4 3 7 0 2 33 1 2 9 4 1 30 1 2 10 2 4 40 2 1 8 4 0
8 22 4 3 7 0 2 33 1 2 9 4 1 30 1 3 11 2 3 36 2 1 8 3 0
8 22 4 3 7 0 2 33 1 2 9 4 1 30 1 4 12 2 1 28 2 1 8 1 0
8 22 4 3 7 0 2 33 1 2 9 4 2 31 2 0 2 2 3 36 0 1 8 3 0
8 22 4 3 7 0 2 33 1 2 9 4 2 31 2 3 16 2 1 28 3 1 8 1 0
8 22 4 3 7 0 2 33 1 2 9 4 2 31 2 4 19 2 4 40 4 1 8 4 0
6 22 4 3 7 0 2 33 1 2 9 4 3 32 2 1 8 2 0
8 22 4 3 7 0 2 33 1 3 14 2 0 24 3 0 4 0 2 32 0 1 8 2 0
8 22 4 3 7 0 2 33 1 3 14 2 0 24 3 2 12 0 1 28 2 1 8 1 0
8 22 4 3 7 0 2 33 1 3 14 2 0 24 3 4 19 0 4 40 4 1 8 4 0
8 22 4 3 7 0 2 33 1 3 14 2 1 27 3 0 1 2 3 28 0 1 8 1 0
8 22 4 3 7 0 2 33 1 3 14 2 1 27 3 2 10 1 4 40 2 1 8 4 0
8 22 4 3 7 0 2 33 1 3 14 2 1 27 3 4 18 1 2 32 4 1 8 2 0
6 22 4 3 7 0 2 33 1 3 14 2 3 36 3 1 8 3 0
8 22 4 3 7 0 2 33 1 3 14 2 4 38 2 1 13 1 3 40 3 1 8 4 0
8 22 4 3 7 0 2 33 1 3 14 2 4 38 2 3 15 4 2 32 3 1 8 2 0
8 22 4 3 7 0 2 33 1 3 14 2 4 38 2 4 16 4 1 28 3 1 8 1 0
8 22 4 3 7 0 2 33 1 4 20 2 0 23 4 0 2 0 3 36 0 1 8 3 0
8 22 4 3 7 0 2 33 1 4 20 2 0 23 4 2 10 0 4 40 2 1 8 4 0
8 22 4 3 7 0 2 33 1 4 20 2 0 23 4 3 15 0 2 32 3 1 8 2 0
6 22 4 3 7 0 2 33 1 4 20 2 1 28 4 1 8 1 0
8 22 4 3 7 0 2 33 1 4 20 2 3 34 4 1 17 1 3 36 4 1 8 3 0
8 22 4 3 7 0 2 33 1 4 20 2 3 34 4 2 18 3 2 32 4 1 8 2 0
8 22 4 3 7 0 2 33 1 4 20 2 3 34 4 3 19 3 4 40 4 1 8 4 0
8 22 4 3 7 0 2 33 1 4 20 2 4 39 4 0 4 4 2 32 0 1 8 2 0
8 22 4 3 7 0 2 33 1 4 20 2 4 39 4 2 11 4 3 36 2 1 8 3 0
8 22 4 3 7 0 2 33 1 4 20 2 4 39 4 3 13 2 3 40 3 1 8 4 0
8 22 4 3 7 0 3 37 1 0 4 3 0 24 0 2 12 0 1 28 2 1 8 1 0
8 22 4 3 7 0 3 37 1 0 4 3 0 24 0 3 14 0 3 36 3 1 8 3 0
8 22 4 3 7 0 3 37 1 0 4 3 0 24 0 4 19 0 4 40 4 1 8 4 0
8 22 4 3 7 0 3 37 1 0 4 3 1 26 4 1 1 1 3 28 0 1 8 1 0
8 22 4 3 7 0 3 37 1 0 4 3 1 26 4 2 2 1 3 36 0 1 8 3 0
8 22 4 3 7 0 3 37 1 0 4 3 1 26 4 3 3 1 4 40 0 1 8 4 0
6 22 4 3 7 0 3 37 1 0 4 3 2 32 0 1 8 2 0
8 22 4 3 7 0 3 37 1 0 4 3 4 39 0 2 11 4 3 36 2 1 8 3 0
8 22 4 3 7 0 3 37 1 0 4 3 4 39 0 3 13 2 3 40 3 1 8 4 0
8 22 4 3 7 0 3 37 1 0 4 3 4 39 0 4 20 4 1 28 4 1 8 1 0
8 22 4 3 7 0 3 37 1 2 10 3 0 23 2 0 2 0 3 36 0 1 8 3 0
8 22 4 3 7 0 3 37 1 2 10 3 0 23 2 3 15 0 2 32 3 1 8 2 0
8 22 4 3 7 0 3 37 1 2 10 3 0 23 2 4 20 0 1 28 4 1 8 1 0
8 22 4 3 7 0 3 37 1 2 10 3 1 27 2 0 1 2 3 28 0 1 8 1 0
8 22 4 3 7 0 3 37 1 2 10 3 1 27 2 3 14 1 3 36 3 1 8 3 0
8 22 4 3 7 0 3 37 1 2 10 3 1 27 2 4 18 1 2 32 4 1 8 2 0
8 22 4 3 7 0 3 37 1 2 10 3 2 30 2 1 9 1 3 32 2 1 8 2 0
8 22 4 3 7 0 3 37 1 2 10 3 2 30 2 3 11 2 3 36 2 1 8 3 0
8 22 4 3 7 0 3 37 1 2 10 3 2 30 2 4 12 2 1 28 2 1 8 1 0
6 22 4 3 7 0 3 37 1 2 10 3 4 40 2 1 8 4 0
8 22 4 3 7 0 3 37 1 3 16 3 0 25 3 0 3 0 4 40 0 1 8 4 0
8 22 4 3 7 0 3 37 1 3 16 3 0 25 3 2 11 0 3 36 2 1 8 3 0
8 22 4 3 7 0 3 37 1 3 16 3 0 25 3 4 18 0 2 32 4 1 8 2 0
6 22 4 3 7 0 3 37 1 3 16 3 1 28 3 1 8 1 0
8 22 4 3 7 0 3 37 1 3 16 3 2 31 3 0 2 2 3 36 0 1 8 3 0
8 22 4 3 7 0 3 37 1 3 16 3 2 31 3 2 9 2 3 32 2 1 8 2 0
8 22 4 3 7 0 3 37 1 3 16 3 2 31 3 4 19 2 4 40 4 1 8 4 0
8 22 4 3 7 0 3 37 1 3 16 3 4 38 4 1 13 1 3 40 3 1 8 4 0
8 22 4 3 7 0 3 37 1 3 16 3 4 38 4 2 14 4 3 36 3 1 8 3 0
8 22 4 3 7 0 3 37 1 3 16 3 4 38 4 3 15 4 2 32 3 1 8 2 0
8 22 4 3 7 0 3 37 1 4 17 4 0 21 4 0 1 0 3 28 0 1 8 1 0
8 22 4 3 7 0 3 37 1 4 17 4 0 21 4 2 9 0 3 32 2 1 8 2 0
8 22 4 3 7 0 3 37 1 4 17 4 0 21 4 3 13 0 3 40 3 1 8 4 0
8 22 4 3 7 0 3 37 1 4 17 4 1 34 1 2 18 3 2 32 4 1 8 2 0
8 22 4 3 7 0 3 37 1 4 17 4 1 34 1 3 19 3 4 40 4 1 8 4 0
8 22 4 3 7 0 3 37 1 4 17 4 1 34 1 4 20 3 1 28 4 1 8 1 0
8 22 4 3 7 0 3 37 1 4 17 4 2 35 4 0 3 3 4 40 0 1 8 4 0
8 22 4 3 7 0 3 37 1 4 17 4 2 35 4 2 12 3 1 28 2 1 8 1 0
8 22 4 3 7 0 3 37 1 4 17 4 2 35 4 3 15 3 2 32 3 1 8 2 0
6 22 4 3 7 0 3 37 1 4 17 4 3 36 4 1 8 3 0
8 22 4 3 7 0 4 41 1 0 2 4 0 23 0 2 10 0 4 40 2 1 8 4 0
8 22 4 3 7 0 4 41 1 0 2 4 0 23 0 3 15 0 2 32 3 1 8 2 0
8 22 4 3 7 0 4 41 1 0 2 4 0 23 0 4 20 0 1 28 4 1 8 1 0
8 22 4 3 7 0 4 41 1 0 2 4 1 26 2 1 1 1 3 28 0 1 8 1 0
8 22 4 3 7 0 4 41 1 0 2 4 1 26 2 3 3 1 4 40 0 1 8 4 0
8 22 4 3 7 0 4 41 1 0 2 4 1 26 2 4 4 1 2 32 0 1 8 2 0
8 22 4 3 7 0 4 41 1 0 2 4 2 31 0 2 9 2 3 32 2 1 8 2 0
8 22 4 3 7 0 4 41 1 0 2 4 2 31 0 3 16 2 1 28 3 1 8 1 0
8 22 4 3 7 0 4 41 1 0 2 4 2 31 0 4 19 2 4 40 4 1 8 4 0
6 22 4 3 7 0 4 41 1 0 2 4 3 36 0 1 8 3 0
8 22 4 3 7 0 4 41 1 2 12 4 0 24 2 0 4 0 2 32 0 1 8 2 0
8 22 4 3 7 0 4 41 1 2 12 4 0 24 2 3 14 0 3 36 3 1 8 3 0
8 22 4 3 7 0 4 41 1 2 12 4 0 24 2 4 19 0 4 40 4 1 8 4 0
6 22 4 3 7 0 4 41 1 2 12 4 1 28 2 1 8 1 0
8 22 4 3 7 0 4 41 1 2 12 4 2 30 4 1 9 1 3 32 2 1 8 2 0
8 22 4 3 7 0 4 41 1 2 12 4 2 30 4 2 10 2 4 40 2 1 8 4 0
8 22 4 3 7 0 4 41 1 2 12 4 2 30 4 3 11 2 3 36 2 1 8 3 0
8 22 4 3 7 0 4 41 1 2 12 4 3 35 2 0 3 3 4 40 0 1 8 4 0
8 22 4 3 7 0 4 41 1 2 12 4 3 35 2 3 15 3 2 32 3 1 8 2 0
8 22 4 3 7 0 4 41 1 2 12 4 3 35 2 4 17 2 3 36 4 1 8 3 0
8 22 4 3 7 0 4 41 1 3 13 4 0 21 3 0 1 0 3 28 0 1 8 1 0
8 22 4 3 7 0 4 41 1 3 13 4 0 21 3 2 9 0 3 32 2 1 8 2 0
8 22 4 3 7 0 4 41 1 3 13 4 0 21 3 4 17 0 3 36 4 1 8 3 0
8 22 4 3 7 0 4 41 1 3 13 4 1 38 1 2 14 4 3 36 3 1 8 3 0
8 22 4 3 7 0 4 41 1 3 13 4 1 38 1 3 15 4 2 32 3 1 8 2 0
8 22 4 3 7 0 4 41 1 3 13 4 1 38 1 4 16 4 1 28 3 1 8 1 0
8 22 4 3 7 0 4 41 1 3 13 4 2 39 3 0 4 4 2 32 0 1 8 2 0
8 22 4 3 7 0 4 41 1 3 13 4 2 39 3 2 11 4 3 36 2 1 8 3 0
8 22 4 3 7 0 4 41 1 3 13 4 2 39 3 4 20 4 1 28 4 1 8 1 0
6 22 4 3 7 0 4 41 1 3 13 4 3 40 3 1 8 4 0
8 22 4 3 7 0 4 41 1 4 18 4 0 25 4 0 3 0 4 40 0 1 8 4 0
8 22 4 3 7 0 4 41 1 4 18 4 0 25 4 2 11 0 3 36 2 1 8 3 0
8 22 4 3 7 0 4 41 1 4 18 4 0 25 4 3 16 0 1 28 3 1 8 1 0
8 22 4 3 7 0 4 41 1 4 18 4 1 27 4 0 1 2 3 28 0 1 8 1 0
8 22 4 3 7 0 4 41 1 4 18 4 1 27 4 2 10 1 4 40 2 1 8 4 0
8 22 4 3 7 0 4 41 1 4 18 4 1 27 4 3 14 1 3 36 3 1 8 3 0
6 22 4 3 7 0 4 41 1 4 18 4 2 32 4 1 8 2 0
8 22 4 3 7 0 4 41 1 4 18 4 3 34 2 1 17 1 3 36 4 1 8 3 0
8 22 4 3 7 0 4 41 1 4 18 4 3 34 2 3 19 3 4 40 4 1 8 4 0
8 22 4 3 7 0 4 41 1 4 18 4 3 34 2 4 20 3 1 28 4 1 8 1 0
6 26 2 1 1 1 0 21 0 1 5 0 2 23 1 0 2 0 1
8 26 4 1 1 1 0 21 0 1 5 0 2 23 1 2 10 0 3 37 2 0 4 3 1
8 26 3 1 1 1 0 21 0 1 5 0 2 23 1 2 10 0 4 40 2 0 3 4 1
8 26 4 1 1 1 0 21 0 1 5 0 2 23 1 3 15 0 2 32 3 0 4 2 1
8 26 3 1 1 1 0 21 0 1 5 0 2 23 1 3 15 0 3 35 3 0 3 3 1
8 26 3 1 1 1 0 21 0 1 5 0 2 23 1 4 20 0 2 33 4 0 3 2 1
8 26 4 1 1 1 0 21 0 1 5 0 2 23 1 4 20 0 4 39 4 0 4 4 1
6 26 4 1 1 1 0 21 0 1 5 0 3 24 1 0 4 0 1
8 26 3 1 1 1 0 21 0 1 5 0 3 24 1 2 12 0 3 35 2 0 3 3 1
8 26 2 1 1 1 0 21 0 1 5 0 3 24 1 2 12 0 4 41 2 0 2 4 1
8 26 3 1 1 1 0 21 0 1 5 0 3 24 1 3 14 0 2 33 3 0 3 2 1
8 26 2 1 1 1 0 21 0 1 5 0 3 24 1 3 14 0 3 36 3 0 2 3 1
8 26 2 1 1 1 0 21 0 1 5 0 3 24 1 4 19 0 2 31 4 0 2 2 1
8 26 3 1 1 1 0 21 0 1 5 0 3 24 1 4 19 0 4 40 4 0 3 4 1
6 26 3 1 1 1 0 21 0 1 5 0 4 25 1 0 3 0 1
8 26 2 1 1 1 0 21 0 1 5 0 4 25 1 2 11 0 3 36 2 0 2 3 1
8 26 4 1 1 1 0 21 0 1 5 0 4 25 1 2 11 0 4 39 2 0 4 4 1
8 26 2 1 1 1 0 21 0 1 5 0 4 25 1 3 16 0 2 31 3 0 2 2 1
8 26 4 1 1 1 0 21 0 1 5 0 4 25 1 3 16 0 3 37 3 0 4 3 1
8 26 4 1 1 1 0 21 0 1 5 0 4 25 1 4 18 0 2 32 4 0 4 2 1
8 26 2 1 1 1 0 21 0 1 5 0 4 25 1 4 18 0 4 41 4 0 2 4 1
8 26 2 1 1 1 0 21 0 2 9 0 1 30 1 2 10 2 0 23 2 0 2 0 1
8 26 4 1 1 1 0 21 0 2 9 0 1 30 1 2 10 2 3 37 2 0 4 3 1
8 26 3 1 1 1 0 21 0 2 9 0 1 30 1 2 10 2 4 40 2 0 3 4 1
8 26 3 1 1 1 0 21 0 2 9 0 1 30 1 3 11 2 0 25 2 0 3 0 1
8 26 2 1 1 1 0 21 0 2 9 0 1 30 1 3 11 2 3 36 2 0 2 3 1
8 26 4 1 1 1 0 21 0 2 9 0 1 30 1 3 11 2 4 39 2 0 4 4 1
8 26 4 1 1 1 0 21 0 2 9 0 1 30 1 4 12 2 0 24 2 0 4 0 1
8 26 3 1 1 1 0 21 0 2 9 0 1 30 1 4 12 2 3 35 2 0 3 3 1
8 26 2 1 1 1 0 21 0 2 9 0 1 30 1 4 12 2 4 41 2 0 2 4 1
6 26 2 1 1 1 0 21 0 2 9 0 2 31 2 0 2 2 1
8 26 3 1 1 1 0 21 0 2 9 0 2 31 2 1 6 2 3 35 1 0 3 3 1
8 26 4 1 1 1 0 21 0 2 9 0 2 31 2 1 6 2 4 39 1 0 4 4 1
8 26 3 1 1 1 0 21 0 2 9 0 2 31 2 3 16 2 0 25 3 0 3 0 1
8 26 4 1 1 1 0 21 0 2 9 0 2 31 2 3 16 2 3 37 3 0 4 3 1
8 26 4 1 1 1 0 21 0 2 9 0 2 31 2 4 19 2 0 24 4 0 4 0 1
8 26 3 1 1 1 0 21 0 2 9 0 2 31 2 4 19 2 4 40 4 0 3 4 1
6 26 4 1 1 1 0 21 0 2 9 0 3 32 2 0 4 2 1
8 26 2 1 1 1 0 21 0 2 9 0 3 32 2 1 8 2 3 36 1 0 2 3 1
8 26 3 1 1 1 0 21 0 2 9 0 3 32 2 1 8 2 4 40 1 0 3 4 1
8 26 2 1 1 1 0 21 0 2 9 0 3 32 2 3 15 2 0 23 3 0 2 0 1
8 26 3 1 1 1 0 21 0 2 9 0 3 32 2 3 15 2 3 35 3 0 3 3 1
8 26 3 1 1 1 0 21 0 2 9 0 3 32 2 4 18 2 0 25 4 0 3 0 1
8 26 2 1 1 1 0 21 0 2 9 0 3 32 2 4 18 2 4 41 4 0 2 4 1
6 26 3 1 1 1 0 21 0 2 9 0 4 33 2 0 3 2 1
8 26 4 1 1 1 0 21 0 2 9 0 4 33 2 1 7 2 3 37 1 0 4 3 1
8 26 2 1 1 1 0 21 0 2 9 0 4 33 2 1 7 2 4 41 1 0 2 4 1
8 26 4 1 1 1 0 21 0 2 9 0 4 33 2 3 14 2 0 24 3 0 4 0 1
8 26 2 1 1 1 0 21 0 2 9 0 4 33 2 3 14 2 3 36 3 0 2 3 1
8 26 2 1 1 1 0 21 0 2 9 0 4 33 2 4 20 2 0 23 4 0 2 0 1
8 26 4 1 1 1 0 21 0 2 9 0 4 33 2 4 20 2 4 39 4 0 4 4 1
8 26 4 1 1 1 0 21 0 3 13 0 1 38 1 2 14 4 0 24 3 0 4 0 1
8 26 3 1 1 1 0 21 0 3 13 0 1 38 1 2 14 4 2 33 3 0 3 2 1
8 26 2 1 1 1 0 21 0 3 13 0 1 38 1 2 14 4 3 36 3 0 2 3 1
8 26 2 1 1 1 0 21 0 3 13 0 1 38 1 3 15 4 0 23 3 0 2 0 1
8 26 4 1 1 1 0 21 0 3 13 0 1 38 1 3 15 4 2 32 3 0 4 2 1
8 26 3 1 1 1 0 21 0 3 13 0 1 38 1 3 15 4 3 35 3 0 3 3 1
8 26 3 1 1 1 0 21 0 3 13 0 1 38 1 4 16 4 0 25 3 0 3 0 1
8 26 2 1 1 1 0 21 0 3 13 0 1 38 1 4 16 4 2 31 3 0 2 2 1
8 26 4 1 1 1 0 21 0 3 13 0 1 38 1 4 16 4 3 37 3 0 4 3 1
6 26 4 1 1 1 0 21 0 3 13 0 2 39 3 0 4 4 1
8 26 2 1 1 1 0 21 0 3 13 0 2 39 3 1 6 4 2 31 1 0 2 2 1
8 26 3 1 1 1 0 21 0 3 13 0 2 39 3 1 6 4 3 35 1 0 3 3 1
8 26 3 1 1 1 0 21 0 3 13 0 2 39 3 2 11 4 0 25 2 0 3 0 1
8 26 2 1 1 1 0 21 0 3 13 0 2 39 3 2 11 4 3 36 2 0 2 3 1
8 26 2 1 1 1 0 21 0 3 13 0 2 39 3 4 20 4 0 23 4 0 2 0 1
8 26 3 1 1 1 0 21 0 3 13 0 2 39 3 4 20 4 2 33 4 0 3 2 1
6 26 3 1 1 1 0 21 0 3 13 0 3 40 3 0 3 4 1
8 26 4 1 1 1 0 21 0 3 13 0 3 40 3 1 8 4 2 32 1 0 4 2 1
8 26 2 1 1 1 0 21 0 3 13 0 3 40 3 1 8 4 3 36 1 0 2 3 1
8 26 2 1 1 1 0 21 0 3 13 0 3 40 3 2 10 4 0 23 2 0 2 0 1
8 26 4 1 1 1 0 21 0 3 13 0 3 40 3 2 10 4 3 37 2 0 4 3 1
8 26 4 1 1 1 0 21 0 3 13 0 3 40 3 4 19 4 0 24 4 0 4 0 1
8 26 2 1 1 1 0 21 0 3 13 0 3 40 3 4 19 4 2 31 4 0 2 2 1
6 26 2 1 1 1 0 21 0 3 13 0 4 41 3 0 2 4 1
8 26 3 1 1 1 0 21 0 3 13 0 4 41 3 1 7 4 2 33 1 0 3 2 1
8 26 4 1 1 1 0 21 0 3 13 0 4 41 3 1 7 4 3 37 1 0 4 3 1
8 26 4 1 1 1 0 21 0 3 13 0 4 41 3 2 12 4 0 24 2 0 4 0 1
8 26 3 1 1 1 0 21 0 3 13 0 4 41 3 2 12 4 3 35 2 0 3 3 1
8 26 3 1 1 1 0 21 0 3 13 0 4 41 3 4 18 4 0 25 4 0 3 0 1
8 26 4 1 1 1 0 21 0 3 13 0 4 41 3 4 18 4 2 32 4 0 4 2 1
8 26 3 1 1 1 0 21 0 4 17 0 1 34 1 2 18 3 0 25 4 0 3 0 1
8 26 4 1 1 1 0 21 0 4 17 0 1 34 1 2 18 3 2 32 4 0 4 2 1
8 26 2 1 1 1 0 21 0 4 17 0 1 34 1 2 18 3 4 41 4 0 2 4 1
8 26 4 1 1 1 0 21 0 4 17 0 1 34 1 3 19 3 0 24 4 0 4 0 1
8 26 2 1 1 1 0 21 0 4 17 0 1 34 1 3 19 3 2 31 4 0 2 2 1
8 26 3 1 1 1 0 21 0 4 17 0 1 34 1 3 19 3 4 40 4 0 3 4 1
8 26 2 1 1 1 0 21 0 4 17 0 1 34 1 4 20 3 0 23 4 0 2 0 1
8 26 3 1 1 1 0 21 0 4 17 0 1 34 1 4 20 3 2 33 4 0 3 2 1
8 26 4 1 1 1 0 21 0 4 17 0 1 34 1 4 20 3 4 39 4 0 4 4 1
6 26 3 1 1 1 0 21 0 4 17 0 2 35 4 0 3 3 1
8 26 2 1 1 1 0 21 0 4 17 0 2 35 4 1 6 3 2 31 1 0 2 2 1
8 26 4 1 1 1 0 21 0 4 17 0 2 35 4 1 6 3 4 39 1 0 4 4 1
8 26 4 1 1 1 0 21 0 4 17 0 2 35 4 2 12 3 0 24 2 0 4 0 1
8 26 2 1 1 1 0 21 0 4 17 0 2 35 4 2 12 3 4 41 2 0 2 4 1
8 26 2 1 1 1 0 21 0 4 17 0 2 35 4 3 15 3 0 23 3 0 2 0 1
8 26 4 1 1 1 0 21 0 4 17 0 2 35 4 3 15 3 2 32 3 0 4 2 1
6 26 2 1 1 1 0 21 0 4 17 0 3 36 4 0 2 3 1
8 26 4 1 1 1 0 21 0 4 17 0 3 36 4 1 8 3 2 32 1 0 4 2 1
8 26 3 1 1 1 0 21 0 4 17 0 3 36 4 1 8 3 4 40 1 0 3 4 1
8 26 3 1 1 1 0 21 0 4 17 0 3 36 4 2 11 3 0 25 2 0 3 0 1
8 26 4 1 1 1 0 21 0 4 17 0 3 36 4 2 11 3 4 39 2 0 4 4 1
8 26 4 1 1 1 0 21 0 4 17 0 3 36 4 3 14 3 0 24 3 0 4 0 1
8 26 3 1 1 1 0 21 0 4 17 0 3 36 4 3 14 3 2 33 3 0 3 2 1
6 26 4 1 1 1 0 21 0 4 17 0 4 37 4 0 4 3 1
8 26 3 1 1 1 0 21 0 4 17 0 4 37 4 1 7 3 2 33 1 0 3 2 1
8 26 2 1 1 1 0 21 0 4 17 0 4 37 4 1 7 3 4 41 1 0 2 4 1
8 26 2 1 1 1 0 21 0 4 17 0 4 37 4 2 10 3 0 23 2 0 2 0 1
8 26 3 1 1 1 0 21 0 4 17 0 4 37 4 2 10 3 4 40 2 0 3 4 1
8 26 3 1 1 1 0 21 0 4 17 0 4 37 4 3 16 3 0 25 3 0 3 0 1
8 26 2 1 1 1 0 21 0 4 17 0 4 37 4 3 16 3 2 31 3 0 2 2 1
6 26 2 1 1 1 2 27 0 1 6 1 2 31 1 0 2 2 1
8 26 4 1 1 1 2 27 0 1 6 1 2 31 1 2 9 2 3 32 2 0 4 2 1
8 26 3 1 1 1 2 27 0 1 6 1 2 31 1 2 9 2 4 33 2 0 3 2 1
8 26 3 1 1 1 2 27 0 1 6 1 2 31 1 3 16 2 0 25 3 0 3 0 1
8 26 4 1 1 1 2 27 0 1 6 1 2 31 1 3 16 2 3 37 3 0 4 3 1
8 26 4 1 1 1 2 27 0 1 6 1 2 31 1 4 19 2 0 24 4 0 4 0 1
8 26 3 1 1 1 2 27 0 1 6 1 2 31 1 4 19 2 4 40 4 0 3 4 1
6 26 3 1 1 1 2 27 0 1 6 1 3 35 1 0 3 3 1
8 26 4 1 1 1 2 27 0 1 6 1 3 35 1 2 12 3 0 24 2 0 4 0 1
8 26 2 1 1 1 2 27 0 1 6 1 3 35 1 2 12 3 4 41 2 0 2 4 1
8 26 2 1 1 1 2 27 0 1 6 1 3 35 1 3 15 3 0 23 3 0 2 0 1
8 26 4 1 1 1 2 27 0 1 6 1 3 35 1 3 15 3 2 32 3 0 4 2 1
8 26 2 1 1 1 2 27 0 1 6 1 3 35 1 4 17 2 3 36 4 0 2 3 1
8 26 4 1 1 1 2 27 0 1 6 1 3 35 1 4 17 2 4 37 4 0 4 3 1
6 26 4 1 1 1 2 27 0 1 6 1 4 39 1 0 4 4 1
8 26 3 1 1 1 2 27 0 1 6 1 4 39 1 2 11 4 0 25 2 0 3 0 1
8 26 2 1 1 1 2 27 0 1 6 1 4 39 1 2 11 4 3 36 2 0 2 3 1
8 26 3 1 1 1 2 27 0 1 6 1 4 39 1 3 13 2 3 40 3 0 3 4 1
8 26 2 1 1 1 2 27 0 1 6 1 4 39 1 3 13 2 4 41 3 0 2 4 1
8 26 2 1 1 1 2 27 0 1 6 1 4 39 1 4 20 4 0 23 4 0 2 0 1
8 26 3 1 1 1 2 27 0 1 6 1 4 39 1 4 20 4 2 33 4 0 3 2 1
6 26 2 1 1 1 2 27 0 2 10 1 0 23 2 0 2 0 1
8 26 4 1 1 1 2 27 0 2 10 1 0 23 2 1 5 2 3 24 1 0 4 0 1
8 26 3 1 1 1 2 27 0 2 10 1 0 23 2 1 5 2 4 25 1 0 3 0 1
8 26 4 1 1 1 2 27 0 2 10 1 0 23 2 3 15 0 2 32 3 0 4 2 1
8 26 3 1 1 1 2 27 0 2 10 1 0 23 2 3 15 0 3 35 3 0 3 3 1
8 26 3 1 1 1 2 27 0 2 10 1 0 23 2 4 20 0 2 33 4 0 3 2 1
8 26 4 1 1 1 2 27 0 2 10 1 0 23 2 4 20 0 4 39 4 0 4 4 1
8 26 2 1 1 1 2 27 0 2 10 1 2 30 2 1 9 1 2 31 2 0 2 2 1
8 26 4 1 1 1 2 27 0 2 10 1 2 30 2 1 9 1 3 32 2 0 4 2 1
8 26 3 1 1 1 2 27 0 2 10 1 2 30 2 1 9 1 4 33 2 0 3 2 1
8 26 3 1 1 1 2 27 0 2 10 1 2 30 2 3 11 2 0 25 2 0 3 0 1
8 26 2 1 1 1 2 27 0 2 10 1 2 30 2 3 11 2 3 36 2 0 2 3 1
8 26 4 1 1 1 2 27 0 2 10 1 2 30 2 3 11 2 4 39 2 0 4 4 1
8 26 4 1 1 1 2 27 0 2 10 1 2 30 2 4 12 2 0 24 2 0 4 0 1
8 26 3 1 1 1 2 27 0 2 10 1 2 30 2 4 12 2 3 35 2 0 3 3 1
8 26 2 1 1 1 2 27 0 2 10 1 2 30 2 4 12 2 4 41 2 0 2 4 1
6 26 4 1 1 1 2 27 0 2 10 1 3 37 2 0 4 3 1
8 26 3 1 1 1 2 27 0 2 10 1 3 37 2 1 7 3 2 33 1 0 3 2 1
8 26 2 1 1 1 2 27 0 2 10 1 3 37 2 1 7 3 4 41 1 0 2 4 1
8 26 3 1 1 1 2 27 0 2 10 1 3 37 2 3 16 3 0 25 3 0 3 0 1
8 26 2 1 1 1 2 27 0 2 10 1 3 37 2 3 16 3 2 31 3 0 2 2 1
8 26 3 1 1 1 2 27 0 2 10 1 3 37 2 4 17 4 2 35 4 0 3 3 1
8 26 2 1 1 1 2 27 0 2 10 1 3 37 2 4 17 4 3 36 4 0 2 3 1
6 26 3 1 1 1 2 27 0 2 10 1 4 40 2 0 3 4 1
8 26 4 1 1 1 2 27 0 2 10 1 4 40 2 1 8 4 2 32 1 0 4 2 1
8 26 2 1 1 1 2 27 0 2 10 1 4 40 2 1 8 4 3 36 1 0 2 3 1
8 26 4 1 1 1 2 27 0 2 10 1 4 40 2 3 13 3 2 39 3 0 4 4 1
8 26 2 1 1 1 2 27 0 2 10 1 4 40 2 3 13 3 4 41 3 0 2 4 1
8 26 4 1 1 1 2 27 0 2 10 1 4 40 2 4 19 4 0 24 4 0 4 0 1
8 26 2 1 1 1 2 27 0 2 10 1 4 40 2 4 19 4 2 31 4 0 2 2 1
6 26 4 1 1 1 2 27 0 3 14 1 0 24 3 0 4 0 1
8 26 2 1 1 1 2 27 0 3 14 1 0 24 3 1 5 3 2 23 1 0 2 0 1
8 26 3 1 1 1 2 27 0 3 14 1 0 24 3 1 5 3 4 25 1 0 3 0 1
8 26 3 1 1 1 2 27 0 3 14 1 0 24 3 2 12 0 3 35 2 0 3 3 1
8 26 2 1 1 1 2 27 0 3 14 1 0 24 3 2 12 0 4 41 2 0 2 4 1
8 26 2 1 1 1 2 27 0 3 14 1 0 24 3 4 19 0 2 31 4 0 2 2 1
8 26 3 1 1 1 2 27 0 3 14 1 0 24 3 4 19 0 4 40 4 0 3 4 1
6 26 3 1 1 1 2 27 0 3 14 1 2 33 3 0 3 2 1
8 26 4 1 1 1 2 27 0 3 14 1 2 33 3 1 7 2 3 37 1 0 4 3 1
8 26 2 1 1 1 2 27 0 3 14 1 2 33 3 1 7 2 4 41 1 0 2 4 1
8 26 2 1 1 1 2 27 0 3 14 1 2 33 3 2 9 4 2 31 2 0 2 2 1
8 26 4 1 1 1 2 27 0 3 14 1 2 33 3 2 9 4 3 32 2 0 4 2 1
8 26 2 1 1 1 2 27 0 3 14 1 2 33 3 4 20 2 0 23 4 0 2 0 1
8 26 4 1 1 1 2 27 0 3 14 1 2 33 3 4 20 2 4 39 4 0 4 4 1
6 26 2 1 1 1 2 27 0 3 14 1 3 36 3 0 2 3 1
8 26 4 1 1 1 2 27 0 3 14 1 3 36 3 1 8 3 2 32 1 0 4 2 1
8 26 3 1 1 1 2 27 0 3 14 1 3 36 3 1 8 3 4 40 1 0 3 4 1
8 26 3 1 1 1 2 27 0 3 14 1 3 36 3 2 11 3 0 25 2 0 3 0 1
8 26 4 1 1 1 2 27 0 3 14 1 3 36 3 2 11 3 4 39 2 0 4 4 1
8 26 3 1 1 1 2 27 0 3 14 1 3 36 3 4 17 3 2 35 4 0 3 3 1
8 26 4 1 1 1 2 27 0 3 14 1 3 36 3 4 17 3 4 37 4 0 4 3 1
8 26 4 1 1 1 2 27 0 3 14 1 4 38 2 1 13 1 2 39 3 0 4 4 1
8 26 3 1 1 1 2 27 0 3 14 1 4 38 2 1 13 1 3 40 3 0 3 4 1
8 26 2 1 1 1 2 27 0 3 14 1 4 38 2 1 13 1 4 41 3 0 2 4 1
8 26 2 1 1 1 2 27 0 3 14 1 4 38 2 3 15 4 0 23 3 0 2 0 1
8 26 4 1 1 1 2 27 0 3 14 1 4 38 2 3 15 4 2 32 3 0 4 2 1
8 26 3 1 1 1 2 27 0 3 14 1 4 38 2 3 15 4 3 35 3 0 3 3 1
8 26 3 1 1 1 2 27 0 3 14 1 4 38 2 4 16 4 0 25 3 0 3 0 1
8 26 2 1 1 1 2 27 0 3 14 1 4 38 2 4 16 4 2 31 3 0 2 2 1
8 26 4 1 1 1 2 27 0 3 14 1 4 38 2 4 16 4 3 37 3 0 4 3 1
6 26 3 1 1 1 2 27 0 4 18 1 0 25 4 0 3 0 1
8 26 2 1 1 1 2 27 0 4 18 1 0 25 4 1 5 4 2 23 1 0 2 0 1
8 26 4 1 1 1 2 27 0 4 18 1 0 25 4 1 5 4 3 24 1 0 4 0 1
8 26 2 1 1 1 2 27 0 4 18 1 0 25 4 2 11 0 3 36 2 0 2 3 1
8 26 4 1 1 1 2 27 0 4 18 1 0 25 4 2 11 0 4 39 2 0 4 4 1
8 26 2 1 1 1 2 27 0 4 18 1 0 25 4 3 16 0 2 31 3 0 2 2 1
8 26 4 1 1 1 2 27 0 4 18 1 0 25 4 3 16 0 3 37 3 0 4 3 1
6 26 4 1 1 1 2 27 0 4 18 1 2 32 4 0 4 2 1
8 26 2 1 1 1 2 27 0 4 18 1 2 32 4 1 8 2 3 36 1 0 2 3 1
8 26 3 1 1 1 2 27 0 4 18 1 2 32 4 1 8 2 4 40 1 0 3 4 1
8 26 2 1 1 1 2 27 0 4 18 1 2 32 4 2 9 3 2 31 2 0 2 2 1
8 26 3 1 1 1 2 27 0 4 18 1 2 32 4 2 9 3 4 33 2 0 3 2 1
8 26 2 1 1 1 2 27 0 4 18 1 2 32 4 3 15 2 0 23 3 0 2 0 1
8 26 3 1 1 1 2 27 0 4 18 1 2 32 4 3 15 2 3 35 3 0 3 3 1
8 26 3 1 1 1 2 27 0 4 18 1 3 34 2 1 17 1 2 35 4 0 3 3 1
8 26 2 1 1 1 2 27 0 4 18 1 3 34 2 1 17 1 3 36 4 0 2 3 1
8 26 4 1 1 1 2 27 0 4 18 1 3 34 2 1 17 1 4 37 4 0 4 3 1
8 26 4 1 1 1 2 27 0 4 18 1 3 34 2 3 19 3 0 24 4 0 4 0 1
8 26 2 1 1 1 2 27 0 4 18 1 3 34 2 3 19 3 2 31 4 0 2 2 1
8 26 3 1 1 1 2 27 0 4 18 1 3 34 2 3 19 3 4 40 4 0 3 4 1
8 26 2 1 1 1 2 27 0 4 18 1 3 34 2 4 20 3 0 23 4 0 2 0 1
8 26 3 1 1 1 2 27 0 4 18 1 3 34 2 4 20 3 2 33 4 0 3 2 1
8 26 4 1 1 1 2 27 0 4 18 1 3 34 2 4 20 3 4 39 4 0 4 4 1
6 26 2 1 1 1 2 27 0 4 18 1 4 41 4 0 2 4 1
8 26 3 1 1 1 2 27 0 4 18 1 4 41 4 1 7 4 2 33 1 0 3 2 1
8 26 4 1 1 1 2 27 0 4 18 1 4 41 4 1 7 4 3 37 1 0 4 3 1
8 26 4 1 1 1 2 27 0 4 18 1 4 41 4 2 12 4 0 24 2 0 4 0 1
8 26 3 1 1 1 2 27 0 4 18 1 4 41 4 2 12 4 3 35 2 0 3 3 1
8 26 4 1 1 1 2 27 0 4 18 1 4 41 4 3 13 4 2 39 3 0 4 4 1
8 26 3 1 1 1 2 27 0 4 18 1 4 41 4 3 13 4 3 40 3 0 3 4 1
6 26 4 1 1 1 3 28 0 1 8 1 2 32 1 0 4 2 1
8 26 2 1 1 1 3 28 0 1 8 1 2 32 1 2 9 3 2 31 2 0 2 2 1
8 26 3 1 1 1 3 28 0 1 8 1 2 32 1 2 9 3 4 33 2 0 3 2 1
8 26 2 1 1 1 3 28 0 1 8 1 2 32 1 3 15 2 0 23 3 0 2 0 1
8 26 3 1 1 1 3 28 0 1 8 1 2 32 1 3 15 2 3 35 3 0 3 3 1
8 26 3 1 1 1 3 28 0 1 8 1 2 32 1 4 18 2 0 25 4 0 3 0 1
8 26 2 1 1 1 3 28 0 1 8 1 2 32 1 4 18 2 4 41 4 0 2 4 1
6 26 2 1 1 1 3 28 0 1 8 1 3 36 1 0 2 3 1
8 26 3 1 1 1 3 28 0 1 8 1 3 36 1 2 11 3 0 25 2 0 3 0 1
8 26 4 1 1 1 3 28 0 1 8 1 3 36 1 2 11 3 4 39 2 0 4 4 1
8 26 4 1 1 1 3 28 0 1 8 1 3 36 1 3 14 3 0 24 3 0 4 0 1
8 26 3 1 1 1 3 28 0 1 8 1 3 36 1 3 14 3 2 33 3 0 3 2 1
8 26 3 1 1 1 3 28 0 1 8 1 3 36 1 4 17 3 2 35 4 0 3 3 1
8 26 4 1 1 1 3 28 0 1 8 1 3 36 1 4 17 3 4 37 4 0 4 3 1
6 26 3 1 1 1 3 28 0 1 8 1 4 40 1 0 3 4 1
8 26 2 1 1 1 3 28 0 1 8 1 4 40 1 2 10 4 0 23 2 0 2 0 1
8 26 4 1 1 1 3 28 0 1 8 1 4 40 1 2 10 4 3 37 2 0 4 3 1
8 26 4 1 1 1 3 28 0 1 8 1 4 40 1 3 13 3 2 39 3 0 4 4 1
8 26 2 1 1 1 3 28 0 1 8 1 4 40 1 3 13 3 4 41 3 0 2 4 1
8 26 4 1 1 1 3 28 0 1 8 1 4 40 1 4 19 4 0 24 4 0 4 0 1
8 26 2 1 1 1 3 28 0 1 8 1 4 40 1 4 19 4 2 31 4 0 2 2 1
6 26 4 1 1 1 3 28 0 2 12 1 0 24 2 0 4 0 1
8 26 2 1 1 1 3 28 0 2 12 1 0 24 2 1 5 3 2 23 1 0 2 0 1
8 26 3 1 1 1 3 28 0 2 12 1 0 24 2 1 5 3 4 25 1 0 3 0 1
8 26 3 1 1 1 3 28 0 2 12 1 0 24 2 3 14 0 2 33 3 0 3 2 1
8 26 2 1 1 1 3 28 0 2 12 1 0 24 2 3 14 0 3 36 3 0 2 3 1
8 26 2 1 1 1 3 28 0 2 12 1 0 24 2 4 19 0 2 31 4 0 2 2 1
8 26 3 1 1 1 3 28 0 2 12 1 0 24 2 4 19 0 4 40 4 0 3 4 1
8 26 2 1 1 1 3 28 0 2 12 1 2 30 4 1 9 1 2 31 2 0 2 2 1
8 26 4 1 1 1 3 28 0 2 12 1 2 30 4 1 9 1 3 32 2 0 4 2 1
8 26 3 1 1 1 3 28 0 2 12 1 2 30 4 1 9 1 4 33 2 0 3 2 1
8 26 2 1 1 1 3 28 0 2 12 1 2 30 4 2 10 2 0 23 2 0 2 0 1
8 26 4 1 1 1 3 28 0 2 12 1 2 30 4 2 10 2 3 37 2 0 4 3 1
8 26 3 1 1 1 3 28 0 2 12 1 2 30 4 2 10 2 4 40 2 0 3 4 1
8 26 3 1 1 1 3 28 0 2 12 1 2 30 4 3 11 2 0 25 2 0 3 0 1
8 26 2 1 1 1 3 28 0 2 12 1 2 30 4 3 11 2 3 36 2 0 2 3 1
8 26 4 1 1 1 3 28 0 2 12 1 2 30 4 3 11 2 4 39 2 0 4 4 1
6 26 3 1 1 1 3 28 0 2 12 1 3 35 2 0 3 3 1
8 26 2 1 1 1 3 28 0 2 12 1 3 35 2 1 6 3 2 31 1 0 2 2 1
8 26 4 1 1 1 3 28 0 2 12 1 3 35 2 1 6 3 4 39 1 0 4 4 1
8 26 2 1 1 1 3 28 0 2 12 1 3 35 2 3 15 3 0 23 3 0 2 0 1
8 26 4 1 1 1 3 28 0 2 12 1 3 35 2 3 15 3 2 32 3 0 4 2 1
8 26 2 1 1 1 3 28 0 2 12 1 3 35 2 4 17 2 3 36 4 0 2 3 1
8 26 4 1 1 1 3 28 0 2 12 1 3 35 2 4 17 2 4 37 4 0 4 3 1
6 26 2 1 1 1 3 28 0 2 12 1 4 41 2 0 2 4 1
8 26 3 1 1 1 3 28 0 2 12 1 4 41 2 1 7 4 2 33 1 0 3 2 1
8 26 4 1 1 1 3 28 0 2 12 1 4 41 2 1 7 4 3 37 1 0 4 3 1
8 26 4 1 1 1 3 28 0 2 12 1 4 41 2 3 13 4 2 39 3 0 4 4 1
8 26 3 1 1 1 3 28 0 2 12 1 4 41 2 3 13 4 3 40 3 0 3 4 1
8 26 3 1 1 1 3 28 0 2 12 1 4 41 2 4 18 4 0 25 4 0 3 0 1
8 26 4 1 1 1 3 28 0 2 12 1 4 41 2 4 18 4 2 32 4 0 4 2 1
6 26 3 1 1 1 3 28 0 3 16 1 0 25 3 0 3 0 1
8 26 2 1 1 1 3 28 0 3 16 1 0 25 3 1 5 4 2 23 1 0 2 0 1
8 26 4 1 1 1 3 28 0 3 16 1 0 25 3 1 5 4 3 24 1 0 4 0 1
8 26 2 1 1 1 3 28 0 3 16 1 0 25 3 2 11 0 3 36 2 0 2 3 1
8 26 4 1 1 1 3 28 0 3 16 1 0 25 3 2 11 0 4 39 2 0 4 4 1
8 26 4 1 1 1 3 28 0 3 16 1 0 25 3 4 18 0 2 32 4 0 4 2 1
8 26 2 1 1 1 3 28 0 3 16 1 0 25 3 4 18 0 4 41 4 0 2 4 1
6 26 2 1 1 1 3 28 0 3 16 1 2 31 3 0 2 2 1
8 26 3 1 1 1 3 28 0 3 16 1 2 31 3 1 6 2 3 35 1 0 3 3 1
8 26 4 1 1 1 3 28 0 3 16 1 2 31 3 1 6 2 4 39 1 0 4 4 1
8 26 4 1 1 1 3 28 0 3 16 1 2 31 3 2 9 2 3 32 2 0 4 2 1
8 26 3 1 1 1 3 28 0 3 16 1 2 31 3 2 9 2 4 33 2 0 3 2 1
8 26 4 1 1 1 3 28 0 3 16 1 2 31 3 4 19 2 0 24 4 0 4 0 1
8 26 3 1 1 1 3 28 0 3 16 1 2 31 3 4 19 2 4 40 4 0 3 4 1
6 26 4 1 1 1 3 28 0 3 16 1 3 37 3 0 4 3 1
8 26 3 1 1 1 3 28 0 3 16 1 3 37 3 1 7 3 2 33 1 0 3 2 1
8 26 2 1 1 1 3 28 0 3 16 1 3 37 3 1 7 3 4 41 1 0 2 4 1
8 26 2 1 1 1 3 28 0 3 16 1 3 37 3 2 10 3 0 23 2 0 2 0 1
8 26 3 1 1 1 3 28 0 3 16 1 3 37 3 2 10 3 4 40 2 0 3 4 1
8 26 3 1 1 1 3 28 0 3 16 1 3 37 3 4 17 4 2 35 4 0 3 3 1
8 26 2 1 1 1 3 28 0 3 16 1 3 37 3 4 17 4 3 36 4 0 2 3 1
8 26 4 1 1 1 3 28 0 3 16 1 4 38 4 1 13 1 2 39 3 0 4 4 1
8 26 3 1 1 1 3 28 0 3 16 1 4 38 4 1 13 1 3 40 3 0 3 4 1
8 26 2 1 1 1 3 28 0 3 16 1 4 38 4 1 13 1 4 41 3 0 2 4 1
8 26 4 1 1 1 3 28 0 3 16 1 4 38 4 2 14 4 0 24 3 0 4 0 1
8 26 3 1 1 1 3 28 0 3 16 1 4 38 4 2 14 4 2 33 3 0 3 2 1
8 26 2 1 1 1 3 28 0 3 16 1 4 38 4 2 14 4 3 36 3 0 2 3 1
8 26 2 1 1 1 3 28 0 3 16 1 4 38 4 3 15 4 0 23 3 0 2 0 1
8 26 4 1 1 1 3 28 0 3 16 1 4 38 4 3 15 4 2 32 3 0 4 2 1
8 26 3 1 1 1 3 28 0 3 16 1 4 38 4 3 15 4 3 35 3 0 3 3 1
6 26 2 1 1 1 3 28 0 4 20 1 0 23 4 0 2 0 1
8 26 4 1 1 1 3 28 0 4 20 1 0 23 4 1 5 2 3 24 1 0 4 0 1
8 26 3 1 1 1 3 28 0 4 20 1 0 23 4 1 5 2 4 25 1 0 3 0 1
8 26 4 1 1 1 3 28 0 4 20 1 0 23 4 2 10 0 3 37 2 0 4 3 1
8 26 3 1 1 1 3 28 0 4 20 1 0 23 4 2 10 0 4 40 2 0 3 4 1
8 26 4 1 1 1 3 28 0 4 20 1 0 23 4 3 15 0 2 32 3 0 4 2 1
8 26 3 1 1 1 3 28 0 4 20 1 0 23 4 3 15 0 3 35 3 0 3 3 1
6 26 3 1 1 1 3 28 0 4 20 1 2 33 4 0 3 2 1
8 26 4 1 1 1 3 28 0 4 20 1 2 33 4 1 7 2 3 37 1 0 4 3 1
8 26 2 1 1 1 3 28 0 4 20 1 2 33 4 1 7 2 4 41 1 0 2 4 1
8 26 2 1 1 1 3 28 0 4 20 1 2 33 4 2 9 4 2 31 2 0 2 2 1
8 26 4 1 1 1 3 28 0 4 20 1 2 33 4 2 9 4 3 32 2 0 4 2 1
8 26 4 1 1 1 3 28 0 4 20 1 2 33 4 3 14 2 0 24 3 0 4 0 1
8 26 2 1 1 1 3 28 0 4 20 1 2 33 4 3 14 2 3 36 3 0 2 3 1
8 26 3 1 1 1 3 28 0 4 20 1 3 34 4 1 17 1 2 35 4 0 3 3 1
8 26 2 1 1 1 3 28 0 4 20 1 3 34 4 1 17 1 3 36 4 0 2 3 1
8 26 4 1 1 1 3 28 0 4 20 1 3 34 4 1 17 1 4 37 4 0 4 3 1
8 26 3 1 1 1 3 28 0 4 20 1 3 34 4 2 18 3 0 25 4 0 3 0 1
8 26 4 1 1 1 3 28 0 4 20 1 3 34 4 2 18 3 2 32 4 0 4 2 1
8 26 2 1 1 1 3 28 0 4 20 1 3 34 4 2 18 3 4 41 4 0 2 4 1
8 26 4 1 1 1 3 28 0 4 20 1 3 34 4 3 19 3 0 24 4 0 4 0 1
8 26 2 1 1 1 3 28 0 4 20 1 3 34 4 3 19 3 2 31 4 0 2 2 1
8 26 3 1 1 1 3 28 0 4 20 1 3 34 4 3 19 3 4 40 4 0 3 4 1
6 26 4 1 1 1 3 28 0 4 20 1 4 39 4 0 4 4 1
8 26 2 1 1 1 3 28 0 4 20 1 4 39 4 1 6 4 2 31 1 0 2 2 1
8 26 3 1 1 1 3 28 0 4 20 1 4 39 4 1 6 4 3 35 1 0 3 3 1
8 26 3 1 1 1 3 28 0 4 20 1 4 39 4 2 11 4 0 25 2 0 3 0 1
8 26 2 1 1 1 3 28 0 4 20 1 4 39 4 2 11 4 3 36 2 0 2 3 1
8 26 3 1 1 1 3 28 0 4 20 1 4 39 4 3 13 2 3 40 3 0 3 4 1
8 26 2 1 1 1 3 28 0 4 20 1 4 39 4 3 13 2 4 41 3 0 2 4 1
6 26 3 1 1 1 4 29 0 1 7 1 2 33 1 0 3 2 1
8 26 2 1 1 1 4 29 0 1 7 1 2 33 1 2 9 4 2 31 2 0 2 2 1
8 26 4 1 1 1 4 29 0 1 7 1 2 33 1 2 9 4 3 32 2 0 4 2 1
8 26 4 1 1 1 4 29 0 1 7 1 2 33 1 3 14 2 0 24 3 0 4 0 1
8 26 2 1 1 1 4 29 0 1 7 1 2 33 1 3 14 2 3 36 3 0 2 3 1
8 26 2 1 1 1 4 29 0 1 7 1 2 33 1 4 20 2 0 23 4 0 2 0 1
8 26 4 1 1 1 4 29 0 1 7 1 2 33 1 4 20 2 4 39 4 0 4 4 1
6 26 4 1 1 1 4 29 0 1 7 1 3 37 1 0 4 3 1
8 26 2 1 1 1 4 29 0 1 7 1 3 37 1 2 10 3 0 23 2 0 2 0 1
8 26 3 1 1 1 4 29 0 1 7 1 3 37 1 2 10 3 4 40 2 0 3 4 1
8 26 3 1 1 1 4 29 0 1 7 1 3 37 1 3 16 3 0 25 3 0 3 0 1
8 26 2 1 1 1 4 29 0 1 7 1 3 37 1 3 16 3 2 31 3 0 2 2 1
8 26 3 1 1 1 4 29 0 1 7 1 3 37 1 4 17 4 2 35 4 0 3 3 1
8 26 2 1 1 1 4 29 0 1 7 1 3 37 1 4 17 4 3 36 4 0 2 3 1
6 26 2 1 1 1 4 29 0 1 7 1 4 41 1 0 2 4 1
8 26 4 1 1 1 4 29 0 1 7 1 4 41 1 2 12 4 0 24 2 0 4 0 1
8 26 3 1 1 1 4 29 0 1 7 1 4 41 1 2 12 4 3 35 2 0 3 3 1
8 26 4 1 1 1 4 29 0 1 7 1 4 41 1 3 13 4 2 39 3 0 4 4 1
8 26 3 1 1 1 4 29 0 1 7 1 4 41 1 3 13 4 3 40 3 0 3 4 1
8 26 3 1 1 1 4 29 0 1 7 1 4 41 1 4 18 4 0 25 4 0 3 0 1
8 26 4 1 1 1 4 29 0 1 7 1 4 41 1 4 18 4 2 32 4 0 4 2 1
6 26 3 1 1 1 4 29 0 2 11 1 0 25 2 0 3 0 1
8 26 2 1 1 1 4 29 0 2 11 1 0 25 2 1 5 4 2 23 1 0 2 0 1
8 26 4 1 1 1 4 29 0 2 11 1 0 25 2 1 5 4 3 24 1 0 4 0 1
8 26 2 1 1 1 4 29 0 2 11 1 0 25 2 3 16 0 2 31 3 0 2 2 1
8 26 4 1 1 1 4 29 0 2 11 1 0 25 2 3 16 0 3 37 3 0 4 3 1
8 26 4 1 1 1 4 29 0 2 11 1 0 25 2 4 18 0 2 32 4 0 4 2 1
8 26 2 1 1 1 4 29 0 2 11 1 0 25 2 4 18 0 4 41 4 0 2 4 1
8 26 2 1 1 1 4 29 0 2 11 1 2 30 3 1 9 1 2 31 2 0 2 2 1
8 26 4 1 1 1 4 29 0 2 11 1 2 30 3 1 9 1 3 32 2 0 4 2 1
8 26 3 1 1 1 4 29 0 2 11 1 2 30 3 1 9 1 4 33 2 0 3 2 1
8 26 2 1 1 1 4 29 0 2 11 1 2 30 3 2 10 2 0 23 2 0 2 0 1
8 26 4 1 1 1 4 29 0 2 11 1 2 30 3 2 10 2 3 37 2 0 4 3 1
8 26 3 1 1 1 4 29 0 2 11 1 2 30 3 2 10 2 4 40 2 0 3 4 1
8 26 4 1 1 1 4 29 0 2 11 1 2 30 3 4 12 2 0 24 2 0 4 0 1
8 26 3 1 1 1 4 29 0 2 11 1 2 30 3 4 12 2 3 35 2 0 3 3 1
8 26 2 1 1 1 4 29 0 2 11 1 2 30 3 4 12 2 4 41 2 0 2 4 1
6 26 2 1 1 1 4 29 0 2 11 1 3 36 2 0 2 3 1
8 26 4 1 1 1 4 29 0 2 11 1 3 36 2 1 8 3 2 32 1 0 4 2 1
8 26 3 1 1 1 4 29 0 2 11 1 3 36 2 1 8 3 4 40 1 0 3 4 1
8 26 4 1 1 1 4 29 0 2 11 1 3 36 2 3 14 3 0 24 3 0 4 0 1
8 26 3 1 1 1 4 29 0 2 11 1 3 36 2 3 14 3 2 33 3 0 3 2 1
8 26 3 1 1 1 4 29 0 2 11 1 3 36 2 4 17 3 2 35 4 0 3 3 1
8 26 4 1 1 1 4 29 0 2 11 1 3 36 2 4 17 3 4 37 4 0 4 3 1
6 26 4 1 1 1 4 29 0 2 11 1 4 39 2 0 4 4 1
8 26 2 1 1 1 4 29 0 2 11 1 4 39 2 1 6 4 2 31 1 0 2 2 1
8 26 3 1 1 1 4 29 0 2 11 1 4 39 2 1 6 4 3 35 1 0 3 3 1
8 26 3 1 1 1 4 29 0 2 11 1 4 39 2 3 13 2 3 40 3 0 3 4 1
8 26 2 1 1 1 4 29 0 2 11 1 4 39 2 3 13 2 4 41 3 0 2 4 1
8 26 2 1 1 1 4 29 0 2 11 1 4 39 2 4 20 4 0 23 4 0 2 0 1
8 26 3 1 1 1 4 29 0 2 11 1 4 39 2 4 20 4 2 33 4 0 3 2 1
6 26 2 1 1 1 4 29 0 3 15 1 0 23 3 0 2 0 1
8 26 4 1 1 1 4 29 0 3 15 1 0 23 3 1 5 2 3 24 1 0 4 0 1
8 26 3 1 1 1 4 29 0 3 15 1 0 23 3 1 5 2 4 25 1 0 3 0 1
8 26 4 1 1 1 4 29 0 3 15 1 0 23 3 2 10 0 3 37 2 0 4 3 1
8 26 3 1 1 1 4 29 0 3 15 1 0 23 3 2 10 0 4 40 2 0 3 4 1
8 26 3 1 1 1 4 29 0 3 15 1 0 23 3 4 20 0 2 33 4 0 3 2 1
8 26 4 1 1 1 4 29 0 3 15 1 0 23 3 4 20 0 4 39 4 0 4 4 1
6 26 4 1 1 1 4 29 0 3 15 1 2 32 3 0 4 2 1
8 26 2 1 1 1 4 29 0 3 15 1 2 32 3 1 8 2 3 36 1 0 2 3 1
8 26 3 1 1 1 4 29 0 3 15 1 2 32 3 1 8 2 4 40 1 0 3 4 1
8 26 2 1 1 1 4 29 0 3 15 1 2 32 3 2 9 3 2 31 2 0 2 2 1
8 26 3 1 1 1 4 29 0 3 15 1 2 32 3 2 9 3 4 33 2 0 3 2 1
8 26 3 1 1 1 4 29 0 3 15 1 2 32 3 4 18 2 0 25 4 0 3 0 1
8 26 2 1 1 1 4 29 0 3 15 1 2 32 3 4 18 2 4 41 4 0 2 4 1
6 26 3 1 1 1 4 29 0 3 15 1 3 35 3 0 3 3 1
8 26 2 1 1 1 4 29 0 3 15 1 3 35 3 1 6 3 2 31 1 0 2 2 1
8 26 4 1 1 1 4 29 0 3 15 1 3 35 3 1 6 3 4 39 1 0 4 4 1
8 26 4 1 1 1 4 29 0 3 15 1 3 35 3 2 12 3 0 24 2 0 4 0 1
8 26 2 1 1 1 4 29 0 3 15 1 3 35 3 2 12 3 4 41 2 0 2 4 1
8 26 2 1 1 1 4 29 0 3 15 1 3 35 3 4 17 2 3 36 4 0 2 3 1
8 26 4 1 1 1 4 29 0 3 15 1 3 35 3 4 17 2 4 37 4 0 4 3 1
8 26 4 1 1 1 4 29 0 3 15 1 4 38 3 1 13 1 2 39 3 0 4 4 1
8 26 3 1 1 1 4 29 0 3 15 1 4 38 3 1 13 1 3 40 3 0 3 4 1
8 26 2 1 1 1 4 29 0 3 15 1 4 38 3 1 13 1 4 41 3 0 2 4 1
8 26 4 1 1 1 4 29 0 3 15 1 4 38 3 2 14 4 0 24 3 0 4 0 1
8 26 3 1 1 1 4 29 0 3 15 1 4 38 3 2 14 4 2 33 3 0 3 2 1
8 26 2 1 1 1 4 29 0 3 15 1 4 38 3 2 14 4 3 36 3 0 2 3 1
8 26 3 1 1 1 4 29 0 3 15 1 4 38 3 4 16 4 0 25 3 0 3 0 1
8 26 2 1 1 1 4 29 0 3 15 1 4 38 3 4 16 4 2 31 3 0 2 2 1
8 26 4 1 1 1 4 29 0 3 15 1 4 38 3 4 16 4 3 37 3 0 4 3 1
6 26 4 1 1 1 4 29 0 4 19 1 0 24 4 0 4 0 1
8 26 2 1 1 1 4 29 0 4 19 1 0 24 4 1 5 3 2 23 1 0 2 0 1
8 26 3 1 1 1 4 29 0 4 19 1 0 24 4 1 5 3 4 25 1 0 3 0 1
8 26 3 1 1 1 4 29 0 4 19 1 0 24 4 2 12 0 3 35 2 0 3 3 1
8 26 2 1 1 1 4 29 0 4 19 1 0 24 4 2 12 0 4 41 2 0 2 4 1
8 26 3 1 1 1 4 29 0 4 19 1 0 24 4 3 14 0 2 33 3 0 3 2 1
8 26 2 1 1 1 4 29 0 4 19 1 0 24 4 3 14 0 3 36 3 0 2 3 1
6 26 2 1 1 1 4 29 0 4 19 1 2 31 4 0 2 2 1
8 26 3 1 1 1 4 29 0 4 19 1 2 31 4 1 6 2 3 35 1 0 3 3 1
8 26 4 1 1 1 4 29 0 4 19 1 2 31 4 1 6 2 4 39 1 0 4 4 1
8 26 4 1 1 1 4 29 0 4 19 1 2 31 4 2 9 2 3 32 2 0 4 2 1
8 26 3 1 1 1 4 29 0 4 19 1 2 31 4 2 9 2 4 33 2 0 3 2 1
8 26 3 1 1 1 4 29 0 4 19 1 2 31 4 3 16 2 0 25 3 0 3 0 1
8 26 4 1 1 1 4 29 0 4 19 1 2 31 4 3 16 2 3 37 3 0 4 3 1
8 26 3 1 1 1 4 29 0 4 19 1 3 34 3 1 17 1 2 35 4 0 3 3 1
8 26 2 1 1 1 4 29 0 4 19 1 3 34 3 1 17 1 3 36 4 0 2 3 1
8 26 4 1 1 1 4 29 0 4 19 1 3 34 3 1 17 1 4 37 4 0 4 3 1
8 26 3 1 1 1 4 29 0 4 19 1 3 34 3 2 18 3 0 25 4 0 3 0 1
8 26 4 1 1 1 4 29 0 4 19 1 3 34 3 2 18 3 2 32 4 0 4 2 1
8 26 2 1 1 1 4 29 0 4 19 1 3 34 3 2 18 3 4 41 4 0 2 4 1
8 26 2 1 1 1 4 29 0 4 19 1 3 34 3 4 20 3 0 23 4 0 2 0 1
8 26 3 1 1 1 4 29 0 4 19 1 3 34 3 4 20 3 2 33 4 0 3 2 1
8 26 4 1 1 1 4 29 0 4 19 1 3 34 3 4 20 3 4 39 4 0 4 4 1
6 26 3 1 1 1 4 29 0 4 19 1 4 40 4 0 3 4 1
8 26 4 1 1 1 4 29 0 4 19 1 4 40 4 1 8 4 2 32 1 0 4 2 1
8 26 2 1 1 1 4 29 0 4 19 1 4 40 4 1 8 4 3 36 1 0 2 3 1
8 26 2 1 1 1 4 29 0 4 19 1 4 40 4 2 10 4 0 23 2 0 2 0 1
8 26 4 1 1 1 4 29 0 4 19 1 4 40 4 2 10 4 3 37 2 0 4 3 1
8 26 4 1 1 1 4 29 0 4 19 1 4 40 4 3 13 3 2 39 3 0 4 4 1
8 26 2 1 1 1 4 29 0 4 19 1 4 40 4 3 13 3 4 41 3 0 2 4 1
8 26 4 2 2 1 0 23 0 1 5 2 0 21 1 2 9 0 3 32 2 0 4 2 1
8 26 3 2 2 1 0 23 0 1 5 2 0 21 1 2 9 0 4 33 2 0 3 2 1
8 26 4 2 2 1 0 23 0 1 5 2 0 21 1 3 13 0 2 39 3 0 4 4 1
8 26 3 2 2 1 0 23 0 1 5 2 0 21 1 3 13 0 3 40 3 0 3 4 1
8 26 3 2 2 1 0 23 0 1 5 2 0 21 1 4 17 0 2 35 4 0 3 3 1
8 26 4 2 2 1 0 23 0 1 5 2 0 21 1 4 17 0 4 37 4 0 4 3 1
6 26 4 2 2 1 0 23 0 1 5 2 3 24 1 0 4 0 1
8 26 3 2 2 1 0 23 0 1 5 2 3 24 1 2 12 0 3 35 2 0 3 3 1
8 26 3 2 2 1 0 23 0 1 5 2 3 24 1 3 14 0 2 33 3 0 3 2 1
8 26 3 2 2 1 0 23 0 1 5 2 3 24 1 4 19 0 4 40 4 0 3 4 1
6 26 3 2 2 1 0 23 0 1 5 2 4 25 1 0 3 0 1
8 26 4 2 2 1 0 23 0 1 5 2 4 25 1 2 11 0 4 39 2 0 4 4 1
8 26 4 2 2 1 0 23 0 1 5 2 4 25 1 3 16 0 3 37 3 0 4 3 1
8 26 4 2 2 1 0 23 0 1 5 2 4 25 1 4 18 0 2 32 4 0 4 2 1
8 26 3 2 2 1 0 23 0 2 10 0 1 27 2 1 6 1 3 35 1 0 3 3 1
8 26 4 2 2 1 0 23 0 2 10 0 1 27 2 1 6 1 4 39 1 0 4 4 1
8 26 4 2 2 1 0 23 0 2 10 0 1 27 2 3 14 1 0 24 3 0 4 0 1
8 26 3 2 2 1 0 23 0 2 10 0 1 27 2 3 14 1 2 33 3 0 3 2 1
8 26 3 2 2 1 0 23 0 2 10 0 1 27 2 4 18 1 0 25 4 0 3 0 1
8 26 4 2 2 1 0 23 0 2 10 0 1 27 2 4 18 1 2 32 4 0 4 2 1
8 26 4 2 2 1 0 23 0 2 10 0 2 30 2 1 9 1 3 32 2 0 4 2 1
8 26 3 2 2 1 0 23 0 2 10 0 2 30 2 1 9 1 4 33 2 0 3 2 1
8 26 3 2 2 1 0 23 0 2 10 0 2 30 2 3 11 2 0 25 2 0 3 0 1
8 26 4 2 2 1 0 23 0 2 10 0 2 30 2 3 11 2 4 39 2 0 4 4 1
8 26 4 2 2 1 0 23 0 2 10 0 2 30 2 4 12 2 0 24 2 0 4 0 1
8 26 3 2 2 1 0 23 0 2 10 0 2 30 2 4 12 2 3 35 2 0 3 3 1
6 26 4 2 2 1 0 23 0 2 10 0 3 37 2 0 4 3 1
8 26 3 2 2 1 0 23 0 2 10 0 3 37 2 1 7 3 2 33 1 0 3 2 1
8 26 3 2 2 1 0 23 0 2 10 0 3 37 2 3 16 3 0 25 3 0 3 0 1
8 26 3 2 2 1 0 23 0 2 10 0 3 37 2 4 17 4 2 35 4 0 3 3 1
6 26 3 2 2 1 0 23 0 2 10 0 4 40 2 0 3 4 1
8 26 4 2 2 1 0 23 0 2 10 0 4 40 2 1 8 4 2 32 1 0 4 2 1
8 26 4 2 2 1 0 23 0 2 10 0 4 40 2 3 13 3 2 39 3 0 4 4 1
8 26 4 2 2 1 0 23 0 2 10 0 4 40 2 4 19 4 0 24 4 0 4 0 1
8 26 3 2 2 1 0 23 0 3 15 0 1 29 3 1 7 1 2 33 1 0 3 2 1
8 26 4 2 2 1 0 23 0 3 15 0 1 29 3 1 7 1 3 37 1 0 4 3 1
8 26 3 2 2 1 0 23 0 3 15 0 1 29 3 2 11 1 0 25 2 0 3 0 1
8 26 4 2 2 1 0 23 0 3 15 0 1 29 3 2 11 1 4 39 2 0 4 4 1
8 26 4 2 2 1 0 23 0 3 15 0 1 29 3 4 19 1 0 24 4 0 4 0 1
8 26 3 2 2 1 0 23 0 3 15 0 1 29 3 4 19 1 4 40 4 0 3 4 1
6 26 4 2 2 1 0 23 0 3 15 0 2 32 3 0 4 2 1
8 26 3 2 2 1 0 23 0 3 15 0 2 32 3 1 8 2 4 40 1 0 3 4 1
8 26 3 2 2 1 0 23 0 3 15 0 2 32 3 2 9 3 4 33 2 0 3 2 1
8 26 3 2 2 1 0 23 0 3 15 0 2 32 3 4 18 2 0 25 4 0 3 0 1
6 26 3 2 2 1 0 23 0 3 15 0 3 35 3 0 3 3 1
8 26 4 2 2 1 0 23 0 3 15 0 3 35 3 1 6 3 4 39 1 0 4 4 1
8 26 4 2 2 1 0 23 0 3 15 0 3 35 3 2 12 3 0 24 2 0 4 0 1
8 26 4 2 2 1 0 23 0 3 15 0 3 35 3 4 17 2 4 37 4 0 4 3 1
8 26 4 2 2 1 0 23 0 3 15 0 4 38 3 1 13 1 2 39 3 0 4 4 1
8 26 3 2 2 1 0 23 0 3 15 0 4 38 3 1 13 1 3 40 3 0 3 4 1
8 26 4 2 2 1 0 23 0 3 15 0 4 38 3 2 14 4 0 24 3 0 4 0 1
8 26 3 2 2 1 0 23 0 3 15 0 4 38 3 2 14 4 2 33 3 0 3 2 1
8 26 3 2 2 1 0 23 0 3 15 0 4 38 3 4 16 4 0 25 3 0 3 0 1
8 26 4 2 2 1 0 23 0 3 15 0 4 38 3 4 16 4 3 37 3 0 4 3 1
8 26 4 2 2 1 0 23 0 4 20 0 1 28 4 1 8 1 2 32 1 0 4 2 1
8 26 3 2 2 1 0 23 0 4 20 0 1 28 4 1 8 1 4 40 1 0 3 4 1
8 26 4 2 2 1 0 23 0 4 20 0 1 28 4 2 12 1 0 24 2 0 4 0 1
8 26 3 2 2 1 0 23 0 4 20 0 1 28 4 2 12 1 3 35 2 0 3 3 1
8 26 3 2 2 1 0 23 0 4 20 0 1 28 4 3 16 1 0 25 3 0 3 0 1
8 26 4 2 2 1 0 23 0 4 20 0 1 28 4 3 16 1 3 37 3 0 4 3 1
6 26 3 2 2 1 0 23 0 4 20 0 2 33 4 0 3 2 1
8 26 4 2 2 1 0 23 0 4 20 0 2 33 4 1 7 2 3 37 1 0 4 3 1
8 26 4 2 2 1 0 23 0 4 20 0 2 33 4 2 9 4 3 32 2 0 4 2 1
8 26 4 2 2 1 0 23 0 4 20 0 2 33 4 3 14 2 0 24 3 0 4 0 1
8 26 3 2 2 1 0 23 0 4 20 0 3 34 4 1 17 1 2 35 4 0 3 3 1
8 26 4 2 2 1 0 23 0 4 20 0 3 34 4 1 17 1 4 37 4 0 4 3 1
8 26 3 2 2 1 0 23 0 4 20 0 3 34 4 2 18 3 0 25 4 0 3 0 1
8 26 4 2 2 1 0 23 0 4 20 0 3 34 4 2 18 3 2 32 4 0 4 2 1
8 26 4 2 2 1 0 23 0 4 20 0 3 34 4 3 19 3 0 24 4 0 4 0 1
8 26 3 2 2 1 0 23 0 4 20 0 3 34 4 3 19 3 4 40 4 0 3 4 1
6 26 4 2 2 1 0 23 0 4 20 0 4 39 4 0 4 4 1
8 26 3 2 2 1 0 23 0 4 20 0 4 39 4 1 6 4 3 35 1 0 3 3 1
8 26 3 2 2 1 0 23 0 4 20 0 4 39 4 2 11 4 0 25 2 0 3 0 1
8 26 3 2 2 1 0 23 0 4 20 0 4 39 4 3 13 2 3 40 3 0 3 4 1
8 26 4 2 2 1 2 31 0 1 6 2 1 27 1 2 10 1 3 37 2 0 4 3 1
8 26 3 2 2 1 2 31 0 1 6 2 1 27 1 2 10 1 4 40 2 0 3 4 1
8 26 4 2 2 1 2 31 0 1 6 2 1 27 1 3 14 1 0 24 3 0 4 0 1
8 26 3 2 2 1 2 31 0 1 6 2 1 27 1 3 14 1 2 33 3 0 3 2 1
8 26 3 2 2 1 2 31 0 1 6 2 1 27 1 4 18 1 0 25 4 0 3 0 1
8 26 4 2 2 1 2 31 0 1 6 2 1 27 1 4 18 1 2 32 4 0 4 2 1
6 26 3 2 2 1 2 31 0 1 6 2 3 35 1 0 3 3 1
8 26 4 2 2 1 2 31 0 1 6 2 3 35 1 2 12 3 0 24 2 0 4 0 1
8 26 4 2 2 1 2 31 0 1 6 2 3 35 1 3 15 3 2 32 3 0 4 2 1
8 26 4 2 2 1 2 31 0 1 6 2 3 35 1 4 17 2 4 37 4 0 4 3 1
6 26 4 2 2 1 2 31 0 1 6 2 4 39 1 0 4 4 1
8 26 3 2 2 1 2 31 0 1 6 2 4 39 1 2 11 4 0 25 2 0 3 0 1
8 26 3 2 2 1 2 31 0 1 6 2 4 39 1 3 13 2 3 40 3 0 3 4 1
8 26 3 2 2 1 2 31 0 1 6 2 4 39 1 4 20 4 2 33 4 0 3 2 1
8 26 4 2 2 1 2 31 0 2 9 2 0 21 2 1 5 0 3 24 1 0 4 0 1
8 26 3 2 2 1 2 31 0 2 9 2 0 21 2 1 5 0 4 25 1 0 3 0 1
8 26 4 2 2 1 2 31 0 2 9 2 0 21 2 3 13 0 2 39 3 0 4 4 1
8 26 3 2 2 1 2 31 0 2 9 2 0 21 2 3 13 0 3 40 3 0 3 4 1
8 26 3 2 2 1 2 31 0 2 9 2 0 21 2 4 17 0 2 35 4 0 3 3 1
8 26 4 2 2 1 2 31 0 2 9 2 0 21 2 4 17 0 4 37 4 0 4 3 1
8 26 4 2 2 1 2 31 0 2 9 2 1 30 1 2 10 2 3 37 2 0 4 3 1
8 26 3 2 2 1 2 31 0 2 9 2 1 30 1 2 10 2 4 40 2 0 3 4 1
8 26 3 2 2 1 2 31 0 2 9 2 1 30 1 3 11 2 0 25 2 0 3 0 1
8 26 4 2 2 1 2 31 0 2 9 2 1 30 1 3 11 2 4 39 2 0 4 4 1
8 26 4 2 2 1 2 31 0 2 9 2 1 30 1 4 12 2 0 24 2 0 4 0 1
8 26 3 2 2 1 2 31 0 2 9 2 1 30 1 4 12 2 3 35 2 0 3 3 1
6 26 4 2 2 1 2 31 0 2 9 2 3 32 2 0 4 2 1
8 26 3 2 2 1 2 31 0 2 9 2 3 32 2 1 8 2 4 40 1 0 3 4 1
8 26 3 2 2 1 2 31 0 2 9 2 3 32 2 3 15 2 3 35 3 0 3 3 1
8 26 3 2 2 1 2 31 0 2 9 2 3 32 2 4 18 2 0 25 4 0 3 0 1
6 26 3 2 2 1 2 31 0 2 9 2 4 33 2 0 3 2 1
8 26 4 2 2 1 2 31 0 2 9 2 4 33 2 1 7 2 3 37 1 0 4 3 1
8 26 4 2 2 1 2 31 0 2 9 2 4 33 2 3 14 2 0 24 3 0 4 0 1
8 26 4 2 2 1 2 31 0 2 9 2 4 33 2 4 20 2 4 39 4 0 4 4 1
6 26 3 2 2 1 2 31 0 3 16 2 0 25 3 0 3 0 1
8 26 4 2 2 1 2 31 0 3 16 2 0 25 3 1 5 4 3 24 1 0 4 0 1
8 26 4 2 2 1 2 31 0 3 16 2 0 25 3 2 11 0 4 39 2 0 4 4 1
8 26 4 2 2 1 2 31 0 3 16 2 0 25 3 4 18 0 2 32 4 0 4 2 1
8 26 4 2 2 1 2 31 0 3 16 2 1 28 3 1 8 1 2 32 1 0 4 2 1
8 26 3 2 2 1 2 31 0 3 16 2 1 28 3 1 8 1 4 40 1 0 3 4 1
8 26 4 2 2 1 2 31 0 3 16 2 1 28 3 2 12 1 0 24 2 0 4 0 1
8 26 3 2 2 1 2 31 0 3 16 2 1 28 3 2 12 1 3 35 2 0 3 3 1
8 26 3 2 2 1 2 31 0 3 16 2 1 28 3 4 20 1 2 33 4 0 3 2 1
8 26 4 2 2 1 2 31 0 3 16 2 1 28 3 4 20 1 4 39 4 0 4 4 1
6 26 4 2 2 1 2 31 0 3 16 2 3 37 3 0 4 3 1
8 26 3 2 2 1 2 31 0 3 16 2 3 37 3 1 7 3 2 33 1 0 3 2 1
8 26 3 2 2 1 2 31 0 3 16 2 3 37 3 2 10 3 4 40 2 0 3 4 1
8 26 3 2 2 1 2 31 0 3 16 2 3 37 3 4 17 4 2 35 4 0 3 3 1
8 26 4 2 2 1 2 31 0 3 16 2 4 38 4 1 13 1 2 39 3 0 4 4 1
8 26 3 2 2 1 2 31 0 3 16 2 4 38 4 1 13 1 3 40 3 0 3 4 1
8 26 4 2 2 1 2 31 0 3 16 2 4 38 4 2 14 4 0 24 3 0 4 0 1
8 26 3 2 2 1 2 31 0 3 16 2 4 38 4 2 14 4 2 33 3 0 3 2 1
8 26 4 2 2 1 2 31 0 3 16 2 4 38 4 3 15 4 2 32 3 0 4 2 1
8 26 3 2 2 1 2 31 0 3 16 2 4 38 4 3 15 4 3 35 3 0 3 3 1
6 26 4 2 2 1 2 31 0 4 19 2 0 24 4 0 4 0 1
8 26 3 2 2 1 2 31 0 4 19 2 0 24 4 1 5 3 4 25 1 0 3 0 1
8 26 3 2 2 1 2 31 0 4 19 2 0 24 4 2 12 0 3 35 2 0 3 3 1
8 26 3 2 2 1 2 31 0 4 19 2 0 24 4 3 14 0 2 33 3 0 3 2 1
8 26 3 2 2 1 2 31 0 4 19 2 1 29 4 1 7 1 2 33 1 0 3 2 1
8 26 4 2 2 1 2 31 0 4 19 2 1 29 4 1 7 1 3 37 1 0 4 3 1
8 26 3 2 2 1 2 31 0 4 19 2 1 29 4 2 11 1 0 25 2 0 3 0 1
8 26 4 2 2 1 2 31 0 4 19 2 1 29 4 2 11 1 4 39 2 0 4 4 1
8 26 4 2 2 1 2 31 0 4 19 2 1 29 4 3 15 1 2 32 3 0 4 2 1
8 26 3 2 2 1 2 31 0 4 19 2 1 29 4 3 15 1 3 35 3 0 3 3 1
8 26 3 2 2 1 2 31 0 4 19 2 3 34 3 1 17 1 2 35 4 0 3 3 1
8 26 4 2 2 1 2 31 0 4 19 2 3 34 3 1 17 1 4 37 4 0 4 3 1
8 26 3 2 2 1 2 31 0 4 19 2 3 34 3 2 18 3 0 25 4 0 3 0 1
8 26 4 2 2 1 2 31 0 4 19 2 3 34 3 2 18 3 2 32 4 0 4 2 1
8 26 3 2 2 1 2 31 0 4 19 2 3 34 3 4 20 3 2 33 4 0 3 2 1
8 26 4 2 2 1 2 31 0 4 19 2 3 34 3 4 20 3 4 39 4 0 4 4 1
6 26 3 2 2 1 2 31 0 4 19 2 4 40 4 0 3 4 1
8 26 4 2 2 1 2 31 0 4 19 2 4 40 4 1 8 4 2 32 1 0 4 2 1
8 26 4 2 2 1 2 31 0 4 19 2 4 40 4 2 10 4 3 37 2 0 4 3 1
8 26 4 2 2 1 2 31 0 4 19 2 4 40 4 3 13 3 2 39 3 0 4 4 1
8 26 4 2 2 1 3 36 0 1 8 3 1 28 1 2 12 1 0 24 2 0 4 0 1
8 26 3 2 2 1 3 36 0 1 8 3 1 28 1 2 12 1 3 35 2 0 3 3 1
8 26 3 2 2 1 3 36 0 1 8 3 1 28 1 3 16 1 0 25 3 0 3 0 1
8 26 4 2 2 1 3 36 0 1 8 3 1 28 1 3 16 1 3 37 3 0 4 3 1
8 26 3 2 2 1 3 36 0 1 8 3 1 28 1 4 20 1 2 33 4 0 3 2 1
8 26 4 2 2 1 3 36 0 1 8 3 1 28 1 4 20 1 4 39 4 0 4 4 1
6 26 4 2 2 1 3 36 0 1 8 3 2 32 1 0 4 2 1
8 26 3 2 2 1 3 36 0 1 8 3 2 32 1 2 9 3 4 33 2 0 3 2 1
8 26 3 2 2 1 3 36 0 1 8 3 2 32 1 3 15 2 3 35 3 0 3 3 1
8 26 3 2 2 1 3 36 0 1 8 3 2 32 1 4 18 2 0 25 4 0 3 0 1
6 26 3 2 2 1 3 36 0 1 8 3 4 40 1 0 3 4 1
8 26 4 2 2 1 3 36 0 1 8 3 4 40 1 2 10 4 3 37 2 0 4 3 1
8 26 4 2 2 1 3 36 0 1 8 3 4 40 1 3 13 3 2 39 3 0 4 4 1
8 26 4 2 2 1 3 36 0 1 8 3 4 40 1 4 19 4 0 24 4 0 4 0 1
6 26 3 2 2 1 3 36 0 2 11 3 0 25 2 0 3 0 1
8 26 4 2 2 1 3 36 0 2 11 3 0 25 2 1 5 4 3 24 1 0 4 0 1
8 26 4 2 2 1 3 36 0 2 11 3 0 25 2 3 16 0 3 37 3 0 4 3 1
8 26 4 2 2 1 3 36 0 2 11 3 0 25 2 4 18 0 2 32 4 0 4 2 1
8 26 3 2 2 1 3 36 0 2 11 3 1 29 2 1 7 1 2 33 1 0 3 2 1
8 26 4 2 2 1 3 36 0 2 11 3 1 29 2 1 7 1 3 37 1 0 4 3 1
8 26 4 2 2 1 3 36 0 2 11 3 1 29 2 3 15 1 2 32 3 0 4 2 1
8 26 3 2 2 1 3 36 0 2 11 3 1 29 2 3 15 1 3 35 3 0 3 3 1
8 26 4 2 2 1 3 36 0 2 11 3 1 29 2 4 19 1 0 24 4 0 4 0 1
8 26 3 2 2 1 3 36 0 2 11 3 1 29 2 4 19 1 4 40 4 0 3 4 1
8 26 4 2 2 1 3 36 0 2 11 3 2 30 3 1 9 1 3 32 2 0 4 2 1
8 26 3 2 2 1 3 36 0 2 11 3 2 30 3 1 9 1 4 33 2 0 3 2 1
8 26 4 2 2 1 3 36 0 2 11 3 2 30 3 2 10 2 3 37 2 0 4 3 1
8 26 3 2 2 1 3 36 0 2 11 3 2 30 3 2 10 2 4 40 2 0 3 4 1
8 26 4 2 2 1 3 36 0 2 11 3 2 30 3 4 12 2 0 24 2 0 4 0 1
8 26 3 2 2 1 3 36 0 2 11 3 2 30 3 4 12 2 3 35 2 0 3 3 1
6 26 4 2 2 1 3 36 0 2 11 3 4 39 2 0 4 4 1
8 26 3 2 2 1 3 36 0 2 11 3 4 39 2 1 6 4 3 35 1 0 3 3 1
8 26 3 2 2 1 3 36 0 2 11 3 4 39 2 3 13 2 3 40 3 0 3 4 1
8 26 3 2 2 1 3 36 0 2 11 3 4 39 2 4 20 4 2 33 4 0 3 2 1
6 26 4 2 2 1 3 36 0 3 14 3 0 24 3 0 4 0 1
8 26 3 2 2 1 3 36 0 3 14 3 0 24 3 1 5 3 4 25 1 0 3 0 1
8 26 3 2 2 1 3 36 0 3 14 3 0 24 3 2 12 0 3 35 2 0 3 3 1
8 26 3 2 2 1 3 36 0 3 14 3 0 24 3 4 19 0 4 40 4 0 3 4 1
8 26 3 2 2 1 3 36 0 3 14 3 1 27 3 1 6 1 3 35 1 0 3 3 1
8 26 4 2 2 1 3 36 0 3 14 3 1 27 3 1 6 1 4 39 1 0 4 4 1
8 26 4 2 2 1 3 36 0 3 14 3 1 27 3 2 10 1 3 37 2 0 4 3 1
8 26 3 2 2 1 3 36 0 3 14 3 1 27 3 2 10 1 4 40 2 0 3 4 1
8 26 3 2 2 1 3 36 0 3 14 3 1 27 3 4 18 1 0 25 4 0 3 0 1
8 26 4 2 2 1 3 36 0 3 14 3 1 27 3 4 18 1 2 32 4 0 4 2 1
6 26 3 2 2 1 3 36 0 3 14 3 2 33 3 0 3 2 1
8 26 4 2 2 1 3 36 0 3 14 3 2 33 3 1 7 2 3 37 1 0 4 3 1
8 26 4 2 2 1 3 36 0 3 14 3 2 33 3 2 9 4 3 32 2 0 4 2 1
8 26 4 2 2 1 3 36 0 3 14 3 2 33 3 4 20 2 4 39 4 0 4 4 1
8 26 4 2 2 1 3 36 0 3 14 3 4 38 2 1 13 1 2 39 3 0 4 4 1
8 26 3 2 2 1 3 36 0 3 14 3 4 38 2 1 13 1 3 40 3 0 3 4 1
8 26 4 2 2 1 3 36 0 3 14 3 4 38 2 3 15 4 2 32 3 0 4 2 1
8 26 3 2 2 1 3 36 0 3 14 3 4 38 2 3 15 4 3 35 3 0 3 3 1
8 26 3 2 2 1 3 36 0 3 14 3 4 38 2 4 16 4 0 25 3 0 3 0 1
8 26 4 2 2 1 3 36 0 3 14 3 4 38 2 4 16 4 3 37 3 0 4 3 1
8 26 4 2 2 1 3 36 0 4 17 3 0 21 4 1 5 0 3 24 1 0 4 0 1
8 26 3 2 2 1 3 36 0 4 17 3 0 21 4 1 5 0 4 25 1 0 3 0 1
8 26 4 2 2 1 3 36 0 4 17 3 0 21 4 2 9 0 3 32 2 0 4 2 1
8 26 3 2 2 1 3 36 0 4 17 3 0 21 4 2 9 0 4 33 2 0 3 2 1
8 26 4 2 2 1 3 36 0 4 17 3 0 21 4 3 13 0 2 39 3 0 4 4 1
8 26 3 2 2 1 3 36 0 4 17 3 0 21 4 3 13 0 3 40 3 0 3 4 1
8 26 3 2 2 1 3 36 0 4 17 3 1 34 1 2 18 3 0 25 4 0 3 0 1
8 26 4 2 2 1 3 36 0 4 17 3 1 34 1 2 18 3 2 32 4 0 4 2 1
8 26 4 2 2 1 3 36 0 4 17 3 1 34 1 3 19 3 0 24 4 0 4 0 1
8 26 3 2 2 1 3 36 0 4 17 3 1 34 1 3 19 3 4 40 4 0 3 4 1
8 26 3 2 2 1 3 36 0 4 17 3 1 34 1 4 20 3 2 33 4 0 3 2 1
8 26 4 2 2 1 3 36 0 4 17 3 1 34 1 4 20 3 4 39 4 0 4 4 1
6 26 3 2 2 1 3 36 0 4 17 3 2 35 4 0 3 3 1
8 26 4 2 2 1 3 36 0 4 17 3 2 35 4 1 6 3 4 39 1 0 4 4 1
8 26 4 2 2 1 3 36 0 4 17 3 2 35 4 2 12 3 0 24 2 0 4 0 1
8 26 4 2 2 1 3 36 0 4 17 3 2 35 4 3 15 3 2 32 3 0 4 2 1
6 26 4 2 2 1 3 36 0 4 17 3 4 37 4 0 4 3 1
8 26 3 2 2 1 3 36 0 4 17 3 4 37 4 1 7 3 2 33 1 0 3 2 1
8 26 3 2 2 1 3 36 0 4 17 3 4 37 4 2 10 3 4 40 2 0 3 4 1
8 26 3 2 2 1 3 36 0 4 17 3 4 37 4 3 16 3 0 25 3 0 3 0 1
8 26 3 2 2 1 4 41 0 1 7 4 1 29 1 2 11 1 0 25 2 0 3 0 1
8 26 4 2 2 1 4 41 0 1 7 4 1 29 1 2 11 1 4 39 2 0 4 4 1
8 26 4 2 2 1 4 41 0 1 7 4 1 29 1 3 15 1 2 32 3 0 4 2 1
8 26 3 2 2 1 4 41 0 1 7 4 1 29 1 3 15 1 3 35 3 0 3 3 1
8 26 4 2 2 1 4 41 0 1 7 4 1 29 1 4 19 1 0 24 4 0 4 0 1
8 26 3 2 2 1 4 41 0 1 7 4 1 29 1 4 19 1 4 40 4 0 3 4 1
6 26 3 2 2 1 4 41 0 1 7 4 2 33 1 0 3 2 1
8 26 4 2 2 1 4 41 0 1 7 4 2 33 1 2 9 4 3 32 2 0 4 2 1
8 26 4 2 2 1 4 41 0 1 7 4 2 33 1 3 14 2 0 24 3 0 4 0 1
8 26 4 2 2 1 4 41 0 1 7 4 2 33 1 4 20 2 4 39 4 0 4 4 1
6 26 4 2 2 1 4 41 0 1 7 4 3 37 1 0 4 3 1
8 26 3 2 2 1 4 41 0 1 7 4 3 37 1 2 10 3 4 40 2 0 3 4 1
8 26 3 2 2 1 4 41 0 1 7 4 3 37 1 3 16 3 0 25 3 0 3 0 1
8 26 3 2 2 1 4 41 0 1 7 4 3 37 1 4 17 4 2 35 4 0 3 3 1
6 26 4 2 2 1 4 41 0 2 12 4 0 24 2 0 4 0 1
8 26 3 2 2 1 4 41 0 2 12 4 0 24 2 1 5 3 4 25 1 0 3 0 1
8 26 3 2 2 1 4 41 0 2 12 4 0 24 2 3 14 0 2 33 3 0 3 2 1
8 26 3 2 2 1 4 41 0 2 12 4 0 24 2 4 19 0 4 40 4 0 3 4 1
8 26 4 2 2 1 4 41 0 2 12 4 1 28 2 1 8 1 2 32 1 0 4 2 1
8 26 3 2 2 1 4 41 0 2 12 4 1 28 2 1 8 1 4 40 1 0 3 4 1
8 26 3 2 2 1 4 41 0 2 12 4 1 28 2 3 16 1 0 25 3 0 3 0 1
8 26 4 2 2 1 4 41 0 2 12 4 1 28 2 3 16 1 3 37 3 0 4 3 1
8 26 3 2 2 1 4 41 0 2 12 4 1 28 2 4 20 1 2 33 4 0 3 2 1
8 26 4 2 2 1 4 41 0 2 12 4 1 28 2 4 20 1 4 39 4 0 4 4 1
8 26 4 2 2 1 4 41 0 2 12 4 2 30 4 1 9 1 3 32 2 0 4 2 1
8 26 3 2 2 1 4 41 0 2 12 4 2 30 4 1 9 1 4 33 2 0 3 2 1
8 26 4 2 2 1 4 41 0 2 12 4 2 30 4 2 10 2 3 37 2 0 4 3 1
8 26 3 2 2 1 4 41 0 2 12 4 2 30 4 2 10 2 4 40 2 0 3 4 1
8 26 3 2 2 1 4 41 0 2 12 4 2 30 4 3 11 2 0 25 2 0 3 0 1
8 26 4 2 2 1 4 41 0 2 12 4 2 30 4 3 11 2 4 39 2 0 4 4 1
6 26 3 2 2 1 4 41 0 2 12 4 3 35 2 0 3 3 1
8 26 4 2 2 1 4 41 0 2 12 4 3 35 2 1 6 3 4 39 1 0 4 4 1
8 26 4 2 2 1 4 41 0 2 12 4 3 35 2 3 15 3 2 32 3 0 4 2 1
8 26 4 2 2 1 4 41 0 2 12 4 3 35 2 4 17 2 4 37 4 0 4 3 1
8 26 4 2 2 1 4 41 0 3 13 4 0 21 3 1 5 0 3 24 1 0 4 0 1
8 26 3 2 2 1 4 41 0 3 13 4 0 21 3 1 5 0 4 25 1 0 3 0 1
8 26 4 2 2 1 4 41 0 3 13 4 0 21 3 2 9 0 3 32 2 0 4 2 1
8 26 3 2 2 1 4 41 0 3 13 4 0 21 3 2 9 0 4 33 2 0 3 2 1
8 26 3 2 2 1 4 41 0 3 13 4 0 21 3 4 17 0 2 35 4 0 3 3 1
8 26 4 2 2 1 4 41 0 3 13 4 0 21 3 4 17 0 4 37 4 0 4 3 1
8 26 4 2 2 1 4 41 0 3 13 4 1 38 1 2 14 4 0 24 3 0 4 0 1
8 26 3 2 2 1 4 41 0 3 13 4 1 38 1 2 14 4 2 33 3 0 3 2 1
8 26 4 2 2 1 4 41 0 3 13 4 1 38 1 3 15 4 2 32 3 0 4 2 1
8 26 3 2 2 1 4 41 0 3 13 4 1 38 1 3 15 4 3 35 3 0 3 3 1
8 26 3 2 2 1 4 41 0 3 13 4 1 38 1 4 16 4 0 25 3 0 3 0 1
8 26 4 2 2 1 4 41 0 3 13 4 1 38 1 4 16 4 3 37 3 0 4 3 1
6 26 4 2 2 1 4 41 0 3 13 4 2 39 3 0 4 4 1
8 26 3 2 2 1 4 41 0 3 13 4 2 39 3 1 6 4 3 35 1 0 3 3 1
8 26 3 2 2 1 4 41 0 3 13 4 2 39 3 2 11 4 0 25 2 0 3 0 1
8 26 3 2 2 1 4 41 0 3 13 4 2 39 3 4 20 4 2 33 4 0 3 2 1
6 26 3 2 2 1 4 41 0 3 13 4 3 40 3 0 3 4 1
8 26 4 2 2 1 4 41 0 3 13 4 3 40 3 1 8 4 2 32 1 0 4 2 1
8 26 4 2 2 1 4 41 0 3 13 4 3 40 3 2 10 4 3 37 2 0 4 3 1
8 26 4 2 2 1 4 41 0 3 13 4 3 40 3 4 19 4 0 24 4 0 4 0 1
6 26 3 2 2 1 4 41 0 4 18 4 0 25 4 0 3 0 1
8 26 4 2 2 1 4 41 0 4 18 4 0 25 4 1 5 4 3 24 1 0 4 0 1
8 26 4 2 2 1 4 41 0 4 18 4 0 25 4 2 11 0 4 39 2 0 4 4 1
8 26 4 2 2 1 4 41 0 4 18 4 0 25 4 3 16 0 3 37 3 0 4 3 1
8 26 3 2 2 1 4 41 0 4 18 4 1 27 4 1 6 1 3 35 1 0 3 3 1
8 26 4 2 2 1 4 41 0 4 18 4 1 27 4 1 6 1 4 39 1 0 4 4 1
8 26 4 2 2 1 4 41 0 4 18 4 1 27 4 2 10 1 3 37 2 0 4 3 1
8 26 3 2 2 1 4 41 0 4 18 4 1 27 4 2 10 1 4 40 2 0 3 4 1
8 26 4 2 2 1 4 41 0 4 18 4 1 27 4 3 14 1 0 24 3 0 4 0 1
8 26 3 2 2 1 4 41 0 4 18 4 1 27 4 3 14 1 2 33 3 0 3 2 1
6 26 4 2 2 1 4 41 0 4 18 4 2 32 4 0 4 2 1
8 26 3 2 2 1 4 41 0 4 18 4 2 32 4 1 8 2 4 40 1 0 3 4 1
8 26 3 2 2 1 4 41 0 4 18 4 2 32 4 2 9 3 4 33 2 0 3 2 1
8 26 3 2 2 1 4 41 0 4 18 4 2 32 4 3 15 2 3 35 3 0 3 3 1
8 26 3 2 2 1 4 41 0 4 18 4 3 34 2 1 17 1 2 35 4 0 3 3 1
8 26 4 2 2 1 4 41 0 4 18 4 3 34 2 1 17 1 4 37 4 0 4 3 1
8 26 4 2 2 1 4 41 0 4 18 4 3 34 2 3 19 3 0 24 4 0 4 0 1
8 26 3 2 2 1 4 41 0 4 18 4 3 34 2 3 19 3 4 40 4 0 3 4 1
8 26 3 2 2 1 4 41 0 4 18 4 3 34 2 4 20 3 2 33 4 0 3 2 1
8 26 4 2 2 1 4 41 0 4 18 4 3 34 2 4 20 3 4 39 4 0 4 4 1
8 26 4 3 3 1 0 25 0 1 5 4 0 21 1 2 9 0 3 32 2 0 4 2 1
8 26 4 3 3 1 0 25 0 1 5 4 0 21 1 3 13 0 2 39 3 0 4 4 1
8 26 4 3 3 1 0 25 0 1 5 4 0 21 1 4 17 0 4 37 4 0 4 3 1
8 26 4 3 3 1 0 25 0 1 5 4 2 23 1 2 10 0 3 37 2 0 4 3 1
8 26 4 3 3 1 0 25 0 1 5 4 2 23 1 3 15 0 2 32 3 0 4 2 1
8 26 4 3 3 1 0 25 0 1 5 4 2 23 1 4 20 0 4 39 4 0 4 4 1
6 26 4 3 3 1 0 25 0 1 5 4 3 24 1 0 4 0 1
8 26 4 3 3 1 0 25 0 2 11 0 1 29 2 1 7 1 3 37 1 0 4 3 1
8 26 4 3 3 1 0 25 0 2 11 0 1 29 2 3 15 1 2 32 3 0 4 2 1
8 26 4 3 3 1 0 25 0 2 11 0 1 29 2 4 19 1 0 24 4 0 4 0 1
8 26 4 3 3 1 0 25 0 2 11 0 2 30 3 1 9 1 3 32 2 0 4 2 1
8 26 4 3 3 1 0 25 0 2 11 0 2 30 3 2 10 2 3 37 2 0 4 3 1
8 26 4 3 3 1 0 25 0 2 11 0 2 30 3 4 12 2 0 24 2 0 4 0 1
8 26 4 3 3 1 0 25 0 2 11 0 3 36 2 1 8 3 2 32 1 0 4 2 1
8 26 4 3 3 1 0 25 0 2 11 0 3 36 2 3 14 3 0 24 3 0 4 0 1
8 26 4 3 3 1 0 25 0 2 11 0 3 36 2 4 17 3 4 37 4 0 4 3 1
6 26 4 3 3 1 0 25 0 2 11 0 4 39 2 0 4 4 1
8 26 4 3 3 1 0 25 0 3 16 0 1 28 3 1 8 1 2 32 1 0 4 2 1
8 26 4 3 3 1 0 25 0 3 16 0 1 28 3 2 12 1 0 24 2 0 4 0 1
8 26 4 3 3 1 0 25 0 3 16 0 1 28 3 4 20 1 4 39 4 0 4 4 1
8 26 4 3 3 1 0 25 0 3 16 0 2 31 3 1 6 2 4 39 1 0 4 4 1
8 26 4 3 3 1 0 25 0 3 16 0 2 31 3 2 9 2 3 32 2 0 4 2 1
8 26 4 3 3 1 0 25 0 3 16 0 2 31 3 4 19 2 0 24 4 0 4 0 1
6 26 4 3 3 1 0 25 0 3 16 0 3 37 3 0 4 3 1
8 26 4 3 3 1 0 25 0 3 16 0 4 38 4 1 13 1 2 39 3 0 4 4 1
8 26 4 3 3 1 0 25 0 3 16 0 4 38 4 2 14 4 0 24 3 0 4 0 1
8 26 4 3 3 1 0 25 0 3 16 0 4 38 4 3 15 4 2 32 3 0 4 2 1
8 26 4 3 3 1 0 25 0 4 18 0 1 27 4 1 6 1 4 39 1 0 4 4 1
8 26 4 3 3 1 0 25 0 4 18 0 1 27 4 2 10 1 3 37 2 0 4 3 1
8 26 4 3 3 1 0 25 0 4 18 0 1 27 4 3 14 1 0 24 3 0 4 0 1
6 26 4 3 3 1 0 25 0 4 18 0 2 32 4 0 4 2 1
8 26 4 3 3 1 0 25 0 4 18 0 3 34 2 1 17 1 4 37 4 0 4 3 1
8 26 4 3 3 1 0 25 0 4 18 0 3 34 2 3 19 3 0 24 4 0 4 0 1
8 26 4 3 3 1 0 25 0 4 18 0 3 34 2 4 20 3 4 39 4 0 4 4 1
8 26 4 3 3 1 0 25 0 4 18 0 4 41 4 1 7 4 3 37 1 0 4 3 1
8 26 4 3 3 1 0 25 0 4 18 0 4 41 4 2 12 4 0 24 2 0 4 0 1
8 26 4 3 3 1 0 25 0 4 18 0 4 41 4 3 13 4 2 39 3 0 4 4 1
8 26 4 3 3 1 2 33 0 1 7 2 1 29 1 2 11 1 4 39 2 0 4 4 1
8 26 4 3 3 1 2 33 0 1 7 2 1 29 1 3 15 1 2 32 3 0 4 2 1
8 26 4 3 3 1 2 33 0 1 7 2 1 29 1 4 19 1 0 24 4 0 4 0 1
6 26 4 3 3 1 2 33 0 1 7 2 3 37 1 0 4 3 1
8 26 4 3 3 1 2 33 0 1 7 2 4 41 1 2 12 4 0 24 2 0 4 0 1
8 26 4 3 3 1 2 33 0 1 7 2 4 41 1 3 13 4 2 39 3 0 4 4 1
8 26 4 3 3 1 2 33 0 1 7 2 4 41 1 4 18 4 2 32 4 0 4 2 1
8 26 4 3 3 1 2 33 0 2 9 4 0 21 2 1 5 0 3 24 1 0 4 0 1
8 26 4 3 3 1 2 33 0 2 9 4 0 21 2 3 13 0 2 39 3 0 4 4 1
8 26 4 3 3 1 2 33 0 2 9 4 0 21 2 4 17 0 4 37 4 0 4 3 1
8 26 4 3 3 1 2 33 0 2 9 4 1 30 1 2 10 2 3 37 2 0 4 3 1
8 26 4 3 3 1 2 33 0 2 9 4 1 30 1 3 11 2 4 39 2 0 4 4 1
8 26 4 3 3 1 2 33 0 2 9 4 1 30 1 4 12 2 0 24 2 0 4 0 1
8 26 4 3 3 1 2 33 0 2 9 4 2 31 2 1 6 2 4 39 1 0 4 4 1
8 26 4 3 3 1 2 33 0 2 9 4 2 31 2 3 16 2 3 37 3 0 4 3 1
8 26 4 3 3 1 2 33 0 2 9 4 2 31 2 4 19 2 0 24 4 0 4 0 1
6 26 4 3 3 1 2 33 0 2 9 4 3 32 2 0 4 2 1
6 26 4 3 3 1 2 33 0 3 14 2 0 24 3 0 4 0 1
8 26 4 3 3 1 2 33 0 3 14 2 1 27 3 1 6 1 4 39 1 0 4 4 1
8 26 4 3 3 1 2 33 0 3 14 2 1 27 3 2 10 1 3 37 2 0 4 3 1
8 26 4 3 3 1 2 33 0 3 14 2 1 27 3 4 18 1 2 32 4 0 4 2 1
8 26 4 3 3 1 2 33 0 3 14 2 3 36 3 1 8 3 2 32 1 0 4 2 1
8 26 4 3 3 1 2 33 0 3 14 2 3 36 3 2 11 3 4 39 2 0 4 4 1
8 26 4 3 3 1 2 33 0 3 14 2 3 36 3 4 17 3 4 37 4 0 4 3 1
8 26 4 3 3 1 2 33 0 3 14 2 4 38 2 1 13 1 2 39 3 0 4 4 1
8 26 4 3 3 1 2 33 0 3 14 2 4 38 2 3 15 4 2 32 3 0 4 2 1
8 26 4 3 3 1 2 33 0 3 14 2 4 38 2 4 16 4 3 37 3 0 4 3 1
8 26 4 3 3 1 2 33 0 4 20 2 0 23 4 1 5 2 3 24 1 0 4 0 1
8 26 4 3 3 1 2 33 0 4 20 2 0 23 4 2 10 0 3 37 2 0 4 3 1
8 26 4 3 3 1 2 33 0 4 20 2 0 23 4 3 15 0 2 32 3 0 4 2 1
8 26 4 3 3 1 2 33 0 4 20 2 1 28 4 1 8 1 2 32 1 0 4 2 1
8 26 4 3 3 1 2 33 0 4 20 2 1 28 4 2 12 1 0 24 2 0 4 0 1
8 26 4 3 3 1 2 33 0 4 20 2 1 28 4 3 16 1 3 37 3 0 4 3 1
8 26 4 3 3 1 2 33 0 4 20 2 3 34 4 1 17 1 4 37 4 0 4 3 1
8 26 4 3 3 1 2 33 0 4 20 2 3 34 4 2 18 3 2 32 4 0 4 2 1
8 26 4 3 3 1 2 33 0 4 20 2 3 34 4 3 19 3 0 24 4 0 4 0 1
6 26 4 3 3 1 2 33 0 4 20 2 4 39 4 0 4 4 1
8 26 4 3 3 1 3 35 0 1 6 3 1 27 1 2 10 1 3 37 2 0 4 3 1
8 26 4 3 3 1 3 35 0 1 6 3 1 27 1 3 14 1 0 24 3 0 4 0 1
8 26 4 3 3 1 3 35 0 1 6 3 1 27 1 4 18 1 2 32 4 0 4 2 1
8 26 4 3 3 1 3 35 0 1 6 3 2 31 1 2 9 2 3 32 2 0 4 2 1
8 26 4 3 3 1 3 35 0 1 6 3 2 31 1 3 16 2 3 37 3 0 4 3 1
8 26 4 3 3 1 3 35 0 1 6 3 2 31 1 4 19 2 0 24 4 0 4 0 1
6 26 4 3 3 1 3 35 0 1 6 3 4 39 1 0 4 4 1
6 26 4 3 3 1 3 35 0 2 12 3 0 24 2 0 4 0 1
8 26 4 3 3 1 3 35 0 2 12 3 1 28 2 1 8 1 2 32 1 0 4 2 1
8 26 4 3 3 1 3 35 0 2 12 3 1 28 2 3 16 1 3 37 3 0 4 3 1
8 26 4 3 3 1 3 35 0 2 12 3 1 28 2 4 20 1 4 39 4 0 4 4 1
8 26 4 3 3 1 3 35 0 2 12 3 2 30 4 1 9 1 3 32 2 0 4 2 1
8 26 4 3 3 1 3 35 0 2 12 3 2 30 4 2 10 2 3 37 2 0 4 3 1
8 26 4 3 3 1 3 35 0 2 12 3 2 30 4 3 11 2 4 39 2 0 4 4 1
8 26 4 3 3 1 3 35 0 2 12 3 4 41 2 1 7 4 3 37 1 0 4 3 1
8 26 4 3 3 1 3 35 0 2 12 3 4 41 2 3 13 4 2 39 3 0 4 4 1
8 26 4 3 3 1 3 35 0 2 12 3 4 41 2 4 18 4 2 32 4 0 4 2 1
8 26 4 3 3 1 3 35 0 3 15 3 0 23 3 1 5 2 3 24 1 0 4 0 1
8 26 4 3 3 1 3 35 0 3 15 3 0 23 3 2 10 0 3 37 2 0 4 3 1
8 26 4 3 3 1 3 35 0 3 15 3 0 23 3 4 20 0 4 39 4 0 4 4 1
8 26 4 3 3 1 3 35 0 3 15 3 1 29 3 1 7 1 3 37 1 0 4 3 1
8 26 4 3 3 1 3 35 0 3 15 3 1 29 3 2 11 1 4 39 2 0 4 4 1
8 26 4 3 3 1 3 35 0 3 15 3 1 29 3 4 19 1 0 24 4 0 4 0 1
6 26 4 3 3 1 3 35 0 3 15 3 2 32 3 0 4 2 1
8 26 4 3 3 1 3 35 0 3 15 3 4 38 3 1 13 1 2 39 3 0 4 4 1
8 26 4 3 3 1 3 35 0 3 15 3 4 38 3 2 14 4 0 24 3 0 4 0 1
8 26 4 3 3 1 3 35 0 3 15 3 4 38 3 4 16 4 3 37 3 0 4 3 1
8 26 4 3 3 1 3 35 0 4 17 2 0 21 4 1 5 0 3 24 1 0 4 0 1
8 26 4 3 3 1 3 35 0 4 17 2 0 21 4 2 9 0 3 32 2 0 4 2 1
8 26 4 3 3 1 3 35 0 4 17 2 0 21 4 3 13 0 2 39 3 0 4 4 1
8 26 4 3 3 1 3 35 0 4 17 2 1 34 1 2 18 3 2 32 4 0 4 2 1
8 26 4 3 3 1 3 35 0 4 17 2 1 34 1 3 19 3 0 24 4 0 4 0 1
8 26 4 3 3 1 3 35 0 4 17 2 1 34 1 4 20 3 4 39 4 0 4 4 1
8 26 4 3 3 1 3 35 0 4 17 2 3 36 4 1 8 3 2 32 1 0 4 2 1
8 26 4 3 3 1 3 35 0 4 17 2 3 36 4 2 11 3 4 39 2 0 4 4 1
8 26 4 3 3 1 3 35 0 4 17 2 3 36 4 3 14 3 0 24 3 0 4 0 1
6 26 4 3 3 1 3 35 0 4 17 2 4 37 4 0 4 3 1
8 26 4 3 3 1 4 40 0 1 8 4 1 28 1 2 12 1 0 24 2 0 4 0 1
8 26 4 3 3 1 4 40 0 1 8 4 1 28 1 3 16 1 3 37 3 0 4 3 1
8 26 4 3 3 1 4 40 0 1 8 4 1 28 1 4 20 1 4 39 4 0 4 4 1
6 26 4 3 3 1 4 40 0 1 8 4 2 32 1 0 4 2 1
8 26 4 3 3 1 4 40 0 1 8 4 3 36 1 2 11 3 4 39 2 0 4 4 1
8 26 4 3 3 1 4 40 0 1 8 4 3 36 1 3 14 3 0 24 3 0 4 0 1
8 26 4 3 3 1 4 40 0 1 8 4 3 36 1 4 17 3 4 37 4 0 4 3 1
8 26 4 3 3 1 4 40 0 2 10 4 0 23 2 1 5 2 3 24 1 0 4 0 1
8 26 4 3 3 1 4 40 0 2 10 4 0 23 2 3 15 0 2 32 3 0 4 2 1
8 26 4 3 3 1 4 40 0 2 10 4 0 23 2 4 20 0 4 39 4 0 4 4 1
8 26 4 3 3 1 4 40 0 2 10 4 1 27 2 1 6 1 4 39 1 0 4 4 1
8 26 4 3 3 1 4 40 0 2 10 4 1 27 2 3 14 1 0 24 3 0 4 0 1
8 26 4 3 3 1 4 40 0 2 10 4 1 27 2 4 18 1 2 32 4 0 4 2 1
8 26 4 3 3 1 4 40 0 2 10 4 2 30 2 1 9 1 3 32 2 0 4 2 1
8 26 4 3 3 1 4 40 0 2 10 4 2 30 2 3 11 2 4 39 2 0 4 4 1
8 26 4 3 3 1 4 40 0 2 10 4 2 30 2 4 12 2 0 24 2 0 4 0 1
6 26 4 3 3 1 4 40 0 2 10 4 3 37 2 0 4 3 1
8 26 4 3 3 1 4 40 0 3 13 3 0 21 3 1 5 0 3 24 1 0 4 0 1
8 26 4 3 3 1 4 40 0 3 13 3 0 21 3 2 9 0 3 32 2 0 4 2 1
8 26 4 3 3 1 4 40 0 3 13 3 0 21 3 4 17 0 4 37 4 0 4 3 1
8 26 4 3 3 1 4 40 0 3 13 3 1 38 1 2 14 4 0 24 3 0 4 0 1
8 26 4 3 3 1 4 40 0 3 13 3 1 38 1 3 15 4 2 32 3 0 4 2 1
8 26 4 3 3 1 4 40 0 3 13 3 1 38 1 4 16 4 3 37 3 0 4 3 1
6 26 4 3 3 1 4 40 0 3 13 3 2 39 3 0 4 4 1
8 26 4 3 3 1 4 40 0 3 13 3 4 41 3 1 7 4 3 37 1 0 4 3 1
8 26 4 3 3 1 4 40 0 3 13 3 4 41 3 2 12 4 0 24 2 0 4 0 1
8 26 4 3 3 1 4 40 0 3 13 3 4 41 3 4 18 4 2 32 4 0 4 2 1
6 26 4 3 3 1 4 40 0 4 19 4 0 24 4 0 4 0 1
8 26 4 3 3 1 4 40 0 4 19 4 1 29 4 1 7 1 3 37 1 0 4 3 1
8 26 4 3 3 1 4 40 0 4 19 4 1 29 4 2 11 1 4 39 2 0 4 4 1
8 26 4 3 3 1 4 40 0 4 19 4 1 29 4 3 15 1 2 32 3 0 4 2 1
8 26 4 3 3 1 4 40 0 4 19 4 2 31 4 1 6 2 4 39 1 0 4 4 1
8 26 4 3 3 1 4 40 0 4 19 4 2 31 4 2 9 2 3 32 2 0 4 2 1
8 26 4 3 3 1 4 40 0 4 19 4 2 31 4 3 16 2 3 37 3 0 4 3 1
8 26 4 3 3 1 4 40 0 4 19 4 3 34 3 1 17 1 4 37 4 0 4 3 1
8 26 4 3 3 1 4 40 0 4 19 4 3 34 3 2 18 3 2 32 4 0 4 2 1
8 26 4 3 3 1 4 40 0 4 19 4 3 34 3 4 20 3 4 39 4 0 4 4 1
8 30 4 1 9 1 0 21 2 0 1 0 2 27 0 1 6 1 3 35 1 2 12 3 2
8 30 3 1 9 1 0 21 2 0 1 0 2 27 0 1 6 1 4 39 1 2 11 4 2
6 30 2 1 9 1 0 21 2 0 1 0 2 27 0 2 10 1 2
8 30 4 1 9 1 0 21 2 0 1 0 2 27 0 3 14 1 0 24 3 2 12 0 2
8 30 3 1 9 1 0 21 2 0 1 0 2 27 0 3 14 1 3 36 3 2 11 3 2
8 30 3 1 9 1 0 21 2 0 1 0 2 27 0 4 18 1 0 25 4 2 11 0 2
8 30 4 1 9 1 0 21 2 0 1 0 2 27 0 4 18 1 4 41 4 2 12 4 2
8 30 3 1 9 1 0 21 2 0 1 0 3 28 0 1 8 1 3 36 1 2 11 3 2
8 30 2 1 9 1 0 21 2 0 1 0 3 28 0 1 8 1 4 40 1 2 10 4 2
6 30 4 1 9 1 0 21 2 0 1 0 3 28 0 2 12 1 2
8 30 3 1 9 1 0 21 2 0 1 0 3 28 0 3 16 1 0 25 3 2 11 0 2
8 30 2 1 9 1 0 21 2 0 1 0 3 28 0 3 16 1 3 37 3 2 10 3 2
8 30 2 1 9 1 0 21 2 0 1 0 3 28 0 4 20 1 0 23 4 2 10 0 2
8 30 3 1 9 1 0 21 2 0 1 0 3 28 0 4 20 1 4 39 4 2 11 4 2
8 30 2 1 9 1 0 21 2 0 1 0 4 29 0 1 7 1 3 37 1 2 10 3 2
8 30 4 1 9 1 0 21 2 0 1 0 4 29 0 1 7 1 4 41 1 2 12 4 2
6 30 3 1 9 1 0 21 2 0 1 0 4 29 0 2 11 1 2
8 30 2 1 9 1 0 21 2 0 1 0 4 29 0 3 15 1 0 23 3 2 10 0 2
8 30 4 1 9 1 0 21 2 0 1 0 4 29 0 3 15 1 3 35 3 2 12 3 2
8 30 4 1 9 1 0 21 2 0 1 0 4 29 0 4 19 1 0 24 4 2 12 0 2
8 30 2 1 9 1 0 21 2 0 1 0 4 29 0 4 19 1 4 40 4 2 10 4 2
8 30 3 1 9 1 0 21 2 1 5 0 2 23 1 0 2 0 3 36 0 2 11 3 2
8 30 4 1 9 1 0 21 2 1 5 0 2 23 1 0 2 0 4 41 0 2 12 4 2
6 30 2 1 9 1 0 21 2 1 5 0 2 23 1 2 10 0 2
8 30 3 1 9 1 0 21 2 1 5 0 2 23 1 3 15 0 1 29 3 2 11 1 2
8 30 4 1 9 1 0 21 2 1 5 0 2 23 1 3 15 0 3 35 3 2 12 3 2
8 30 4 1 9 1 0 21 2 1 5 0 2 23 1 4 20 0 1 28 4 2 12 1 2
8 30 3 1 9 1 0 21 2 1 5 0 2 23 1 4 20 0 4 39 4 2 11 4 2
8 30 2 1 9 1 0 21 2 1 5 0 3 24 1 0 4 0 3 37 0 2 10 3 2
8 30 3 1 9 1 0 21 2 1 5 0 3 24 1 0 4 0 4 39 0 2 11 4 2
6 30 4 1 9 1 0 21 2 1 5 0 3 24 1 2 12 0 2
8 30 2 1 9 1 0 21 2 1 5 0 3 24 1 3 14 0 1 27 3 2 10 1 2
8 30 3 1 9 1 0 21 2 1 5 0 3 24 1 3 14 0 3 36 3 2 11 3 2
8 30 3 1 9 1 0 21 2 1 5 0 3 24 1 4 19 0 1 29 4 2 11 1 2
8 30 2 1 9 1 0 21 2 1 5 0 3 24 1 4 19 0 4 40 4 2 10 4 2
8 30 4 1 9 1 0 21 2 1 5 0 4 25 1 0 3 0 3 35 0 2 12 3 2
8 30 2 1 9 1 0 21 2 1 5 0 4 25 1 0 3 0 4 40 0 2 10 4 2
6 30 3 1 9 1 0 21 2 1 5 0 4 25 1 2 11 0 2
8 30 4 1 9 1 0 21 2 1 5 0 4 25 1 3 16 0 1 28 3 2 12 1 2
8 30 2 1 9 1 0 21 2 1 5 0 4 25 1 3 16 0 3 37 3 2 10 3 2
8 30 2 1 9 1 0 21 2 1 5 0 4 25 1 4 18 0 1 27 4 2 10 1 2
8 30 4 1 9 1 0 21 2 1 5 0 4 25 1 4 18 0 4 41 4 2 12 4 2
8 30 4 1 9 1 0 21 2 3 13 0 1 38 1 2 14 4 0 24 3 2 12 0 2
8 30 2 1 9 1 0 21 2 3 13 0 1 38 1 2 14 4 1 27 3 2 10 1 2
8 30 3 1 9 1 0 21 2 3 13 0 1 38 1 2 14 4 3 36 3 2 11 3 2
8 30 2 1 9 1 0 21 2 3 13 0 1 38 1 3 15 4 0 23 3 2 10 0 2
8 30 3 1 9 1 0 21 2 3 13 0 1 38 1 3 15 4 1 29 3 2 11 1 2
8 30 4 1 9 1 0 21 2 3 13 0 1 38 1 3 15 4 3 35 3 2 12 3 2
8 30 3 1 9 1 0 21 2 3 13 0 1 38 1 4 16 4 0 25 3 2 11 0 2
8 30 4 1 9 1 0 21 2 3 13 0 1 38 1 4 16 4 1 28 3 2 12 1 2
8 30 2 1 9 1 0 21 2 3 13 0 1 38 1 4 16 4 3 37 3 2 10 3 2
8 30 4 1 9 1 0 21 2 3 13 0 2 39 3 0 4 4 0 24 0 2 12 0 2
8 30 2 1 9 1 0 21 2 3 13 0 2 39 3 0 4 4 3 37 0 2 10 3 2
8 30 2 1 9 1 0 21 2 3 13 0 2 39 3 1 6 4 1 27 1 2 10 1 2
8 30 4 1 9 1 0 21 2 3 13 0 2 39 3 1 6 4 3 35 1 2 12 3 2
6 30 3 1 9 1 0 21 2 3 13 0 2 39 3 2 11 4 2
8 30 2 1 9 1 0 21 2 3 13 0 2 39 3 4 20 4 0 23 4 2 10 0 2
8 30 4 1 9 1 0 21 2 3 13 0 2 39 3 4 20 4 1 28 4 2 12 1 2
8 30 3 1 9 1 0 21 2 3 13 0 3 40 3 0 3 4 0 25 0 2 11 0 2
8 30 4 1 9 1 0 21 2 3 13 0 3 40 3 0 3 4 3 35 0 2 12 3 2
8 30 4 1 9 1 0 21 2 3 13 0 3 40 3 1 8 4 1 28 1 2 12 1 2
8 30 3 1 9 1 0 21 2 3 13 0 3 40 3 1 8 4 3 36 1 2 11 3 2
6 30 2 1 9 1 0 21 2 3 13 0 3 40 3 2 10 4 2
8 30 4 1 9 1 0 21 2 3 13 0 3 40 3 4 19 4 0 24 4 2 12 0 2
8 30 3 1 9 1 0 21 2 3 13 0 3 40 3 4 19 4 1 29 4 2 11 1 2
8 30 2 1 9 1 0 21 2 3 13 0 4 41 3 0 2 4 0 23 0 2 10 0 2
8 30 3 1 9 1 0 21 2 3 13 0 4 41 3 0 2 4 3 36 0 2 11 3 2
8 30 3 1 9 1 0 21 2 3 13 0 4 41 3 1 7 4 1 29 1 2 11 1 2
8 30 2 1 9 1 0 21 2 3 13 0 4 41 3 1 7 4 3 37 1 2 10 3 2
6 30 4 1 9 1 0 21 2 3 13 0 4 41 3 2 12 4 2
8 30 3 1 9 1 0 21 2 3 13 0 4 41 3 4 18 4 0 25 4 2 11 0 2
8 30 2 1 9 1 0 21 2 3 13 0 4 41 3 4 18 4 1 27 4 2 10 1 2
8 30 3 1 9 1 0 21 2 4 17 0 1 34 1 2 18 3 0 25 4 2 11 0 2
8 30 2 1 9 1 0 21 2 4 17 0 1 34 1 2 18 3 1 27 4 2 10 1 2
8 30 4 1 9 1 0 21 2 4 17 0 1 34 1 2 18 3 4 41 4 2 12 4 2
8 30 4 1 9 1 0 21 2 4 17 0 1 34 1 3 19 3 0 24 4 2 12 0 2
8 30 3 1 9 1 0 21 2 4 17 0 1 34 1 3 19 3 1 29 4 2 11 1 2
8 30 2 1 9 1 0 21 2 4 17 0 1 34 1 3 19 3 4 40 4 2 10 4 2
8 30 2 1 9 1 0 21 2 4 17 0 1 34 1 4 20 3 0 23 4 2 10 0 2
8 30 4 1 9 1 0 21 2 4 17 0 1 34 1 4 20 3 1 28 4 2 12 1 2
8 30 3 1 9 1 0 21 2 4 17 0 1 34 1 4 20 3 4 39 4 2 11 4 2
8 30 3 1 9 1 0 21 2 4 17 0 2 35 4 0 3 3 0 25 0 2 11 0 2
8 30 2 1 9 1 0 21 2 4 17 0 2 35 4 0 3 3 4 40 0 2 10 4 2
8 30 2 1 9 1 0 21 2 4 17 0 2 35 4 1 6 3 1 27 1 2 10 1 2
8 30 3 1 9 1 0 21 2 4 17 0 2 35 4 1 6 3 4 39 1 2 11 4 2
6 30 4 1 9 1 0 21 2 4 17 0 2 35 4 2 12 3 2
8 30 2 1 9 1 0 21 2 4 17 0 2 35 4 3 15 3 0 23 3 2 10 0 2
8 30 3 1 9 1 0 21 2 4 17 0 2 35 4 3 15 3 1 29 3 2 11 1 2
8 30 2 1 9 1 0 21 2 4 17 0 3 36 4 0 2 3 0 23 0 2 10 0 2
8 30 4 1 9 1 0 21 2 4 17 0 3 36 4 0 2 3 4 41 0 2 12 4 2
8 30 4 1 9 1 0 21 2 4 17 0 3 36 4 1 8 3 1 28 1 2 12 1 2
8 30 2 1 9 1 0 21 2 4 17 0 3 36 4 1 8 3 4 40 1 2 10 4 2
6 30 3 1 9 1 0 21 2 4 17 0 3 36 4 2 11 3 2
8 30 4 1 9 1 0 21 2 4 17 0 3 36 4 3 14 3 0 24 3 2 12 0 2
8 30 2 1 9 1 0 21 2 4 17 0 3 36 4 3 14 3 1 27 3 2 10 1 2
8 30 4 1 9 1 0 21 2 4 17 0 4 37 4 0 4 3 0 24 0 2 12 0 2
8 30 3 1 9 1 0 21 2 4 17 0 4 37 4 0 4 3 4 39 0 2 11 4 2
8 30 3 1 9 1 0 21 2 4 17 0 4 37 4 1 7 3 1 29 1 2 11 1 2
8 30 4 1 9 1 0 21 2 4 17 0 4 37 4 1 7 3 4 41 1 2 12 4 2
6 30 2 1 9 1 0 21 2 4 17 0 4 37 4 2 10 3 2
8 30 3 1 9 1 0 21 2 4 17 0 4 37 4 3 16 3 0 25 3 2 11 0 2
8 30 4 1 9 1 0 21 2 4 17 0 4 37 4 3 16 3 1 28 3 2 12 1 2
8 30 4 1 9 1 2 31 2 0 2 2 0 23 0 1 5 2 3 24 1 2 12 0 2
8 30 3 1 9 1 2 31 2 0 2 2 0 23 0 1 5 2 4 25 1 2 11 0 2
6 30 2 1 9 1 2 31 2 0 2 2 0 23 0 2 10 0 2
8 30 3 1 9 1 2 31 2 0 2 2 0 23 0 3 15 0 1 29 3 2 11 1 2
8 30 4 1 9 1 2 31 2 0 2 2 0 23 0 3 15 0 3 35 3 2 12 3 2
8 30 4 1 9 1 2 31 2 0 2 2 0 23 0 4 20 0 1 28 4 2 12 1 2
8 30 3 1 9 1 2 31 2 0 2 2 0 23 0 4 20 0 4 39 4 2 11 4 2
8 30 4 1 9 1 2 31 2 0 2 2 3 36 0 1 8 3 1 28 1 2 12 1 2
8 30 2 1 9 1 2 31 2 0 2 2 3 36 0 1 8 3 4 40 1 2 10 4 2
6 30 3 1 9 1 2 31 2 0 2 2 3 36 0 2 11 3 2
8 30 4 1 9 1 2 31 2 0 2 2 3 36 0 3 14 3 0 24 3 2 12 0 2
8 30 2 1 9 1 2 31 2 0 2 2 3 36 0 3 14 3 1 27 3 2 10 1 2
8 30 4 1 9 1 2 31 2 0 2 2 3 36 0 4 17 3 2 35 4 2 12 3 2
8 30 2 1 9 1 2 31 2 0 2 2 3 36 0 4 17 3 4 37 4 2 10 3 2
8 30 3 1 9 1 2 31 2 0 2 2 4 41 0 1 7 4 1 29 1 2 11 1 2
8 30 2 1 9 1 2 31 2 0 2 2 4 41 0 1 7 4 3 37 1 2 10 3 2
6 30 4 1 9 1 2 31 2 0 2 2 4 41 0 2 12 4 2
8 30 3 1 9 1 2 31 2 0 2 2 4 41 0 3 13 4 2 39 3 2 11 4 2
8 30 2 1 9 1 2 31 2 0 2 2 4 41 0 3 13 4 3 40 3 2 10 4 2
8 30 3 1 9 1 2 31 2 0 2 2 4 41 0 4 18 4 0 25 4 2 11 0 2
8 30 2 1 9 1 2 31 2 0 2 2 4 41 0 4 18 4 1 27 4 2 10 1 2
8 30 4 1 9 1 2 31 2 1 6 2 1 27 1 0 1 2 3 28 0 2 12 1 2
8 30 3 1 9 1 2 31 2 1 6 2 1 27 1 0 1 2 4 29 0 2 11 1 2
6 30 2 1 9 1 2 31 2 1 6 2 1 27 1 2 10 1 2
8 30 4 1 9 1 2 31 2 1 6 2 1 27 1 3 14 1 0 24 3 2 12 0 2
8 30 3 1 9 1 2 31 2 1 6 2 1 27 1 3 14 1 3 36 3 2 11 3 2
8 30 3 1 9 1 2 31 2 1 6 2 1 27 1 4 18 1 0 25 4 2 11 0 2
8 30 4 1 9 1 2 31 2 1 6 2 1 27 1 4 18 1 4 41 4 2 12 4 2
8 30 3 1 9 1 2 31 2 1 6 2 3 35 1 0 3 3 0 25 0 2 11 0 2
8 30 2 1 9 1 2 31 2 1 6 2 3 35 1 0 3 3 4 40 0 2 10 4 2
6 30 4 1 9 1 2 31 2 1 6 2 3 35 1 2 12 3 2
8 30 2 1 9 1 2 31 2 1 6 2 3 35 1 3 15 3 0 23 3 2 10 0 2
8 30 3 1 9 1 2 31 2 1 6 2 3 35 1 3 15 3 1 29 3 2 11 1 2
8 30 3 1 9 1 2 31 2 1 6 2 3 35 1 4 17 2 3 36 4 2 11 3 2
8 30 2 1 9 1 2 31 2 1 6 2 3 35 1 4 17 2 4 37 4 2 10 3 2
8 30 4 1 9 1 2 31 2 1 6 2 4 39 1 0 4 4 0 24 0 2 12 0 2
8 30 2 1 9 1 2 31 2 1 6 2 4 39 1 0 4 4 3 37 0 2 10 3 2
6 30 3 1 9 1 2 31 2 1 6 2 4 39 1 2 11 4 2
8 30 2 1 9 1 2 31 2 1 6 2 4 39 1 3 13 2 3 40 3 2 10 4 2
8 30 4 1 9 1 2 31 2 1 6 2 4 39 1 3 13 2 4 41 3 2 12 4 2
8 30 2 1 9 1 2 31 2 1 6 2 4 39 1 4 20 4 0 23 4 2 10 0 2
8 30 4 1 9 1 2 31 2 1 6 2 4 39 1 4 20 4 1 28 4 2 12 1 2
8 30 4 1 9 1 2 31 2 3 16 2 0 25 3 0 3 0 3 35 0 2 12 3 2
8 30 2 1 9 1 2 31 2 3 16 2 0 25 3 0 3 0 4 40 0 2 10 4 2
8 30 2 1 9 1 2 31 2 3 16 2 0 25 3 1 5 4 2 23 1 2 10 0 2
8 30 4 1 9 1 2 31 2 3 16 2 0 25 3 1 5 4 3 24 1 2 12 0 2
6 30 3 1 9 1 2 31 2 3 16 2 0 25 3 2 11 0 2
8 30 2 1 9 1 2 31 2 3 16 2 0 25 3 4 18 0 1 27 4 2 10 1 2
8 30 4 1 9 1 2 31 2 3 16 2 0 25 3 4 18 0 4 41 4 2 12 4 2
8 30 2 1 9 1 2 31 2 3 16 2 1 28 3 0 1 3 2 27 0 2 10 1 2
8 30 3 1 9 1 2 31 2 3 16 2 1 28 3 0 1 3 4 29 0 2 11 1 2
8 30 3 1 9 1 2 31 2 3 16 2 1 28 3 1 8 1 3 36 1 2 11 3 2
8 30 2 1 9 1 2 31 2 3 16 2 1 28 3 1 8 1 4 40 1 2 10 4 2
6 30 4 1 9 1 2 31 2 3 16 2 1 28 3 2 12 1 2
8 30 2 1 9 1 2 31 2 3 16 2 1 28 3 4 20 1 0 23 4 2 10 0 2
8 30 3 1 9 1 2 31 2 3 16 2 1 28 3 4 20 1 4 39 4 2 11 4 2
8 30 4 1 9 1 2 31 2 3 16 2 3 37 3 0 4 3 0 24 0 2 12 0 2
8 30 3 1 9 1 2 31 2 3 16 2 3 37 3 0 4 3 4 39 0 2 11 4 2
8 30 3 1 9 1 2 31 2 3 16 2 3 37 3 1 7 3 1 29 1 2 11 1 2
8 30 4 1 9 1 2 31 2 3 16 2 3 37 3 1 7 3 4 41 1 2 12 4 2
6 30 2 1 9 1 2 31 2 3 16 2 3 37 3 2 10 3 2
8 30 4 1 9 1 2 31 2 3 16 2 3 37 3 4 17 4 2 35 4 2 12 3 2
8 30 3 1 9 1 2 31 2 3 16 2 3 37 3 4 17 4 3 36 4 2 11 3 2
8 30 3 1 9 1 2 31 2 3 16 2 4 38 4 1 13 1 2 39 3 2 11 4 2
8 30 2 1 9 1 2 31 2 3 16 2 4 38 4 1 13 1 3 40 3 2 10 4 2
8 30 4 1 9 1 2 31 2 3 16 2 4 38 4 1 13 1 4 41 3 2 12 4 2
8 30 4 1 9 1 2 31 2 3 16 2 4 38 4 2 14 4 0 24 3 2 12 0 2
8 30 2 1 9 1 2 31 2 3 16 2 4 38 4 2 14 4 1 27 3 2 10 1 2
8 30 3 1 9 1 2 31 2 3 16 2 4 38 4 2 14 4 3 36 3 2 11 3 2
8 30 2 1 9 1 2 31 2 3 16 2 4 38 4 3 15 4 0 23 3 2 10 0 2
8 30 3 1 9 1 2 31 2 3 16 2 4 38 4 3 15 4 1 29 3 2 11 1 2
8 30 4 1 9 1 2 31 2 3 16 2 4 38 4 3 15 4 3 35 3 2 12 3 2
8 30 2 1 9 1 2 31 2 4 19 2 0 24 4 0 4 0 3 37 0 2 10 3 2
8 30 3 1 9 1 2 31 2 4 19 2 0 24 4 0 4 0 4 39 0 2 11 4 2
8 30 2 1 9 1 2 31 2 4 19 2 0 24 4 1 5 3 2 23 1 2 10 0 2
8 30 3 1 9 1 2 31 2 4 19 2 0 24 4 1 5 3 4 25 1 2 11 0 2
6 30 4 1 9 1 2 31 2 4 19 2 0 24 4 2 12 0 2
8 30 2 1 9 1 2 31 2 4 19 2 0 24 4 3 14 0 1 27 3 2 10 1 2
8 30 3 1 9 1 2 31 2 4 19 2 0 24 4 3 14 0 3 36 3 2 11 3 2
8 30 2 1 9 1 2 31 2 4 19 2 1 29 4 0 1 4 2 27 0 2 10 1 2
8 30 4 1 9 1 2 31 2 4 19 2 1 29 4 0 1 4 3 28 0 2 12 1 2
8 30 2 1 9 1 2 31 2 4 19 2 1 29 4 1 7 1 3 37 1 2 10 3 2
8 30 4 1 9 1 2 31 2 4 19 2 1 29 4 1 7 1 4 41 1 2 12 4 2
6 30 3 1 9 1 2 31 2 4 19 2 1 29 4 2 11 1 2
8 30 2 1 9 1 2 31 2 4 19 2 1 29 4 3 15 1 0 23 3 2 10 0 2
8 30 4 1 9 1 2 31 2 4 19 2 1 29 4 3 15 1 3 35 3 2 12 3 2
8 30 4 1 9 1 2 31 2 4 19 2 3 34 3 1 17 1 2 35 4 2 12 3 2
8 30 3 1 9 1 2 31 2 4 19 2 3 34 3 1 17 1 3 36 4 2 11 3 2
8 30 2 1 9 1 2 31 2 4 19 2 3 34 3 1 17 1 4 37 4 2 10 3 2
8 30 3 1 9 1 2 31 2 4 19 2 3 34 3 2 18 3 0 25 4 2 11 0 2
8 30 2 1 9 1 2 31 2 4 19 2 3 34 3 2 18 3 1 27 4 2 10 1 2
8 30 4 1 9 1 2 31 2 4 19 2 3 34 3 2 18 3 4 41 4 2 12 4 2
8 30 2 1 9 1 2 31 2 4 19 2 3 34 3 4 20 3 0 23 4 2 10 0 2
8 30 4 1 9 1 2 31 2 4 19 2 3 34 3 4 20 3 1 28 4 2 12 1 2
8 30 3 1 9 1 2 31 2 4 19 2 3 34 3 4 20 3 4 39 4 2 11 4 2
8 30 3 1 9 1 2 31 2 4 19 2 4 40 4 0 3 4 0 25 0 2 11 0 2
8 30 4 1 9 1 2 31 2 4 19 2 4 40 4 0 3 4 3 35 0 2 12 3 2
8 30 4 1 9 1 2 31 2 4 19 2 4 40 4 1 8 4 1 28 1 2 12 1 2
8 30 3 1 9 1 2 31 2 4 19 2 4 40 4 1 8 4 3 36 1 2 11 3 2
6 30 2 1 9 1 2 31 2 4 19 2 4 40 4 2 10 4 2
8 30 3 1 9 1 2 31 2 4 19 2 4 40 4 3 13 3 2 39 3 2 11 4 2
8 30 4 1 9 1 2 31 2 4 19 2 4 40 4 3 13 3 4 41 3 2 12 4 2
8 30 2 1 9 1 3 32 2 0 4 2 0 24 0 1 5 3 2 23 1 2 10 0 2
8 30 3 1 9 1 3 32 2 0 4 2 0 24 0 1 5 3 4 25 1 2 11 0 2
6 30 4 1 9 1 3 32 2 0 4 2 0 24 0 2 12 0 2
8 30 2 1 9 1 3 32 2 0 4 2 0 24 0 3 14 0 1 27 3 2 10 1 2
8 30 3 1 9 1 3 32 2 0 4 2 0 24 0 3 14 0 3 36 3 2 11 3 2
8 30 3 1 9 1 3 32 2 0 4 2 0 24 0 4 19 0 1 29 4 2 11 1 2
8 30 2 1 9 1 3 32 2 0 4 2 0 24 0 4 19 0 4 40 4 2 10 4 2
8 30 3 1 9 1 3 32 2 0 4 2 3 37 0 1 7 3 1 29 1 2 11 1 2
8 30 4 1 9 1 3 32 2 0 4 2 3 37 0 1 7 3 4 41 1 2 12 4 2
6 30 2 1 9 1 3 32 2 0 4 2 3 37 0 2 10 3 2
8 30 3 1 9 1 3 32 2 0 4 2 3 37 0 3 16 3 0 25 3 2 11 0 2
8 30 4 1 9 1 3 32 2 0 4 2 3 37 0 3 16 3 1 28 3 2 12 1 2
8 30 4 1 9 1 3 32 2 0 4 2 3 37 0 4 17 4 2 35 4 2 12 3 2
8 30 3 1 9 1 3 32 2 0 4 2 3 37 0 4 17 4 3 36 4 2 11 3 2
8 30 2 1 9 1 3 32 2 0 4 2 4 39 0 1 6 4 1 27 1 2 10 1 2
8 30 4 1 9 1 3 32 2 0 4 2 4 39 0 1 6 4 3 35 1 2 12 3 2
6 30 3 1 9 1 3 32 2 0 4 2 4 39 0 2 11 4 2
8 30 2 1 9 1 3 32 2 0 4 2 4 39 0 3 13 2 3 40 3 2 10 4 2
8 30 4 1 9 1 3 32 2 0 4 2 4 39 0 3 13 2 4 41 3 2 12 4 2
8 30 2 1 9 1 3 32 2 0 4 2 4 39 0 4 20 4 0 23 4 2 10 0 2
8 30 4 1 9 1 3 32 2 0 4 2 4 39 0 4 20 4 1 28 4 2 12 1 2
8 30 2 1 9 1 3 32 2 1 8 2 1 28 1 0 1 3 2 27 0 2 10 1 2
8 30 3 1 9 1 3 32 2 1 8 2 1 28 1 0 1 3 4 29 0 2 11 1 2
6 30 4 1 9 1 3 32 2 1 8 2 1 28 1 2 12 1 2
8 30 3 1 9 1 3 32 2 1 8 2 1 28 1 3 16 1 0 25 3 2 11 0 2
8 30 2 1 9 1 3 32 2 1 8 2 1 28 1 3 16 1 3 37 3 2 10 3 2
8 30 2 1 9 1 3 32 2 1 8 2 1 28 1 4 20 1 0 23 4 2 10 0 2
8 30 3 1 9 1 3 32 2 1 8 2 1 28 1 4 20 1 4 39 4 2 11 4 2
8 30 2 1 9 1 3 32 2 1 8 2 3 36 1 0 2 3 0 23 0 2 10 0 2
8 30 4 1 9 1 3 32 2 1 8 2 3 36 1 0 2 3 4 41 0 2 12 4 2
6 30 3 1 9 1 3 32 2 1 8 2 3 36 1 2 11 3 2
8 30 4 1 9 1 3 32 2 1 8 2 3 36 1 3 14 3 0 24 3 2 12 0 2
8 30 2 1 9 1 3 32 2 1 8 2 3 36 1 3 14 3 1 27 3 2 10 1 2
8 30 4 1 9 1 3 32 2 1 8 2 3 36 1 4 17 3 2 35 4 2 12 3 2
8 30 2 1 9 1 3 32 2 1 8 2 3 36 1 4 17 3 4 37 4 2 10 3 2
8 30 3 1 9 1 3 32 2 1 8 2 4 40 1 0 3 4 0 25 0 2 11 0 2
8 30 4 1 9 1 3 32 2 1 8 2 4 40 1 0 3 4 3 35 0 2 12 3 2
6 30 2 1 9 1 3 32 2 1 8 2 4 40 1 2 10 4 2
8 30 3 1 9 1 3 32 2 1 8 2 4 40 1 3 13 3 2 39 3 2 11 4 2
8 30 4 1 9 1 3 32 2 1 8 2 4 40 1 3 13 3 4 41 3 2 12 4 2
8 30 4 1 9 1 3 32 2 1 8 2 4 40 1 4 19 4 0 24 4 2 12 0 2
8 30 3 1 9 1 3 32 2 1 8 2 4 40 1 4 19 4 1 29 4 2 11 1 2
8 30 3 1 9 1 3 32 2 3 15 2 0 23 3 0 2 0 3 36 0 2 11 3 2
8 30 4 1 9 1 3 32 2 3 15 2 0 23 3 0 2 0 4 41 0 2 12 4 2
8 30 4 1 9 1 3 32 2 3 15 2 0 23 3 1 5 2 3 24 1 2 12 0 2
8 30 3 1 9 1 3 32 2 3 15 2 0 23 3 1 5 2 4 25 1 2 11 0 2
6 30 2 1 9 1 3 32 2 3 15 2 0 23 3 2 10 0 2
8 30 4 1 9 1 3 32 2 3 15 2 0 23 3 4 20 0 1 28 4 2 12 1 2
8 30 3 1 9 1 3 32 2 3 15 2 0 23 3 4 20 0 4 39 4 2 11 4 2
8 30 2 1 9 1 3 32 2 3 15 2 1 29 3 0 1 4 2 27 0 2 10 1 2
8 30 4 1 9 1 3 32 2 3 15 2 1 29 3 0 1 4 3 28 0 2 12 1 2
8 30 2 1 9 1 3 32 2 3 15 2 1 29 3 1 7 1 3 37 1 2 10 3 2
8 30 4 1 9 1 3 32 2 3 15 2 1 29 3 1 7 1 4 41 1 2 12 4 2
6 30 3 1 9 1 3 32 2 3 15 2 1 29 3 2 11 1 2
8 30 4 1 9 1 3 32 2 3 15 2 1 29 3 4 19 1 0 24 4 2 12 0 2
8 30 2 1 9 1 3 32 2 3 15 2 1 29 3 4 19 1 4 40 4 2 10 4 2
8 30 3 1 9 1 3 32 2 3 15 2 3 35 3 0 3 3 0 25 0 2 11 0 2
8 30 2 1 9 1 3 32 2 3 15 2 3 35 3 0 3 3 4 40 0 2 10 4 2
8 30 2 1 9 1 3 32 2 3 15 2 3 35 3 1 6 3 1 27 1 2 10 1 2
8 30 3 1 9 1 3 32 2 3 15 2 3 35 3 1 6 3 4 39 1 2 11 4 2
6 30 4 1 9 1 3 32 2 3 15 2 3 35 3 2 12 3 2
8 30 3 1 9 1 3 32 2 3 15 2 3 35 3 4 17 2 3 36 4 2 11 3 2
8 30 2 1 9 1 3 32 2 3 15 2 3 35 3 4 17 2 4 37 4 2 10 3 2
8 30 3 1 9 1 3 32 2 3 15 2 4 38 3 1 13 1 2 39 3 2 11 4 2
8 30 2 1 9 1 3 32 2 3 15 2 4 38 3 1 13 1 3 40 3 2 10 4 2
8 30 4 1 9 1 3 32 2 3 15 2 4 38 3 1 13 1 4 41 3 2 12 4 2
8 30 4 1 9 1 3 32 2 3 15 2 4 38 3 2 14 4 0 24 3 2 12 0 2
8 30 2 1 9 1 3 32 2 3 15 2 4 38 3 2 14 4 1 27 3 2 10 1 2
8 30 3 1 9 1 3 32 2 3 15 2 4 38 3 2 14 4 3 36 3 2 11 3 2
8 30 3 1 9 1 3 32 2 3 15 2 4 38 3 4 16 4 0 25 3 2 11 0 2
8 30 4 1 9 1 3 32 2 3 15 2 4 38 3 4 16 4 1 28 3 2 12 1 2
8 30 2 1 9 1 3 32 2 3 15 2 4 38 3 4 16 4 3 37 3 2 10 3 2
8 30 4 1 9 1 3 32 2 4 18 2 0 25 4 0 3 0 3 35 0 2 12 3 2
8 30 2 1 9 1 3 32 2 4 18 2 0 25 4 0 3 0 4 40 0 2 10 4 2
8 30 2 1 9 1 3 32 2 4 18 2 0 25 4 1 5 4 2 23 1 2 10 0 2
8 30 4 1 9 1 3 32 2 4 18 2 0 25 4 1 5 4 3 24 1 2 12 0 2
6 30 3 1 9 1 3 32 2 4 18 2 0 25 4 2 11 0 2
8 30 4 1 9 1 3 32 2 4 18 2 0 25 4 3 16 0 1 28 3 2 12 1 2
8 30 2 1 9 1 3 32 2 4 18 2 0 25 4 3 16 0 3 37 3 2 10 3 2
8 30 4 1 9 1 3 32 2 4 18 2 1 27 4 0 1 2 3 28 0 2 12 1 2
8 30 3 1 9 1 3 32 2 4 18 2 1 27 4 0 1 2 4 29 0 2 11 1 2
8 30 4 1 9 1 3 32 2 4 18 2 1 27 4 1 6 1 3 35 1 2 12 3 2
8 30 3 1 9 1 3 32 2 4 18 2 1 27 4 1 6 1 4 39 1 2 11 4 2
6 30 2 1 9 1 3 32 2 4 18 2 1 27 4 2 10 1 2
8 30 4 1 9 1 3 32 2 4 18 2 1 27 4 3 14 1 0 24 3 2 12 0 2
8 30 3 1 9 1 3 32 2 4 18 2 1 27 4 3 14 1 3 36 3 2 11 3 2
8 30 4 1 9 1 3 32 2 4 18 2 3 34 2 1 17 1 2 35 4 2 12 3 2
8 30 3 1 9 1 3 32 2 4 18 2 3 34 2 1 17 1 3 36 4 2 11 3 2
8 30 2 1 9 1 3 32 2 4 18 2 3 34 2 1 17 1 4 37 4 2 10 3 2
8 30 4 1 9 1 3 32 2 4 18 2 3 34 2 3 19 3 0 24 4 2 12 0 2
8 30 3 1 9 1 3 32 2 4 18 2 3 34 2 3 19 3 1 29 4 2 11 1 2
8 30 2 1 9 1 3 32 2 4 18 2 3 34 2 3 19 3 4 40 4 2 10 4 2
8 30 2 1 9 1 3 32 2 4 18 2 3 34 2 4 20 3 0 23 4 2 10 0 2
8 30 4 1 9 1 3 32 2 4 18 2 3 34 2 4 20 3 1 28 4 2 12 1 2
8 30 3 1 9 1 3 32 2 4 18 2 3 34 2 4 20 3 4 39 4 2 11 4 2
8 30 2 1 9 1 3 32 2 4 18 2 4 41 4 0 2 4 0 23 0 2 10 0 2
8 30 3 1 9 1 3 32 2 4 18 2 4 41 4 0 2 4 3 36 0 2 11 3 2
8 30 3 1 9 1 3 32 2 4 18 2 4 41 4 1 7 4 1 29 1 2 11 1 2
8 30 2 1 9 1 3 32 2 4 18 2 4 41 4 1 7 4 3 37 1 2 10 3 2
6 30 4 1 9 1 3 32 2 4 18 2 4 41 4 2 12 4 2
8 30 3 1 9 1 3 32 2 4 18 2 4 41 4 3 13 4 2 39 3 2 11 4 2
8 30 2 1 9 1 3 32 2 4 18 2 4 41 4 3 13 4 3 40 3 2 10 4 2
8 30 2 1 9 1 4 33 2 0 3 2 0 25 0 1 5 4 2 23 1 2 10 0 2
8 30 4 1 9 1 4 33 2 0 3 2 0 25 0 1 5 4 3 24 1 2 12 0 2
6 30 3 1 9 1 4 33 2 0 3 2 0 25 0 2 11 0 2
8 30 4 1 9 1 4 33 2 0 3 2 0 25 0 3 16 0 1 28 3 2 12 1 2
8 30 2 1 9 1 4 33 2 0 3 2 0 25 0 3 16 0 3 37 3 2 10 3 2
8 30 2 1 9 1 4 33 2 0 3 2 0 25 0 4 18 0 1 27 4 2 10 1 2
8 30 4 1 9 1 4 33 2 0 3 2 0 25 0 4 18 0 4 41 4 2 12 4 2
8 30 2 1 9 1 4 33 2 0 3 2 3 35 0 1 6 3 1 27 1 2 10 1 2
8 30 3 1 9 1 4 33 2 0 3 2 3 35 0 1 6 3 4 39 1 2 11 4 2
6 30 4 1 9 1 4 33 2 0 3 2 3 35 0 2 12 3 2
8 30 2 1 9 1 4 33 2 0 3 2 3 35 0 3 15 3 0 23 3 2 10 0 2
8 30 3 1 9 1 4 33 2 0 3 2 3 35 0 3 15 3 1 29 3 2 11 1 2
8 30 3 1 9 1 4 33 2 0 3 2 3 35 0 4 17 2 3 36 4 2 11 3 2
8 30 2 1 9 1 4 33 2 0 3 2 3 35 0 4 17 2 4 37 4 2 10 3 2
8 30 4 1 9 1 4 33 2 0 3 2 4 40 0 1 8 4 1 28 1 2 12 1 2
8 30 3 1 9 1 4 33 2 0 3 2 4 40 0 1 8 4 3 36 1 2 11 3 2
6 30 2 1 9 1 4 33 2 0 3 2 4 40 0 2 10 4 2
8 30 3 1 9 1 4 33 2 0 3 2 4 40 0 3 13 3 2 39 3 2 11 4 2
8 30 4 1 9 1 4 33 2 0 3 2 4 40 0 3 13 3 4 41 3 2 12 4 2
8 30 4 1 9 1 4 33 2 0 3 2 4 40 0 4 19 4 0 24 4 2 12 0 2
8 30 3 1 9 1 4 33 2 0 3 2 4 40 0 4 19 4 1 29 4 2 11 1 2
8 30 2 1 9 1 4 33 2 1 7 2 1 29 1 0 1 4 2 27 0 2 10 1 2
8 30 4 1 9 1 4 33 2 1 7 2 1 29 1 0 1 4 3 28 0 2 12 1 2
6 30 3 1 9 1 4 33 2 1 7 2 1 29 1 2 11 1 2
8 30 2 1 9 1 4 33 2 1 7 2 1 29 1 3 15 1 0 23 3 2 10 0 2
8 30 4 1 9 1 4 33 2 1 7 2 1 29 1 3 15 1 3 35 3 2 12 3 2
8 30 4 1 9 1 4 33 2 1 7 2 1 29 1 4 19 1 0 24 4 2 12 0 2
8 30 2 1 9 1 4 33 2 1 7 2 1 29 1 4 19 1 4 40 4 2 10 4 2
8 30 4 1 9 1 4 33 2 1 7 2 3 37 1 0 4 3 0 24 0 2 12 0 2
8 30 3 1 9 1 4 33 2 1 7 2 3 37 1 0 4 3 4 39 0 2 11 4 2
6 30 2 1 9 1 4 33 2 1 7 2 3 37 1 2 10 3 2
8 30 3 1 9 1 4 33 2 1 7 2 3 37 1 3 16 3 0 25 3 2 11 0 2
8 30 4 1 9 1 4 33 2 1 7 2 3 37 1 3 16 3 1 28 3 2 12 1 2
8 30 4 1 9 1 4 33 2 1 7 2 3 37 1 4 17 4 2 35 4 2 12 3 2
8 30 3 1 9 1 4 33 2 1 7 2 3 37 1 4 17 4 3 36 4 2 11 3 2
8 30 2 1 9 1 4 33 2 1 7 2 4 41 1 0 2 4 0 23 0 2 10 0 2
8 30 3 1 9 1 4 33 2 1 7 2 4 41 1 0 2 4 3 36 0 2 11 3 2
6 30 4 1 9 1 4 33 2 1 7 2 4 41 1 2 12 4 2
8 30 3 1 9 1 4 33 2 1 7 2 4 41 1 3 13 4 2 39 3 2 11 4 2
8 30 2 1 9 1 4 33 2 1 7 2 4 41 1 3 13 4 3 40 3 2 10 4 2
8 30 3 1 9 1 4 33 2 1 7 2 4 41 1 4 18 4 0 25 4 2 11 0 2
8 30 2 1 9 1 4 33 2 1 7 2 4 41 1 4 18 4 1 27 4 2 10 1 2
8 30 2 1 9 1 4 33 2 3 14 2 0 24 3 0 4 0 3 37 0 2 10 3 2
8 30 3 1 9 1 4 33 2 3 14 2 0 24 3 0 4 0 4 39 0 2 11 4 2
8 30 2 1 9 1 4 33 2 3 14 2 0 24 3 1 5 3 2 23 1 2 10 0 2
8 30 3 1 9 1 4 33 2 3 14 2 0 24 3 1 5 3 4 25 1 2 11 0 2
6 30 4 1 9 1 4 33 2 3 14 2 0 24 3 2 12 0 2
8 30 3 1 9 1 4 33 2 3 14 2 0 24 3 4 19 0 1 29 4 2 11 1 2
8 30 2 1 9 1 4 33 2 3 14 2 0 24 3 4 19 0 4 40 4 2 10 4 2
8 30 4 1 9 1 4 33 2 3 14 2 1 27 3 0 1 2 3 28 0 2 12 1 2
8 30 3 1 9 1 4 33 2 3 14 2 1 27 3 0 1 2 4 29 0 2 11 1 2
8 30 4 1 9 1 4 33 2 3 14 2 1 27 3 1 6 1 3 35 1 2 12 3 2
8 30 3 1 9 1 4 33 2 3 14 2 1 27 3 1 6 1 4 39 1 2 11 4 2
6 30 2 1 9 1 4 33 2 3 14 2 1 27 3 2 10 1 2
8 30 3 1 9 1 4 33 2 3 14 2 1 27 3 4 18 1 0 25 4 2 11 0 2
8 30 4 1 9 1 4 33 2 3 14 2 1 27 3 4 18 1 4 41 4 2 12 4 2
8 30 2 1 9 1 4 33 2 3 14 2 3 36 3 0 2 3 0 23 0 2 10 0 2
8 30 4 1 9 1 4 33 2 3 14 2 3 36 3 0 2 3 4 41 0 2 12 4 2
8 30 4 1 9 1 4 33 2 3 14 2 3 36 3 1 8 3 1 28 1 2 12 1 2
8 30 2 1 9 1 4 33 2 3 14 2 3 36 3 1 8 3 4 40 1 2 10 4 2
6 30 3 1 9 1 4 33 2 3 14 2 3 36 3 2 11 3 2
8 30 4 1 9 1 4 33 2 3 14 2 3 36 3 4 17 3 2 35 4 2 12 3 2
8 30 2 1 9 1 4 33 2 3 14 2 3 36 3 4 17 3 4 37 4 2 10 3 2
8 30 3 1 9 1 4 33 2 3 14 2 4 38 2 1 13 1 2 39 3 2 11 4 2
8 30 2 1 9 1 4 33 2 3 14 2 4 38 2 1 13 1 3 40 3 2 10 4 2
8 30 4 1 9 1 4 33 2 3 14 2 4 38 2 1 13 1 4 41 3 2 12 4 2
8 30 2 1 9 1 4 33 2 3 14 2 4 38 2 3 15 4 0 23 3 2 10 0 2
8 30 3 1 9 1 4 33 2 3 14 2 4 38 2 3 15 4 1 29 3 2 11 1 2
8 30 4 1 9 1 4 33 2 3 14 2 4 38 2 3 15 4 3 35 3 2 12 3 2
8 30 3 1 9 1 4 33 2 3 14 2 4 38 2 4 16 4 0 25 3 2 11 0 2
8 30 4 1 9 1 4 33 2 3 14 2 4 38 2 4 16 4 1 28 3 2 12 1 2
8 30 2 1 9 1 4 33 2 3 14 2 4 38 2 4 16 4 3 37 3 2 10 3 2
8 30 3 1 9 1 4 33 2 4 20 2 0 23 4 0 2 0 3 36 0 2 11 3 2
8 30 4 1 9 1 4 33 2 4 20 2 0 23 4 0 2 0 4 41 0 2 12 4 2
8 30 4 1 9 1 4 33 2 4 20 2 0 23 4 1 5 2 3 24 1 2 12 0 2
8 30 3 1 9 1 4 33 2 4 20 2 0 23 4 1 5 2 4 25 1 2 11 0 2
6 30 2 1 9 1 4 33 2 4 20 2 0 23 4 2 10 0 2
8 30 3 1 9 1 4 33 2 4 20 2 0 23 4 3 15 0 1 29 3 2 11 1 2
8 30 4 1 9 1 4 33 2 4 20 2 0 23 4 3 15 0 3 35 3 2 12 3 2
8 30 2 1 9 1 4 33 2 4 20 2 1 28 4 0 1 3 2 27 0 2 10 1 2
8 30 3 1 9 1 4 33 2 4 20 2 1 28 4 0 1 3 4 29 0 2 11 1 2
8 30 3 1 9 1 4 33 2 4 20 2 1 28 4 1 8 1 3 36 1 2 11 3 2
8 30 2 1 9 1 4 33 2 4 20 2 1 28 4 1 8 1 4 40 1 2 10 4 2
6 30 4 1 9 1 4 33 2 4 20 2 1 28 4 2 12 1 2
8 30 3 1 9 1 4 33 2 4 20 2 1 28 4 3 16 1 0 25 3 2 11 0 2
8 30 2 1 9 1 4 33 2 4 20 2 1 28 4 3 16 1 3 37 3 2 10 3 2
8 30 4 1 9 1 4 33 2 4 20 2 3 34 4 1 17 1 2 35 4 2 12 3 2
8 30 3 1 9 1 4 33 2 4 20 2 3 34 4 1 17 1 3 36 4 2 11 3 2
8 30 2 1 9 1 4 33 2 4 20 2 3 34 4 1 17 1 4 37 4 2 10 3 2
8 30 3 1 9 1 4 33 2 4 20 2 3 34 4 2 18 3 0 25 4 2 11 0 2
8 30 2 1 9 1 4 33 2 4 20 2 3 34 4 2 18 3 1 27 4 2 10 1 2
8 30 4 1 9 1 4 33 2 4 20 2 3 34 4 2 18 3 4 41 4 2 12 4 2
8 30 4 1 9 1 4 33 2 4 20 2 3 34 4 3 19 3 0 24 4 2 12 0 2
8 30 3 1 9 1 4 33 2 4 20 2 3 34 4 3 19 3 1 29 4 2 11 1 2
8 30 2 1 9 1 4 33 2 4 20 2 3 34 4 3 19 3 4 40 4 2 10 4 2
8 30 4 1 9 1 4 33 2 4 20 2 4 39 4 0 4 4 0 24 0 2 12 0 2
8 30 2 1 9 1 4 33 2 4 20 2 4 39 4 0 4 4 3 37 0 2 10 3 2
8 30 2 1 9 1 4 33 2 4 20 2 4 39 4 1 6 4 1 27 1 2 10 1 2
8 30 4 1 9 1 4 33 2 4 20 2 4 39 4 1 6 4 3 35 1 2 12 3 2
6 30 3 1 9 1 4 33 2 4 20 2 4 39 4 2 11 4 2
8 30 2 1 9 1 4 33 2 4 20 2 4 39 4 3 13 2 3 40 3 2 10 4 2
8 30 4 1 9 1 4 33 2 4 20 2 4 39 4 3 13 2 4 41 3 2 12 4 2
8 30 4 2 10 2 0 23 2 0 2 0 2 31 0 1 6 2 3 35 1 2 12 3 2
8 30 3 2 10 2 0 23 2 0 2 0 2 31 0 1 6 2 4 39 1 2 11 4 2
8 30 3 2 10 2 0 23 2 0 2 0 2 31 0 3 16 2 0 25 3 2 11 0 2
8 30 4 2 10 2 0 23 2 0 2 0 2 31 0 3 16 2 1 28 3 2 12 1 2
8 30 4 2 10 2 0 23 2 0 2 0 2 31 0 4 19 2 0 24 4 2 12 0 2
8 30 3 2 10 2 0 23 2 0 2 0 2 31 0 4 19 2 1 29 4 2 11 1 2
8 30 4 2 10 2 0 23 2 0 2 0 3 36 0 1 8 3 1 28 1 2 12 1 2
6 30 3 2 10 2 0 23 2 0 2 0 3 36 0 2 11 3 2
8 30 4 2 10 2 0 23 2 0 2 0 3 36 0 3 14 3 0 24 3 2 12 0 2
8 30 4 2 10 2 0 23 2 0 2 0 3 36 0 4 17 3 2 35 4 2 12 3 2
8 30 3 2 10 2 0 23 2 0 2 0 4 41 0 1 7 4 1 29 1 2 11 1 2
6 30 4 2 10 2 0 23 2 0 2 0 4 41 0 2 12 4 2
8 30 3 2 10 2 0 23 2 0 2 0 4 41 0 3 13 4 2 39 3 2 11 4 2
8 30 3 2 10 2 0 23 2 0 2 0 4 41 0 4 18 4 0 25 4 2 11 0 2
8 30 4 2 10 2 0 23 2 1 5 2 0 21 1 0 1 0 3 28 0 2 12 1 2
8 30 3 2 10 2 0 23 2 1 5 2 0 21 1 0 1 0 4 29 0 2 11 1 2
8 30 3 2 10 2 0 23 2 1 5 2 0 21 1 3 13 0 2 39 3 2 11 4 2
8 30 4 2 10 2 0 23 2 1 5 2 0 21 1 3 13 0 4 41 3 2 12 4 2
8 30 4 2 10 2 0 23 2 1 5 2 0 21 1 4 17 0 2 35 4 2 12 3 2
8 30 3 2 10 2 0 23 2 1 5 2 0 21 1 4 17 0 3 36 4 2 11 3 2
8 30 3 2 10 2 0 23 2 1 5 2 3 24 1 0 4 0 4 39 0 2 11 4 2
6 30 4 2 10 2 0 23 2 1 5 2 3 24 1 2 12 0 2
8 30 3 2 10 2 0 23 2 1 5 2 3 24 1 3 14 0 3 36 3 2 11 3 2
8 30 3 2 10 2 0 23 2 1 5 2 3 24 1 4 19 0 1 29 4 2 11 1 2
8 30 4 2 10 2 0 23 2 1 5 2 4 25 1 0 3 0 3 35 0 2 12 3 2
6 30 3 2 10 2 0 23 2 1 5 2 4 25 1 2 11 0 2
8 30 4 2 10 2 0 23 2 1 5 2 4 25 1 3 16 0 1 28 3 2 12 1 2
8 30 4 2 10 2 0 23 2 1 5 2 4 25 1 4 18 0 4 41 4 2 12 4 2
8 30 4 2 10 2 0 23 2 3 15 0 1 29 3 0 1 4 3 28 0 2 12 1 2
8 30 4 2 10 2 0 23 2 3 15 0 1 29 3 1 7 1 4 41 1 2 12 4 2
6 30 3 2 10 2 0 23 2 3 15 0 1 29 3 2 11 1 2
8 30 4 2 10 2 0 23 2 3 15 0 1 29 3 4 19 1 0 24 4 2 12 0 2
8 30 4 2 10 2 0 23 2 3 15 0 2 32 3 0 4 2 0 24 0 2 12 0 2
8 30 3 2 10 2 0 23 2 3 15 0 2 32 3 0 4 2 4 39 0 2 11 4 2
8 30 4 2 10 2 0 23 2 3 15 0 2 32 3 1 8 2 1 28 1 2 12 1 2
8 30 3 2 10 2 0 23 2 3 15 0 2 32 3 1 8 2 3 36 1 2 11 3 2
8 30 3 2 10 2 0 23 2 3 15 0 2 32 3 4 18 2 0 25 4 2 11 0 2
8 30 4 2 10 2 0 23 2 3 15 0 2 32 3 4 18 2 4 41 4 2 12 4 2
8 30 3 2 10 2 0 23 2 3 15 0 3 35 3 0 3 3 0 25 0 2 11 0 2
8 30 3 2 10 2 0 23 2 3 15 0 3 35 3 1 6 3 4 39 1 2 11 4 2
6 30 4 2 10 2 0 23 2 3 15 0 3 35 3 2 12 3 2
8 30 3 2 10 2 0 23 2 3 15 0 3 35 3 4 17 2 3 36 4 2 11 3 2
8 30 3 2 10 2 0 23 2 3 15 0 4 38 3 1 13 1 2 39 3 2 11 4 2
8 30 4 2 10 2 0 23 2 3 15 0 4 38 3 1 13 1 4 41 3 2 12 4 2
8 30 4 2 10 2 0 23 2 3 15 0 4 38 3 2 14 4 0 24 3 2 12 0 2
8 30 3 2 10 2 0 23 2 3 15 0 4 38 3 2 14 4 3 36 3 2 11 3 2
8 30 3 2 10 2 0 23 2 3 15 0 4 38 3 4 16 4 0 25 3 2 11 0 2
8 30 4 2 10 2 0 23 2 3 15 0 4 38 3 4 16 4 1 28 3 2 12 1 2
8 30 3 2 10 2 0 23 2 4 20 0 1 28 4 0 1 3 4 29 0 2 11 1 2
8 30 3 2 10 2 0 23 2 4 20 0 1 28 4 1 8 1 3 36 1 2 11 3 2
6 30 4 2 10 2 0 23 2 4 20 0 1 28 4 2 12 1 2
8 30 3 2 10 2 0 23 2 4 20 0 1 28 4 3 16 1 0 25 3 2 11 0 2
8 30 3 2 10 2 0 23 2 4 20 0 2 33 4 0 3 2 0 25 0 2 11 0 2
8 30 4 2 10 2 0 23 2 4 20 0 2 33 4 0 3 2 3 35 0 2 12 3 2
8 30 3 2 10 2 0 23 2 4 20 0 2 33 4 1 7 2 1 29 1 2 11 1 2
8 30 4 2 10 2 0 23 2 4 20 0 2 33 4 1 7 2 4 41 1 2 12 4 2
8 30 4 2 10 2 0 23 2 4 20 0 2 33 4 3 14 2 0 24 3 2 12 0 2
8 30 3 2 10 2 0 23 2 4 20 0 2 33 4 3 14 2 3 36 3 2 11 3 2
8 30 4 2 10 2 0 23 2 4 20 0 3 34 4 1 17 1 2 35 4 2 12 3 2
8 30 3 2 10 2 0 23 2 4 20 0 3 34 4 1 17 1 3 36 4 2 11 3 2
8 30 3 2 10 2 0 23 2 4 20 0 3 34 4 2 18 3 0 25 4 2 11 0 2
8 30 4 2 10 2 0 23 2 4 20 0 3 34 4 2 18 3 4 41 4 2 12 4 2
8 30 4 2 10 2 0 23 2 4 20 0 3 34 4 3 19 3 0 24 4 2 12 0 2
8 30 3 2 10 2 0 23 2 4 20 0 3 34 4 3 19 3 1 29 4 2 11 1 2
8 30 4 2 10 2 0 23 2 4 20 0 4 39 4 0 4 4 0 24 0 2 12 0 2
8 30 4 2 10 2 0 23 2 4 20 0 4 39 4 1 6 4 3 35 1 2 12 3 2
6 30 3 2 10 2 0 23 2 4 20 0 4 39 4 2 11 4 2
8 30 4 2 10 2 0 23 2 4 20 0 4 39 4 3 13 2 4 41 3 2 12 4 2
8 30 4 2 10 2 1 27 2 0 1 2 0 21 0 1 5 0 3 24 1 2 12 0 2
8 30 3 2 10 2 1 27 2 0 1 2 0 21 0 1 5 0 4 25 1 2 11 0 2
8 30 3 2 10 2 1 27 2 0 1 2 0 21 0 3 13 0 2 39 3 2 11 4 2
8 30 4 2 10 2 1 27 2 0 1 2 0 21 0 3 13 0 4 41 3 2 12 4 2
8 30 4 2 10 2 1 27 2 0 1 2 0 21 0 4 17 0 2 35 4 2 12 3 2
8 30 3 2 10 2 1 27 2 0 1 2 0 21 0 4 17 0 3 36 4 2 11 3 2
8 30 3 2 10 2 1 27 2 0 1 2 3 28 0 1 8 1 3 36 1 2 11 3 2
6 30 4 2 10 2 1 27 2 0 1 2 3 28 0 2 12 1 2
8 30 3 2 10 2 1 27 2 0 1 2 3 28 0 3 16 1 0 25 3 2 11 0 2
8 30 3 2 10 2 1 27 2 0 1 2 3 28 0 4 20 1 4 39 4 2 11 4 2
8 30 4 2 10 2 1 27 2 0 1 2 4 29 0 1 7 1 4 41 1 2 12 4 2
6 30 3 2 10 2 1 27 2 0 1 2 4 29 0 2 11 1 2
8 30 4 2 10 2 1 27 2 0 1 2 4 29 0 3 15 1 3 35 3 2 12 3 2
8 30 4 2 10 2 1 27 2 0 1 2 4 29 0 4 19 1 0 24 4 2 12 0 2
8 30 3 2 10 2 1 27 2 1 6 1 2 31 1 0 2 2 3 36 0 2 11 3 2
8 30 4 2 10 2 1 27 2 1 6 1 2 31 1 0 2 2 4 41 0 2 12 4 2
8 30 3 2 10 2 1 27 2 1 6 1 2 31 1 3 16 2 0 25 3 2 11 0 2
8 30 4 2 10 2 1 27 2 1 6 1 2 31 1 3 16 2 1 28 3 2 12 1 2
8 30 4 2 10 2 1 27 2 1 6 1 2 31 1 4 19 2 0 24 4 2 12 0 2
8 30 3 2 10 2 1 27 2 1 6 1 2 31 1 4 19 2 1 29 4 2 11 1 2
8 30 3 2 10 2 1 27 2 1 6 1 3 35 1 0 3 3 0 25 0 2 11 0 2
6 30 4 2 10 2 1 27 2 1 6 1 3 35 1 2 12 3 2
8 30 3 2 10 2 1 27 2 1 6 1 3 35 1 3 15 3 1 29 3 2 11 1 2
8 30 3 2 10 2 1 27 2 1 6 1 3 35 1 4 17 2 3 36 4 2 11 3 2
8 30 4 2 10 2 1 27 2 1 6 1 4 39 1 0 4 4 0 24 0 2 12 0 2
6 30 3 2 10 2 1 27 2 1 6 1 4 39 1 2 11 4 2
8 30 4 2 10 2 1 27 2 1 6 1 4 39 1 3 13 2 4 41 3 2 12 4 2
8 30 4 2 10 2 1 27 2 1 6 1 4 39 1 4 20 4 1 28 4 2 12 1 2
8 30 3 2 10 2 1 27 2 3 14 1 0 24 3 0 4 0 4 39 0 2 11 4 2
8 30 3 2 10 2 1 27 2 3 14 1 0 24 3 1 5 3 4 25 1 2 11 0 2
6 30 4 2 10 2 1 27 2 3 14 1 0 24 3 2 12 0 2
8 30 3 2 10 2 1 27 2 3 14 1 0 24 3 4 19 0 1 29 4 2 11 1 2
8 30 3 2 10 2 1 27 2 3 14 1 2 33 3 0 3 2 0 25 0 2 11 0 2
8 30 4 2 10 2 1 27 2 3 14 1 2 33 3 0 3 2 3 35 0 2 12 3 2
8 30 3 2 10 2 1 27 2 3 14 1 2 33 3 1 7 2 1 29 1 2 11 1 2
8 30 4 2 10 2 1 27 2 3 14 1 2 33 3 1 7 2 4 41 1 2 12 4 2
8 30 4 2 10 2 1 27 2 3 14 1 2 33 3 4 20 2 1 28 4 2 12 1 2
8 30 3 2 10 2 1 27 2 3 14 1 2 33 3 4 20 2 4 39 4 2 11 4 2
8 30 4 2 10 2 1 27 2 3 14 1 3 36 3 0 2 3 4 41 0 2 12 4 2
8 30 4 2 10 2 1 27 2 3 14 1 3 36 3 1 8 3 1 28 1 2 12 1 2
6 30 3 2 10 2 1 27 2 3 14 1 3 36 3 2 11 3 2
8 30 4 2 10 2 1 27 2 3 14 1 3 36 3 4 17 3 2 35 4 2 12 3 2
8 30 3 2 10 2 1 27 2 3 14 1 4 38 2 1 13 1 2 39 3 2 11 4 2
8 30 4 2 10 2 1 27 2 3 14 1 4 38 2 1 13 1 4 41 3 2 12 4 2
8 30 3 2 10 2 1 27 2 3 14 1 4 38 2 3 15 4 1 29 3 2 11 1 2
8 30 4 2 10 2 1 27 2 3 14 1 4 38 2 3 15 4 3 35 3 2 12 3 2
8 30 3 2 10 2 1 27 2 3 14 1 4 38 2 4 16 4 0 25 3 2 11 0 2
8 30 4 2 10 2 1 27 2 3 14 1 4 38 2 4 16 4 1 28 3 2 12 1 2
8 30 4 2 10 2 1 27 2 4 18 1 0 25 4 0 3 0 3 35 0 2 12 3 2
8 30 4 2 10 2 1 27 2 4 18 1 0 25 4 1 5 4 3 24 1 2 12 0 2
6 30 3 2 10 2 1 27 2 4 18 1 0 25 4 2 11 0 2
8 30 4 2 10 2 1 27 2 4 18 1 0 25 4 3 16 0 1 28 3 2 12 1 2
8 30 4 2 10 2 1 27 2 4 18 1 2 32 4 0 4 2 0 24 0 2 12 0 2
8 30 3 2 10 2 1 27 2 4 18 1 2 32 4 0 4 2 4 39 0 2 11 4 2
8 30 4 2 10 2 1 27 2 4 18 1 2 32 4 1 8 2 1 28 1 2 12 1 2
8 30 3 2 10 2 1 27 2 4 18 1 2 32 4 1 8 2 3 36 1 2 11 3 2
8 30 3 2 10 2 1 27 2 4 18 1 2 32 4 3 15 2 1 29 3 2 11 1 2
8 30 4 2 10 2 1 27 2 4 18 1 2 32 4 3 15 2 3 35 3 2 12 3 2
8 30 4 2 10 2 1 27 2 4 18 1 3 34 2 1 17 1 2 35 4 2 12 3 2
8 30 3 2 10 2 1 27 2 4 18 1 3 34 2 1 17 1 3 36 4 2 11 3 2
8 30 4 2 10 2 1 27 2 4 18 1 3 34 2 3 19 3 0 24 4 2 12 0 2
8 30 3 2 10 2 1 27 2 4 18 1 3 34 2 3 19 3 1 29 4 2 11 1 2
8 30 4 2 10 2 1 27 2 4 18 1 3 34 2 4 20 3 1 28 4 2 12 1 2
8 30 3 2 10 2 1 27 2 4 18 1 3 34 2 4 20 3 4 39 4 2 11 4 2
8 30 3 2 10 2 1 27 2 4 18 1 4 41 4 0 2 4 3 36 0 2 11 3 2
8 30 3 2 10 2 1 27 2 4 18 1 4 41 4 1 7 4 1 29 1 2 11 1 2
6 30 4 2 10 2 1 27 2 4 18 1 4 41 4 2 12 4 2
8 30 3 2 10 2 1 27 2 4 18 1 4 41 4 3 13 4 2 39 3 2 11 4 2
8 30 3 2 10 2 3 37 2 0 4 3 0 24 0 1 5 3 4 25 1 2 11 0 2
6 30 4 2 10 2 3 37 2 0 4 3 0 24 0 2 12 0 2
8 30 3 2 10 2 3 37 2 0 4 3 0 24 0 3 14 0 3 36 3 2 11 3 2
8 30 3 2 10 2 3 37 2 0 4 3 0 24 0 4 19 0 1 29 4 2 11 1 2
8 30 4 2 10 2 3 37 2 0 4 3 2 32 0 1 8 2 1 28 1 2 12 1 2
8 30 3 2 10 2 3 37 2 0 4 3 2 32 0 1 8 2 3 36 1 2 11 3 2
8 30 3 2 10 2 3 37 2 0 4 3 2 32 0 3 15 2 1 29 3 2 11 1 2
8 30 4 2 10 2 3 37 2 0 4 3 2 32 0 3 15 2 3 35 3 2 12 3 2
8 30 3 2 10 2 3 37 2 0 4 3 2 32 0 4 18 2 0 25 4 2 11 0 2
8 30 4 2 10 2 3 37 2 0 4 3 2 32 0 4 18 2 4 41 4 2 12 4 2
8 30 4 2 10 2 3 37 2 0 4 3 4 39 0 1 6 4 3 35 1 2 12 3 2
6 30 3 2 10 2 3 37 2 0 4 3 4 39 0 2 11 4 2
8 30 4 2 10 2 3 37 2 0 4 3 4 39 0 3 13 2 4 41 3 2 12 4 2
8 30 4 2 10 2 3 37 2 0 4 3 4 39 0 4 20 4 1 28 4 2 12 1 2
8 30 4 2 10 2 3 37 2 1 7 3 1 29 1 0 1 4 3 28 0 2 12 1 2
6 30 3 2 10 2 3 37 2 1 7 3 1 29 1 2 11 1 2
8 30 4 2 10 2 3 37 2 1 7 3 1 29 1 3 15 1 3 35 3 2 12 3 2
8 30 4 2 10 2 3 37 2 1 7 3 1 29 1 4 19 1 0 24 4 2 12 0 2
8 30 3 2 10 2 3 37 2 1 7 3 2 33 1 0 3 2 0 25 0 2 11 0 2
8 30 4 2 10 2 3 37 2 1 7 3 2 33 1 0 3 2 3 35 0 2 12 3 2
8 30 4 2 10 2 3 37 2 1 7 3 2 33 1 3 14 2 0 24 3 2 12 0 2
8 30 3 2 10 2 3 37 2 1 7 3 2 33 1 3 14 2 3 36 3 2 11 3 2
8 30 4 2 10 2 3 37 2 1 7 3 2 33 1 4 20 2 1 28 4 2 12 1 2
8 30 3 2 10 2 3 37 2 1 7 3 2 33 1 4 20 2 4 39 4 2 11 4 2
8 30 3 2 10 2 3 37 2 1 7 3 4 41 1 0 2 4 3 36 0 2 11 3 2
6 30 4 2 10 2 3 37 2 1 7 3 4 41 1 2 12 4 2
8 30 3 2 10 2 3 37 2 1 7 3 4 41 1 3 13 4 2 39 3 2 11 4 2
8 30 3 2 10 2 3 37 2 1 7 3 4 41 1 4 18 4 0 25 4 2 11 0 2
8 30 4 2 10 2 3 37 2 3 16 3 0 25 3 0 3 0 3 35 0 2 12 3 2
8 30 4 2 10 2 3 37 2 3 16 3 0 25 3 1 5 4 3 24 1 2 12 0 2
6 30 3 2 10 2 3 37 2 3 16 3 0 25 3 2 11 0 2
8 30 4 2 10 2 3 37 2 3 16 3 0 25 3 4 18 0 4 41 4 2 12 4 2
8 30 3 2 10 2 3 37 2 3 16 3 1 28 3 0 1 3 4 29 0 2 11 1 2
8 30 3 2 10 2 3 37 2 3 16 3 1 28 3 1 8 1 3 36 1 2 11 3 2
6 30 4 2 10 2 3 37 2 3 16 3 1 28 3 2 12 1 2
8 30 3 2 10 2 3 37 2 3 16 3 1 28 3 4 20 1 4 39 4 2 11 4 2
8 30 3 2 10 2 3 37 2 3 16 3 2 31 3 0 2 2 3 36 0 2 11 3 2
8 30 4 2 10 2 3 37 2 3 16 3 2 31 3 0 2 2 4 41 0 2 12 4 2
8 30 4 2 10 2 3 37 2 3 16 3 2 31 3 1 6 2 3 35 1 2 12 3 2
8 30 3 2 10 2 3 37 2 3 16 3 2 31 3 1 6 2 4 39 1 2 11 4 2
8 30 4 2 10 2 3 37 2 3 16 3 2 31 3 4 19 2 0 24 4 2 12 0 2
8 30 3 2 10 2 3 37 2 3 16 3 2 31 3 4 19 2 1 29 4 2 11 1 2
8 30 3 2 10 2 3 37 2 3 16 3 4 38 4 1 13 1 2 39 3 2 11 4 2
8 30 4 2 10 2 3 37 2 3 16 3 4 38 4 1 13 1 4 41 3 2 12 4 2
8 30 4 2 10 2 3 37 2 3 16 3 4 38 4 2 14 4 0 24 3 2 12 0 2
8 30 3 2 10 2 3 37 2 3 16 3 4 38 4 2 14 4 3 36 3 2 11 3 2
8 30 3 2 10 2 3 37 2 3 16 3 4 38 4 3 15 4 1 29 3 2 11 1 2
8 30 4 2 10 2 3 37 2 3 16 3 4 38 4 3 15 4 3 35 3 2 12 3 2
8 30 4 2 10 2 3 37 2 4 17 4 0 21 4 0 1 0 3 28 0 2 12 1 2
8 30 3 2 10 2 3 37 2 4 17 4 0 21 4 0 1 0 4 29 0 2 11 1 2
8 30 4 2 10 2 3 37 2 4 17 4 0 21 4 1 5 0 3 24 1 2 12 0 2
8 30 3 2 10 2 3 37 2 4 17 4 0 21 4 1 5 0 4 25 1 2 11 0 2
8 30 3 2 10 2 3 37 2 4 17 4 0 21 4 3 13 0 2 39 3 2 11 4 2
8 30 4 2 10 2 3 37 2 4 17 4 0 21 4 3 13 0 4 41 3 2 12 4 2
8 30 3 2 10 2 3 37 2 4 17 4 1 34 1 2 18 3 0 25 4 2 11 0 2
8 30 4 2 10 2 3 37 2 4 17 4 1 34 1 2 18 3 4 41 4 2 12 4 2
8 30 4 2 10 2 3 37 2 4 17 4 1 34 1 3 19 3 0 24 4 2 12 0 2
8 30 3 2 10 2 3 37 2 4 17 4 1 34 1 3 19 3 1 29 4 2 11 1 2
8 30 4 2 10 2 3 37 2 4 17 4 1 34 1 4 20 3 1 28 4 2 12 1 2
8 30 3 2 10 2 3 37 2 4 17 4 1 34 1 4 20 3 4 39 4 2 11 4 2
8 30 3 2 10 2 3 37 2 4 17 4 2 35 4 0 3 3 0 25 0 2 11 0 2
8 30 3 2 10 2 3 37 2 4 17 4 2 35 4 1 6 3 4 39 1 2 11 4 2
6 30 4 2 10 2 3 37 2 4 17 4 2 35 4 2 12 3 2
8 30 3 2 10 2 3 37 2 4 17 4 2 35 4 3 15 3 1 29 3 2 11 1 2
8 30 4 2 10 2 3 37 2 4 17 4 3 36 4 0 2 3 4 41 0 2 12 4 2
8 30 4 2 10 2 3 37 2 4 17 4 3 36 4 1 8 3 1 28 1 2 12 1 2
6 30 3 2 10 2 3 37 2 4 17 4 3 36 4 2 11 3 2
8 30 4 2 10 2 3 37 2 4 17 4 3 36 4 3 14 3 0 24 3 2 12 0 2
8 30 4 2 10 2 4 40 2 0 3 4 0 25 0 1 5 4 3 24 1 2 12 0 2
6 30 3 2 10 2 4 40 2 0 3 4 0 25 0 2 11 0 2
8 30 4 2 10 2 4 40 2 0 3 4 0 25 0 3 16 0 1 28 3 2 12 1 2
8 30 4 2 10 2 4 40 2 0 3 4 0 25 0 4 18 0 4 41 4 2 12 4 2
8 30 3 2 10 2 4 40 2 0 3 4 2 33 0 1 7 2 1 29 1 2 11 1 2
8 30 4 2 10 2 4 40 2 0 3 4 2 33 0 1 7 2 4 41 1 2 12 4 2
8 30 4 2 10 2 4 40 2 0 3 4 2 33 0 3 14 2 0 24 3 2 12 0 2
8 30 3 2 10 2 4 40 2 0 3 4 2 33 0 3 14 2 3 36 3 2 11 3 2
8 30 4 2 10 2 4 40 2 0 3 4 2 33 0 4 20 2 1 28 4 2 12 1 2
8 30 3 2 10 2 4 40 2 0 3 4 2 33 0 4 20 2 4 39 4 2 11 4 2
8 30 3 2 10 2 4 40 2 0 3 4 3 35 0 1 6 3 4 39 1 2 11 4 2
6 30 4 2 10 2 4 40 2 0 3 4 3 35 0 2 12 3 2
8 30 3 2 10 2 4 40 2 0 3 4 3 35 0 3 15 3 1 29 3 2 11 1 2
8 30 3 2 10 2 4 40 2 0 3 4 3 35 0 4 17 2 3 36 4 2 11 3 2
8 30 3 2 10 2 4 40 2 1 8 4 1 28 1 0 1 3 4 29 0 2 11 1 2
6 30 4 2 10 2 4 40 2 1 8 4 1 28 1 2 12 1 2
8 30 3 2 10 2 4 40 2 1 8 4 1 28 1 3 16 1 0 25 3 2 11 0 2
8 30 3 2 10 2 4 40 2 1 8 4 1 28 1 4 20 1 4 39 4 2 11 4 2
8 30 4 2 10 2 4 40 2 1 8 4 2 32 1 0 4 2 0 24 0 2 12 0 2
8 30 3 2 10 2 4 40 2 1 8 4 2 32 1 0 4 2 4 39 0 2 11 4 2
8 30 3 2 10 2 4 40 2 1 8 4 2 32 1 3 15 2 1 29 3 2 11 1 2
8 30 4 2 10 2 4 40 2 1 8 4 2 32 1 3 15 2 3 35 3 2 12 3 2
8 30 3 2 10 2 4 40 2 1 8 4 2 32 1 4 18 2 0 25 4 2 11 0 2
8 30 4 2 10 2 4 40 2 1 8 4 2 32 1 4 18 2 4 41 4 2 12 4 2
8 30 4 2 10 2 4 40 2 1 8 4 3 36 1 0 2 3 4 41 0 2 12 4 2
6 30 3 2 10 2 4 40 2 1 8 4 3 36 1 2 11 3 2
8 30 4 2 10 2 4 40 2 1 8 4 3 36 1 3 14 3 0 24 3 2 12 0 2
8 30 4 2 10 2 4 40 2 1 8 4 3 36 1 4 17 3 2 35 4 2 12 3 2
8 30 4 2 10 2 4 40 2 3 13 3 0 21 3 0 1 0 3 28 0 2 12 1 2
8 30 3 2 10 2 4 40 2 3 13 3 0 21 3 0 1 0 4 29 0 2 11 1 2
8 30 4 2 10 2 4 40 2 3 13 3 0 21 3 1 5 0 3 24 1 2 12 0 2
8 30 3 2 10 2 4 40 2 3 13 3 0 21 3 1 5 0 4 25 1 2 11 0 2
8 30 4 2 10 2 4 40 2 3 13 3 0 21 3 4 17 0 2 35 4 2 12 3 2
8 30 3 2 10 2 4 40 2 3 13 3 0 21 3 4 17 0 3 36 4 2 11 3 2
8 30 4 2 10 2 4 40 2 3 13 3 1 38 1 2 14 4 0 24 3 2 12 0 2
8 30 3 2 10 2 4 40 2 3 13 3 1 38 1 2 14 4 3 36 3 2 11 3 2
8 30 3 2 10 2 4 40 2 3 13 3 1 38 1 3 15 4 1 29 3 2 11 1 2
8 30 4 2 10 2 4 40 2 3 13 3 1 38 1 3 15 4 3 35 3 2 12 3 2
8 30 3 2 10 2 4 40 2 3 13 3 1 38 1 4 16 4 0 25 3 2 11 0 2
8 30 4 2 10 2 4 40 2 3 13 3 1 38 1 4 16 4 1 28 3 2 12 1 2
8 30 4 2 10 2 4 40 2 3 13 3 2 39 3 0 4 4 0 24 0 2 12 0 2
8 30 4 2 10 2 4 40 2 3 13 3 2 39 3 1 6 4 3 35 1 2 12 3 2
6 30 3 2 10 2 4 40 2 3 13 3 2 39 3 2 11 4 2
8 30 4 2 10 2 4 40 2 3 13 3 2 39 3 4 20 4 1 28 4 2 12 1 2
8 30 3 2 10 2 4 40 2 3 13 3 4 41 3 0 2 4 3 36 0 2 11 3 2
8 30 3 2 10 2 4 40 2 3 13 3 4 41 3 1 7 4 1 29 1 2 11 1 2
6 30 4 2 10 2 4 40 2 3 13 3 4 41 3 2 12 4 2
8 30 3 2 10 2 4 40 2 3 13 3 4 41 3 4 18 4 0 25 4 2 11 0 2
8 30 3 2 10 2 4 40 2 4 19 4 0 24 4 0 4 0 4 39 0 2 11 4 2
8 30 3 2 10 2 4 40 2 4 19 4 0 24 4 1 5 3 4 25 1 2 11 0 2
6 30 4 2 10 2 4 40 2 4 19 4 0 24 4 2 12 0 2
8 30 3 2 10 2 4 40 2 4 19 4 0 24 4 3 14 0 3 36 3 2 11 3 2
8 30 4 2 10 2 4 40 2 4 19 4 1 29 4 0 1 4 3 28 0 2 12 1 2
8 30 4 2 10 2 4 40 2 4 19 4 1 29 4 1 7 1 4 41 1 2 12 4 2
6 30 3 2 10 2 4 40 2 4 19 4 1 29 4 2 11 1 2
8 30 4 2 10 2 4 40 2 4 19 4 1 29 4 3 15 1 3 35 3 2 12 3 2
8 30 3 2 10 2 4 40 2 4 19 4 2 31 4 0 2 2 3 36 0 2 11 3 2
8 30 4 2 10 2 4 40 2 4 19 4 2 31 4 0 2 2 4 41 0 2 12 4 2
8 30 4 2 10 2 4 40 2 4 19 4 2 31 4 1 6 2 3 35 1 2 12 3 2
8 30 3 2 10 2 4 40 2 4 19 4 2 31 4 1 6 2 4 39 1 2 11 4 2
8 30 3 2 10 2 4 40 2 4 19 4 2 31 4 3 16 2 0 25 3 2 11 0 2
8 30 4 2 10 2 4 40 2 4 19 4 2 31 4 3 16 2 1 28 3 2 12 1 2
8 30 4 2 10 2 4 40 2 4 19 4 3 34 3 1 17 1 2 35 4 2 12 3 2
8 30 3 2 10 2 4 40 2 4 19 4 3 34 3 1 17 1 3 36 4 2 11 3 2
8 30 3 2 10 2 4 40 2 4 19 4 3 34 3 2 18 3 0 25 4 2 11 0 2
8 30 4 2 10 2 4 40 2 4 19 4 3 34 3 2 18 3 4 41 4 2 12 4 2
8 30 4 2 10 2 4 40 2 4 19 4 3 34 3 4 20 3 1 28 4 2 12 1 2
8 30 3 2 10 2 4 40 2 4 19 4 3 34 3 4 20 3 4 39 4 2 11 4 2
8 30 4 3 11 2 0 25 2 0 3 0 2 33 0 1 7 2 4 41 1 2 12 4 2
8 30 4 3 11 2 0 25 2 0 3 0 2 33 0 3 14 2 0 24 3 2 12 0 2
8 30 4 3 11 2 0 25 2 0 3 0 2 33 0 4 20 2 1 28 4 2 12 1 2
6 30 4 3 11 2 0 25 2 0 3 0 3 35 0 2 12 3 2
8 30 4 3 11 2 0 25 2 0 3 0 4 40 0 1 8 4 1 28 1 2 12 1 2
8 30 4 3 11 2 0 25 2 0 3 0 4 40 0 3 13 3 4 41 3 2 12 4 2
8 30 4 3 11 2 0 25 2 0 3 0 4 40 0 4 19 4 0 24 4 2 12 0 2
8 30 4 3 11 2 0 25 2 1 5 4 0 21 1 0 1 0 3 28 0 2 12 1 2
8 30 4 3 11 2 0 25 2 1 5 4 0 21 1 3 13 0 4 41 3 2 12 4 2
8 30 4 3 11 2 0 25 2 1 5 4 0 21 1 4 17 0 2 35 4 2 12 3 2
8 30 4 3 11 2 0 25 2 1 5 4 2 23 1 0 2 0 4 41 0 2 12 4 2
8 30 4 3 11 2 0 25 2 1 5 4 2 23 1 3 15 0 3 35 3 2 12 3 2
8 30 4 3 11 2 0 25 2 1 5 4 2 23 1 4 20 0 1 28 4 2 12 1 2
6 30 4 3 11 2 0 25 2 1 5 4 3 24 1 2 12 0 2
6 30 4 3 11 2 0 25 2 3 16 0 1 28 3 2 12 1 2
8 30 4 3 11 2 0 25 2 3 16 0 2 31 3 0 2 2 4 41 0 2 12 4 2
8 30 4 3 11 2 0 25 2 3 16 0 2 31 3 1 6 2 3 35 1 2 12 3 2
8 30 4 3 11 2 0 25 2 3 16 0 2 31 3 4 19 2 0 24 4 2 12 0 2
8 30 4 3 11 2 0 25 2 3 16 0 3 37 3 0 4 3 0 24 0 2 12 0 2
8 30 4 3 11 2 0 25 2 3 16 0 3 37 3 1 7 3 4 41 1 2 12 4 2
8 30 4 3 11 2 0 25 2 3 16 0 3 37 3 4 17 4 2 35 4 2 12 3 2
8 30 4 3 11 2 0 25 2 3 16 0 4 38 4 1 13 1 4 41 3 2 12 4 2
8 30 4 3 11 2 0 25 2 3 16 0 4 38 4 2 14 4 0 24 3 2 12 0 2
8 30 4 3 11 2 0 25 2 3 16 0 4 38 4 3 15 4 3 35 3 2 12 3 2
8 30 4 3 11 2 0 25 2 4 18 0 1 27 4 0 1 2 3 28 0 2 12 1 2
8 30 4 3 11 2 0 25 2 4 18 0 1 27 4 1 6 1 3 35 1 2 12 3 2
8 30 4 3 11 2 0 25 2 4 18 0 1 27 4 3 14 1 0 24 3 2 12 0 2
8 30 4 3 11 2 0 25 2 4 18 0 2 32 4 0 4 2 0 24 0 2 12 0 2
8 30 4 3 11 2 0 25 2 4 18 0 2 32 4 1 8 2 1 28 1 2 12 1 2
8 30 4 3 11 2 0 25 2 4 18 0 2 32 4 3 15 2 3 35 3 2 12 3 2
8 30 4 3 11 2 0 25 2 4 18 0 3 34 2 1 17 1 2 35 4 2 12 3 2
8 30 4 3 11 2 0 25 2 4 18 0 3 34 2 3 19 3 0 24 4 2 12 0 2
8 30 4 3 11 2 0 25 2 4 18 0 3 34 2 4 20 3 1 28 4 2 12 1 2
6 30 4 3 11 2 0 25 2 4 18 0 4 41 4 2 12 4 2
8 30 4 3 11 2 1 29 2 0 1 4 0 21 0 1 5 0 3 24 1 2 12 0 2
8 30 4 3 11 2 1 29 2 0 1 4 0 21 0 3 13 0 4 41 3 2 12 4 2
8 30 4 3 11 2 1 29 2 0 1 4 0 21 0 4 17 0 2 35 4 2 12 3 2
8 30 4 3 11 2 1 29 2 0 1 4 2 27 0 1 6 1 3 35 1 2 12 3 2
8 30 4 3 11 2 1 29 2 0 1 4 2 27 0 3 14 1 0 24 3 2 12 0 2
8 30 4 3 11 2 1 29 2 0 1 4 2 27 0 4 18 1 4 41 4 2 12 4 2
6 30 4 3 11 2 1 29 2 0 1 4 3 28 0 2 12 1 2
8 30 4 3 11 2 1 29 2 1 7 1 2 33 1 0 3 2 3 35 0 2 12 3 2
8 30 4 3 11 2 1 29 2 1 7 1 2 33 1 3 14 2 0 24 3 2 12 0 2
8 30 4 3 11 2 1 29 2 1 7 1 2 33 1 4 20 2 1 28 4 2 12 1 2
8 30 4 3 11 2 1 29 2 1 7 1 3 37 1 0 4 3 0 24 0 2 12 0 2
8 30 4 3 11 2 1 29 2 1 7 1 3 37 1 3 16 3 1 28 3 2 12 1 2
8 30 4 3 11 2 1 29 2 1 7 1 3 37 1 4 17 4 2 35 4 2 12 3 2
6 30 4 3 11 2 1 29 2 1 7 1 4 41 1 2 12 4 2
8 30 4 3 11 2 1 29 2 3 15 1 0 23 3 0 2 0 4 41 0 2 12 4 2
8 30 4 3 11 2 1 29 2 3 15 1 0 23 3 1 5 2 3 24 1 2 12 0 2
8 30 4 3 11 2 1 29 2 3 15 1 0 23 3 4 20 0 1 28 4 2 12 1 2
8 30 4 3 11 2 1 29 2 3 15 1 2 32 3 0 4 2 0 24 0 2 12 0 2
8 30 4 3 11 2 1 29 2 3 15 1 2 32 3 1 8 2 1 28 1 2 12 1 2
8 30 4 3 11 2 1 29 2 3 15 1 2 32 3 4 18 2 4 41 4 2 12 4 2
6 30 4 3 11 2 1 29 2 3 15 1 3 35 3 2 12 3 2
8 30 4 3 11 2 1 29 2 3 15 1 4 38 3 1 13 1 4 41 3 2 12 4 2
8 30 4 3 11 2 1 29 2 3 15 1 4 38 3 2 14 4 0 24 3 2 12 0 2
8 30 4 3 11 2 1 29 2 3 15 1 4 38 3 4 16 4 1 28 3 2 12 1 2
6 30 4 3 11 2 1 29 2 4 19 1 0 24 4 2 12 0 2
8 30 4 3 11 2 1 29 2 4 19 1 2 31 4 0 2 2 4 41 0 2 12 4 2
8 30 4 3 11 2 1 29 2 4 19 1 2 31 4 1 6 2 3 35 1 2 12 3 2
8 30 4 3 11 2 1 29 2 4 19 1 2 31 4 3 16 2 1 28 3 2 12 1 2
8 30 4 3 11 2 1 29 2 4 19 1 3 34 3 1 17 1 2 35 4 2 12 3 2
8 30 4 3 11 2 1 29 2 4 19 1 3 34 3 2 18 3 4 41 4 2 12 4 2
8 30 4 3 11 2 1 29 2 4 19 1 3 34 3 4 20 3 1 28 4 2 12 1 2
8 30 4 3 11 2 1 29 2 4 19 1 4 40 4 0 3 4 3 35 0 2 12 3 2
8 30 4 3 11 2 1 29 2 4 19 1 4 40 4 1 8 4 1 28 1 2 12 1 2
8 30 4 3 11 2 1 29 2 4 19 1 4 40 4 3 13 3 4 41 3 2 12 4 2
8 30 4 3 11 2 3 36 2 0 2 3 0 23 0 1 5 2 3 24 1 2 12 0 2
8 30 4 3 11 2 3 36 2 0 2 3 0 23 0 3 15 0 3 35 3 2 12 3 2
8 30 4 3 11 2 3 36 2 0 2 3 0 23 0 4 20 0 1 28 4 2 12 1 2
8 30 4 3 11 2 3 36 2 0 2 3 2 31 0 1 6 2 3 35 1 2 12 3 2
8 30 4 3 11 2 3 36 2 0 2 3 2 31 0 3 16 2 1 28 3 2 12 1 2
8 30 4 3 11 2 3 36 2 0 2 3 2 31 0 4 19 2 0 24 4 2 12 0 2
6 30 4 3 11 2 3 36 2 0 2 3 4 41 0 2 12 4 2
6 30 4 3 11 2 3 36 2 1 8 3 1 28 1 2 12 1 2
8 30 4 3 11 2 3 36 2 1 8 3 2 32 1 0 4 2 0 24 0 2 12 0 2
8 30 4 3 11 2 3 36 2 1 8 3 2 32 1 3 15 2 3 35 3 2 12 3 2
8 30 4 3 11 2 3 36 2 1 8 3 2 32 1 4 18 2 4 41 4 2 12 4 2
8 30 4 3 11 2 3 36 2 1 8 3 4 40 1 0 3 4 3 35 0 2 12 3 2
8 30 4 3 11 2 3 36 2 1 8 3 4 40 1 3 13 3 4 41 3 2 12 4 2
8 30 4 3 11 2 3 36 2 1 8 3 4 40 1 4 19 4 0 24 4 2 12 0 2
6 30 4 3 11 2 3 36 2 3 14 3 0 24 3 2 12 0 2
8 30 4 3 11 2 3 36 2 3 14 3 1 27 3 0 1 2 3 28 0 2 12 1 2
8 30 4 3 11 2 3 36 2 3 14 3 1 27 3 1 6 1 3 35 1 2 12 3 2
8 30 4 3 11 2 3 36 2 3 14 3 1 27 3 4 18 1 4 41 4 2 12 4 2
8 30 4 3 11 2 3 36 2 3 14 3 2 33 3 0 3 2 3 35 0 2 12 3 2
8 30 4 3 11 2 3 36 2 3 14 3 2 33 3 1 7 2 4 41 1 2 12 4 2
8 30 4 3 11 2 3 36 2 3 14 3 2 33 3 4 20 2 1 28 4 2 12 1 2
8 30 4 3 11 2 3 36 2 3 14 3 4 38 2 1 13 1 4 41 3 2 12 4 2
8 30 4 3 11 2 3 36 2 3 14 3 4 38 2 3 15 4 3 35 3 2 12 3 2
8 30 4 3 11 2 3 36 2 3 14 3 4 38 2 4 16 4 1 28 3 2 12 1 2
8 30 4 3 11 2 3 36 2 4 17 3 0 21 4 0 1 0 3 28 0 2 12 1 2
8 30 4 3 11 2 3 36 2 4 17 3 0 21 4 1 5 0 3 24 1 2 12 0 2
8 30 4 3 11 2 3 36 2 4 17 3 0 21 4 3 13 0 4 41 3 2 12 4 2
8 30 4 3 11 2 3 36 2 4 17 3 1 34 1 2 18 3 4 41 4 2 12 4 2
8 30 4 3 11 2 3 36 2 4 17 3 1 34 1 3 19 3 0 24 4 2 12 0 2
8 30 4 3 11 2 3 36 2 4 17 3 1 34 1 4 20 3 1 28 4 2 12 1 2
6 30 4 3 11 2 3 36 2 4 17 3 2 35 4 2 12 3 2
8 30 4 3 11 2 3 36 2 4 17 3 4 37 4 0 4 3 0 24 0 2 12 0 2
8 30 4 3 11 2 3 36 2 4 17 3 4 37 4 1 7 3 4 41 1 2 12 4 2
8 30 4 3 11 2 3 36 2 4 17 3 4 37 4 3 16 3 1 28 3 2 12 1 2
6 30 4 3 11 2 4 39 2 0 4 4 0 24 0 2 12 0 2
8 30 4 3 11 2 4 39 2 0 4 4 2 32 0 1 8 2 1 28 1 2 12 1 2
8 30 4 3 11 2 4 39 2 0 4 4 2 32 0 3 15 2 3 35 3 2 12 3 2
8 30 4 3 11 2 4 39 2 0 4 4 2 32 0 4 18 2 4 41 4 2 12 4 2
8 30 4 3 11 2 4 39 2 0 4 4 3 37 0 1 7 3 4 41 1 2 12 4 2
8 30 4 3 11 2 4 39 2 0 4 4 3 37 0 3 16 3 1 28 3 2 12 1 2
8 30 4 3 11 2 4 39 2 0 4 4 3 37 0 4 17 4 2 35 4 2 12 3 2
8 30 4 3 11 2 4 39 2 1 6 4 1 27 1 0 1 2 3 28 0 2 12 1 2
8 30 4 3 11 2 4 39 2 1 6 4 1 27 1 3 14 1 0 24 3 2 12 0 2
8 30 4 3 11 2 4 39 2 1 6 4 1 27 1 4 18 1 4 41 4 2 12 4 2
8 30 4 3 11 2 4 39 2 1 6 4 2 31 1 0 2 2 4 41 0 2 12 4 2
8 30 4 3 11 2 4 39 2 1 6 4 2 31 1 3 16 2 1 28 3 2 12 1 2
8 30 4 3 11 2 4 39 2 1 6 4 2 31 1 4 19 2 0 24 4 2 12 0 2
6 30 4 3 11 2 4 39 2 1 6 4 3 35 1 2 12 3 2
8 30 4 3 11 2 4 39 2 3 13 2 0 21 3 0 1 0 3 28 0 2 12 1 2
8 30 4 3 11 2 4 39 2 3 13 2 0 21 3 1 5 0 3 24 1 2 12 0 2
8 30 4 3 11 2 4 39 2 3 13 2 0 21 3 4 17 0 2 35 4 2 12 3 2
8 30 4 3 11 2 4 39 2 3 13 2 1 38 1 2 14 4 0 24 3 2 12 0 2
8 30 4 3 11 2 4 39 2 3 13 2 1 38 1 3 15 4 3 35 3 2 12 3 2
8 30 4 3 11 2 4 39 2 3 13 2 1 38 1 4 16 4 1 28 3 2 12 1 2
8 30 4 3 11 2 4 39 2 3 13 2 3 40 3 0 3 4 3 35 0 2 12 3 2
8 30 4 3 11 2 4 39 2 3 13 2 3 40 3 1 8 4 1 28 1 2 12 1 2
8 30 4 3 11 2 4 39 2 3 13 2 3 40 3 4 19 4 0 24 4 2 12 0 2
6 30 4 3 11 2 4 39 2 3 13 2 4 41 3 2 12 4 2
8 30 4 3 11 2 4 39 2 4 20 4 0 23 4 0 2 0 4 41 0 2 12 4 2
8 30 4 3 11 2 4 39 2 4 20 4 0 23 4 1 5 2 3 24 1 2 12 0 2
8 30 4 3 11 2 4 39 2 4 20 4 0 23 4 3 15 0 3 35 3 2 12 3 2
6 30 4 3 11 2 4 39 2 4 20 4 1 28 4 2 12 1 2
8 30 4 3 11 2 4 39 2 4 20 4 2 33 4 0 3 2 3 35 0 2 12 3 2
8 30 4 3 11 2 4 39 2 4 20 4 2 33 4 1 7 2 4 41 1 2 12 4 2
8 30 4 3 11 2 4 39 2 4 20 4 2 33 4 3 14 2 0 24 3 2 12 0 2
8 30 4 3 11 2 4 39 2 4 20 4 3 34 4 1 17 1 2 35 4 2 12 3 2
8 30 4 3 11 2 4 39 2 4 20 4 3 34 4 2 18 3 4 41 4 2 12 4 2
8 30 4 3 11 2 4 39 2 4 20 4 3 34 4 3 19 3 0 24 4 2 12 0 2
8 34 3 1 17 1 0 21 4 0 1 0 2 27 0 1 6 1 2 31 1 4 19 2 3
8 34 4 1 17 1 0 21 4 0 1 0 2 27 0 1 6 1 4 39 1 4 20 4 3
8 34 4 1 17 1 0 21 4 0 1 0 2 27 0 2 10 1 0 23 2 4 20 0 3
8 34 3 1 17 1 0 21 4 0 1 0 2 27 0 2 10 1 4 40 2 4 19 4 3
8 34 3 1 17 1 0 21 4 0 1 0 2 27 0 3 14 1 0 24 3 4 19 0 3
8 34 4 1 17 1 0 21 4 0 1 0 2 27 0 3 14 1 2 33 3 4 20 2 3
6 34 2 1 17 1 0 21 4 0 1 0 2 27 0 4 18 1 3
8 34 2 1 17 1 0 21 4 0 1 0 3 28 0 1 8 1 2 32 1 4 18 2 3
8 34 3 1 17 1 0 21 4 0 1 0 3 28 0 1 8 1 4 40 1 4 19 4 3
8 34 3 1 17 1 0 21 4 0 1 0 3 28 0 2 12 1 0 24 2 4 19 0 3
8 34 2 1 17 1 0 21 4 0 1 0 3 28 0 2 12 1 4 41 2 4 18 4 3
8 34 2 1 17 1 0 21 4 0 1 0 3 28 0 3 16 1 0 25 3 4 18 0 3
8 34 3 1 17 1 0 21 4 0 1 0 3 28 0 3 16 1 2 31 3 4 19 2 3
6 34 4 1 17 1 0 21 4 0 1 0 3 28 0 4 20 1 3
8 34 4 1 17 1 0 21 4 0 1 0 4 29 0 1 7 1 2 33 1 4 20 2 3
8 34 2 1 17 1 0 21 4 0 1 0 4 29 0 1 7 1 4 41 1 4 18 4 3
8 34 2 1 17 1 0 21 4 0 1 0 4 29 0 2 11 1 0 25 2 4 18 0 3
8 34 4 1 17 1 0 21 4 0 1 0 4 29 0 2 11 1 4 39 2 4 20 4 3
8 34 4 1 17 1 0 21 4 0 1 0 4 29 0 3 15 1 0 23 3 4 20 0 3
8 34 2 1 17 1 0 21 4 0 1 0 4 29 0 3 15 1 2 32 3 4 18 2 3
6 34 3 1 17 1 0 21 4 0 1 0 4 29 0 4 19 1 3
8 34 3 1 17 1 0 21 4 1 5 0 2 23 1 0 2 0 2 31 0 4 19 2 3
8 34 2 1 17 1 0 21 4 1 5 0 2 23 1 0 2 0 4 41 0 4 18 4 3
8 34 2 1 17 1 0 21 4 1 5 0 2 23 1 2 10 0 1 27 2 4 18 1 3
8 34 3 1 17 1 0 21 4 1 5 0 2 23 1 2 10 0 4 40 2 4 19 4 3
8 34 3 1 17 1 0 21 4 1 5 0 2 23 1 3 15 0 1 29 3 4 19 1 3
8 34 2 1 17 1 0 21 4 1 5 0 2 23 1 3 15 0 2 32 3 4 18 2 3
6 34 4 1 17 1 0 21 4 1 5 0 2 23 1 4 20 0 3
8 34 2 1 17 1 0 21 4 1 5 0 3 24 1 0 4 0 2 32 0 4 18 2 3
8 34 4 1 17 1 0 21 4 1 5 0 3 24 1 0 4 0 4 39 0 4 20 4 3
8 34 4 1 17 1 0 21 4 1 5 0 3 24 1 2 12 0 1 28 2 4 20 1 3
8 34 2 1 17 1 0 21 4 1 5 0 3 24 1 2 12 0 4 41 2 4 18 4 3
8 34 2 1 17 1 0 21 4 1 5 0 3 24 1 3 14 0 1 27 3 4 18 1 3
8 34 4 1 17 1 0 21 4 1 5 0 3 24 1 3 14 0 2 33 3 4 20 2 3
6 34 3 1 17 1 0 21 4 1 5 0 3 24 1 4 19 0 3
8 34 4 1 17 1 0 21 4 1 5 0 4 25 1 0 3 0 2 33 0 4 20 2 3
8 34 3 1 17 1 0 21 4 1 5 0 4 25 1 0 3 0 4 40 0 4 19 4 3
8 34 3 1 17 1 0 21 4 1 5 0 4 25 1 2 11 0 1 29 2 4 19 1 3
8 34 4 1 17 1 0 21 4 1 5 0 4 25 1 2 11 0 4 39 2 4 20 4 3
8 34 4 1 17 1 0 21 4 1 5 0 4 25 1 3 16 0 1 28 3 4 20 1 3
8 34 3 1 17 1 0 21 4 1 5 0 4 25 1 3 16 0 2 31 3 4 19 2 3
6 34 2 1 17 1 0 21 4 1 5 0 4 25 1 4 18 0 3
8 34 4 1 17 1 0 21 4 2 9 0 2 31 2 0 2 2 0 23 0 4 20 0 3
8 34 2 1 17 1 0 21 4 2 9 0 2 31 2 0 2 2 4 41 0 4 18 4 3
8 34 2 1 17 1 0 21 4 2 9 0 2 31 2 1 6 2 1 27 1 4 18 1 3
8 34 4 1 17 1 0 21 4 2 9 0 2 31 2 1 6 2 4 39 1 4 20 4 3
8 34 2 1 17 1 0 21 4 2 9 0 2 31 2 3 16 2 0 25 3 4 18 0 3
8 34 4 1 17 1 0 21 4 2 9 0 2 31 2 3 16 2 1 28 3 4 20 1 3
6 34 3 1 17 1 0 21 4 2 9 0 2 31 2 4 19 2 3
8 34 3 1 17 1 0 21 4 2 9 0 3 32 2 0 4 2 0 24 0 4 19 0 3
8 34 4 1 17 1 0 21 4 2 9 0 3 32 2 0 4 2 4 39 0 4 20 4 3
8 34 4 1 17 1 0 21 4 2 9 0 3 32 2 1 8 2 1 28 1 4 20 1 3
8 34 3 1 17 1 0 21 4 2 9 0 3 32 2 1 8 2 4 40 1 4 19 4 3
8 34 4 1 17 1 0 21 4 2 9 0 3 32 2 3 15 2 0 23 3 4 20 0 3
8 34 3 1 17 1 0 21 4 2 9 0 3 32 2 3 15 2 1 29 3 4 19 1 3
6 34 2 1 17 1 0 21 4 2 9 0 3 32 2 4 18 2 3
8 34 2 1 17 1 0 21 4 2 9 0 4 33 2 0 3 2 0 25 0 4 18 0 3
8 34 3 1 17 1 0 21 4 2 9 0 4 33 2 0 3 2 4 40 0 4 19 4 3
8 34 3 1 17 1 0 21 4 2 9 0 4 33 2 1 7 2 1 29 1 4 19 1 3
8 34 2 1 17 1 0 21 4 2 9 0 4 33 2 1 7 2 4 41 1 4 18 4 3
8 34 3 1 17 1 0 21 4 2 9 0 4 33 2 3 14 2 0 24 3 4 19 0 3
8 34 2 1 17 1 0 21 4 2 9 0 4 33 2 3 14 2 1 27 3 4 18 1 3
6 34 4 1 17 1 0 21 4 2 9 0 4 33 2 4 20 2 3
8 34 3 1 17 1 0 21 4 3 13 0 1 38 1 2 14 4 0 24 3 4 19 0 3
8 34 2 1 17 1 0 21 4 3 13 0 1 38 1 2 14 4 1 27 3 4 18 1 3
8 34 4 1 17 1 0 21 4 3 13 0 1 38 1 2 14 4 2 33 3 4 20 2 3
8 34 4 1 17 1 0 21 4 3 13 0 1 38 1 3 15 4 0 23 3 4 20 0 3
8 34 3 1 17 1 0 21 4 3 13 0 1 38 1 3 15 4 1 29 3 4 19 1 3
8 34 2 1 17 1 0 21 4 3 13 0 1 38 1 3 15 4 2 32 3 4 18 2 3
8 34 2 1 17 1 0 21 4 3 13 0 1 38 1 4 16 4 0 25 3 4 18 0 3
8 34 4 1 17 1 0 21 4 3 13 0 1 38 1 4 16 4 1 28 3 4 20 1 3
8 34 3 1 17 1 0 21 4 3 13 0 1 38 1 4 16 4 2 31 3 4 19 2 3
8 34 3 1 17 1 0 21 4 3 13 0 2 39 3 0 4 4 0 24 0 4 19 0 3
8 34 2 1 17 1 0 21 4 3 13 0 2 39 3 0 4 4 2 32 0 4 18 2 3
8 34 2 1 17 1 0 21 4 3 13 0 2 39 3 1 6 4 1 27 1 4 18 1 3
8 34 3 1 17 1 0 21 4 3 13 0 2 39 3 1 6 4 2 31 1 4 19 2 3
8 34 2 1 17 1 0 21 4 3 13 0 2 39 3 2 11 4 0 25 2 4 18 0 3
8 34 3 1 17 1 0 21 4 3 13 0 2 39 3 2 11 4 1 29 2 4 19 1 3
6 34 4 1 17 1 0 21 4 3 13 0 2 39 3 4 20 4 3
8 34 2 1 17 1 0 21 4 3 13 0 3 40 3 0 3 4 0 25 0 4 18 0 3
8 34 4 1 17 1 0 21 4 3 13 0 3 40 3 0 3 4 2 33 0 4 20 2 3
8 34 4 1 17 1 0 21 4 3 13 0 3 40 3 1 8 4 1 28 1 4 20 1 3
8 34 2 1 17 1 0 21 4 3 13 0 3 40 3 1 8 4 2 32 1 4 18 2 3
8 34 4 1 17 1 0 21 4 3 13 0 3 40 3 2 10 4 0 23 2 4 20 0 3
8 34 2 1 17 1 0 21 4 3 13 0 3 40 3 2 10 4 1 27 2 4 18 1 3
6 34 3 1 17 1 0 21 4 3 13 0 3 40 3 4 19 4 3
8 34 4 1 17 1 0 21 4 3 13 0 4 41 3 0 2 4 0 23 0 4 20 0 3
8 34 3 1 17 1 0 21 4 3 13 0 4 41 3 0 2 4 2 31 0 4 19 2 3
8 34 3 1 17 1 0 21 4 3 13 0 4 41 3 1 7 4 1 29 1 4 19 1 3
8 34 4 1 17 1 0 21 4 3 13 0 4 41 3 1 7 4 2 33 1 4 20 2 3
8 34 3 1 17 1 0 21 4 3 13 0 4 41 3 2 12 4 0 24 2 4 19 0 3
8 34 4 1 17 1 0 21 4 3 13 0 4 41 3 2 12 4 1 28 2 4 20 1 3
6 34 2 1 17 1 0 21 4 3 13 0 4 41 3 4 18 4 3
8 34 4 1 17 1 2 35 4 0 3 3 0 25 0 1 5 4 2 23 1 4 20 0 3
8 34 3 1 17 1 2 35 4 0 3 3 0 25 0 1 5 4 3 24 1 4 19 0 3
8 34 3 1 17 1 2 35 4 0 3 3 0 25 0 2 11 0 1 29 2 4 19 1 3
8 34 4 1 17 1 2 35 4 0 3 3 0 25 0 2 11 0 4 39 2 4 20 4 3
8 34 4 1 17 1 2 35 4 0 3 3 0 25 0 3 16 0 1 28 3 4 20 1 3
8 34 3 1 17 1 2 35 4 0 3 3 0 25 0 3 16 0 2 31 3 4 19 2 3
6 34 2 1 17 1 2 35 4 0 3 3 0 25 0 4 18 0 3
8 34 3 1 17 1 2 35 4 0 3 3 2 33 0 1 7 2 1 29 1 4 19 1 3
8 34 2 1 17 1 2 35 4 0 3 3 2 33 0 1 7 2 4 41 1 4 18 4 3
8 34 3 1 17 1 2 35 4 0 3 3 2 33 0 2 9 4 2 31 2 4 19 2 3
8 34 2 1 17 1 2 35 4 0 3 3 2 33 0 2 9 4 3 32 2 4 18 2 3
8 34 3 1 17 1 2 35 4 0 3 3 2 33 0 3 14 2 0 24 3 4 19 0 3
8 34 2 1 17 1 2 35 4 0 3 3 2 33 0 3 14 2 1 27 3 4 18 1 3
6 34 4 1 17 1 2 35 4 0 3 3 2 33 0 4 20 2 3
8 34 4 1 17 1 2 35 4 0 3 3 4 40 0 1 8 4 1 28 1 4 20 1 3
8 34 2 1 17 1 2 35 4 0 3 3 4 40 0 1 8 4 2 32 1 4 18 2 3
8 34 4 1 17 1 2 35 4 0 3 3 4 40 0 2 10 4 0 23 2 4 20 0 3
8 34 2 1 17 1 2 35 4 0 3 3 4 40 0 2 10 4 1 27 2 4 18 1 3
8 34 4 1 17 1 2 35 4 0 3 3 4 40 0 3 13 3 2 39 3 4 20 4 3
8 34 2 1 17 1 2 35 4 0 3 3 4 40 0 3 13 3 4 41 3 4 18 4 3
6 34 3 1 17 1 2 35 4 0 3 3 4 40 0 4 19 4 3
8 34 4 1 17 1 2 35 4 1 6 3 1 27 1 0 1 2 3 28 0 4 20 1 3
8 34 3 1 17 1 2 35 4 1 6 3 1 27 1 0 1 2 4 29 0 4 19 1 3
8 34 4 1 17 1 2 35 4 1 6 3 1 27 1 2 10 1 0 23 2 4 20 0 3
8 34 3 1 17 1 2 35 4 1 6 3 1 27 1 2 10 1 4 40 2 4 19 4 3
8 34 3 1 17 1 2 35 4 1 6 3 1 27 1 3 14 1 0 24 3 4 19 0 3
8 34 4 1 17 1 2 35 4 1 6 3 1 27 1 3 14 1 2 33 3 4 20 2 3
6 34 2 1 17 1 2 35 4 1 6 3 1 27 1 4 18 1 3
8 34 4 1 17 1 2 35 4 1 6 3 2 31 1 0 2 2 0 23 0 4 20 0 3
8 34 2 1 17 1 2 35 4 1 6 3 2 31 1 0 2 2 4 41 0 4 18 4 3
8 34 2 1 17 1 2 35 4 1 6 3 2 31 1 2 9 2 3 32 2 4 18 2 3
8 34 4 1 17 1 2 35 4 1 6 3 2 31 1 2 9 2 4 33 2 4 20 2 3
8 34 2 1 17 1 2 35 4 1 6 3 2 31 1 3 16 2 0 25 3 4 18 0 3
8 34 4 1 17 1 2 35 4 1 6 3 2 31 1 3 16 2 1 28 3 4 20 1 3
6 34 3 1 17 1 2 35 4 1 6 3 2 31 1 4 19 2 3
8 34 3 1 17 1 2 35 4 1 6 3 4 39 1 0 4 4 0 24 0 4 19 0 3
8 34 2 1 17 1 2 35 4 1 6 3 4 39 1 0 4 4 2 32 0 4 18 2 3
8 34 2 1 17 1 2 35 4 1 6 3 4 39 1 2 11 4 0 25 2 4 18 0 3
8 34 3 1 17 1 2 35 4 1 6 3 4 39 1 2 11 4 1 29 2 4 19 1 3
8 34 3 1 17 1 2 35 4 1 6 3 4 39 1 3 13 2 3 40 3 4 19 4 3
8 34 2 1 17 1 2 35 4 1 6 3 4 39 1 3 13 2 4 41 3 4 18 4 3
6 34 4 1 17 1 2 35 4 1 6 3 4 39 1 4 20 4 3
8 34 2 1 17 1 2 35 4 2 12 3 0 24 2 0 4 0 2 32 0 4 18 2 3
8 34 4 1 17 1 2 35 4 2 12 3 0 24 2 0 4 0 4 39 0 4 20 4 3
8 34 4 1 17 1 2 35 4 2 12 3 0 24 2 1 5 3 2 23 1 4 20 0 3
8 34 2 1 17 1 2 35 4 2 12 3 0 24 2 1 5 3 4 25 1 4 18 0 3
8 34 2 1 17 1 2 35 4 2 12 3 0 24 2 3 14 0 1 27 3 4 18 1 3
8 34 4 1 17 1 2 35 4 2 12 3 0 24 2 3 14 0 2 33 3 4 20 2 3
6 34 3 1 17 1 2 35 4 2 12 3 0 24 2 4 19 0 3
8 34 2 1 17 1 2 35 4 2 12 3 1 28 2 0 1 3 2 27 0 4 18 1 3
8 34 3 1 17 1 2 35 4 2 12 3 1 28 2 0 1 3 4 29 0 4 19 1 3
8 34 2 1 17 1 2 35 4 2 12 3 1 28 2 1 8 1 2 32 1 4 18 2 3
8 34 3 1 17 1 2 35 4 2 12 3 1 28 2 1 8 1 4 40 1 4 19 4 3
8 34 2 1 17 1 2 35 4 2 12 3 1 28 2 3 16 1 0 25 3 4 18 0 3
8 34 3 1 17 1 2 35 4 2 12 3 1 28 2 3 16 1 2 31 3 4 19 2 3
6 34 4 1 17 1 2 35 4 2 12 3 1 28 2 4 20 1 3
8 34 4 1 17 1 2 35 4 2 12 3 4 41 2 0 2 4 0 23 0 4 20 0 3
8 34 3 1 17 1 2 35 4 2 12 3 4 41 2 0 2 4 2 31 0 4 19 2 3
8 34 3 1 17 1 2 35 4 2 12 3 4 41 2 1 7 4 1 29 1 4 19 1 3
8 34 4 1 17 1 2 35 4 2 12 3 4 41 2 1 7 4 2 33 1 4 20 2 3
8 34 4 1 17 1 2 35 4 2 12 3 4 41 2 3 13 4 2 39 3 4 20 4 3
8 34 3 1 17 1 2 35 4 2 12 3 4 41 2 3 13 4 3 40 3 4 19 4 3
6 34 2 1 17 1 2 35 4 2 12 3 4 41 2 4 18 4 3
8 34 3 1 17 1 2 35 4 3 15 3 0 23 3 0 2 0 2 31 0 4 19 2 3
8 34 2 1 17 1 2 35 4 3 15 3 0 23 3 0 2 0 4 41 0 4 18 4 3
8 34 3 1 17 1 2 35 4 3 15 3 0 23 3 1 5 2 3 24 1 4 19 0 3
8 34 2 1 17 1 2 35 4 3 15 3 0 23 3 1 5 2 4 25 1 4 18 0 3
8 34 2 1 17 1 2 35 4 3 15 3 0 23 3 2 10 0 1 27 2 4 18 1 3
8 34 3 1 17 1 2 35 4 3 15 3 0 23 3 2 10 0 4 40 2 4 19 4 3
6 34 4 1 17 1 2 35 4 3 15 3 0 23 3 4 20 0 3
8 34 2 1 17 1 2 35 4 3 15 3 1 29 3 0 1 4 2 27 0 4 18 1 3
8 34 4 1 17 1 2 35 4 3 15 3 1 29 3 0 1 4 3 28 0 4 20 1 3
8 34 4 1 17 1 2 35 4 3 15 3 1 29 3 1 7 1 2 33 1 4 20 2 3
8 34 2 1 17 1 2 35 4 3 15 3 1 29 3 1 7 1 4 41 1 4 18 4 3
8 34 2 1 17 1 2 35 4 3 15 3 1 29 3 2 11 1 0 25 2 4 18 0 3
8 34 4 1 17 1 2 35 4 3 15 3 1 29 3 2 11 1 4 39 2 4 20 4 3
6 34 3 1 17 1 2 35 4 3 15 3 1 29 3 4 19 1 3
8 34 3 1 17 1 2 35 4 3 15 3 2 32 3 0 4 2 0 24 0 4 19 0 3
8 34 4 1 17 1 2 35 4 3 15 3 2 32 3 0 4 2 4 39 0 4 20 4 3
8 34 4 1 17 1 2 35 4 3 15 3 2 32 3 1 8 2 1 28 1 4 20 1 3
8 34 3 1 17 1 2 35 4 3 15 3 2 32 3 1 8 2 4 40 1 4 19 4 3
8 34 3 1 17 1 2 35 4 3 15 3 2 32 3 2 9 3 2 31 2 4 19 2 3
8 34 4 1 17 1 2 35 4 3 15 3 2 32 3 2 9 3 4 33 2 4 20 2 3
6 34 2 1 17 1 2 35 4 3 15 3 2 32 3 4 18 2 3
8 34 4 1 17 1 2 35 4 3 15 3 4 38 3 1 13 1 2 39 3 4 20 4 3
8 34 3 1 17 1 2 35 4 3 15 3 4 38 3 1 13 1 3 40 3 4 19 4 3
8 34 2 1 17 1 2 35 4 3 15 3 4 38 3 1 13 1 4 41 3 4 18 4 3
8 34 3 1 17 1 2 35 4 3 15 3 4 38 3 2 14 4 0 24 3 4 19 0 3
8 34 2 1 17 1 2 35 4 3 15 3 4 38 3 2 14 4 1 27 3 4 18 1 3
8 34 4 1 17 1 2 35 4 3 15 3 4 38 3 2 14 4 2 33 3 4 20 2 3
8 34 2 1 17 1 2 35 4 3 15 3 4 38 3 4 16 4 0 25 3 4 18 0 3
8 34 4 1 17 1 2 35 4 3 15 3 4 38 3 4 16 4 1 28 3 4 20 1 3
8 34 3 1 17 1 2 35 4 3 15 3 4 38 3 4 16 4 2 31 3 4 19 2 3
8 34 3 1 17 1 3 36 4 0 2 3 0 23 0 1 5 2 3 24 1 4 19 0 3
8 34 2 1 17 1 3 36 4 0 2 3 0 23 0 1 5 2 4 25 1 4 18 0 3
8 34 2 1 17 1 3 36 4 0 2 3 0 23 0 2 10 0 1 27 2 4 18 1 3
8 34 3 1 17 1 3 36 4 0 2 3 0 23 0 2 10 0 4 40 2 4 19 4 3
8 34 3 1 17 1 3 36 4 0 2 3 0 23 0 3 15 0 1 29 3 4 19 1 3
8 34 2 1 17 1 3 36 4 0 2 3 0 23 0 3 15 0 2 32 3 4 18 2 3
6 34 4 1 17 1 3 36 4 0 2 3 0 23 0 4 20 0 3
8 34 2 1 17 1 3 36 4 0 2 3 2 31 0 1 6 2 1 27 1 4 18 1 3
8 34 4 1 17 1 3 36 4 0 2 3 2 31 0 1 6 2 4 39 1 4 20 4 3
8 34 2 1 17 1 3 36 4 0 2 3 2 31 0 2 9 2 3 32 2 4 18 2 3
8 34 4 1 17 1 3 36 4 0 2 3 2 31 0 2 9 2 4 33 2 4 20 2 3
8 34 2 1 17 1 3 36 4 0 2 3 2 31 0 3 16 2 0 25 3 4 18 0 3
8 34 4 1 17 1 3 36 4 0 2 3 2 31 0 3 16 2 1 28 3 4 20 1 3
6 34 3 1 17 1 3 36 4 0 2 3 2 31 0 4 19 2 3
8 34 3 1 17 1 3 36 4 0 2 3 4 41 0 1 7 4 1 29 1 4 19 1 3
8 34 4 1 17 1 3 36 4 0 2 3 4 41 0 1 7 4 2 33 1 4 20 2 3
8 34 3 1 17 1 3 36 4 0 2 3 4 41 0 2 12 4 0 24 2 4 19 0 3
8 34 4 1 17 1 3 36 4 0 2 3 4 41 0 2 12 4 1 28 2 4 20 1 3
8 34 4 1 17 1 3 36 4 0 2 3 4 41 0 3 13 4 2 39 3 4 20 4 3
8 34 3 1 17 1 3 36 4 0 2 3 4 41 0 3 13 4 3 40 3 4 19 4 3
6 34 2 1 17 1 3 36 4 0 2 3 4 41 0 4 18 4 3
8 34 2 1 17 1 3 36 4 1 8 3 1 28 1 0 1 3 2 27 0 4 18 1 3
8 34 3 1 17 1 3 36 4 1 8 3 1 28 1 0 1 3 4 29 0 4 19 1 3
8 34 3 1 17 1 3 36 4 1 8 3 1 28 1 2 12 1 0 24 2 4 19 0 3
8 34 2 1 17 1 3 36 4 1 8 3 1 28 1 2 12 1 4 41 2 4 18 4 3
8 34 2 1 17 1 3 36 4 1 8 3 1 28 1 3 16 1 0 25 3 4 18 0 3
8 34 3 1 17 1 3 36 4 1 8 3 1 28 1 3 16 1 2 31 3 4 19 2 3
6 34 4 1 17 1 3 36 4 1 8 3 1 28 1 4 20 1 3
8 34 3 1 17 1 3 36 4 1 8 3 2 32 1 0 4 2 0 24 0 4 19 0 3
8 34 4 1 17 1 3 36 4 1 8 3 2 32 1 0 4 2 4 39 0 4 20 4 3
8 34 3 1 17 1 3 36 4 1 8 3 2 32 1 2 9 3 2 31 2 4 19 2 3
8 34 4 1 17 1 3 36 4 1 8 3 2 32 1 2 9 3 4 33 2 4 20 2 3
8 34 4 1 17 1 3 36 4 1 8 3 2 32 1 3 15 2 0 23 3 4 20 0 3
8 34 3 1 17 1 3 36 4 1 8 3 2 32 1 3 15 2 1 29 3 4 19 1 3
6 34 2 1 17 1 3 36 4 1 8 3 2 32 1 4 18 2 3
8 34 2 1 17 1 3 36 4 1 8 3 4 40 1 0 3 4 0 25 0 4 18 0 3
8 34 4 1 17 1 3 36 4 1 8 3 4 40 1 0 3 4 2 33 0 4 20 2 3
8 34 4 1 17 1 3 36 4 1 8 3 4 40 1 2 10 4 0 23 2 4 20 0 3
8 34 2 1 17 1 3 36 4 1 8 3 4 40 1 2 10 4 1 27 2 4 18 1 3
8 34 4 1 17 1 3 36 4 1 8 3 4 40 1 3 13 3 2 39 3 4 20 4 3
8 34 2 1 17 1 3 36 4 1 8 3 4 40 1 3 13 3 4 41 3 4 18 4 3
6 34 3 1 17 1 3 36 4 1 8 3 4 40 1 4 19 4 3
8 34 4 1 17 1 3 36 4 2 11 3 0 25 2 0 3 0 2 33 0 4 20 2 3
8 34 3 1 17 1 3 36 4 2 11 3 0 25 2 0 3 0 4 40 0 4 19 4 3
8 34 4 1 17 1 3 36 4 2 11 3 0 25 2 1 5 4 2 23 1 4 20 0 3
8 34 3 1 17 1 3 36 4 2 11 3 0 25 2 1 5 4 3 24 1 4 19 0 3
8 34 4 1 17 1 3 36 4 2 11 3 0 25 2 3 16 0 1 28 3 4 20 1 3
8 34 3 1 17 1 3 36 4 2 11 3 0 25 2 3 16 0 2 31 3 4 19 2 3
6 34 2 1 17 1 3 36 4 2 11 3 0 25 2 4 18 0 3
8 34 2 1 17 1 3 36 4 2 11 3 1 29 2 0 1 4 2 27 0 4 18 1 3
8 34 4 1 17 1 3 36 4 2 11 3 1 29 2 0 1 4 3 28 0 4 20 1 3
8 34 4 1 17 1 3 36 4 2 11 3 1 29 2 1 7 1 2 33 1 4 20 2 3
8 34 2 1 17 1 3 36 4 2 11 3 1 29 2 1 7 1 4 41 1 4 18 4 3
8 34 4 1 17 1 3 36 4 2 11 3 1 29 2 3 15 1 0 23 3 4 20 0 3
8 34 2 1 17 1 3 36 4 2 11 3 1 29 2 3 15 1 2 32 3 4 18 2 3
6 34 3 1 17 1 3 36 4 2 11 3 1 29 2 4 19 1 3
8 34 3 1 17 1 3 36 4 2 11 3 4 39 2 0 4 4 0 24 0 4 19 0 3
8 34 2 1 17 1 3 36 4 2 11 3 4 39 2 0 4 4 2 32 0 4 18 2 3
8 34 2 1 17 1 3 36 4 2 11 3 4 39 2 1 6 4 1 27 1 4 18 1 3
8 34 3 1 17 1 3 36 4 2 11 3 4 39 2 1 6 4 2 31 1 4 19 2 3
8 34 3 1 17 1 3 36 4 2 11 3 4 39 2 3 13 2 3 40 3 4 19 4 3
8 34 2 1 17 1 3 36 4 2 11 3 4 39 2 3 13 2 4 41 3 4 18 4 3
6 34 4 1 17 1 3 36 4 2 11 3 4 39 2 4 20 4 3
8 34 2 1 17 1 3 36 4 3 14 3 0 24 3 0 4 0 2 32 0 4 18 2 3
8 34 4 1 17 1 3 36 4 3 14 3 0 24 3 0 4 0 4 39 0 4 20 4 3
8 34 4 1 17 1 3 36 4 3 14 3 0 24 3 1 5 3 2 23 1 4 20 0 3
8 34 2 1 17 1 3 36 4 3 14 3 0 24 3 1 5 3 4 25 1 4 18 0 3
8 34 4 1 17 1 3 36 4 3 14 3 0 24 3 2 12 0 1 28 2 4 20 1 3
8 34 2 1 17 1 3 36 4 3 14 3 0 24 3 2 12 0 4 41 2 4 18 4 3
6 34 3 1 17 1 3 36 4 3 14 3 0 24 3 4 19 0 3
8 34 4 1 17 1 3 36 4 3 14 3 1 27 3 0 1 2 3 28 0 4 20 1 3
8 34 3 1 17 1 3 36 4 3 14 3 1 27 3 0 1 2 4 29 0 4 19 1 3
8 34 3 1 17 1 3 36 4 3 14 3 1 27 3 1 6 1 2 31 1 4 19 2 3
8 34 4 1 17 1 3 36 4 3 14 3 1 27 3 1 6 1 4 39 1 4 20 4 3
8 34 4 1 17 1 3 36 4 3 14 3 1 27 3 2 10 1 0 23 2 4 20 0 3
8 34 3 1 17 1 3 36 4 3 14 3 1 27 3 2 10 1 4 40 2 4 19 4 3
6 34 2 1 17 1 3 36 4 3 14 3 1 27 3 4 18 1 3
8 34 2 1 17 1 3 36 4 3 14 3 2 33 3 0 3 2 0 25 0 4 18 0 3
8 34 3 1 17 1 3 36 4 3 14 3 2 33 3 0 3 2 4 40 0 4 19 4 3
8 34 3 1 17 1 3 36 4 3 14 3 2 33 3 1 7 2 1 29 1 4 19 1 3
8 34 2 1 17 1 3 36 4 3 14 3 2 33 3 1 7 2 4 41 1 4 18 4 3
8 34 3 1 17 1 3 36 4 3 14 3 2 33 3 2 9 4 2 31 2 4 19 2 3
8 34 2 1 17 1 3 36 4 3 14 3 2 33 3 2 9 4 3 32 2 4 18 2 3
6 34 4 1 17 1 3 36 4 3 14 3 2 33 3 4 20 2 3
8 34 4 1 17 1 3 36 4 3 14 3 4 38 2 1 13 1 2 39 3 4 20 4 3
8 34 3 1 17 1 3 36 4 3 14 3 4 38 2 1 13 1 3 40 3 4 19 4 3
8 34 2 1 17 1 3 36 4 3 14 3 4 38 2 1 13 1 4 41 3 4 18 4 3
8 34 4 1 17 1 3 36 4 3 14 3 4 38 2 3 15 4 0 23 3 4 20 0 3
8 34 3 1 17 1 3 36 4 3 14 3 4 38 2 3 15 4 1 29 3 4 19 1 3
8 34 2 1 17 1 3 36 4 3 14 3 4 38 2 3 15 4 2 32 3 4 18 2 3
8 34 2 1 17 1 3 36 4 3 14 3 4 38 2 4 16 4 0 25 3 4 18 0 3
8 34 4 1 17 1 3 36 4 3 14 3 4 38 2 4 16 4 1 28 3 4 20 1 3
8 34 3 1 17 1 3 36 4 3 14 3 4 38 2 4 16 4 2 31 3 4 19 2 3
8 34 4 1 17 1 4 37 4 0 4 3 0 24 0 1 5 3 2 23 1 4 20 0 3
8 34 2 1 17 1 4 37 4 0 4 3 0 24 0 1 5 3 4 25 1 4 18 0 3
8 34 4 1 17 1 4 37 4 0 4 3 0 24 0 2 12 0 1 28 2 4 20 1 3
8 34 2 1 17 1 4 37 4 0 4 3 0 24 0 2 12 0 4 41 2 4 18 4 3
8 34 2 1 17 1 4 37 4 0 4 3 0 24 0 3 14 0 1 27 3 4 18 1 3
8 34 4 1 17 1 4 37 4 0 4 3 0 24 0 3 14 0 2 33 3 4 20 2 3
6 34 3 1 17 1 4 37 4 0 4 3 0 24 0 4 19 0 3
8 34 4 1 17 1 4 37 4 0 4 3 2 32 0 1 8 2 1 28 1 4 20 1 3
8 34 3 1 17 1 4 37 4 0 4 3 2 32 0 1 8 2 4 40 1 4 19 4 3
8 34 3 1 17 1 4 37 4 0 4 3 2 32 0 2 9 3 2 31 2 4 19 2 3
8 34 4 1 17 1 4 37 4 0 4 3 2 32 0 2 9 3 4 33 2 4 20 2 3
8 34 4 1 17 1 4 37 4 0 4 3 2 32 0 3 15 2 0 23 3 4 20 0 3
8 34 3 1 17 1 4 37 4 0 4 3 2 32 0 3 15 2 1 29 3 4 19 1 3
6 34 2 1 17 1 4 37 4 0 4 3 2 32 0 4 18 2 3
8 34 2 1 17 1 4 37 4 0 4 3 4 39 0 1 6 4 1 27 1 4 18 1 3
8 34 3 1 17 1 4 37 4 0 4 3 4 39 0 1 6 4 2 31 1 4 19 2 3
8 34 2 1 17 1 4 37 4 0 4 3 4 39 0 2 11 4 0 25 2 4 18 0 3
8 34 3 1 17 1 4 37 4 0 4 3 4 39 0 2 11 4 1 29 2 4 19 1 3
8 34 3 1 17 1 4 37 4 0 4 3 4 39 0 3 13 2 3 40 3 4 19 4 3
8 34 2 1 17 1 4 37 4 0 4 3 4 39 0 3 13 2 4 41 3 4 18 4 3
6 34 4 1 17 1 4 37 4 0 4 3 4 39 0 4 20 4 3
8 34 2 1 17 1 4 37 4 1 7 3 1 29 1 0 1 4 2 27 0 4 18 1 3
8 34 4 1 17 1 4 37 4 1 7 3 1 29 1 0 1 4 3 28 0 4 20 1 3
8 34 2 1 17 1 4 37 4 1 7 3 1 29 1 2 11 1 0 25 2 4 18 0 3
8 34 4 1 17 1 4 37 4 1 7 3 1 29 1 2 11 1 4 39 2 4 20 4 3
8 34 4 1 17 1 4 37 4 1 7 3 1 29 1 3 15 1 0 23 3 4 20 0 3
8 34 2 1 17 1 4 37 4 1 7 3 1 29 1 3 15 1 2 32 3 4 18 2 3
6 34 3 1 17 1 4 37 4 1 7 3 1 29 1 4 19 1 3
8 34 2 1 17 1 4 37 4 1 7 3 2 33 1 0 3 2 0 25 0 4 18 0 3
8 34 3 1 17 1 4 37 4 1 7 3 2 33 1 0 3 2 4 40 0 4 19 4 3
8 34 3 1 17 1 4 37 4 1 7 3 2 33 1 2 9 4 2 31 2 4 19 2 3
8 34 2 1 17 1 4 37 4 1 7 3 2 33 1 2 9 4 3 32 2 4 18 2 3
8 34 3 1 17 1 4 37 4 1 7 3 2 33 1 3 14 2 0 24 3 4 19 0 3
8 34 2 1 17 1 4 37 4 1 7 3 2 33 1 3 14 2 1 27 3 4 18 1 3
6 34 4 1 17 1 4 37 4 1 7 3 2 33 1 4 20 2 3
8 34 4 1 17 1 4 37 4 1 7 3 4 41 1 0 2 4 0 23 0 4 20 0 3
8 34 3 1 17 1 4 37 4 1 7 3 4 41 1 0 2 4 2 31 0 4 19 2 3
8 34 3 1 17 1 4 37 4 1 7 3 4 41 1 2 12 4 0 24 2 4 19 0 3
8 34 4 1 17 1 4 37 4 1 7 3 4 41 1 2 12 4 1 28 2 4 20 1 3
8 34 4 1 17 1 4 37 4 1 7 3 4 41 1 3 13 4 2 39 3 4 20 4 3
8 34 3 1 17 1 4 37 4 1 7 3 4 41 1 3 13 4 3 40 3 4 19 4 3
6 34 2 1 17 1 4 37 4 1 7 3 4 41 1 4 18 4 3
8 34 3 1 17 1 4 37 4 2 10 3 0 23 2 0 2 0 2 31 0 4 19 2 3
8 34 2 1 17 1 4 37 4 2 10 3 0 23 2 0 2 0 4 41 0 4 18 4 3
8 34 3 1 17 1 4 37 4 2 10 3 0 23 2 1 5 2 3 24 1 4 19 0 3
8 34 2 1 17 1 4 37 4 2 10 3 0 23 2 1 5 2 4 25 1 4 18 0 3
8 34 3 1 17 1 4 37 4 2 10 3 0 23 2 3 15 0 1 29 3 4 19 1 3
8 34 2 1 17 1 4 37 4 2 10 3 0 23 2 3 15 0 2 32 3 4 18 2 3
6 34 4 1 17 1 4 37 4 2 10 3 0 23 2 4 20 0 3
8 34 4 1 17 1 4 37 4 2 10 3 1 27 2 0 1 2 3 28 0 4 20 1 3
8 34 3 1 17 1 4 37 4 2 10 3 1 27 2 0 1 2 4 29 0 4 19 1 3
8 34 3 1 17 1 4 37 4 2 10 3 1 27 2 1 6 1 2 31 1 4 19 2 3
8 34 4 1 17 1 4 37 4 2 10 3 1 27 2 1 6 1 4 39 1 4 20 4 3
8 34 3 1 17 1 4 37 4 2 10 3 1 27 2 3 14 1 0 24 3 4 19 0 3
8 34 4 1 17 1 4 37 4 2 10 3 1 27 2 3 14 1 2 33 3 4 20 2 3
6 34 2 1 17 1 4 37 4 2 10 3 1 27 2 4 18 1 3
8 34 2 1 17 1 4 37 4 2 10 3 4 40 2 0 3 4 0 25 0 4 18 0 3
8 34 4 1 17 1 4 37 4 2 10 3 4 40 2 0 3 4 2 33 0 4 20 2 3
8 34 4 1 17 1 4 37 4 2 10 3 4 40 2 1 8 4 1 28 1 4 20 1 3
8 34 2 1 17 1 4 37 4 2 10 3 4 40 2 1 8 4 2 32 1 4 18 2 3
8 34 4 1 17 1 4 37 4 2 10 3 4 40 2 3 13 3 2 39 3 4 20 4 3
8 34 2 1 17 1 4 37 4 2 10 3 4 40 2 3 13 3 4 41 3 4 18 4 3
6 34 3 1 17 1 4 37 4 2 10 3 4 40 2 4 19 4 3
8 34 4 1 17 1 4 37 4 3 16 3 0 25 3 0 3 0 2 33 0 4 20 2 3
8 34 3 1 17 1 4 37 4 3 16 3 0 25 3 0 3 0 4 40 0 4 19 4 3
8 34 4 1 17 1 4 37 4 3 16 3 0 25 3 1 5 4 2 23 1 4 20 0 3
8 34 3 1 17 1 4 37 4 3 16 3 0 25 3 1 5 4 3 24 1 4 19 0 3
8 34 3 1 17 1 4 37 4 3 16 3 0 25 3 2 11 0 1 29 2 4 19 1 3
8 34 4 1 17 1 4 37 4 3 16 3 0 25 3 2 11 0 4 39 2 4 20 4 3
6 34 2 1 17 1 4 37 4 3 16 3 0 25 3 4 18 0 3
8 34 2 1 17 1 4 37 4 3 16 3 1 28 3 0 1 3 2 27 0 4 18 1 3
8 34 3 1 17 1 4 37 4 3 16 3 1 28 3 0 1 3 4 29 0 4 19 1 3
8 34 2 1 17 1 4 37 4 3 16 3 1 28 3 1 8 1 2 32 1 4 18 2 3
8 34 3 1 17 1 4 37 4 3 16 3 1 28 3 1 8 1 4 40 1 4 19 4 3
8 34 3 1 17 1 4 37 4 3 16 3 1 28 3 2 12 1 0 24 2 4 19 0 3
8 34 2 1 17 1 4 37 4 3 16 3 1 28 3 2 12 1 4 41 2 4 18 4 3
6 34 4 1 17 1 4 37 4 3 16 3 1 28 3 4 20 1 3
8 34 4 1 17 1 4 37 4 3 16 3 2 31 3 0 2 2 0 23 0 4 20 0 3
8 34 2 1 17 1 4 37 4 3 16 3 2 31 3 0 2 2 4 41 0 4 18 4 3
8 34 2 1 17 1 4 37 4 3 16 3 2 31 3 1 6 2 1 27 1 4 18 1 3
8 34 4 1 17 1 4 37 4 3 16 3 2 31 3 1 6 2 4 39 1 4 20 4 3
8 34 2 1 17 1 4 37 4 3 16 3 2 31 3 2 9 2 3 32 2 4 18 2 3
8 34 4 1 17 1 4 37 4 3 16 3 2 31 3 2 9 2 4 33 2 4 20 2 3
6 34 3 1 17 1 4 37 4 3 16 3 2 31 3 4 19 2 3
8 34 4 1 17 1 4 37 4 3 16 3 4 38 4 1 13 1 2 39 3 4 20 4 3
8 34 3 1 17 1 4 37 4 3 16 3 4 38 4 1 13 1 3 40 3 4 19 4 3
8 34 2 1 17 1 4 37 4 3 16 3 4 38 4 1 13 1 4 41 3 4 18 4 3
8 34 3 1 17 1 4 37 4 3 16 3 4 38 4 2 14 4 0 24 3 4 19 0 3
8 34 2 1 17 1 4 37 4 3 16 3 4 38 4 2 14 4 1 27 3 4 18 1 3
8 34 4 1 17 1 4 37 4 3 16 3 4 38 4 2 14 4 2 33 3 4 20 2 3
8 34 4 1 17 1 4 37 4 3 16 3 4 38 4 3 15 4 0 23 3 4 20 0 3
8 34 3 1 17 1 4 37 4 3 16 3 4 38 4 3 15 4 1 29 3 4 19 1 3
8 34 2 1 17 1 4 37 4 3 16 3 4 38 4 3 15 4 2 32 3 4 18 2 3
8 34 3 2 18 3 0 25 4 0 3 0 2 33 0 1 7 2 1 29 1 4 19 1 3
8 34 3 2 18 3 0 25 4 0 3 0 2 33 0 2 9 4 2 31 2 4 19 2 3
8 34 3 2 18 3 0 25 4 0 3 0 2 33 0 3 14 2 0 24 3 4 19 0 3
6 34 4 2 18 3 0 25 4 0 3 0 2 33 0 4 20 2 3
8 34 3 2 18 3 0 25 4 0 3 0 3 35 0 1 6 3 2 31 1 4 19 2 3
8 34 4 2 18 3 0 25 4 0 3 0 3 35 0 1 6 3 4 39 1 4 20 4 3
8 34 3 2 18 3 0 25 4 0 3 0 3 35 0 2 12 3 0 24 2 4 19 0 3
8 34 4 2 18 3 0 25 4 0 3 0 3 35 0 2 12 3 1 28 2 4 20 1 3
8 34 4 2 18 3 0 25 4 0 3 0 3 35 0 3 15 3 0 23 3 4 20 0 3
8 34 3 2 18 3 0 25 4 0 3 0 3 35 0 3 15 3 1 29 3 4 19 1 3
8 34 4 2 18 3 0 25 4 0 3 0 4 40 0 1 8 4 1 28 1 4 20 1 3
8 34 4 2 18 3 0 25 4 0 3 0 4 40 0 2 10 4 0 23 2 4 20 0 3
8 34 4 2 18 3 0 25 4 0 3 0 4 40 0 3 13 3 2 39 3 4 20 4 3
6 34 3 2 18 3 0 25 4 0 3 0 4 40 0 4 19 4 3
8 34 4 2 18 3 0 25 4 1 5 4 0 21 1 0 1 0 3 28 0 4 20 1 3
8 34 3 2 18 3 0 25 4 1 5 4 0 21 1 0 1 0 4 29 0 4 19 1 3
8 34 3 2 18 3 0 25 4 1 5 4 0 21 1 2 9 0 2 31 2 4 19 2 3
8 34 4 2 18 3 0 25 4 1 5 4 0 21 1 2 9 0 4 33 2 4 20 2 3
8 34 4 2 18 3 0 25 4 1 5 4 0 21 1 3 13 0 2 39 3 4 20 4 3
8 34 3 2 18 3 0 25 4 1 5 4 0 21 1 3 13 0 3 40 3 4 19 4 3
8 34 3 2 18 3 0 25 4 1 5 4 2 23 1 0 2 0 2 31 0 4 19 2 3
8 34 3 2 18 3 0 25 4 1 5 4 2 23 1 2 10 0 4 40 2 4 19 4 3
8 34 3 2 18 3 0 25 4 1 5 4 2 23 1 3 15 0 1 29 3 4 19 1 3
6 34 4 2 18 3 0 25 4 1 5 4 2 23 1 4 20 0 3
8 34 4 2 18 3 0 25 4 1 5 4 3 24 1 0 4 0 4 39 0 4 20 4 3
8 34 4 2 18 3 0 25 4 1 5 4 3 24 1 2 12 0 1 28 2 4 20 1 3
8 34 4 2 18 3 0 25 4 1 5 4 3 24 1 3 14 0 2 33 3 4 20 2 3
6 34 3 2 18 3 0 25 4 1 5 4 3 24 1 4 19 0 3
8 34 4 2 18 3 0 25 4 2 11 0 1 29 2 0 1 4 3 28 0 4 20 1 3
8 34 4 2 18 3 0 25 4 2 11 0 1 29 2 1 7 1 2 33 1 4 20 2 3
8 34 4 2 18 3 0 25 4 2 11 0 1 29 2 3 15 1 0 23 3 4 20 0 3
6 34 3 2 18 3 0 25 4 2 11 0 1 29 2 4 19 1 3
8 34 4 2 18 3 0 25 4 2 11 0 3 36 2 0 2 3 0 23 0 4 20 0 3
8 34 3 2 18 3 0 25 4 2 11 0 3 36 2 0 2 3 2 31 0 4 19 2 3
8 34 4 2 18 3 0 25 4 2 11 0 3 36 2 1 8 3 1 28 1 4 20 1 3
8 34 3 2 18 3 0 25 4 2 11 0 3 36 2 1 8 3 4 40 1 4 19 4 3
8 34 3 2 18 3 0 25 4 2 11 0 3 36 2 3 14 3 0 24 3 4 19 0 3
8 34 4 2 18 3 0 25 4 2 11 0 3 36 2 3 14 3 2 33 3 4 20 2 3
8 34 3 2 18 3 0 25 4 2 11 0 4 39 2 0 4 4 0 24 0 4 19 0 3
8 34 3 2 18 3 0 25 4 2 11 0 4 39 2 1 6 4 2 31 1 4 19 2 3
8 34 3 2 18 3 0 25 4 2 11 0 4 39 2 3 13 2 3 40 3 4 19 4 3
6 34 4 2 18 3 0 25 4 2 11 0 4 39 2 4 20 4 3
8 34 3 2 18 3 0 25 4 3 16 0 1 28 3 0 1 3 4 29 0 4 19 1 3
8 34 3 2 18 3 0 25 4 3 16 0 1 28 3 1 8 1 4 40 1 4 19 4 3
8 34 3 2 18 3 0 25 4 3 16 0 1 28 3 2 12 1 0 24 2 4 19 0 3
6 34 4 2 18 3 0 25 4 3 16 0 1 28 3 4 20 1 3
8 34 4 2 18 3 0 25 4 3 16 0 2 31 3 0 2 2 0 23 0 4 20 0 3
8 34 4 2 18 3 0 25 4 3 16 0 2 31 3 1 6 2 4 39 1 4 20 4 3
8 34 4 2 18 3 0 25 4 3 16 0 2 31 3 2 9 2 4 33 2 4 20 2 3
6 34 3 2 18 3 0 25 4 3 16 0 2 31 3 4 19 2 3
8 34 3 2 18 3 0 25 4 3 16 0 3 37 3 0 4 3 0 24 0 4 19 0 3
8 34 4 2 18 3 0 25 4 3 16 0 3 37 3 0 4 3 4 39 0 4 20 4 3
8 34 3 2 18 3 0 25 4 3 16 0 3 37 3 1 7 3 1 29 1 4 19 1 3
8 34 4 2 18 3 0 25 4 3 16 0 3 37 3 1 7 3 2 33 1 4 20 2 3
8 34 4 2 18 3 0 25 4 3 16 0 3 37 3 2 10 3 0 23 2 4 20 0 3
8 34 3 2 18 3 0 25 4 3 16 0 3 37 3 2 10 3 4 40 2 4 19 4 3
8 34 4 2 18 3 0 25 4 3 16 0 4 38 4 1 13 1 2 39 3 4 20 4 3
8 34 3 2 18 3 0 25 4 3 16 0 4 38 4 1 13 1 3 40 3 4 19 4 3
8 34 3 2 18 3 0 25 4 3 16 0 4 38 4 2 14 4 0 24 3 4 19 0 3
8 34 4 2 18 3 0 25 4 3 16 0 4 38 4 2 14 4 2 33 3 4 20 2 3
8 34 4 2 18 3 0 25 4 3 16 0 4 38 4 3 15 4 0 23 3 4 20 0 3
8 34 3 2 18 3 0 25 4 3 16 0 4 38 4 3 15 4 1 29 3 4 19 1 3
8 34 4 2 18 3 1 27 4 0 1 2 0 21 0 1 5 0 2 23 1 4 20 0 3
8 34 3 2 18 3 1 27 4 0 1 2 0 21 0 1 5 0 3 24 1 4 19 0 3
8 34 3 2 18 3 1 27 4 0 1 2 0 21 0 2 9 0 2 31 2 4 19 2 3
8 34 4 2 18 3 1 27 4 0 1 2 0 21 0 2 9 0 4 33 2 4 20 2 3
8 34 4 2 18 3 1 27 4 0 1 2 0 21 0 3 13 0 2 39 3 4 20 4 3
8 34 3 2 18 3 1 27 4 0 1 2 0 21 0 3 13 0 3 40 3 4 19 4 3
8 34 3 2 18 3 1 27 4 0 1 2 3 28 0 1 8 1 4 40 1 4 19 4 3
8 34 3 2 18 3 1 27 4 0 1 2 3 28 0 2 12 1 0 24 2 4 19 0 3
8 34 3 2 18 3 1 27 4 0 1 2 3 28 0 3 16 1 2 31 3 4 19 2 3
6 34 4 2 18 3 1 27 4 0 1 2 3 28 0 4 20 1 3
8 34 4 2 18 3 1 27 4 0 1 2 4 29 0 1 7 1 2 33 1 4 20 2 3
8 34 4 2 18 3 1 27 4 0 1 2 4 29 0 2 11 1 4 39 2 4 20 4 3
8 34 4 2 18 3 1 27 4 0 1 2 4 29 0 3 15 1 0 23 3 4 20 0 3
6 34 3 2 18 3 1 27 4 0 1 2 4 29 0 4 19 1 3
8 34 4 2 18 3 1 27 4 1 6 1 2 31 1 0 2 2 0 23 0 4 20 0 3
8 34 4 2 18 3 1 27 4 1 6 1 2 31 1 2 9 2 4 33 2 4 20 2 3
8 34 4 2 18 3 1 27 4 1 6 1 2 31 1 3 16 2 1 28 3 4 20 1 3
6 34 3 2 18 3 1 27 4 1 6 1 2 31 1 4 19 2 3
8 34 4 2 18 3 1 27 4 1 6 1 3 35 1 0 3 3 2 33 0 4 20 2 3
8 34 3 2 18 3 1 27 4 1 6 1 3 35 1 0 3 3 4 40 0 4 19 4 3
8 34 3 2 18 3 1 27 4 1 6 1 3 35 1 2 12 3 0 24 2 4 19 0 3
8 34 4 2 18 3 1 27 4 1 6 1 3 35 1 2 12 3 1 28 2 4 20 1 3
8 34 4 2 18 3 1 27 4 1 6 1 3 35 1 3 15 3 0 23 3 4 20 0 3
8 34 3 2 18 3 1 27 4 1 6 1 3 35 1 3 15 3 1 29 3 4 19 1 3
8 34 3 2 18 3 1 27 4 1 6 1 4 39 1 0 4 4 0 24 0 4 19 0 3
8 34 3 2 18 3 1 27 4 1 6 1 4 39 1 2 11 4 1 29 2 4 19 1 3
8 34 3 2 18 3 1 27 4 1 6 1 4 39 1 3 13 2 3 40 3 4 19 4 3
6 34 4 2 18 3 1 27 4 1 6 1 4 39 1 4 20 4 3
8 34 3 2 18 3 1 27 4 2 10 1 0 23 2 0 2 0 2 31 0 4 19 2 3
8 34 3 2 18 3 1 27 4 2 10 1 0 23 2 1 5 2 3 24 1 4 19 0 3
8 34 3 2 18 3 1 27 4 2 10 1 0 23 2 3 15 0 1 29 3 4 19 1 3
6 34 4 2 18 3 1 27 4 2 10 1 0 23 2 4 20 0 3
8 34 3 2 18 3 1 27 4 2 10 1 3 37 2 0 4 3 0 24 0 4 19 0 3
8 34 4 2 18 3 1 27 4 2 10 1 3 37 2 0 4 3 4 39 0 4 20 4 3
8 34 3 2 18 3 1 27 4 2 10 1 3 37 2 1 7 3 1 29 1 4 19 1 3
8 34 4 2 18 3 1 27 4 2 10 1 3 37 2 1 7 3 2 33 1 4 20 2 3
8 34 4 2 18 3 1 27 4 2 10 1 3 37 2 3 16 3 1 28 3 4 20 1 3
8 34 3 2 18 3 1 27 4 2 10 1 3 37 2 3 16 3 2 31 3 4 19 2 3
8 34 4 2 18 3 1 27 4 2 10 1 4 40 2 0 3 4 2 33 0 4 20 2 3
8 34 4 2 18 3 1 27 4 2 10 1 4 40 2 1 8 4 1 28 1 4 20 1 3
8 34 4 2 18 3 1 27 4 2 10 1 4 40 2 3 13 3 2 39 3 4 20 4 3
6 34 3 2 18 3 1 27 4 2 10 1 4 40 2 4 19 4 3
8 34 4 2 18 3 1 27 4 3 14 1 0 24 3 0 4 0 4 39 0 4 20 4 3
8 34 4 2 18 3 1 27 4 3 14 1 0 24 3 1 5 3 2 23 1 4 20 0 3
8 34 4 2 18 3 1 27 4 3 14 1 0 24 3 2 12 0 1 28 2 4 20 1 3
6 34 3 2 18 3 1 27 4 3 14 1 0 24 3 4 19 0 3
8 34 3 2 18 3 1 27 4 3 14 1 2 33 3 0 3 2 4 40 0 4 19 4 3
8 34 3 2 18 3 1 27 4 3 14 1 2 33 3 1 7 2 1 29 1 4 19 1 3
8 34 3 2 18 3 1 27 4 3 14 1 2 33 3 2 9 4 2 31 2 4 19 2 3
6 34 4 2 18 3 1 27 4 3 14 1 2 33 3 4 20 2 3
8 34 4 2 18 3 1 27 4 3 14 1 3 36 3 0 2 3 0 23 0 4 20 0 3
8 34 3 2 18 3 1 27 4 3 14 1 3 36 3 0 2 3 2 31 0 4 19 2 3
8 34 4 2 18 3 1 27 4 3 14 1 3 36 3 1 8 3 1 28 1 4 20 1 3
8 34 3 2 18 3 1 27 4 3 14 1 3 36 3 1 8 3 4 40 1 4 19 4 3
8 34 3 2 18 3 1 27 4 3 14 1 3 36 3 2 11 3 1 29 2 4 19 1 3
8 34 4 2 18 3 1 27 4 3 14 1 3 36 3 2 11 3 4 39 2 4 20 4 3
8 34 4 2 18 3 1 27 4 3 14 1 4 38 2 1 13 1 2 39 3 4 20 4 3
8 34 3 2 18 3 1 27 4 3 14 1 4 38 2 1 13 1 3 40 3 4 19 4 3
8 34 4 2 18 3 1 27 4 3 14 1 4 38 2 3 15 4 0 23 3 4 20 0 3
8 34 3 2 18 3 1 27 4 3 14 1 4 38 2 3 15 4 1 29 3 4 19 1 3
8 34 4 2 18 3 1 27 4 3 14 1 4 38 2 4 16 4 1 28 3 4 20 1 3
8 34 3 2 18 3 1 27 4 3 14 1 4 38 2 4 16 4 2 31 3 4 19 2 3
8 34 4 2 18 3 2 32 4 0 4 2 0 24 0 1 5 3 2 23 1 4 20 0 3
8 34 4 2 18 3 2 32 4 0 4 2 0 24 0 2 12 0 1 28 2 4 20 1 3
8 34 4 2 18 3 2 32 4 0 4 2 0 24 0 3 14 0 2 33 3 4 20 2 3
6 34 3 2 18 3 2 32 4 0 4 2 0 24 0 4 19 0 3
8 34 3 2 18 3 2 32 4 0 4 2 3 37 0 1 7 3 1 29 1 4 19 1 3
8 34 4 2 18 3 2 32 4 0 4 2 3 37 0 1 7 3 2 33 1 4 20 2 3
8 34 4 2 18 3 2 32 4 0 4 2 3 37 0 2 10 3 0 23 2 4 20 0 3
8 34 3 2 18 3 2 32 4 0 4 2 3 37 0 2 10 3 4 40 2 4 19 4 3
8 34 4 2 18 3 2 32 4 0 4 2 3 37 0 3 16 3 1 28 3 4 20 1 3
8 34 3 2 18 3 2 32 4 0 4 2 3 37 0 3 16 3 2 31 3 4 19 2 3
8 34 3 2 18 3 2 32 4 0 4 2 4 39 0 1 6 4 2 31 1 4 19 2 3
8 34 3 2 18 3 2 32 4 0 4 2 4 39 0 2 11 4 1 29 2 4 19 1 3
8 34 3 2 18 3 2 32 4 0 4 2 4 39 0 3 13 2 3 40 3 4 19 4 3
6 34 4 2 18 3 2 32 4 0 4 2 4 39 0 4 20 4 3
8 34 3 2 18 3 2 32 4 1 8 2 1 28 1 0 1 3 4 29 0 4 19 1 3
8 34 3 2 18 3 2 32 4 1 8 2 1 28 1 2 12 1 0 24 2 4 19 0 3
8 34 3 2 18 3 2 32 4 1 8 2 1 28 1 3 16 1 2 31 3 4 19 2 3
6 34 4 2 18 3 2 32 4 1 8 2 1 28 1 4 20 1 3
8 34 4 2 18 3 2 32 4 1 8 2 3 36 1 0 2 3 0 23 0 4 20 0 3
8 34 3 2 18 3 2 32 4 1 8 2 3 36 1 0 2 3 2 31 0 4 19 2 3
8 34 3 2 18 3 2 32 4 1 8 2 3 36 1 2 11 3 1 29 2 4 19 1 3
8 34 4 2 18 3 2 32 4 1 8 2 3 36 1 2 11 3 4 39 2 4 20 4 3
8 34 3 2 18 3 2 32 4 1 8 2 3 36 1 3 14 3 0 24 3 4 19 0 3
8 34 4 2 18 3 2 32 4 1 8 2 3 36 1 3 14 3 2 33 3 4 20 2 3
8 34 4 2 18 3 2 32 4 1 8 2 4 40 1 0 3 4 2 33 0 4 20 2 3
8 34 4 2 18 3 2 32 4 1 8 2 4 40 1 2 10 4 0 23 2 4 20 0 3
8 34 4 2 18 3 2 32 4 1 8 2 4 40 1 3 13 3 2 39 3 4 20 4 3
6 34 3 2 18 3 2 32 4 1 8 2 4 40 1 4 19 4 3
8 34 4 2 18 3 2 32 4 2 9 3 0 21 2 0 1 0 3 28 0 4 20 1 3
8 34 3 2 18 3 2 32 4 2 9 3 0 21 2 0 1 0 4 29 0 4 19 1 3
8 34 4 2 18 3 2 32 4 2 9 3 0 21 2 1 5 0 2 23 1 4 20 0 3
8 34 3 2 18 3 2 32 4 2 9 3 0 21 2 1 5 0 3 24 1 4 19 0 3
8 34 4 2 18 3 2 32 4 2 9 3 0 21 2 3 13 0 2 39 3 4 20 4 3
8 34 3 2 18 3 2 32 4 2 9 3 0 21 2 3 13 0 3 40 3 4 19 4 3
8 34 4 2 18 3 2 32 4 2 9 3 2 31 2 0 2 2 0 23 0 4 20 0 3
8 34 4 2 18 3 2 32 4 2 9 3 2 31 2 1 6 2 4 39 1 4 20 4 3
8 34 4 2 18 3 2 32 4 2 9 3 2 31 2 3 16 2 1 28 3 4 20 1 3
6 34 3 2 18 3 2 32 4 2 9 3 2 31 2 4 19 2 3
8 34 3 2 18 3 2 32 4 2 9 3 4 33 2 0 3 2 4 40 0 4 19 4 3
8 34 3 2 18 3 2 32 4 2 9 3 4 33 2 1 7 2 1 29 1 4 19 1 3
8 34 3 2 18 3 2 32 4 2 9 3 4 33 2 3 14 2 0 24 3 4 19 0 3
6 34 4 2 18 3 2 32 4 2 9 3 4 33 2 4 20 2 3
8 34 3 2 18 3 2 32 4 3 15 2 0 23 3 0 2 0 2 31 0 4 19 2 3
8 34 3 2 18 3 2 32 4 3 15 2 0 23 3 1 5 2 3 24 1 4 19 0 3
8 34 3 2 18 3 2 32 4 3 15 2 0 23 3 2 10 0 4 40 2 4 19 4 3
6 34 4 2 18 3 2 32 4 3 15 2 0 23 3 4 20 0 3
8 34 4 2 18 3 2 32 4 3 15 2 1 29 3 0 1 4 3 28 0 4 20 1 3
8 34 4 2 18 3 2 32 4 3 15 2 1 29 3 1 7 1 2 33 1 4 20 2 3
8 34 4 2 18 3 2 32 4 3 15 2 1 29 3 2 11 1 4 39 2 4 20 4 3
6 34 3 2 18 3 2 32 4 3 15 2 1 29 3 4 19 1 3
8 34 4 2 18 3 2 32 4 3 15 2 3 35 3 0 3 3 2 33 0 4 20 2 3
8 34 3 2 18 3 2 32 4 3 15 2 3 35 3 0 3 3 4 40 0 4 19 4 3
8 34 3 2 18 3 2 32 4 3 15 2 3 35 3 1 6 3 2 31 1 4 19 2 3
8 34 4 2 18 3 2 32 4 3 15 2 3 35 3 1 6 3 4 39 1 4 20 4 3
8 34 3 2 18 3 2 32 4 3 15 2 3 35 3 2 12 3 0 24 2 4 19 0 3
8 34 4 2 18 3 2 32 4 3 15 2 3 35 3 2 12 3 1 28 2 4 20 1 3
8 34 4 2 18 3 2 32 4 3 15 2 4 38 3 1 13 1 2 39 3 4 20 4 3
8 34 3 2 18 3 2 32 4 3 15 2 4 38 3 1 13 1 3 40 3 4 19 4 3
8 34 3 2 18 3 2 32 4 3 15 2 4 38 3 2 14 4 0 24 3 4 19 0 3
8 34 4 2 18 3 2 32 4 3 15 2 4 38 3 2 14 4 2 33 3 4 20 2 3
8 34 4 2 18 3 2 32 4 3 15 2 4 38 3 4 16 4 1 28 3 4 20 1 3
8 34 3 2 18 3 2 32 4 3 15 2 4 38 3 4 16 4 2 31 3 4 19 2 3
8 34 3 2 18 3 4 41 4 0 2 4 0 23 0 1 5 2 3 24 1 4 19 0 3
8 34 3 2 18 3 4 41 4 0 2 4 0 23 0 2 10 0 4 40 2 4 19 4 3
8 34 3 2 18 3 4 41 4 0 2 4 0 23 0 3 15 0 1 29 3 4 19 1 3
6 34 4 2 18 3 4 41 4 0 2 4 0 23 0 4 20 0 3
8 34 4 2 18 3 4 41 4 0 2 4 2 31 0 1 6 2 4 39 1 4 20 4 3
8 34 4 2 18 3 4 41 4 0 2 4 2 31 0 2 9 2 4 33 2 4 20 2 3
8 34 4 2 18 3 4 41 4 0 2 4 2 31 0 3 16 2 1 28 3 4 20 1 3
6 34 3 2 18 3 4 41 4 0 2 4 2 31 0 4 19 2 3
8 34 4 2 18 3 4 41 4 0 2 4 3 36 0 1 8 3 1 28 1 4 20 1 3
8 34 3 2 18 3 4 41 4 0 2 4 3 36 0 1 8 3 4 40 1 4 19 4 3
8 34 3 2 18 3 4 41 4 0 2 4 3 36 0 2 11 3 1 29 2 4 19 1 3
8 34 4 2 18 3 4 41 4 0 2 4 3 36 0 2 11 3 4 39 2 4 20 4 3
8 34 3 2 18 3 4 41 4 0 2 4 3 36 0 3 14 3 0 24 3 4 19 0 3
8 34 4 2 18 3 4 41 4 0 2 4 3 36 0 3 14 3 2 33 3 4 20 2 3
8 34 4 2 18 3 4 41 4 1 7 4 1 29 1 0 1 4 3 28 0 4 20 1 3
8 34 4 2 18 3 4 41 4 1 7 4 1 29 1 2 11 1 4 39 2 4 20 4 3
8 34 4 2 18 3 4 41 4 1 7 4 1 29 1 3 15 1 0 23 3 4 20 0 3
6 34 3 2 18 3 4 41 4 1 7 4 1 29 1 4 19 1 3
8 34 3 2 18 3 4 41 4 1 7 4 2 33 1 0 3 2 4 40 0 4 19 4 3
8 34 3 2 18 3 4 41 4 1 7 4 2 33 1 2 9 4 2 31 2 4 19 2 3
8 34 3 2 18 3 4 41 4 1 7 4 2 33 1 3 14 2 0 24 3 4 19 0 3
6 34 4 2 18 3 4 41 4 1 7 4 2 33 1 4 20 2 3
8 34 3 2 18 3 4 41 4 1 7 4 3 37 1 0 4 3 0 24 0 4 19 0 3
8 34 4 2 18 3 4 41 4 1 7 4 3 37 1 0 4 3 4 39 0 4 20 4 3
8 34 4 2 18 3 4 41 4 1 7 4 3 37 1 2 10 3 0 23 2 4 20 0 3
8 34 3 2 18 3 4 41 4 1 7 4 3 37 1 2 10 3 4 40 2 4 19 4 3
8 34 4 2 18 3 4 41 4 1 7 4 3 37 1 3 16 3 1 28 3 4 20 1 3
8 34 3 2 18 3 4 41 4 1 7 4 3 37 1 3 16 3 2 31 3 4 19 2 3
8 34 4 2 18 3 4 41 4 2 12 4 0 24 2 0 4 0 4 39 0 4 20 4 3
8 34 4 2 18 3 4 41 4 2 12 4 0 24 2 1 5 3 2 23 1 4 20 0 3
8 34 4 2 18 3 4 41 4 2 12 4 0 24 2 3 14 0 2 33 3 4 20 2 3
6 34 3 2 18 3 4 41 4 2 12 4 0 24 2 4 19 0 3
8 34 3 2 18 3 4 41 4 2 12 4 1 28 2 0 1 3 4 29 0 4 19 1 3
8 34 3 2 18 3 4 41 4 2 12 4 1 28 2 1 8 1 4 40 1 4 19 4 3
8 34 3 2 18 3 4 41 4 2 12 4 1 28 2 3 16 1 2 31 3 4 19 2 3
6 34 4 2 18 3 4 41 4 2 12 4 1 28 2 4 20 1 3
8 34 4 2 18 3 4 41 4 2 12 4 3 35 2 0 3 3 2 33 0 4 20 2 3
8 34 3 2 18 3 4 41 4 2 12 4 3 35 2 0 3 3 4 40 0 4 19 4 3
8 34 3 2 18 3 4 41 4 2 12 4 3 35 2 1 6 3 2 31 1 4 19 2 3
8 34 4 2 18 3 4 41 4 2 12 4 3 35 2 1 6 3 4 39 1 4 20 4 3
8 34 4 2 18 3 4 41 4 2 12 4 3 35 2 3 15 3 0 23 3 4 20 0 3
8 34 3 2 18 3 4 41 4 2 12 4 3 35 2 3 15 3 1 29 3 4 19 1 3
8 34 4 2 18 3 4 41 4 3 13 4 0 21 3 0 1 0 3 28 0 4 20 1 3
8 34 3 2 18 3 4 41 4 3 13 4 0 21 3 0 1 0 4 29 0 4 19 1 3
8 34 4 2 18 3 4 41 4 3 13 4 0 21 3 1 5 0 2 23 1 4 20 0 3
8 34 3 2 18 3 4 41 4 3 13 4 0 21 3 1 5 0 3 24 1 4 19 0 3
8 34 3 2 18 3 4 41 4 3 13 4 0 21 3 2 9 0 2 31 2 4 19 2 3
8 34 4 2 18 3 4 41 4 3 13 4 0 21 3 2 9 0 4 33 2 4 20 2 3
8 34 3 2 18 3 4 41 4 3 13 4 1 38 1 2 14 4 0 24 3 4 19 0 3
8 34 4 2 18 3 4 41 4 3 13 4 1 38 1 2 14 4 2 33 3 4 20 2 3
8 34 4 2 18 3 4 41 4 3 13 4 1 38 1 3 15 4 0 23 3 4 20 0 3
8 34 3 2 18 3 4 41 4 3 13 4 1 38 1 3 15 4 1 29 3 4 19 1 3
8 34 4 2 18 3 4 41 4 3 13 4 1 38 1 4 16 4 1 28 3 4 20 1 3
8 34 3 2 18 3 4 41 4 3 13 4 1 38 1 4 16 4 2 31 3 4 19 2 3
8 34 3 2 18 3 4 41 4 3 13 4 2 39 3 0 4 4 0 24 0 4 19 0 3
8 34 3 2 18 3 4 41 4 3 13 4 2 39 3 1 6 4 2 31 1 4 19 2 3
8 34 3 2 18 3 4 41 4 3 13 4 2 39 3 2 11 4 1 29 2 4 19 1 3
6 34 4 2 18 3 4 41 4 3 13 4 2 39 3 4 20 4 3
8 34 4 2 18 3 4 41 4 3 13 4 3 40 3 0 3 4 2 33 0 4 20 2 3
8 34 4 2 18 3 4 41 4 3 13 4 3 40 3 1 8 4 1 28 1 4 20 1 3
8 34 4 2 18 3 4 41 4 3 13 4 3 40 3 2 10 4 0 23 2 4 20 0 3
6 34 3 2 18 3 4 41 4 3 13 4 3 40 3 4 19 4 3
8 34 4 3 19 3 0 24 4 0 4 0 2 32 0 1 8 2 1 28 1 4 20 1 3
8 34 4 3 19 3 0 24 4 0 4 0 2 32 0 2 9 3 4 33 2 4 20 2 3
8 34 4 3 19 3 0 24 4 0 4 0 2 32 0 3 15 2 0 23 3 4 20 0 3
8 34 4 3 19 3 0 24 4 0 4 0 3 37 0 1 7 3 2 33 1 4 20 2 3
8 34 4 3 19 3 0 24 4 0 4 0 3 37 0 2 10 3 0 23 2 4 20 0 3
8 34 4 3 19 3 0 24 4 0 4 0 3 37 0 3 16 3 1 28 3 4 20 1 3
6 34 4 3 19 3 0 24 4 0 4 0 4 39 0 4 20 4 3
8 34 4 3 19 3 0 24 4 1 5 3 0 21 1 0 1 0 3 28 0 4 20 1 3
8 34 4 3 19 3 0 24 4 1 5 3 0 21 1 2 9 0 4 33 2 4 20 2 3
8 34 4 3 19 3 0 24 4 1 5 3 0 21 1 3 13 0 2 39 3 4 20 4 3
6 34 4 3 19 3 0 24 4 1 5 3 2 23 1 4 20 0 3
8 34 4 3 19 3 0 24 4 1 5 3 4 25 1 0 3 0 2 33 0 4 20 2 3
8 34 4 3 19 3 0 24 4 1 5 3 4 25 1 2 11 0 4 39 2 4 20 4 3
8 34 4 3 19 3 0 24 4 1 5 3 4 25 1 3 16 0 1 28 3 4 20 1 3
6 34 4 3 19 3 0 24 4 2 12 0 1 28 2 4 20 1 3
8 34 4 3 19 3 0 24 4 2 12 0 3 35 2 0 3 3 2 33 0 4 20 2 3
8 34 4 3 19 3 0 24 4 2 12 0 3 35 2 1 6 3 4 39 1 4 20 4 3
8 34 4 3 19 3 0 24 4 2 12 0 3 35 2 3 15 3 0 23 3 4 20 0 3
8 34 4 3 19 3 0 24 4 2 12 0 4 41 2 0 2 4 0 23 0 4 20 0 3
8 34 4 3 19 3 0 24 4 2 12 0 4 41 2 1 7 4 2 33 1 4 20 2 3
8 34 4 3 19 3 0 24 4 2 12 0 4 41 2 3 13 4 2 39 3 4 20 4 3
8 34 4 3 19 3 0 24 4 3 14 0 1 27 3 0 1 2 3 28 0 4 20 1 3
8 34 4 3 19 3 0 24 4 3 14 0 1 27 3 1 6 1 4 39 1 4 20 4 3
8 34 4 3 19 3 0 24 4 3 14 0 1 27 3 2 10 1 0 23 2 4 20 0 3
6 34 4 3 19 3 0 24 4 3 14 0 2 33 3 4 20 2 3
8 34 4 3 19 3 0 24 4 3 14 0 3 36 3 0 2 3 0 23 0 4 20 0 3
8 34 4 3 19 3 0 24 4 3 14 0 3 36 3 1 8 3 1 28 1 4 20 1 3
8 34 4 3 19 3 0 24 4 3 14 0 3 36 3 2 11 3 4 39 2 4 20 4 3
8 34 4 3 19 3 0 24 4 3 14 0 4 38 2 1 13 1 2 39 3 4 20 4 3
8 34 4 3 19 3 0 24 4 3 14 0 4 38 2 3 15 4 0 23 3 4 20 0 3
8 34 4 3 19 3 0 24 4 3 14 0 4 38 2 4 16 4 1 28 3 4 20 1 3
8 34 4 3 19 3 1 29 4 0 1 4 0 21 0 1 5 0 2 23 1 4 20 0 3
8 34 4 3 19 3 1 29 4 0 1 4 0 21 0 2 9 0 4 33 2 4 20 2 3
8 34 4 3 19 3 1 29 4 0 1 4 0 21 0 3 13 0 2 39 3 4 20 4 3
8 34 4 3 19 3 1 29 4 0 1 4 2 27 0 1 6 1 4 39 1 4 20 4 3
8 34 4 3 19 3 1 29 4 0 1 4 2 27 0 2 10 1 0 23 2 4 20 0 3
8 34 4 3 19 3 1 29 4 0 1 4 2 27 0 3 14 1 2 33 3 4 20 2 3
6 34 4 3 19 3 1 29 4 0 1 4 3 28 0 4 20 1 3
6 34 4 3 19 3 1 29 4 1 7 1 2 33 1 4 20 2 3
8 34 4 3 19 3 1 29 4 1 7 1 3 37 1 0 4 3 4 39 0 4 20 4 3
8 34 4 3 19 3 1 29 4 1 7 1 3 37 1 2 10 3 0 23 2 4 20 0 3
8 34 4 3 19 3 1 29 4 1 7 1 3 37 1 3 16 3 1 28 3 4 20 1 3
8 34 4 3 19 3 1 29 4 1 7 1 4 41 1 0 2 4 0 23 0 4 20 0 3
8 34 4 3 19 3 1 29 4 1 7 1 4 41 1 2 12 4 1 28 2 4 20 1 3
8 34 4 3 19 3 1 29 4 1 7 1 4 41 1 3 13 4 2 39 3 4 20 4 3
8 34 4 3 19 3 1 29 4 2 11 1 0 25 2 0 3 0 2 33 0 4 20 2 3
8 34 4 3 19 3 1 29 4 2 11 1 0 25 2 1 5 4 2 23 1 4 20 0 3
8 34 4 3 19 3 1 29 4 2 11 1 0 25 2 3 16 0 1 28 3 4 20 1 3
8 34 4 3 19 3 1 29 4 2 11 1 3 36 2 0 2 3 0 23 0 4 20 0 3
8 34 4 3 19 3 1 29 4 2 11 1 3 36 2 1 8 3 1 28 1 4 20 1 3
8 34 4 3 19 3 1 29 4 2 11 1 3 36 2 3 14 3 2 33 3 4 20 2 3
6 34 4 3 19 3 1 29 4 2 11 1 4 39 2 4 20 4 3
6 34 4 3 19 3 1 29 4 3 15 1 0 23 3 4 20 0 3
8 34 4 3 19 3 1 29 4 3 15 1 2 32 3 0 4 2 4 39 0 4 20 4 3
8 34 4 3 19 3 1 29 4 3 15 1 2 32 3 1 8 2 1 28 1 4 20 1 3
8 34 4 3 19 3 1 29 4 3 15 1 2 32 3 2 9 3 4 33 2 4 20 2 3
8 34 4 3 19 3 1 29 4 3 15 1 3 35 3 0 3 3 2 33 0 4 20 2 3
8 34 4 3 19 3 1 29 4 3 15 1 3 35 3 1 6 3 4 39 1 4 20 4 3
8 34 4 3 19 3 1 29 4 3 15 1 3 35 3 2 12 3 1 28 2 4 20 1 3
8 34 4 3 19 3 1 29 4 3 15 1 4 38 3 1 13 1 2 39 3 4 20 4 3
8 34 4 3 19 3 1 29 4 3 15 1 4 38 3 2 14 4 2 33 3 4 20 2 3
8 34 4 3 19 3 1 29 4 3 15 1 4 38 3 4 16 4 1 28 3 4 20 1 3
6 34 4 3 19 3 2 31 4 0 2 2 0 23 0 4 20 0 3
8 34 4 3 19 3 2 31 4 0 2 2 3 36 0 1 8 3 1 28 1 4 20 1 3
8 34 4 3 19 3 2 31 4 0 2 2 3 36 0 2 11 3 4 39 2 4 20 4 3
8 34 4 3 19 3 2 31 4 0 2 2 3 36 0 3 14 3 2 33 3 4 20 2 3
8 34 4 3 19 3 2 31 4 0 2 2 4 41 0 1 7 4 2 33 1 4 20 2 3
8 34 4 3 19 3 2 31 4 0 2 2 4 41 0 2 12 4 1 28 2 4 20 1 3
8 34 4 3 19 3 2 31 4 0 2 2 4 41 0 3 13 4 2 39 3 4 20 4 3
8 34 4 3 19 3 2 31 4 1 6 2 1 27 1 0 1 2 3 28 0 4 20 1 3
8 34 4 3 19 3 2 31 4 1 6 2 1 27 1 2 10 1 0 23 2 4 20 0 3
8 34 4 3 19 3 2 31 4 1 6 2 1 27 1 3 14 1 2 33 3 4 20 2 3
8 34 4 3 19 3 2 31 4 1 6 2 3 35 1 0 3 3 2 33 0 4 20 2 3
8 34 4 3 19 3 2 31 4 1 6 2 3 35 1 2 12 3 1 28 2 4 20 1 3
8 34 4 3 19 3 2 31 4 1 6 2 3 35 1 3 15 3 0 23 3 4 20 0 3
6 34 4 3 19 3 2 31 4 1 6 2 4 39 1 4 20 4 3
8 34 4 3 19 3 2 31 4 2 9 2 0 21 2 0 1 0 3 28 0 4 20 1 3
8 34 4 3 19 3 2 31 4 2 9 2 0 21 2 1 5 0 2 23 1 4 20 0 3
8 34 4 3 19 3 2 31 4 2 9 2 0 21 2 3 13 0 2 39 3 4 20 4 3
8 34 4 3 19 3 2 31 4 2 9 2 3 32 2 0 4 2 4 39 0 4 20 4 3
8 34 4 3 19 3 2 31 4 2 9 2 3 32 2 1 8 2 1 28 1 4 20 1 3
8 34 4 3 19 3 2 31 4 2 9 2 3 32 2 3 15 2 0 23 3 4 20 0 3
6 34 4 3 19 3 2 31 4 2 9 2 4 33 2 4 20 2 3
8 34 4 3 19 3 2 31 4 3 16 2 0 25 3 0 3 0 2 33 0 4 20 2 3
8 34 4 3 19 3 2 31 4 3 16 2 0 25 3 1 5 4 2 23 1 4 20 0 3
8 34 4 3 19 3 2 31 4 3 16 2 0 25 3 2 11 0 4 39 2 4 20 4 3
6 34 4 3 19 3 2 31 4 3 16 2 1 28 3 4 20 1 3
8 34 4 3 19 3 2 31 4 3 16 2 3 37 3 0 4 3 4 39 0 4 20 4 3
8 34 4 3 19 3 2 31 4 3 16 2 3 37 3 1 7 3 2 33 1 4 20 2 3
8 34 4 3 19 3 2 31 4 3 16 2 3 37 3 2 10 3 0 23 2 4 20 0 3
8 34 4 3 19 3 2 31 4 3 16 2 4 38 4 1 13 1 2 39 3 4 20 4 3
8 34 4 3 19 3 2 31 4 3 16 2 4 38 4 2 14 4 2 33 3 4 20 2 3
8 34 4 3 19 3 2 31 4 3 16 2 4 38 4 3 15 4 0 23 3 4 20 0 3
8 34 4 3 19 3 4 40 4 0 3 4 0 25 0 1 5 4 2 23 1 4 20 0 3
8 34 4 3 19 3 4 40 4 0 3 4 0 25 0 2 11 0 4 39 2 4 20 4 3
8 34 4 3 19 3 4 40 4 0 3 4 0 25 0 3 16 0 1 28 3 4 20 1 3
6 34 4 3 19 3 4 40 4 0 3 4 2 33 0 4 20 2 3
8 34 4 3 19 3 4 40 4 0 3 4 3 35 0 1 6 3 4 39 1 4 20 4 3
8 34 4 3 19 3 4 40 4 0 3 4 3 35 0 2 12 3 1 28 2 4 20 1 3
8 34 4 3 19 3 4 40 4 0 3 4 3 35 0 3 15 3 0 23 3 4 20 0 3
6 34 4 3 19 3 4 40 4 1 8 4 1 28 1 4 20 1 3
8 34 4 3 19 3 4 40 4 1 8 4 2 32 1 0 4 2 4 39 0 4 20 4 3
8 34 4 3 19 3 4 40 4 1 8 4 2 32 1 2 9 3 4 33 2 4 20 2 3
8 34 4 3 19 3 4 40 4 1 8 4 2 32 1 3 15 2 0 23 3 4 20 0 3
8 34 4 3 19 3 4 40 4 1 8 4 3 36 1 0 2 3 0 23 0 4 20 0 3
8 34 4 3 19 3 4 40 4 1 8 4 3 36 1 2 11 3 4 39 2 4 20 4 3
8 34 4 3 19 3 4 40 4 1 8 4 3 36 1 3 14 3 2 33 3 4 20 2 3
6 34 4 3 19 3 4 40 4 2 10 4 0 23 2 4 20 0 3
8 34 4 3 19 3 4 40 4 2 10 4 1 27 2 0 1 2 3 28 0 4 20 1 3
8 34 4 3 19 3 4 40 4 2 10 4 1 27 2 1 6 1 4 39 1 4 20 4 3
8 34 4 3 19 3 4 40 4 2 10 4 1 27 2 3 14 1 2 33 3 4 20 2 3
8 34 4 3 19 3 4 40 4 2 10 4 3 37 2 0 4 3 4 39 0 4 20 4 3
8 34 4 3 19 3 4 40 4 2 10 4 3 37 2 1 7 3 2 33 1 4 20 2 3
8 34 4 3 19 3 4 40 4 2 10 4 3 37 2 3 16 3 1 28 3 4 20 1 3
8 34 4 3 19 3 4 40 4 3 13 3 0 21 3 0 1 0 3 28 0 4 20 1 3
8 34 4 3 19 3 4 40 4 3 13 3 0 21 3 1 5 0 2 23 1 4 20 0 3
8 34 4 3 19 3 4 40 4 3 13 3 0 21 3 2 9 0 4 33 2 4 20 2 3
8 34 4 3 19 3 4 40 4 3 13 3 1 38 1 2 14 4 2 33 3 4 20 2 3
8 34 4 3 19 3 4 40 4 3 13 3 1 38 1 3 15 4 0 23 3 4 20 0 3
8 34 4 3 19 3 4 40 4 3 13 3 1 38 1 4 16 4 1 28 3 4 20 1 3
6 34 4 3 19 3 4 40 4 3 13 3 2 39 3 4 20 4 3
8 34 4 3 19 3 4 40 4 3 13 3 4 41 3 0 2 4 0 23 0 4 20 0 3
8 34 4 3 19 3 4 40 4 3 13 3 4 41 3 1 7 4 2 33 1 4 20 2 3
8 34 4 3 19 3 4 40 4 3 13 3 4 41 3 2 12 4 1 28 2 4 20 1 3
8 38 4 1 13 1 0 21 3 0 1 0 2 27 0 1 6 1 2 31 1 3 16 2 4
8 38 3 1 13 1 0 21 3 0 1 0 2 27 0 1 6 1 3 35 1 3 15 3 4
8 38 3 1 13 1 0 21 3 0 1 0 2 27 0 2 10 1 0 23 2 3 15 0 4
8 38 4 1 13 1 0 21 3 0 1 0 2 27 0 2 10 1 3 37 2 3 16 3 4
6 38 2 1 13 1 0 21 3 0 1 0 2 27 0 3 14 1 4
8 38 4 1 13 1 0 21 3 0 1 0 2 27 0 4 18 1 0 25 4 3 16 0 4
8 38 3 1 13 1 0 21 3 0 1 0 2 27 0 4 18 1 2 32 4 3 15 2 4
8 38 3 1 13 1 0 21 3 0 1 0 3 28 0 1 8 1 2 32 1 3 15 2 4
8 38 2 1 13 1 0 21 3 0 1 0 3 28 0 1 8 1 3 36 1 3 14 3 4
8 38 2 1 13 1 0 21 3 0 1 0 3 28 0 2 12 1 0 24 2 3 14 0 4
8 38 3 1 13 1 0 21 3 0 1 0 3 28 0 2 12 1 3 35 2 3 15 3 4
6 38 4 1 13 1 0 21 3 0 1 0 3 28 0 3 16 1 4
8 38 3 1 13 1 0 21 3 0 1 0 3 28 0 4 20 1 0 23 4 3 15 0 4
8 38 2 1 13 1 0 21 3 0 1 0 3 28 0 4 20 1 2 33 4 3 14 2 4
8 38 2 1 13 1 0 21 3 0 1 0 4 29 0 1 7 1 2 33 1 3 14 2 4
8 38 4 1 13 1 0 21 3 0 1 0 4 29 0 1 7 1 3 37 1 3 16 3 4
8 38 4 1 13 1 0 21 3 0 1 0 4 29 0 2 11 1 0 25 2 3 16 0 4
8 38 2 1 13 1 0 21 3 0 1 0 4 29 0 2 11 1 3 36 2 3 14 3 4
6 38 3 1 13 1 0 21 3 0 1 0 4 29 0 3 15 1 4
8 38 2 1 13 1 0 21 3 0 1 0 4 29 0 4 19 1 0 24 4 3 14 0 4
8 38 4 1 13 1 0 21 3 0 1 0 4 29 0 4 19 1 2 31 4 3 16 2 4
8 38 4 1 13 1 0 21 3 1 5 0 2 23 1 0 2 0 2 31 0 3 16 2 4
8 38 2 1 13 1 0 21 3 1 5 0 2 23 1 0 2 0 3 36 0 3 14 3 4
8 38 2 1 13 1 0 21 3 1 5 0 2 23 1 2 10 0 1 27 2 3 14 1 4
8 38 4 1 13 1 0 21 3 1 5 0 2 23 1 2 10 0 3 37 2 3 16 3 4
6 38 3 1 13 1 0 21 3 1 5 0 2 23 1 3 15 0 4
8 38 4 1 13 1 0 21 3 1 5 0 2 23 1 4 20 0 1 28 4 3 16 1 4
8 38 2 1 13 1 0 21 3 1 5 0 2 23 1 4 20 0 2 33 4 3 14 2 4
8 38 3 1 13 1 0 21 3 1 5 0 3 24 1 0 4 0 2 32 0 3 15 2 4
8 38 4 1 13 1 0 21 3 1 5 0 3 24 1 0 4 0 3 37 0 3 16 3 4
8 38 4 1 13 1 0 21 3 1 5 0 3 24 1 2 12 0 1 28 2 3 16 1 4
8 38 3 1 13 1 0 21 3 1 5 0 3 24 1 2 12 0 3 35 2 3 15 3 4
6 38 2 1 13 1 0 21 3 1 5 0 3 24 1 3 14 0 4
8 38 3 1 13 1 0 21 3 1 5 0 3 24 1 4 19 0 1 29 4 3 15 1 4
8 38 4 1 13 1 0 21 3 1 5 0 3 24 1 4 19 0 2 31 4 3 16 2 4
8 38 2 1 13 1 0 21 3 1 5 0 4 25 1 0 3 0 2 33 0 3 14 2 4
8 38 3 1 13 1 0 21 3 1 5 0 4 25 1 0 3 0 3 35 0 3 15 3 4
8 38 3 1 13 1 0 21 3 1 5 0 4 25 1 2 11 0 1 29 2 3 15 1 4
8 38 2 1 13 1 0 21 3 1 5 0 4 25 1 2 11 0 3 36 2 3 14 3 4
6 38 4 1 13 1 0 21 3 1 5 0 4 25 1 3 16 0 4
8 38 2 1 13 1 0 21 3 1 5 0 4 25 1 4 18 0 1 27 4 3 14 1 4
8 38 3 1 13 1 0 21 3 1 5 0 4 25 1 4 18 0 2 32 4 3 15 2 4
8 38 3 1 13 1 0 21 3 2 9 0 2 31 2 0 2 2 0 23 0 3 15 0 4
8 38 2 1 13 1 0 21 3 2 9 0 2 31 2 0 2 2 3 36 0 3 14 3 4
8 38 2 1 13 1 0 21 3 2 9 0 2 31 2 1 6 2 1 27 1 3 14 1 4
8 38 3 1 13 1 0 21 3 2 9 0 2 31 2 1 6 2 3 35 1 3 15 3 4
6 38 4 1 13 1 0 21 3 2 9 0 2 31 2 3 16 2 4
8 38 2 1 13 1 0 21 3 2 9 0 2 31 2 4 19 2 0 24 4 3 14 0 4
8 38 3 1 13 1 0 21 3 2 9 0 2 31 2 4 19 2 1 29 4 3 15 1 4
8 38 2 1 13 1 0 21 3 2 9 0 3 32 2 0 4 2 0 24 0 3 14 0 4
8 38 4 1 13 1 0 21 3 2 9 0 3 32 2 0 4 2 3 37 0 3 16 3 4
8 38 4 1 13 1 0 21 3 2 9 0 3 32 2 1 8 2 1 28 1 3 16 1 4
8 38 2 1 13 1 0 21 3 2 9 0 3 32 2 1 8 2 3 36 1 3 14 3 4
6 38 3 1 13 1 0 21 3 2 9 0 3 32 2 3 15 2 4
8 38 4 1 13 1 0 21 3 2 9 0 3 32 2 4 18 2 0 25 4 3 16 0 4
8 38 2 1 13 1 0 21 3 2 9 0 3 32 2 4 18 2 1 27 4 3 14 1 4
8 38 4 1 13 1 0 21 3 2 9 0 4 33 2 0 3 2 0 25 0 3 16 0 4
8 38 3 1 13 1 0 21 3 2 9 0 4 33 2 0 3 2 3 35 0 3 15 3 4
8 38 3 1 13 1 0 21 3 2 9 0 4 33 2 1 7 2 1 29 1 3 15 1 4
8 38 4 1 13 1 0 21 3 2 9 0 4 33 2 1 7 2 3 37 1 3 16 3 4
6 38 2 1 13 1 0 21 3 2 9 0 4 33 2 3 14 2 4
8 38 3 1 13 1 0 21 3 2 9 0 4 33 2 4 20 2 0 23 4 3 15 0 4
8 38 4 1 13 1 0 21 3 2 9 0 4 33 2 4 20 2 1 28 4 3 16 1 4
8 38 4 1 13 1 0 21 3 4 17 0 2 35 4 0 3 3 0 25 0 3 16 0 4
8 38 2 1 13 1 0 21 3 4 17 0 2 35 4 0 3 3 2 33 0 3 14 2 4
8 38 2 1 13 1 0 21 3 4 17 0 2 35 4 1 6 3 1 27 1 3 14 1 4
8 38 4 1 13 1 0 21 3 4 17 0 2 35 4 1 6 3 2 31 1 3 16 2 4
8 38 2 1 13 1 0 21 3 4 17 0 2 35 4 2 12 3 0 24 2 3 14 0 4
8 38 4 1 13 1 0 21 3 4 17 0 2 35 4 2 12 3 1 28 2 3 16 1 4
6 38 3 1 13 1 0 21 3 4 17 0 2 35 4 3 15 3 4
8 38 3 1 13 1 0 21 3 4 17 0 3 36 4 0 2 3 0 23 0 3 15 0 4
8 38 4 1 13 1 0 21 3 4 17 0 3 36 4 0 2 3 2 31 0 3 16 2 4
8 38 4 1 13 1 0 21 3 4 17 0 3 36 4 1 8 3 1 28 1 3 16 1 4
8 38 3 1 13 1 0 21 3 4 17 0 3 36 4 1 8 3 2 32 1 3 15 2 4
8 38 4 1 13 1 0 21 3 4 17 0 3 36 4 2 11 3 0 25 2 3 16 0 4
8 38 3 1 13 1 0 21 3 4 17 0 3 36 4 2 11 3 1 29 2 3 15 1 4
6 38 2 1 13 1 0 21 3 4 17 0 3 36 4 3 14 3 4
8 38 2 1 13 1 0 21 3 4 17 0 4 37 4 0 4 3 0 24 0 3 14 0 4
8 38 3 1 13 1 0 21 3 4 17 0 4 37 4 0 4 3 2 32 0 3 15 2 4
8 38 3 1 13 1 0 21 3 4 17 0 4 37 4 1 7 3 1 29 1 3 15 1 4
8 38 2 1 13 1 0 21 3 4 17 0 4 37 4 1 7 3 2 33 1 3 14 2 4
8 38 3 1 13 1 0 21 3 4 17 0 4 37 4 2 10 3 0 23 2 3 15 0 4
8 38 2 1 13 1 0 21 3 4 17 0 4 37 4 2 10 3 1 27 2 3 14 1 4
6 38 4 1 13 1 0 21 3 4 17 0 4 37 4 3 16 3 4
8 38 3 1 13 1 2 39 3 0 4 4 0 24 0 1 5 3 2 23 1 3 15 0 4
8 38 4 1 13 1 2 39 3 0 4 4 0 24 0 1 5 3 4 25 1 3 16 0 4
8 38 4 1 13 1 2 39 3 0 4 4 0 24 0 2 12 0 1 28 2 3 16 1 4
8 38 3 1 13 1 2 39 3 0 4 4 0 24 0 2 12 0 3 35 2 3 15 3 4
6 38 2 1 13 1 2 39 3 0 4 4 0 24 0 3 14 0 4
8 38 3 1 13 1 2 39 3 0 4 4 0 24 0 4 19 0 1 29 4 3 15 1 4
8 38 4 1 13 1 2 39 3 0 4 4 0 24 0 4 19 0 2 31 4 3 16 2 4
8 38 4 1 13 1 2 39 3 0 4 4 2 32 0 1 8 2 1 28 1 3 16 1 4
8 38 2 1 13 1 2 39 3 0 4 4 2 32 0 1 8 2 3 36 1 3 14 3 4
8 38 4 1 13 1 2 39 3 0 4 4 2 32 0 2 9 3 2 31 2 3 16 2 4
8 38 2 1 13 1 2 39 3 0 4 4 2 32 0 2 9 3 4 33 2 3 14 2 4
6 38 3 1 13 1 2 39 3 0 4 4 2 32 0 3 15 2 4
8 38 4 1 13 1 2 39 3 0 4 4 2 32 0 4 18 2 0 25 4 3 16 0 4
8 38 2 1 13 1 2 39 3 0 4 4 2 32 0 4 18 2 1 27 4 3 14 1 4
8 38 3 1 13 1 2 39 3 0 4 4 3 37 0 1 7 3 1 29 1 3 15 1 4
8 38 2 1 13 1 2 39 3 0 4 4 3 37 0 1 7 3 2 33 1 3 14 2 4
8 38 3 1 13 1 2 39 3 0 4 4 3 37 0 2 10 3 0 23 2 3 15 0 4
8 38 2 1 13 1 2 39 3 0 4 4 3 37 0 2 10 3 1 27 2 3 14 1 4
6 38 4 1 13 1 2 39 3 0 4 4 3 37 0 3 16 3 4
8 38 3 1 13 1 2 39 3 0 4 4 3 37 0 4 17 4 2 35 4 3 15 3 4
8 38 2 1 13 1 2 39 3 0 4 4 3 37 0 4 17 4 3 36 4 3 14 3 4
8 38 4 1 13 1 2 39 3 1 6 4 1 27 1 0 1 2 3 28 0 3 16 1 4
8 38 3 1 13 1 2 39 3 1 6 4 1 27 1 0 1 2 4 29 0 3 15 1 4
8 38 3 1 13 1 2 39 3 1 6 4 1 27 1 2 10 1 0 23 2 3 15 0 4
8 38 4 1 13 1 2 39 3 1 6 4 1 27 1 2 10 1 3 37 2 3 16 3 4
6 38 2 1 13 1 2 39 3 1 6 4 1 27 1 3 14 1 4
8 38 4 1 13 1 2 39 3 1 6 4 1 27 1 4 18 1 0 25 4 3 16 0 4
8 38 3 1 13 1 2 39 3 1 6 4 1 27 1 4 18 1 2 32 4 3 15 2 4
8 38 3 1 13 1 2 39 3 1 6 4 2 31 1 0 2 2 0 23 0 3 15 0 4
8 38 2 1 13 1 2 39 3 1 6 4 2 31 1 0 2 2 3 36 0 3 14 3 4
8 38 3 1 13 1 2 39 3 1 6 4 2 31 1 2 9 2 3 32 2 3 15 2 4
8 38 2 1 13 1 2 39 3 1 6 4 2 31 1 2 9 2 4 33 2 3 14 2 4
6 38 4 1 13 1 2 39 3 1 6 4 2 31 1 3 16 2 4
8 38 2 1 13 1 2 39 3 1 6 4 2 31 1 4 19 2 0 24 4 3 14 0 4
8 38 3 1 13 1 2 39 3 1 6 4 2 31 1 4 19 2 1 29 4 3 15 1 4
8 38 4 1 13 1 2 39 3 1 6 4 3 35 1 0 3 3 0 25 0 3 16 0 4
8 38 2 1 13 1 2 39 3 1 6 4 3 35 1 0 3 3 2 33 0 3 14 2 4
8 38 2 1 13 1 2 39 3 1 6 4 3 35 1 2 12 3 0 24 2 3 14 0 4
8 38 4 1 13 1 2 39 3 1 6 4 3 35 1 2 12 3 1 28 2 3 16 1 4
6 38 3 1 13 1 2 39 3 1 6 4 3 35 1 3 15 3 4
8 38 2 1 13 1 2 39 3 1 6 4 3 35 1 4 17 2 3 36 4 3 14 3 4
8 38 4 1 13 1 2 39 3 1 6 4 3 35 1 4 17 2 4 37 4 3 16 3 4
8 38 2 1 13 1 2 39 3 2 11 4 0 25 2 0 3 0 2 33 0 3 14 2 4
8 38 3 1 13 1 2 39 3 2 11 4 0 25 2 0 3 0 3 35 0 3 15 3 4
8 38 3 1 13 1 2 39 3 2 11 4 0 25 2 1 5 4 2 23 1 3 15 0 4
8 38 2 1 13 1 2 39 3 2 11 4 0 25 2 1 5 4 3 24 1 3 14 0 4
6 38 4 1 13 1 2 39 3 2 11 4 0 25 2 3 16 0 4
8 38 2 1 13 1 2 39 3 2 11 4 0 25 2 4 18 0 1 27 4 3 14 1 4
8 38 3 1 13 1 2 39 3 2 11 4 0 25 2 4 18 0 2 32 4 3 15 2 4
8 38 2 1 13 1 2 39 3 2 11 4 1 29 2 0 1 4 2 27 0 3 14 1 4
8 38 4 1 13 1 2 39 3 2 11 4 1 29 2 0 1 4 3 28 0 3 16 1 4
8 38 2 1 13 1 2 39 3 2 11 4 1 29 2 1 7 1 2 33 1 3 14 2 4
8 38 4 1 13 1 2 39 3 2 11 4 1 29 2 1 7 1 3 37 1 3 16 3 4
6 38 3 1 13 1 2 39 3 2 11 4 1 29 2 3 15 1 4
8 38 2 1 13 1 2 39 3 2 11 4 1 29 2 4 19 1 0 24 4 3 14 0 4
8 38 4 1 13 1 2 39 3 2 11 4 1 29 2 4 19 1 2 31 4 3 16 2 4
8 38 3 1 13 1 2 39 3 2 11 4 3 36 2 0 2 3 0 23 0 3 15 0 4
8 38 4 1 13 1 2 39 3 2 11 4 3 36 2 0 2 3 2 31 0 3 16 2 4
8 38 4 1 13 1 2 39 3 2 11 4 3 36 2 1 8 3 1 28 1 3 16 1 4
8 38 3 1 13 1 2 39 3 2 11 4 3 36 2 1 8 3 2 32 1 3 15 2 4
6 38 2 1 13 1 2 39 3 2 11 4 3 36 2 3 14 3 4
8 38 3 1 13 1 2 39 3 2 11 4 3 36 2 4 17 3 2 35 4 3 15 3 4
8 38 4 1 13 1 2 39 3 2 11 4 3 36 2 4 17 3 4 37 4 3 16 3 4
8 38 4 1 13 1 2 39 3 4 20 4 0 23 4 0 2 0 2 31 0 3 16 2 4
8 38 2 1 13 1 2 39 3 4 20 4 0 23 4 0 2 0 3 36 0 3 14 3 4
8 38 2 1 13 1 2 39 3 4 20 4 0 23 4 1 5 2 3 24 1 3 14 0 4
8 38 4 1 13 1 2 39 3 4 20 4 0 23 4 1 5 2 4 25 1 3 16 0 4
8 38 2 1 13 1 2 39 3 4 20 4 0 23 4 2 10 0 1 27 2 3 14 1 4
8 38 4 1 13 1 2 39 3 4 20 4 0 23 4 2 10 0 3 37 2 3 16 3 4
6 38 3 1 13 1 2 39 3 4 20 4 0 23 4 3 15 0 4
8 38 2 1 13 1 2 39 3 4 20 4 1 28 4 0 1 3 2 27 0 3 14 1 4
8 38 3 1 13 1 2 39 3 4 20 4 1 28 4 0 1 3 4 29 0 3 15 1 4
8 38 3 1 13 1 2 39 3 4 20 4 1 28 4 1 8 1 2 32 1 3 15 2 4
8 38 2 1 13 1 2 39 3 4 20 4 1 28 4 1 8 1 3 36 1 3 14 3 4
8 38 2 1 13 1 2 39 3 4 20 4 1 28 4 2 12 1 0 24 2 3 14 0 4
8 38 3 1 13 1 2 39 3 4 20 4 1 28 4 2 12 1 3 35 2 3 15 3 4
6 38 4 1 13 1 2 39 3 4 20 4 1 28 4 3 16 1 4
8 38 4 1 13 1 2 39 3 4 20 4 2 33 4 0 3 2 0 25 0 3 16 0 4
8 38 3 1 13 1 2 39 3 4 20 4 2 33 4 0 3 2 3 35 0 3 15 3 4
8 38 3 1 13 1 2 39 3 4 20 4 2 33 4 1 7 2 1 29 1 3 15 1 4
8 38 4 1 13 1 2 39 3 4 20 4 2 33 4 1 7 2 3 37 1 3 16 3 4
8 38 4 1 13 1 2 39 3 4 20 4 2 33 4 2 9 4 2 31 2 3 16 2 4
8 38 3 1 13 1 2 39 3 4 20 4 2 33 4 2 9 4 3 32 2 3 15 2 4
6 38 2 1 13 1 2 39 3 4 20 4 2 33 4 3 14 2 4
8 38 3 1 13 1 3 40 3 0 3 4 0 25 0 1 5 4 2 23 1 3 15 0 4
8 38 2 1 13 1 3 40 3 0 3 4 0 25 0 1 5 4 3 24 1 3 14 0 4
8 38 3 1 13 1 3 40 3 0 3 4 0 25 0 2 11 0 1 29 2 3 15 1 4
8 38 2 1 13 1 3 40 3 0 3 4 0 25 0 2 11 0 3 36 2 3 14 3 4
6 38 4 1 13 1 3 40 3 0 3 4 0 25 0 3 16 0 4
8 38 2 1 13 1 3 40 3 0 3 4 0 25 0 4 18 0 1 27 4 3 14 1 4
8 38 3 1 13 1 3 40 3 0 3 4 0 25 0 4 18 0 2 32 4 3 15 2 4
8 38 3 1 13 1 3 40 3 0 3 4 2 33 0 1 7 2 1 29 1 3 15 1 4
8 38 4 1 13 1 3 40 3 0 3 4 2 33 0 1 7 2 3 37 1 3 16 3 4
8 38 4 1 13 1 3 40 3 0 3 4 2 33 0 2 9 4 2 31 2 3 16 2 4
8 38 3 1 13 1 3 40 3 0 3 4 2 33 0 2 9 4 3 32 2 3 15 2 4
6 38 2 1 13 1 3 40 3 0 3 4 2 33 0 3 14 2 4
8 38 3 1 13 1 3 40 3 0 3 4 2 33 0 4 20 2 0 23 4 3 15 0 4
8 38 4 1 13 1 3 40 3 0 3 4 2 33 0 4 20 2 1 28 4 3 16 1 4
8 38 2 1 13 1 3 40 3 0 3 4 3 35 0 1 6 3 1 27 1 3 14 1 4
8 38 4 1 13 1 3 40 3 0 3 4 3 35 0 1 6 3 2 31 1 3 16 2 4
8 38 2 1 13 1 3 40 3 0 3 4 3 35 0 2 12 3 0 24 2 3 14 0 4
8 38 4 1 13 1 3 40 3 0 3 4 3 35 0 2 12 3 1 28 2 3 16 1 4
6 38 3 1 13 1 3 40 3 0 3 4 3 35 0 3 15 3 4
8 38 2 1 13 1 3 40 3 0 3 4 3 35 0 4 17 2 3 36 4 3 14 3 4
8 38 4 1 13 1 3 40 3 0 3 4 3 35 0 4 17 2 4 37 4 3 16 3 4
8 38 2 1 13 1 3 40 3 1 8 4 1 28 1 0 1 3 2 27 0 3 14 1 4
8 38 3 1 13 1 3 40 3 1 8 4 1 28 1 0 1 3 4 29 0 3 15 1 4
8 38 2 1 13 1 3 40 3 1 8 4 1 28 1 2 12 1 0 24 2 3 14 0 4
8 38 3 1 13 1 3 40 3 1 8 4 1 28 1 2 12 1 3 35 2 3 15 3 4
6 38 4 1 13 1 3 40 3 1 8 4 1 28 1 3 16 1 4
8 38 3 1 13 1 3 40 3 1 8 4 1 28 1 4 20 1 0 23 4 3 15 0 4
8 38 2 1 13 1 3 40 3 1 8 4 1 28 1 4 20 1 2 33 4 3 14 2 4
8 38 2 1 13 1 3 40 3 1 8 4 2 32 1 0 4 2 0 24 0 3 14 0 4
8 38 4 1 13 1 3 40 3 1 8 4 2 32 1 0 4 2 3 37 0 3 16 3 4
8 38 4 1 13 1 3 40 3 1 8 4 2 32 1 2 9 3 2 31 2 3 16 2 4
8 38 2 1 13 1 3 40 3 1 8 4 2 32 1 2 9 3 4 33 2 3 14 2 4
6 38 3 1 13 1 3 40 3 1 8 4 2 32 1 3 15 2 4
8 38 4 1 13 1 3 40 3 1 8 4 2 32 1 4 18 2 0 25 4 3 16 0 4
8 38 2 1 13 1 3 40 3 1 8 4 2 32 1 4 18 2 1 27 4 3 14 1 4
8 38 3 1 13 1 3 40 3 1 8 4 3 36 1 0 2 3 0 23 0 3 15 0 4
8 38 4 1 13 1 3 40 3 1 8 4 3 36 1 0 2 3 2 31 0 3 16 2 4
8 38 4 1 13 1 3 40 3 1 8 4 3 36 1 2 11 3 0 25 2 3 16 0 4
8 38 3 1 13 1 3 40 3 1 8 4 3 36 1 2 11 3 1 29 2 3 15 1 4
6 38 2 1 13 1 3 40 3 1 8 4 3 36 1 3 14 3 4
8 38 3 1 13 1 3 40 3 1 8 4 3 36 1 4 17 3 2 35 4 3 15 3 4
8 38 4 1 13 1 3 40 3 1 8 4 3 36 1 4 17 3 4 37 4 3 16 3 4
8 38 4 1 13 1 3 40 3 2 10 4 0 23 2 0 2 0 2 31 0 3 16 2 4
8 38 2 1 13 1 3 40 3 2 10 4 0 23 2 0 2 0 3 36 0 3 14 3 4
8 38 2 1 13 1 3 40 3 2 10 4 0 23 2 1 5 2 3 24 1 3 14 0 4
8 38 4 1 13 1 3 40 3 2 10 4 0 23 2 1 5 2 4 25 1 3 16 0 4
6 38 3 1 13 1 3 40 3 2 10 4 0 23 2 3 15 0 4
8 38 4 1 13 1 3 40 3 2 10 4 0 23 2 4 20 0 1 28 4 3 16 1 4
8 38 2 1 13 1 3 40 3 2 10 4 0 23 2 4 20 0 2 33 4 3 14 2 4
8 38 4 1 13 1 3 40 3 2 10 4 1 27 2 0 1 2 3 28 0 3 16 1 4
8 38 3 1 13 1 3 40 3 2 10 4 1 27 2 0 1 2 4 29 0 3 15 1 4
8 38 4 1 13 1 3 40 3 2 10 4 1 27 2 1 6 1 2 31 1 3 16 2 4
8 38 3 1 13 1 3 40 3 2 10 4 1 27 2 1 6 1 3 35 1 3 15 3 4
6 38 2 1 13 1 3 40 3 2 10 4 1 27 2 3 14 1 4
8 38 4 1 13 1 3 40 3 2 10 4 1 27 2 4 18 1 0 25 4 3 16 0 4
8 38 3 1 13 1 3 40 3 2 10 4 1 27 2 4 18 1 2 32 4 3 15 2 4
8 38 2 1 13 1 3 40 3 2 10 4 3 37 2 0 4 3 0 24 0 3 14 0 4
8 38 3 1 13 1 3 40 3 2 10 4 3 37 2 0 4 3 2 32 0 3 15 2 4
8 38 3 1 13 1 3 40 3 2 10 4 3 37 2 1 7 3 1 29 1 3 15 1 4
8 38 2 1 13 1 3 40 3 2 10 4 3 37 2 1 7 3 2 33 1 3 14 2 4
6 38 4 1 13 1 3 40 3 2 10 4 3 37 2 3 16 3 4
8 38 3 1 13 1 3 40 3 2 10 4 3 37 2 4 17 4 2 35 4 3 15 3 4
8 38 2 1 13 1 3 40 3 2 10 4 3 37 2 4 17 4 3 36 4 3 14 3 4
8 38 3 1 13 1 3 40 3 4 19 4 0 24 4 0 4 0 2 32 0 3 15 2 4
8 38 4 1 13 1 3 40 3 4 19 4 0 24 4 0 4 0 3 37 0 3 16 3 4
8 38 3 1 13 1 3 40 3 4 19 4 0 24 4 1 5 3 2 23 1 3 15 0 4
8 38 4 1 13 1 3 40 3 4 19 4 0 24 4 1 5 3 4 25 1 3 16 0 4
8 38 4 1 13 1 3 40 3 4 19 4 0 24 4 2 12 0 1 28 2 3 16 1 4
8 38 3 1 13 1 3 40 3 4 19 4 0 24 4 2 12 0 3 35 2 3 15 3 4
6 38 2 1 13 1 3 40 3 4 19 4 0 24 4 3 14 0 4
8 38 2 1 13 1 3 40 3 4 19 4 1 29 4 0 1 4 2 27 0 3 14 1 4
8 38 4 1 13 1 3 40 3 4 19 4 1 29 4 0 1 4 3 28 0 3 16 1 4
8 38 2 1 13 1 3 40 3 4 19 4 1 29 4 1 7 1 2 33 1 3 14 2 4
8 38 4 1 13 1 3 40 3 4 19 4 1 29 4 1 7 1 3 37 1 3 16 3 4
8 38 4 1 13 1 3 40 3 4 19 4 1 29 4 2 11 1 0 25 2 3 16 0 4
8 38 2 1 13 1 3 40 3 4 19 4 1 29 4 2 11 1 3 36 2 3 14 3 4
6 38 3 1 13 1 3 40 3 4 19 4 1 29 4 3 15 1 4
8 38 3 1 13 1 3 40 3 4 19 4 2 31 4 0 2 2 0 23 0 3 15 0 4
8 38 2 1 13 1 3 40 3 4 19 4 2 31 4 0 2 2 3 36 0 3 14 3 4
8 38 2 1 13 1 3 40 3 4 19 4 2 31 4 1 6 2 1 27 1 3 14 1 4
8 38 3 1 13 1 3 40 3 4 19 4 2 31 4 1 6 2 3 35 1 3 15 3 4
8 38 3 1 13 1 3 40 3 4 19 4 2 31 4 2 9 2 3 32 2 3 15 2 4
8 38 2 1 13 1 3 40 3 4 19 4 2 31 4 2 9 2 4 33 2 3 14 2 4
6 38 4 1 13 1 3 40 3 4 19 4 2 31 4 3 16 2 4
8 38 2 1 13 1 4 41 3 0 2 4 0 23 0 1 5 2 3 24 1 3 14 0 4
8 38 4 1 13 1 4 41 3 0 2 4 0 23 0 1 5 2 4 25 1 3 16 0 4
8 38 2 1 13 1 4 41 3 0 2 4 0 23 0 2 10 0 1 27 2 3 14 1 4
8 38 4 1 13 1 4 41 3 0 2 4 0 23 0 2 10 0 3 37 2 3 16 3 4
6 38 3 1 13 1 4 41 3 0 2 4 0 23 0 3 15 0 4
8 38 4 1 13 1 4 41 3 0 2 4 0 23 0 4 20 0 1 28 4 3 16 1 4
8 38 2 1 13 1 4 41 3 0 2 4 0 23 0 4 20 0 2 33 4 3 14 2 4
8 38 2 1 13 1 4 41 3 0 2 4 2 31 0 1 6 2 1 27 1 3 14 1 4
8 38 3 1 13 1 4 41 3 0 2 4 2 31 0 1 6 2 3 35 1 3 15 3 4
8 38 3 1 13 1 4 41 3 0 2 4 2 31 0 2 9 2 3 32 2 3 15 2 4
8 38 2 1 13 1 4 41 3 0 2 4 2 31 0 2 9 2 4 33 2 3 14 2 4
6 38 4 1 13 1 4 41 3 0 2 4 2 31 0 3 16 2 4
8 38 2 1 13 1 4 41 3 0 2 4 2 31 0 4 19 2 0 24 4 3 14 0 4
8 38 3 1 13 1 4 41 3 0 2 4 2 31 0 4 19 2 1 29 4 3 15 1 4
8 38 4 1 13 1 4 41 3 0 2 4 3 36 0 1 8 3 1 28 1 3 16 1 4
8 38 3 1 13 1 4 41 3 0 2 4 3 36 0 1 8 3 2 32 1 3 15 2 4
8 38 4 1 13 1 4 41 3 0 2 4 3 36 0 2 11 3 0 25 2 3 16 0 4
8 38 3 1 13 1 4 41 3 0 2 4 3 36 0 2 11 3 1 29 2 3 15 1 4
6 38 2 1 13 1 4 41 3 0 2 4 3 36 0 3 14 3 4
8 38 3 1 13 1 4 41 3 0 2 4 3 36 0 4 17 3 2 35 4 3 15 3 4
8 38 4 1 13 1 4 41 3 0 2 4 3 36 0 4 17 3 4 37 4 3 16 3 4
8 38 2 1 13 1 4 41 3 1 7 4 1 29 1 0 1 4 2 27 0 3 14 1 4
8 38 4 1 13 1 4 41 3 1 7 4 1 29 1 0 1 4 3 28 0 3 16 1 4
8 38 4 1 13 1 4 41 3 1 7 4 1 29 1 2 11 1 0 25 2 3 16 0 4
8 38 2 1 13 1 4 41 3 1 7 4 1 29 1 2 11 1 3 36 2 3 14 3 4
6 38 3 1 13 1 4 41 3 1 7 4 1 29 1 3 15 1 4
8 38 2 1 13 1 4 41 3 1 7 4 1 29 1 4 19 1 0 24 4 3 14 0 4
8 38 4 1 13 1 4 41 3 1 7 4 1 29 1 4 19 1 2 31 4 3 16 2 4
8 38 4 1 13 1 4 41 3 1 7 4 2 33 1 0 3 2 0 25 0 3 16 0 4
8 38 3 1 13 1 4 41 3 1 7 4 2 33 1 0 3 2 3 35 0 3 15 3 4
8 38 4 1 13 1 4 41 3 1 7 4 2 33 1 2 9 4 2 31 2 3 16 2 4
8 38 3 1 13 1 4 41 3 1 7 4 2 33 1 2 9 4 3 32 2 3 15 2 4
6 38 2 1 13 1 4 41 3 1 7 4 2 33 1 3 14 2 4
8 38 3 1 13 1 4 41 3 1 7 4 2 33 1 4 20 2 0 23 4 3 15 0 4
8 38 4 1 13 1 4 41 3 1 7 4 2 33 1 4 20 2 1 28 4 3 16 1 4
8 38 2 1 13 1 4 41 3 1 7 4 3 37 1 0 4 3 0 24 0 3 14 0 4
8 38 3 1 13 1 4 41 3 1 7 4 3 37 1 0 4 3 2 32 0 3 15 2 4
8 38 3 1 13 1 4 41 3 1 7 4 3 37 1 2 10 3 0 23 2 3 15 0 4
8 38 2 1 13 1 4 41 3 1 7 4 3 37 1 2 10 3 1 27 2 3 14 1 4
6 38 4 1 13 1 4 41 3 1 7 4 3 37 1 3 16 3 4
8 38 3 1 13 1 4 41 3 1 7 4 3 37 1 4 17 4 2 35 4 3 15 3 4
8 38 2 1 13 1 4 41 3 1 7 4 3 37 1 4 17 4 3 36 4 3 14 3 4
8 38 3 1 13 1 4 41 3 2 12 4 0 24 2 0 4 0 2 32 0 3 15 2 4
8 38 4 1 13 1 4 41 3 2 12 4 0 24 2 0 4 0 3 37 0 3 16 3 4
8 38 3 1 13 1 4 41 3 2 12 4 0 24 2 1 5 3 2 23 1 3 15 0 4
8 38 4 1 13 1 4 41 3 2 12 4 0 24 2 1 5 3 4 25 1 3 16 0 4
6 38 2 1 13 1 4 41 3 2 12 4 0 24 2 3 14 0 4
8 38 3 1 13 1 4 41 3 2 12 4 0 24 2 4 19 0 1 29 4 3 15 1 4
8 38 4 1 13 1 4 41 3 2 12 4 0 24 2 4 19 0 2 31 4 3 16 2 4
8 38 2 1 13 1 4 41 3 2 12 4 1 28 2 0 1 3 2 27 0 3 14 1 4
8 38 3 1 13 1 4 41 3 2 12 4 1 28 2 0 1 3 4 29 0 3 15 1 4
8 38 3 1 13 1 4 41 3 2 12 4 1 28 2 1 8 1 2 32 1 3 15 2 4
8 38 2 1 13 1 4 41 3 2 12 4 1 28 2 1 8 1 3 36 1 3 14 3 4
6 38 4 1 13 1 4 41 3 2 12 4 1 28 2 3 16 1 4
8 38 3 1 13 1 4 41 3 2 12 4 1 28 2 4 20 1 0 23 4 3 15 0 4
8 38 2 1 13 1 4 41 3 2 12 4 1 28 2 4 20 1 2 33 4 3 14 2 4
8 38 4 1 13 1 4 41 3 2 12 4 3 35 2 0 3 3 0 25 0 3 16 0 4
8 38 2 1 13 1 4 41 3 2 12 4 3 35 2 0 3 3 2 33 0 3 14 2 4
8 38 2 1 13 1 4 41 3 2 12 4 3 35 2 1 6 3 1 27 1 3 14 1 4
8 38 4 1 13 1 4 41 3 2 12 4 3 35 2 1 6 3 2 31 1 3 16 2 4
6 38 3 1 13 1 4 41 3 2 12 4 3 35 2 3 15 3 4
8 38 2 1 13 1 4 41 3 2 12 4 3 35 2 4 17 2 3 36 4 3 14 3 4
8 38 4 1 13 1 4 41 3 2 12 4 3 35 2 4 17 2 4 37 4 3 16 3 4
8 38 2 1 13 1 4 41 3 4 18 4 0 25 4 0 3 0 2 33 0 3 14 2 4
8 38 3 1 13 1 4 41 3 4 18 4 0 25 4 0 3 0 3 35 0 3 15 3 4
8 38 3 1 13 1 4 41 3 4 18 4 0 25 4 1 5 4 2 23 1 3 15 0 4
8 38 2 1 13 1 4 41 3 4 18 4 0 25 4 1 5 4 3 24 1 3 14 0 4
8 38 3 1 13 1 4 41 3 4 18 4 0 25 4 2 11 0 1 29 2 3 15 1 4
8 38 2 1 13 1 4 41 3 4 18 4 0 25 4 2 11 0 3 36 2 3 14 3 4
6 38 4 1 13 1 4 41 3 4 18 4 0 25 4 3 16 0 4
8 38 4 1 13 1 4 41 3 4 18 4 1 27 4 0 1 2 3 28 0 3 16 1 4
8 38 3 1 13 1 4 41 3 4 18 4 1 27 4 0 1 2 4 29 0 3 15 1 4
8 38 4 1 13 1 4 41 3 4 18 4 1 27 4 1 6 1 2 31 1 3 16 2 4
8 38 3 1 13 1 4 41 3 4 18 4 1 27 4 1 6 1 3 35 1 3 15 3 4
8 38 3 1 13 1 4 41 3 4 18 4 1 27 4 2 10 1 0 23 2 3 15 0 4
8 38 4 1 13 1 4 41 3 4 18 4 1 27 4 2 10 1 3 37 2 3 16 3 4
6 38 2 1 13 1 4 41 3 4 18 4 1 27 4 3 14 1 4
8 38 2 1 13 1 4 41 3 4 18 4 2 32 4 0 4 2 0 24 0 3 14 0 4
8 38 4 1 13 1 4 41 3 4 18 4 2 32 4 0 4 2 3 37 0 3 16 3 4
8 38 4 1 13 1 4 41 3 4 18 4 2 32 4 1 8 2 1 28 1 3 16 1 4
8 38 2 1 13 1 4 41 3 4 18 4 2 32 4 1 8 2 3 36 1 3 14 3 4
8 38 4 1 13 1 4 41 3 4 18 4 2 32 4 2 9 3 2 31 2 3 16 2 4
8 38 2 1 13 1 4 41 3 4 18 4 2 32 4 2 9 3 4 33 2 3 14 2 4
6 38 3 1 13 1 4 41 3 4 18 4 2 32 4 3 15 2 4
8 38 4 2 14 4 0 24 3 0 4 0 2 32 0 1 8 2 1 28 1 3 16 1 4
8 38 4 2 14 4 0 24 3 0 4 0 2 32 0 2 9 3 2 31 2 3 16 2 4
6 38 3 2 14 4 0 24 3 0 4 0 2 32 0 3 15 2 4
8 38 4 2 14 4 0 24 3 0 4 0 2 32 0 4 18 2 0 25 4 3 16 0 4
8 38 3 2 14 4 0 24 3 0 4 0 3 37 0 1 7 3 1 29 1 3 15 1 4
8 38 3 2 14 4 0 24 3 0 4 0 3 37 0 2 10 3 0 23 2 3 15 0 4
6 38 4 2 14 4 0 24 3 0 4 0 3 37 0 3 16 3 4
8 38 3 2 14 4 0 24 3 0 4 0 3 37 0 4 17 4 2 35 4 3 15 3 4
8 38 4 2 14 4 0 24 3 0 4 0 4 39 0 1 6 4 2 31 1 3 16 2 4
8 38 3 2 14 4 0 24 3 0 4 0 4 39 0 1 6 4 3 35 1 3 15 3 4
8 38 4 2 14 4 0 24 3 0 4 0 4 39 0 2 11 4 0 25 2 3 16 0 4
8 38 3 2 14 4 0 24 3 0 4 0 4 39 0 2 11 4 1 29 2 3 15 1 4
8 38 3 2 14 4 0 24 3 0 4 0 4 39 0 4 20 4 0 23 4 3 15 0 4
8 38 4 2 14 4 0 24 3 0 4 0 4 39 0 4 20 4 1 28 4 3 16 1 4
8 38 4 2 14 4 0 24 3 1 5 3 0 21 1 0 1 0 3 28 0 3 16 1 4
8 38 3 2 14 4 0 24 3 1 5 3 0 21 1 0 1 0 4 29 0 3 15 1 4
8 38 4 2 14 4 0 24 3 1 5 3 0 21 1 2 9 0 2 31 2 3 16 2 4
8 38 3 2 14 4 0 24 3 1 5 3 0 21 1 2 9 0 3 32 2 3 15 2 4
8 38 3 2 14 4 0 24 3 1 5 3 0 21 1 4 17 0 2 35 4 3 15 3 4
8 38 4 2 14 4 0 24 3 1 5 3 0 21 1 4 17 0 4 37 4 3 16 3 4
8 38 4 2 14 4 0 24 3 1 5 3 2 23 1 0 2 0 2 31 0 3 16 2 4
8 38 4 2 14 4 0 24 3 1 5 3 2 23 1 2 10 0 3 37 2 3 16 3 4
6 38 3 2 14 4 0 24 3 1 5 3 2 23 1 3 15 0 4
8 38 4 2 14 4 0 24 3 1 5 3 2 23 1 4 20 0 1 28 4 3 16 1 4
8 38 3 2 14 4 0 24 3 1 5 3 4 25 1 0 3 0 3 35 0 3 15 3 4
8 38 3 2 14 4 0 24 3 1 5 3 4 25 1 2 11 0 1 29 2 3 15 1 4
6 38 4 2 14 4 0 24 3 1 5 3 4 25 1 3 16 0 4
8 38 3 2 14 4 0 24 3 1 5 3 4 25 1 4 18 0 2 32 4 3 15 2 4
8 38 3 2 14 4 0 24 3 2 12 0 1 28 2 0 1 3 4 29 0 3 15 1 4
8 38 3 2 14 4 0 24 3 2 12 0 1 28 2 1 8 1 2 32 1 3 15 2 4
6 38 4 2 14 4 0 24 3 2 12 0 1 28 2 3 16 1 4
8 38 3 2 14 4 0 24 3 2 12 0 1 28 2 4 20 1 0 23 4 3 15 0 4
8 38 4 2 14 4 0 24 3 2 12 0 3 35 2 0 3 3 0 25 0 3 16 0 4
8 38 4 2 14 4 0 24 3 2 12 0 3 35 2 1 6 3 2 31 1 3 16 2 4
6 38 3 2 14 4 0 24 3 2 12 0 3 35 2 3 15 3 4
8 38 4 2 14 4 0 24 3 2 12 0 3 35 2 4 17 2 4 37 4 3 16 3 4
8 38 3 2 14 4 0 24 3 2 12 0 4 41 2 0 2 4 0 23 0 3 15 0 4
8 38 4 2 14 4 0 24 3 2 12 0 4 41 2 0 2 4 2 31 0 3 16 2 4
8 38 3 2 14 4 0 24 3 2 12 0 4 41 2 1 7 4 1 29 1 3 15 1 4
8 38 4 2 14 4 0 24 3 2 12 0 4 41 2 1 7 4 3 37 1 3 16 3 4
8 38 4 2 14 4 0 24 3 2 12 0 4 41 2 4 18 4 0 25 4 3 16 0 4
8 38 3 2 14 4 0 24 3 2 12 0 4 41 2 4 18 4 2 32 4 3 15 2 4
8 38 4 2 14 4 0 24 3 4 19 0 1 29 4 0 1 4 3 28 0 3 16 1 4
8 38 4 2 14 4 0 24 3 4 19 0 1 29 4 1 7 1 3 37 1 3 16 3 4
8 38 4 2 14 4 0 24 3 4 19 0 1 29 4 2 11 1 0 25 2 3 16 0 4
6 38 3 2 14 4 0 24 3 4 19 0 1 29 4 3 15 1 4
8 38 3 2 14 4 0 24 3 4 19 0 2 31 4 0 2 2 0 23 0 3 15 0 4
8 38 3 2 14 4 0 24 3 4 19 0 2 31 4 1 6 2 3 35 1 3 15 3 4
8 38 3 2 14 4 0 24 3 4 19 0 2 31 4 2 9 2 3 32 2 3 15 2 4
6 38 4 2 14 4 0 24 3 4 19 0 2 31 4 3 16 2 4
8 38 4 2 14 4 0 24 3 4 19 0 4 40 4 0 3 4 0 25 0 3 16 0 4
8 38 3 2 14 4 0 24 3 4 19 0 4 40 4 0 3 4 3 35 0 3 15 3 4
8 38 4 2 14 4 0 24 3 4 19 0 4 40 4 1 8 4 1 28 1 3 16 1 4
8 38 3 2 14 4 0 24 3 4 19 0 4 40 4 1 8 4 2 32 1 3 15 2 4
8 38 3 2 14 4 0 24 3 4 19 0 4 40 4 2 10 4 0 23 2 3 15 0 4
8 38 4 2 14 4 0 24 3 4 19 0 4 40 4 2 10 4 3 37 2 3 16 3 4
8 38 3 2 14 4 1 27 3 0 1 2 0 21 0 1 5 0 2 23 1 3 15 0 4
8 38 4 2 14 4 1 27 3 0 1 2 0 21 0 1 5 0 4 25 1 3 16 0 4
8 38 4 2 14 4 1 27 3 0 1 2 0 21 0 2 9 0 2 31 2 3 16 2 4
8 38 3 2 14 4 1 27 3 0 1 2 0 21 0 2 9 0 3 32 2 3 15 2 4
8 38 3 2 14 4 1 27 3 0 1 2 0 21 0 4 17 0 2 35 4 3 15 3 4
8 38 4 2 14 4 1 27 3 0 1 2 0 21 0 4 17 0 4 37 4 3 16 3 4
8 38 3 2 14 4 1 27 3 0 1 2 3 28 0 1 8 1 2 32 1 3 15 2 4
8 38 3 2 14 4 1 27 3 0 1 2 3 28 0 2 12 1 3 35 2 3 15 3 4
6 38 4 2 14 4 1 27 3 0 1 2 3 28 0 3 16 1 4
8 38 3 2 14 4 1 27 3 0 1 2 3 28 0 4 20 1 0 23 4 3 15 0 4
8 38 4 2 14 4 1 27 3 0 1 2 4 29 0 1 7 1 3 37 1 3 16 3 4
8 38 4 2 14 4 1 27 3 0 1 2 4 29 0 2 11 1 0 25 2 3 16 0 4
6 38 3 2 14 4 1 27 3 0 1 2 4 29 0 3 15 1 4
8 38 4 2 14 4 1 27 3 0 1 2 4 29 0 4 19 1 2 31 4 3 16 2 4
8 38 3 2 14 4 1 27 3 1 6 1 2 31 1 0 2 2 0 23 0 3 15 0 4
8 38 3 2 14 4 1 27 3 1 6 1 2 31 1 2 9 2 3 32 2 3 15 2 4
6 38 4 2 14 4 1 27 3 1 6 1 2 31 1 3 16 2 4
8 38 3 2 14 4 1 27 3 1 6 1 2 31 1 4 19 2 1 29 4 3 15 1 4
8 38 4 2 14 4 1 27 3 1 6 1 3 35 1 0 3 3 0 25 0 3 16 0 4
8 38 4 2 14 4 1 27 3 1 6 1 3 35 1 2 12 3 1 28 2 3 16 1 4
6 38 3 2 14 4 1 27 3 1 6 1 3 35 1 3 15 3 4
8 38 4 2 14 4 1 27 3 1 6 1 3 35 1 4 17 2 4 37 4 3 16 3 4
8 38 3 2 14 4 1 27 3 1 6 1 4 39 1 0 4 4 2 32 0 3 15 2 4
8 38 4 2 14 4 1 27 3 1 6 1 4 39 1 0 4 4 3 37 0 3 16 3 4
8 38 4 2 14 4 1 27 3 1 6 1 4 39 1 2 11 4 0 25 2 3 16 0 4
8 38 3 2 14 4 1 27 3 1 6 1 4 39 1 2 11 4 1 29 2 3 15 1 4
8 38 3 2 14 4 1 27 3 1 6 1 4 39 1 4 20 4 0 23 4 3 15 0 4
8 38 4 2 14 4 1 27 3 1 6 1 4 39 1 4 20 4 1 28 4 3 16 1 4
8 38 4 2 14 4 1 27 3 2 10 1 0 23 2 0 2 0 2 31 0 3 16 2 4
8 38 4 2 14 4 1 27 3 2 10 1 0 23 2 1 5 2 4 25 1 3 16 0 4
6 38 3 2 14 4 1 27 3 2 10 1 0 23 2 3 15 0 4
8 38 4 2 14 4 1 27 3 2 10 1 0 23 2 4 20 0 1 28 4 3 16 1 4
8 38 3 2 14 4 1 27 3 2 10 1 3 37 2 0 4 3 2 32 0 3 15 2 4
8 38 3 2 14 4 1 27 3 2 10 1 3 37 2 1 7 3 1 29 1 3 15 1 4
6 38 4 2 14 4 1 27 3 2 10 1 3 37 2 3 16 3 4
8 38 3 2 14 4 1 27 3 2 10 1 3 37 2 4 17 4 2 35 4 3 15 3 4
8 38 4 2 14 4 1 27 3 2 10 1 4 40 2 0 3 4 0 25 0 3 16 0 4
8 38 3 2 14 4 1 27 3 2 10 1 4 40 2 0 3 4 3 35 0 3 15 3 4
8 38 4 2 14 4 1 27 3 2 10 1 4 40 2 1 8 4 1 28 1 3 16 1 4
8 38 3 2 14 4 1 27 3 2 10 1 4 40 2 1 8 4 2 32 1 3 15 2 4
8 38 3 2 14 4 1 27 3 2 10 1 4 40 2 4 19 4 1 29 4 3 15 1 4
8 38 4 2 14 4 1 27 3 2 10 1 4 40 2 4 19 4 2 31 4 3 16 2 4
8 38 3 2 14 4 1 27 3 4 18 1 0 25 4 0 3 0 3 35 0 3 15 3 4
8 38 3 2 14 4 1 27 3 4 18 1 0 25 4 1 5 4 2 23 1 3 15 0 4
8 38 3 2 14 4 1 27 3 4 18 1 0 25 4 2 11 0 1 29 2 3 15 1 4
6 38 4 2 14 4 1 27 3 4 18 1 0 25 4 3 16 0 4
8 38 4 2 14 4 1 27 3 4 18 1 2 32 4 0 4 2 3 37 0 3 16 3 4
8 38 4 2 14 4 1 27 3 4 18 1 2 32 4 1 8 2 1 28 1 3 16 1 4
8 38 4 2 14 4 1 27 3 4 18 1 2 32 4 2 9 3 2 31 2 3 16 2 4
6 38 3 2 14 4 1 27 3 4 18 1 2 32 4 3 15 2 4
8 38 3 2 14 4 1 27 3 4 18 1 4 41 4 0 2 4 0 23 0 3 15 0 4
8 38 4 2 14 4 1 27 3 4 18 1 4 41 4 0 2 4 2 31 0 3 16 2 4
8 38 3 2 14 4 1 27 3 4 18 1 4 41 4 1 7 4 1 29 1 3 15 1 4
8 38 4 2 14 4 1 27 3 4 18 1 4 41 4 1 7 4 3 37 1 3 16 3 4
8 38 4 2 14 4 1 27 3 4 18 1 4 41 4 2 12 4 1 28 2 3 16 1 4
8 38 3 2 14 4 1 27 3 4 18 1 4 41 4 2 12 4 3 35 2 3 15 3 4
8 38 3 2 14 4 2 33 3 0 3 2 0 25 0 1 5 4 2 23 1 3 15 0 4
8 38 3 2 14 4 2 33 3 0 3 2 0 25 0 2 11 0 1 29 2 3 15 1 4
6 38 4 2 14 4 2 33 3 0 3 2 0 25 0 3 16 0 4
8 38 3 2 14 4 2 33 3 0 3 2 0 25 0 4 18 0 2 32 4 3 15 2 4
8 38 4 2 14 4 2 33 3 0 3 2 3 35 0 1 6 3 2 31 1 3 16 2 4
8 38 4 2 14 4 2 33 3 0 3 2 3 35 0 2 12 3 1 28 2 3 16 1 4
6 38 3 2 14 4 2 33 3 0 3 2 3 35 0 3 15 3 4
8 38 4 2 14 4 2 33 3 0 3 2 3 35 0 4 17 2 4 37 4 3 16 3 4
8 38 4 2 14 4 2 33 3 0 3 2 4 40 0 1 8 4 1 28 1 3 16 1 4
8 38 3 2 14 4 2 33 3 0 3 2 4 40 0 1 8 4 2 32 1 3 15 2 4
8 38 3 2 14 4 2 33 3 0 3 2 4 40 0 2 10 4 0 23 2 3 15 0 4
8 38 4 2 14 4 2 33 3 0 3 2 4 40 0 2 10 4 3 37 2 3 16 3 4
8 38 3 2 14 4 2 33 3 0 3 2 4 40 0 4 19 4 1 29 4 3 15 1 4
8 38 4 2 14 4 2 33 3 0 3 2 4 40 0 4 19 4 2 31 4 3 16 2 4
8 38 4 2 14 4 2 33 3 1 7 2 1 29 1 0 1 4 3 28 0 3 16 1 4
8 38 4 2 14 4 2 33 3 1 7 2 1 29 1 2 11 1 0 25 2 3 16 0 4
6 38 3 2 14 4 2 33 3 1 7 2 1 29 1 3 15 1 4
8 38 4 2 14 4 2 33 3 1 7 2 1 29 1 4 19 1 2 31 4 3 16 2 4
8 38 3 2 14 4 2 33 3 1 7 2 3 37 1 0 4 3 2 32 0 3 15 2 4
8 38 3 2 14 4 2 33 3 1 7 2 3 37 1 2 10 3 0 23 2 3 15 0 4
6 38 4 2 14 4 2 33 3 1 7 2 3 37 1 3 16 3 4
8 38 3 2 14 4 2 33 3 1 7 2 3 37 1 4 17 4 2 35 4 3 15 3 4
8 38 3 2 14 4 2 33 3 1 7 2 4 41 1 0 2 4 0 23 0 3 15 0 4
8 38 4 2 14 4 2 33 3 1 7 2 4 41 1 0 2 4 2 31 0 3 16 2 4
8 38 4 2 14 4 2 33 3 1 7 2 4 41 1 2 12 4 1 28 2 3 16 1 4
8 38 3 2 14 4 2 33 3 1 7 2 4 41 1 2 12 4 3 35 2 3 15 3 4
8 38 4 2 14 4 2 33 3 1 7 2 4 41 1 4 18 4 0 25 4 3 16 0 4
8 38 3 2 14 4 2 33 3 1 7 2 4 41 1 4 18 4 2 32 4 3 15 2 4
8 38 4 2 14 4 2 33 3 2 9 4 0 21 2 0 1 0 3 28 0 3 16 1 4
8 38 3 2 14 4 2 33 3 2 9 4 0 21 2 0 1 0 4 29 0 3 15 1 4
8 38 3 2 14 4 2 33 3 2 9 4 0 21 2 1 5 0 2 23 1 3 15 0 4
8 38 4 2 14 4 2 33 3 2 9 4 0 21 2 1 5 0 4 25 1 3 16 0 4
8 38 3 2 14 4 2 33 3 2 9 4 0 21 2 4 17 0 2 35 4 3 15 3 4
8 38 4 2 14 4 2 33 3 2 9 4 0 21 2 4 17 0 4 37 4 3 16 3 4
8 38 3 2 14 4 2 33 3 2 9 4 2 31 2 0 2 2 0 23 0 3 15 0 4
8 38 3 2 14 4 2 33 3 2 9 4 2 31 2 1 6 2 3 35 1 3 15 3 4
6 38 4 2 14 4 2 33 3 2 9 4 2 31 2 3 16 2 4
8 38 3 2 14 4 2 33 3 2 9 4 2 31 2 4 19 2 1 29 4 3 15 1 4
8 38 4 2 14 4 2 33 3 2 9 4 3 32 2 0 4 2 3 37 0 3 16 3 4
8 38 4 2 14 4 2 33 3 2 9 4 3 32 2 1 8 2 1 28 1 3 16 1 4
6 38 3 2 14 4 2 33 3 2 9 4 3 32 2 3 15 2 4
8 38 4 2 14 4 2 33 3 2 9 4 3 32 2 4 18 2 0 25 4 3 16 0 4
8 38 4 2 14 4 2 33 3 4 20 2 0 23 4 0 2 0 2 31 0 3 16 2 4
8 38 4 2 14 4 2 33 3 4 20 2 0 23 4 1 5 2 4 25 1 3 16 0 4
8 38 4 2 14 4 2 33 3 4 20 2 0 23 4 2 10 0 3 37 2 3 16 3 4
6 38 3 2 14 4 2 33 3 4 20 2 0 23 4 3 15 0 4
8 38 3 2 14 4 2 33 3 4 20 2 1 28 4 0 1 3 4 29 0 3 15 1 4
8 38 3 2 14 4 2 33 3 4 20 2 1 28 4 1 8 1 2 32 1 3 15 2 4
8 38 3 2 14 4 2 33 3 4 20 2 1 28 4 2 12 1 3 35 2 3 15 3 4
6 38 4 2 14 4 2 33 3 4 20 2 1 28 4 3 16 1 4
8 38 3 2 14 4 2 33 3 4 20 2 4 39 4 0 4 4 2 32 0 3 15 2 4
8 38 4 2 14 4 2 33 3 4 20 2 4 39 4 0 4 4 3 37 0 3 16 3 4
8 38 4 2 14 4 2 33 3 4 20 2 4 39 4 1 6 4 2 31 1 3 16 2 4
8 38 3 2 14 4 2 33 3 4 20 2 4 39 4 1 6 4 3 35 1 3 15 3 4
8 38 4 2 14 4 2 33 3 4 20 2 4 39 4 2 11 4 0 25 2 3 16 0 4
8 38 3 2 14 4 2 33 3 4 20 2 4 39 4 2 11 4 1 29 2 3 15 1 4
8 38 4 2 14 4 3 36 3 0 2 3 0 23 0 1 5 2 4 25 1 3 16 0 4
8 38 4 2 14 4 3 36 3 0 2 3 0 23 0 2 10 0 3 37 2 3 16 3 4
6 38 3 2 14 4 3 36 3 0 2 3 0 23 0 3 15 0 4
8 38 4 2 14 4 3 36 3 0 2 3 0 23 0 4 20 0 1 28 4 3 16 1 4
8 38 3 2 14 4 3 36 3 0 2 3 2 31 0 1 6 2 3 35 1 3 15 3 4
8 38 3 2 14 4 3 36 3 0 2 3 2 31 0 2 9 2 3 32 2 3 15 2 4
6 38 4 2 14 4 3 36 3 0 2 3 2 31 0 3 16 2 4
8 38 3 2 14 4 3 36 3 0 2 3 2 31 0 4 19 2 1 29 4 3 15 1 4
8 38 3 2 14 4 3 36 3 0 2 3 4 41 0 1 7 4 1 29 1 3 15 1 4
8 38 4 2 14 4 3 36 3 0 2 3 4 41 0 1 7 4 3 37 1 3 16 3 4
8 38 4 2 14 4 3 36 3 0 2 3 4 41 0 2 12 4 1 28 2 3 16 1 4
8 38 3 2 14 4 3 36 3 0 2 3 4 41 0 2 12 4 3 35 2 3 15 3 4
8 38 4 2 14 4 3 36 3 0 2 3 4 41 0 4 18 4 0 25 4 3 16 0 4
8 38 3 2 14 4 3 36 3 0 2 3 4 41 0 4 18 4 2 32 4 3 15 2 4
8 38 3 2 14 4 3 36 3 1 8 3 1 28 1 0 1 3 4 29 0 3 15 1 4
8 38 3 2 14 4 3 36 3 1 8 3 1 28 1 2 12 1 3 35 2 3 15 3 4
6 38 4 2 14 4 3 36 3 1 8 3 1 28 1 3 16 1 4
8 38 3 2 14 4 3 36 3 1 8 3 1 28 1 4 20 1 0 23 4 3 15 0 4
8 38 4 2 14 4 3 36 3 1 8 3 2 32 1 0 4 2 3 37 0 3 16 3 4
8 38 4 2 14 4 3 36 3 1 8 3 2 32 1 2 9 3 2 31 2 3 16 2 4
6 38 3 2 14 4 3 36 3 1 8 3 2 32 1 3 15 2 4
8 38 4 2 14 4 3 36 3 1 8 3 2 32 1 4 18 2 0 25 4 3 16 0 4
8 38 4 2 14 4 3 36 3 1 8 3 4 40 1 0 3 4 0 25 0 3 16 0 4
8 38 3 2 14 4 3 36 3 1 8 3 4 40 1 0 3 4 3 35 0 3 15 3 4
8 38 3 2 14 4 3 36 3 1 8 3 4 40 1 2 10 4 0 23 2 3 15 0 4
8 38 4 2 14 4 3 36 3 1 8 3 4 40 1 2 10 4 3 37 2 3 16 3 4
8 38 3 2 14 4 3 36 3 1 8 3 4 40 1 4 19 4 1 29 4 3 15 1 4
8 38 4 2 14 4 3 36 3 1 8 3 4 40 1 4 19 4 2 31 4 3 16 2 4
8 38 3 2 14 4 3 36 3 2 11 3 0 25 2 0 3 0 3 35 0 3 15 3 4
8 38 3 2 14 4 3 36 3 2 11 3 0 25 2 1 5 4 2 23 1 3 15 0 4
6 38 4 2 14 4 3 36 3 2 11 3 0 25 2 3 16 0 4
8 38 3 2 14 4 3 36 3 2 11 3 0 25 2 4 18 0 2 32 4 3 15 2 4
8 38 4 2 14 4 3 36 3 2 11 3 1 29 2 0 1 4 3 28 0 3 16 1 4
8 38 4 2 14 4 3 36 3 2 11 3 1 29 2 1 7 1 3 37 1 3 16 3 4
6 38 3 2 14 4 3 36 3 2 11 3 1 29 2 3 15 1 4
8 38 4 2 14 4 3 36 3 2 11 3 1 29 2 4 19 1 2 31 4 3 16 2 4
8 38 3 2 14 4 3 36 3 2 11 3 4 39 2 0 4 4 2 32 0 3 15 2 4
8 38 4 2 14 4 3 36 3 2 11 3 4 39 2 0 4 4 3 37 0 3 16 3 4
8 38 4 2 14 4 3 36 3 2 11 3 4 39 2 1 6 4 2 31 1 3 16 2 4
8 38 3 2 14 4 3 36 3 2 11 3 4 39 2 1 6 4 3 35 1 3 15 3 4
8 38 3 2 14 4 3 36 3 2 11 3 4 39 2 4 20 4 0 23 4 3 15 0 4
8 38 4 2 14 4 3 36 3 2 11 3 4 39 2 4 20 4 1 28 4 3 16 1 4
8 38 4 2 14 4 3 36 3 4 17 3 0 21 4 0 1 0 3 28 0 3 16 1 4
8 38 3 2 14 4 3 36 3 4 17 3 0 21 4 0 1 0 4 29 0 3 15 1 4
8 38 3 2 14 4 3 36 3 4 17 3 0 21 4 1 5 0 2 23 1 3 15 0 4
8 38 4 2 14 4 3 36 3 4 17 3 0 21 4 1 5 0 4 25 1 3 16 0 4
8 38 4 2 14 4 3 36 3 4 17 3 0 21 4 2 9 0 2 31 2 3 16 2 4
8 38 3 2 14 4 3 36 3 4 17 3 0 21 4 2 9 0 3 32 2 3 15 2 4
8 38 4 2 14 4 3 36 3 4 17 3 2 35 4 0 3 3 0 25 0 3 16 0 4
8 38 4 2 14 4 3 36 3 4 17 3 2 35 4 1 6 3 2 31 1 3 16 2 4
8 38 4 2 14 4 3 36 3 4 17 3 2 35 4 2 12 3 1 28 2 3 16 1 4
6 38 3 2 14 4 3 36 3 4 17 3 2 35 4 3 15 3 4
8 38 3 2 14 4 3 36 3 4 17 3 4 37 4 0 4 3 2 32 0 3 15 2 4
8 38 3 2 14 4 3 36 3 4 17 3 4 37 4 1 7 3 1 29 1 3 15 1 4
8 38 3 2 14 4 3 36 3 4 17 3 4 37 4 2 10 3 0 23 2 3 15 0 4
6 38 4 2 14 4 3 36 3 4 17 3 4 37 4 3 16 3 4
6 38 4 3 15 4 0 23 3 0 2 0 2 31 0 3 16 2 4
8 38 4 3 15 4 0 23 3 0 2 0 3 36 0 1 8 3 1 28 1 3 16 1 4
8 38 4 3 15 4 0 23 3 0 2 0 3 36 0 2 11 3 0 25 2 3 16 0 4
8 38 4 3 15 4 0 23 3 0 2 0 3 36 0 4 17 3 4 37 4 3 16 3 4
8 38 4 3 15 4 0 23 3 0 2 0 4 41 0 1 7 4 3 37 1 3 16 3 4
8 38 4 3 15 4 0 23 3 0 2 0 4 41 0 2 12 4 1 28 2 3 16 1 4
8 38 4 3 15 4 0 23 3 0 2 0 4 41 0 4 18 4 0 25 4 3 16 0 4
8 38 4 3 15 4 0 23 3 1 5 2 0 21 1 0 1 0 3 28 0 3 16 1 4
8 38 4 3 15 4 0 23 3 1 5 2 0 21 1 2 9 0 2 31 2 3 16 2 4
8 38 4 3 15 4 0 23 3 1 5 2 0 21 1 4 17 0 4 37 4 3 16 3 4
8 38 4 3 15 4 0 23 3 1 5 2 3 24 1 0 4 0 3 37 0 3 16 3 4
8 38 4 3 15 4 0 23 3 1 5 2 3 24 1 2 12 0 1 28 2 3 16 1 4
8 38 4 3 15 4 0 23 3 1 5 2 3 24 1 4 19 0 2 31 4 3 16 2 4
6 38 4 3 15 4 0 23 3 1 5 2 4 25 1 3 16 0 4
8 38 4 3 15 4 0 23 3 2 10 0 1 27 2 0 1 2 3 28 0 3 16 1 4
8 38 4 3 15 4 0 23 3 2 10 0 1 27 2 1 6 1 2 31 1 3 16 2 4
8 38 4 3 15 4 0 23 3 2 10 0 1 27 2 4 18 1 0 25 4 3 16 0 4
6 38 4 3 15 4 0 23 3 2 10 0 3 37 2 3 16 3 4
8 38 4 3 15 4 0 23 3 2 10 0 4 40 2 0 3 4 0 25 0 3 16 0 4
8 38 4 3 15 4 0 23 3 2 10 0 4 40 2 1 8 4 1 28 1 3 16 1 4
8 38 4 3 15 4 0 23 3 2 10 0 4 40 2 4 19 4 2 31 4 3 16 2 4
6 38 4 3 15 4 0 23 3 4 20 0 1 28 4 3 16 1 4
8 38 4 3 15 4 0 23 3 4 20 0 2 33 4 0 3 2 0 25 0 3 16 0 4
8 38 4 3 15 4 0 23 3 4 20 0 2 33 4 1 7 2 3 37 1 3 16 3 4
8 38 4 3 15 4 0 23 3 4 20 0 2 33 4 2 9 4 2 31 2 3 16 2 4
8 38 4 3 15 4 0 23 3 4 20 0 4 39 4 0 4 4 3 37 0 3 16 3 4
8 38 4 3 15 4 0 23 3 4 20 0 4 39 4 1 6 4 2 31 1 3 16 2 4
8 38 4 3 15 4 0 23 3 4 20 0 4 39 4 2 11 4 0 25 2 3 16 0 4
8 38 4 3 15 4 1 29 3 0 1 4 0 21 0 1 5 0 4 25 1 3 16 0 4
8 38 4 3 15 4 1 29 3 0 1 4 0 21 0 2 9 0 2 31 2 3 16 2 4
8 38 4 3 15 4 1 29 3 0 1 4 0 21 0 4 17 0 4 37 4 3 16 3 4
8 38 4 3 15 4 1 29 3 0 1 4 2 27 0 1 6 1 2 31 1 3 16 2 4
8 38 4 3 15 4 1 29 3 0 1 4 2 27 0 2 10 1 3 37 2 3 16 3 4
8 38 4 3 15 4 1 29 3 0 1 4 2 27 0 4 18 1 0 25 4 3 16 0 4
6 38 4 3 15 4 1 29 3 0 1 4 3 28 0 3 16 1 4
8 38 4 3 15 4 1 29 3 1 7 1 2 33 1 0 3 2 0 25 0 3 16 0 4
8 38 4 3 15 4 1 29 3 1 7 1 2 33 1 2 9 4 2 31 2 3 16 2 4
8 38 4 3 15 4 1 29 3 1 7 1 2 33 1 4 20 2 1 28 4 3 16 1 4
6 38 4 3 15 4 1 29 3 1 7 1 3 37 1 3 16 3 4
8 38 4 3 15 4 1 29 3 1 7 1 4 41 1 0 2 4 2 31 0 3 16 2 4
8 38 4 3 15 4 1 29 3 1 7 1 4 41 1 2 12 4 1 28 2 3 16 1 4
8 38 4 3 15 4 1 29 3 1 7 1 4 41 1 4 18 4 0 25 4 3 16 0 4
6 38 4 3 15 4 1 29 3 2 11 1 0 25 2 3 16 0 4
8 38 4 3 15 4 1 29 3 2 11 1 3 36 2 0 2 3 2 31 0 3 16 2 4
8 38 4 3 15 4 1 29 3 2 11 1 3 36 2 1 8 3 1 28 1 3 16 1 4
8 38 4 3 15 4 1 29 3 2 11 1 3 36 2 4 17 3 4 37 4 3 16 3 4
8 38 4 3 15 4 1 29 3 2 11 1 4 39 2 0 4 4 3 37 0 3 16 3 4
8 38 4 3 15 4 1 29 3 2 11 1 4 39 2 1 6 4 2 31 1 3 16 2 4
8 38 4 3 15 4 1 29 3 2 11 1 4 39 2 4 20 4 1 28 4 3 16 1 4
8 38 4 3 15 4 1 29 3 4 19 1 0 24 4 0 4 0 3 37 0 3 16 3 4
8 38 4 3 15 4 1 29 3 4 19 1 0 24 4 1 5 3 4 25 1 3 16 0 4
8 38 4 3 15 4 1 29 3 4 19 1 0 24 4 2 12 0 1 28 2 3 16 1 4
6 38 4 3 15 4 1 29 3 4 19 1 2 31 4 3 16 2 4
8 38 4 3 15 4 1 29 3 4 19 1 4 40 4 0 3 4 0 25 0 3 16 0 4
8 38 4 3 15 4 1 29 3 4 19 1 4 40 4 1 8 4 1 28 1 3 16 1 4
8 38 4 3 15 4 1 29 3 4 19 1 4 40 4 2 10 4 3 37 2 3 16 3 4
8 38 4 3 15 4 2 32 3 0 4 2 0 24 0 1 5 3 4 25 1 3 16 0 4
8 38 4 3 15 4 2 32 3 0 4 2 0 24 0 2 12 0 1 28 2 3 16 1 4
8 38 4 3 15 4 2 32 3 0 4 2 0 24 0 4 19 0 2 31 4 3 16 2 4
6 38 4 3 15 4 2 32 3 0 4 2 3 37 0 3 16 3 4
8 38 4 3 15 4 2 32 3 0 4 2 4 39 0 1 6 4 2 31 1 3 16 2 4
8 38 4 3 15 4 2 32 3 0 4 2 4 39 0 2 11 4 0 25 2 3 16 0 4
8 38 4 3 15 4 2 32 3 0 4 2 4 39 0 4 20 4 1 28 4 3 16 1 4
6 38 4 3 15 4 2 32 3 1 8 2 1 28 1 3 16 1 4
8 38 4 3 15 4 2 32 3 1 8 2 3 36 1 0 2 3 2 31 0 3 16 2 4
8 38 4 3 15 4 2 32 3 1 8 2 3 36 1 2 11 3 0 25 2 3 16 0 4
8 38 4 3 15 4 2 32 3 1 8 2 3 36 1 4 17 3 4 37 4 3 16 3 4
8 38 4 3 15 4 2 32 3 1 8 2 4 40 1 0 3 4 0 25 0 3 16 0 4
8 38 4 3 15 4 2 32 3 1 8 2 4 40 1 2 10 4 3 37 2 3 16 3 4
8 38 4 3 15 4 2 32 3 1 8 2 4 40 1 4 19 4 2 31 4 3 16 2 4
8 38 4 3 15 4 2 32 3 2 9 3 0 21 2 0 1 0 3 28 0 3 16 1 4
8 38 4 3 15 4 2 32 3 2 9 3 0 21 2 1 5 0 4 25 1 3 16 0 4
8 38 4 3 15 4 2 32 3 2 9 3 0 21 2 4 17 0 4 37 4 3 16 3 4
6 38 4 3 15 4 2 32 3 2 9 3 2 31 2 3 16 2 4
8 38 4 3 15 4 2 32 3 2 9 3 4 33 2 0 3 2 0 25 0 3 16 0 4
8 38 4 3 15 4 2 32 3 2 9 3 4 33 2 1 7 2 3 37 1 3 16 3 4
8 38 4 3 15 4 2 32 3 2 9 3 4 33 2 4 20 2 1 28 4 3 16 1 4
6 38 4 3 15 4 2 32 3 4 18 2 0 25 4 3 16 0 4
8 38 4 3 15 4 2 32 3 4 18 2 1 27 4 0 1 2 3 28 0 3 16 1 4
8 38 4 3 15 4 2 32 3 4 18 2 1 27 4 1 6 1 2 31 1 3 16 2 4
8 38 4 3 15 4 2 32 3 4 18 2 1 27 4 2 10 1 3 37 2 3 16 3 4
8 38 4 3 15 4 2 32 3 4 18 2 4 41 4 0 2 4 2 31 0 3 16 2 4
8 38 4 3 15 4 2 32 3 4 18 2 4 41 4 1 7 4 3 37 1 3 16 3 4
8 38 4 3 15 4 2 32 3 4 18 2 4 41 4 2 12 4 1 28 2 3 16 1 4
6 38 4 3 15 4 3 35 3 0 3 3 0 25 0 3 16 0 4
8 38 4 3 15 4 3 35 3 0 3 3 2 33 0 1 7 2 3 37 1 3 16 3 4
8 38 4 3 15 4 3 35 3 0 3 3 2 33 0 2 9 4 2 31 2 3 16 2 4
8 38 4 3 15 4 3 35 3 0 3 3 2 33 0 4 20 2 1 28 4 3 16 1 4
8 38 4 3 15 4 3 35 3 0 3 3 4 40 0 1 8 4 1 28 1 3 16 1 4
8 38 4 3 15 4 3 35 3 0 3 3 4 40 0 2 10 4 3 37 2 3 16 3 4
8 38 4 3 15 4 3 35 3 0 3 3 4 40 0 4 19 4 2 31 4 3 16 2 4
8 38 4 3 15 4 3 35 3 1 6 3 1 27 1 0 1 2 3 28 0 3 16 1 4
8 38 4 3 15 4 3 35 3 1 6 3 1 27 1 2 10 1 3 37 2 3 16 3 4
8 38 4 3 15 4 3 35 3 1 6 3 1 27 1 4 18 1 0 25 4 3 16 0 4
6 38 4 3 15 4 3 35 3 1 6 3 2 31 1 3 16 2 4
8 38 4 3 15 4 3 35 3 1 6 3 4 39 1 0 4 4 3 37 0 3 16 3 4
8 38 4 3 15 4 3 35 3 1 6 3 4 39 1 2 11 4 0 25 2 3 16 0 4
8 38 4 3 15 4 3 35 3 1 6 3 4 39 1 4 20 4 1 28 4 3 16 1 4
8 38 4 3 15 4 3 35 3 2 12 3 0 24 2 0 4 0 3 37 0 3 16 3 4
8 38 4 3 15 4 3 35 3 2 12 3 0 24 2 1 5 3 4 25 1 3 16 0 4
8 38 4 3 15 4 3 35 3 2 12 3 0 24 2 4 19 0 2 31 4 3 16 2 4
6 38 4 3 15 4 3 35 3 2 12 3 1 28 2 3 16 1 4
8 38 4 3 15 4 3 35 3 2 12 3 4 41 2 0 2 4 2 31 0 3 16 2 4
8 38 4 3 15 4 3 35 3 2 12 3 4 41 2 1 7 4 3 37 1 3 16 3 4
8 38 4 3 15 4 3 35 3 2 12 3 4 41 2 4 18 4 0 25 4 3 16 0 4
8 38 4 3 15 4 3 35 3 4 17 2 0 21 4 0 1 0 3 28 0 3 16 1 4
8 38 4 3 15 4 3 35 3 4 17 2 0 21 4 1 5 0 4 25 1 3 16 0 4
8 38 4 3 15 4 3 35 3 4 17 2 0 21 4 2 9 0 2 31 2 3 16 2 4
8 38 4 3 15 4 3 35 3 4 17 2 3 36 4 0 2 3 2 31 0 3 16 2 4
8 38 4 3 15 4 3 35 3 4 17 2 3 36 4 1 8 3 1 28 1 3 16 1 4
8 38 4 3 15 4 3 35 3 4 17 2 3 36 4 2 11 3 0 25 2 3 16 0 4
6 38 4 3 15 4 3 35 3 4 17 2 4 37 4 3 16 3 4
8 1 2 0 21 0 1 5 0 2 23 1 0 2 0 2 31 0 1 6 2 1 27 1 0
8 1 3 0 21 0 1 5 0 2 23 1 0 2 0 2 31 0 3 16 2 1 28 3 0
8 1 4 0 21 0 1 5 0 2 23 1 0 2 0 2 31 0 4 19 2 1 29 4 0
8 1 3 0 21 0 1 5 0 2 23 1 0 2 0 3 36 0 1 8 3 1 28 1 0
8 1 4 0 21 0 1 5 0 2 23 1 0 2 0 3 36 0 2 11 3 1 29 2 0
8 1 2 0 21 0 1 5 0 2 23 1 0 2 0 3 36 0 3 14 3 1 27 3 0
8 1 4 0 21 0 1 5 0 2 23 1 0 2 0 4 41 0 1 7 4 1 29 1 0
8 1 3 0 21 0 1 5 0 2 23 1 0 2 0 4 41 0 2 12 4 1 28 2 0
8 1 2 0 21 0 1 5 0 2 23 1 0 2 0 4 41 0 4 18 4 1 27 4 0
6 1 2 0 21 0 1 5 0 2 23 1 2 10 0 1 27 2 0
8 1 4 0 21 0 1 5 0 2 23 1 2 10 0 3 37 2 1 7 3 1 29 1 0
8 1 3 0 21 0 1 5 0 2 23 1 2 10 0 3 37 2 3 16 3 1 28 3 0
8 1 3 0 21 0 1 5 0 2 23 1 2 10 0 4 40 2 1 8 4 1 28 1 0
8 1 4 0 21 0 1 5 0 2 23 1 2 10 0 4 40 2 4 19 4 1 29 4 0
6 1 4 0 21 0 1 5 0 2 23 1 3 15 0 1 29 3 0
8 1 3 0 21 0 1 5 0 2 23 1 3 15 0 2 32 3 1 8 2 1 28 1 0
8 1 2 0 21 0 1 5 0 2 23 1 3 15 0 2 32 3 4 18 2 1 27 4 0
8 1 2 0 21 0 1 5 0 2 23 1 3 15 0 3 35 3 1 6 3 1 27 1 0
8 1 3 0 21 0 1 5 0 2 23 1 3 15 0 3 35 3 2 12 3 1 28 2 0
6 1 3 0 21 0 1 5 0 2 23 1 4 20 0 1 28 4 0
8 1 4 0 21 0 1 5 0 2 23 1 4 20 0 2 33 4 1 7 2 1 29 1 0
8 1 2 0 21 0 1 5 0 2 23 1 4 20 0 2 33 4 3 14 2 1 27 3 0
8 1 2 0 21 0 1 5 0 2 23 1 4 20 0 4 39 4 1 6 4 1 27 1 0
8 1 4 0 21 0 1 5 0 2 23 1 4 20 0 4 39 4 2 11 4 1 29 2 0
8 1 3 0 21 0 1 5 0 3 24 1 0 4 0 2 32 0 1 8 2 1 28 1 0
8 1 4 0 21 0 1 5 0 3 24 1 0 4 0 2 32 0 3 15 2 1 29 3 0
8 1 2 0 21 0 1 5 0 3 24 1 0 4 0 2 32 0 4 18 2 1 27 4 0
8 1 4 0 21 0 1 5 0 3 24 1 0 4 0 3 37 0 1 7 3 1 29 1 0
8 1 2 0 21 0 1 5 0 3 24 1 0 4 0 3 37 0 2 10 3 1 27 2 0
8 1 3 0 21 0 1 5 0 3 24 1 0 4 0 3 37 0 3 16 3 1 28 3 0
8 1 2 0 21 0 1 5 0 3 24 1 0 4 0 4 39 0 1 6 4 1 27 1 0
8 1 4 0 21 0 1 5 0 3 24 1 0 4 0 4 39 0 2 11 4 1 29 2 0
8 1 3 0 21 0 1 5 0 3 24 1 0 4 0 4 39 0 4 20 4 1 28 4 0
6 1 3 0 21 0 1 5 0 3 24 1 2 12 0 1 28 2 0
8 1 2 0 21 0 1 5 0 3 24 1 2 12 0 3 35 2 1 6 3 1 27 1 0
8 1 4 0 21 0 1 5 0 3 24 1 2 12 0 3 35 2 3 15 3 1 29 3 0
8 1 4 0 21 0 1 5 0 3 24 1 2 12 0 4 41 2 1 7 4 1 29 1 0
8 1 2 0 21 0 1 5 0 3 24 1 2 12 0 4 41 2 4 18 4 1 27 4 0
6 1 2 0 21 0 1 5 0 3 24 1 3 14 0 1 27 3 0
8 1 4 0 21 0 1 5 0 3 24 1 3 14 0 2 33 3 1 7 2 1 29 1 0
8 1 3 0 21 0 1 5 0 3 24 1 3 14 0 2 33 3 4 20 2 1 28 4 0
8 1 3 0 21 0 1 5 0 3 24 1 3 14 0 3 36 3 1 8 3 1 28 1 0
8 1 4 0 21 0 1 5 0 3 24 1 3 14 0 3 36 3 2 11 3 1 29 2 0
6 1 4 0 21 0 1 5 0 3 24 1 4 19 0 1 29 4 0
8 1 2 0 21 0 1 5 0 3 24 1 4 19 0 2 31 4 1 6 2 1 27 1 0
8 1 3 0 21 0 1 5 0 3 24 1 4 19 0 2 31 4 3 16 2 1 28 3 0
8 1 3 0 21 0 1 5 0 3 24 1 4 19 0 4 40 4 1 8 4 1 28 1 0
8 1 2 0 21 0 1 5 0 3 24 1 4 19 0 4 40 4 2 10 4 1 27 2 0
8 1 4 0 21 0 1 5 0 4 25 1 0 3 0 2 33 0 1 7 2 1 29 1 0
8 1 2 0 21 0 1 5 0 4 25 1 0 3 0 2 33 0 3 14 2 1 27 3 0
8 1 3 0 21 0 1 5 0 4 25 1 0 3 0 2 33 0 4 20 2 1 28 4 0
8 1 2 0 21 0 1 5 0 4 25 1 0 3 0 3 35 0 1 6 3 1 27 1 0
8 1 3 0 21 0 1 5 0 4 25 1 0 3 0 3 35 0 2 12 3 1 28 2 0
8 1 4 0 21 0 1 5 0 4 25 1 0 3 0 3 35 0 3 15 3 1 29 3 0
8 1 3 0 21 0 1 5 0 4 25 1 0 3 0 4 40 0 1 8 4 1 28 1 0
8 1 2 0 21 0 1 5 0 4 25 1 0 3 0 4 40 0 2 10 4 1 27 2 0
8 1 4 0 21 0 1 5 0 4 25 1 0 3 0 4 40 0 4 19 4 1 29 4 0
6 1 4 0 21 0 1 5 0 4 25 1 2 11 0 1 29 2 0
8 1 3 0 21 0 1 5 0 4 25 1 2 11 0 3 36 2 1 8 3 1 28 1 0
8 1 2 0 21 0 1 5 0 4 25 1 2 11 0 3 36 2 3 14 3 1 27 3 0
8 1 2 0 21 0 1 5 0 4 25 1 2 11 0 4 39 2 1 6 4 1 27 1 0
8 1 3 0 21 0 1 5 0 4 25 1 2 11 0 4 39 2 4 20 4 1 28 4 0
6 1 3 0 21 0 1 5 0 4 25 1 3 16 0 1 28 3 0
8 1 2 0 21 0 1 5 0 4 25 1 3 16 0 2 31 3 1 6 2 1 27 1 0
8 1 4 0 21 0 1 5 0 4 25 1 3 16 0 2 31 3 4 19 2 1 29 4 0
8 1 4 0 21 0 1 5 0 4 25 1 3 16 0 3 37 3 1 7 3 1 29 1 0
8 1 2 0 21 0 1 5 0 4 25 1 3 16 0 3 37 3 2 10 3 1 27 2 0
6 1 2 0 21 0 1 5 0 4 25 1 4 18 0 1 27 4 0
8 1 3 0 21 0 1 5 0 4 25 1 4 18 0 2 32 4 1 8 2 1 28 1 0
8 1 4 0 21 0 1 5 0 4 25 1 4 18 0 2 32 4 3 15 2 1 29 3 0
8 1 4 0 21 0 1 5 0 4 25 1 4 18 0 4 41 4 1 7 4 1 29 1 0
8 1 3 0 21 0 1 5 0 4 25 1 4 18 0 4 41 4 2 12 4 1 28 2 0
8 1 2 0 21 0 2 9 0 2 31 2 0 2 2 0 23 0 2 10 0 1 27 2 0
8 1 4 0 21 0 2 9 0 2 31 2 0 2 2 0 23 0 3 15 0 1 29 3 0
8 1 3 0 21 0 2 9 0 2 31 2 0 2 2 0 23 0 4 20 0 1 28 4 0
8 1 3 0 21 0 2 9 0 2 31 2 0 2 2 3 36 0 1 8 3 1 28 1 0
8 1 4 0 21 0 2 9 0 2 31 2 0 2 2 3 36 0 2 11 3 1 29 2 0
8 1 2 0 21 0 2 9 0 2 31 2 0 2 2 3 36 0 3 14 3 1 27 3 0
8 1 4 0 21 0 2 9 0 2 31 2 0 2 2 4 41 0 1 7 4 1 29 1 0
8 1 3 0 21 0 2 9 0 2 31 2 0 2 2 4 41 0 2 12 4 1 28 2 0
8 1 2 0 21 0 2 9 0 2 31 2 0 2 2 4 41 0 4 18 4 1 27 4 0
6 1 2 0 21 0 2 9 0 2 31 2 1 6 2 1 27 1 0
8 1 3 0 21 0 2 9 0 2 31 2 1 6 2 3 35 1 2 12 3 1 28 2 0
8 1 4 0 21 0 2 9 0 2 31 2 1 6 2 3 35 1 3 15 3 1 29 3 0
8 1 4 0 21 0 2 9 0 2 31 2 1 6 2 4 39 1 2 11 4 1 29 2 0
8 1 3 0 21 0 2 9 0 2 31 2 1 6 2 4 39 1 4 20 4 1 28 4 0
8 1 4 0 21 0 2 9 0 2 31 2 3 16 2 0 25 3 2 11 0 1 29 2 0
8 1 2 0 21 0 2 9 0 2 31 2 3 16 2 0 25 3 4 18 0 1 27 4 0
6 1 3 0 21 0 2 9 0 2 31 2 3 16 2 1 28 3 0
8 1 4 0 21 0 2 9 0 2 31 2 3 16 2 3 37 3 1 7 3 1 29 1 0
8 1 2 0 21 0 2 9 0 2 31 2 3 16 2 3 37 3 2 10 3 1 27 2 0
8 1 3 0 21 0 2 9 0 2 31 2 4 19 2 0 24 4 2 12 0 1 28 2 0
8 1 2 0 21 0 2 9 0 2 31 2 4 19 2 0 24 4 3 14 0 1 27 3 0
6 1 4 0 21 0 2 9 0 2 31 2 4 19 2 1 29 4 0
8 1 3 0 21 0 2 9 0 2 31 2 4 19 2 4 40 4 1 8 4 1 28 1 0
8 1 2 0 21 0 2 9 0 2 31 2 4 19 2 4 40 4 2 10 4 1 27 2 0
8 1 3 0 21 0 2 9 0 3 32 2 0 4 2 0 24 0 2 12 0 1 28 2 0
8 1 2 0 21 0 2 9 0 3 32 2 0 4 2 0 24 0 3 14 0 1 27 3 0
8 1 4 0 21 0 2 9 0 3 32 2 0 4 2 0 24 0 4 19 0 1 29 4 0
8 1 4 0 21 0 2 9 0 3 32 2 0 4 2 3 37 0 1 7 3 1 29 1 0
8 1 2 0 21 0 2 9 0 3 32 2 0 4 2 3 37 0 2 10 3 1 27 2 0
8 1 3 0 21 0 2 9 0 3 32 2 0 4 2 3 37 0 3 16 3 1 28 3 0
8 1 2 0 21 0 2 9 0 3 32 2 0 4 2 4 39 0 1 6 4 1 27 1 0
8 1 4 0 21 0 2 9 0 3 32 2 0 4 2 4 39 0 2 11 4 1 29 2 0
8 1 3 0 21 0 2 9 0 3 32 2 0 4 2 4 39 0 4 20 4 1 28 4 0
6 1 3 0 21 0 2 9 0 3 32 2 1 8 2 1 28 1 0
8 1 4 0 21 0 2 9 0 3 32 2 1 8 2 3 36 1 2 11 3 1 29 2 0
8 1 2 0 21 0 2 9 0 3 32 2 1 8 2 3 36 1 3 14 3 1 27 3 0
8 1 2 0 21 0 2 9 0 3 32 2 1 8 2 4 40 1 2 10 4 1 27 2 0
8 1 4 0 21 0 2 9 0 3 32 2 1 8 2 4 40 1 4 19 4 1 29 4 0
8 1 2 0 21 0 2 9 0 3 32 2 3 15 2 0 23 3 2 10 0 1 27 2 0
8 1 3 0 21 0 2 9 0 3 32 2 3 15 2 0 23 3 4 20 0 1 28 4 0
6 1 4 0 21 0 2 9 0 3 32 2 3 15 2 1 29 3 0
8 1 2 0 21 0 2 9 0 3 32 2 3 15 2 3 35 3 1 6 3 1 27 1 0
8 1 3 0 21 0 2 9 0 3 32 2 3 15 2 3 35 3 2 12 3 1 28 2 0
8 1 4 0 21 0 2 9 0 3 32 2 4 18 2 0 25 4 2 11 0 1 29 2 0
8 1 3 0 21 0 2 9 0 3 32 2 4 18 2 0 25 4 3 16 0 1 28 3 0
6 1 2 0 21 0 2 9 0 3 32 2 4 18 2 1 27 4 0
8 1 4 0 21 0 2 9 0 3 32 2 4 18 2 4 41 4 1 7 4 1 29 1 0
8 1 3 0 21 0 2 9 0 3 32 2 4 18 2 4 41 4 2 12 4 1 28 2 0
8 1 4 0 21 0 2 9 0 4 33 2 0 3 2 0 25 0 2 11 0 1 29 2 0
8 1 3 0 21 0 2 9 0 4 33 2 0 3 2 0 25 0 3 16 0 1 28 3 0
8 1 2 0 21 0 2 9 0 4 33 2 0 3 2 0 25 0 4 18 0 1 27 4 0
8 1 2 0 21 0 2 9 0 4 33 2 0 3 2 3 35 0 1 6 3 1 27 1 0
8 1 3 0 21 0 2 9 0 4 33 2 0 3 2 3 35 0 2 12 3 1 28 2 0
8 1 4 0 21 0 2 9 0 4 33 2 0 3 2 3 35 0 3 15 3 1 29 3 0
8 1 3 0 21 0 2 9 0 4 33 2 0 3 2 4 40 0 1 8 4 1 28 1 0
8 1 2 0 21 0 2 9 0 4 33 2 0 3 2 4 40 0 2 10 4 1 27 2 0
8 1 4 0 21 0 2 9 0 4 33 2 0 3 2 4 40 0 4 19 4 1 29 4 0
6 1 4 0 21 0 2 9 0 4 33 2 1 7 2 1 29 1 0
8 1 2 0 21 0 2 9 0 4 33 2 1 7 2 3 37 1 2 10 3 1 27 2 0
8 1 3 0 21 0 2 9 0 4 33 2 1 7 2 3 37 1 3 16 3 1 28 3 0
8 1 3 0 21 0 2 9 0 4 33 2 1 7 2 4 41 1 2 12 4 1 28 2 0
8 1 2 0 21 0 2 9 0 4 33 2 1 7 2 4 41 1 4 18 4 1 27 4 0
8 1 3 0 21 0 2 9 0 4 33 2 3 14 2 0 24 3 2 12 0 1 28 2 0
8 1 4 0 21 0 2 9 0 4 33 2 3 14 2 0 24 3 4 19 0 1 29 4 0
6 1 2 0 21 0 2 9 0 4 33 2 3 14 2 1 27 3 0
8 1 3 0 21 0 2 9 0 4 33 2 3 14 2 3 36 3 1 8 3 1 28 1 0
8 1 4 0 21 0 2 9 0 4 33 2 3 14 2 3 36 3 2 11 3 1 29 2 0
8 1 2 0 21 0 2 9 0 4 33 2 4 20 2 0 23 4 2 10 0 1 27 2 0
8 1 4 0 21 0 2 9 0 4 33 2 4 20 2 0 23 4 3 15 0 1 29 3 0
6 1 3 0 21 0 2 9 0 4 33 2 4 20 2 1 28 4 0
8 1 2 0 21 0 2 9 0 4 33 2 4 20 2 4 39 4 1 6 4 1 27 1 0
8 1 4 0 21 0 2 9 0 4 33 2 4 20 2 4 39 4 2 11 4 1 29 2 0
8 1 3 0 21 0 3 13 0 2 39 3 0 4 4 0 24 0 2 12 0 1 28 2 0
8 1 2 0 21 0 3 13 0 2 39 3 0 4 4 0 24 0 3 14 0 1 27 3 0
8 1 4 0 21 0 3 13 0 2 39 3 0 4 4 0 24 0 4 19 0 1 29 4 0
8 1 3 0 21 0 3 13 0 2 39 3 0 4 4 2 32 0 1 8 2 1 28 1 0
8 1 4 0 21 0 3 13 0 2 39 3 0 4 4 2 32 0 3 15 2 1 29 3 0
8 1 2 0 21 0 3 13 0 2 39 3 0 4 4 2 32 0 4 18 2 1 27 4 0
8 1 4 0 21 0 3 13 0 2 39 3 0 4 4 3 37 0 1 7 3 1 29 1 0
8 1 2 0 21 0 3 13 0 2 39 3 0 4 4 3 37 0 2 10 3 1 27 2 0
8 1 3 0 21 0 3 13 0 2 39 3 0 4 4 3 37 0 3 16 3 1 28 3 0
6 1 2 0 21 0 3 13 0 2 39 3 1 6 4 1 27 1 0
8 1 3 0 21 0 3 13 0 2 39 3 1 6 4 2 31 1 3 16 2 1 28 3 0
8 1 4 0 21 0 3 13 0 2 39 3 1 6 4 2 31 1 4 19 2 1 29 4 0
8 1 3 0 21 0 3 13 0 2 39 3 1 6 4 3 35 1 2 12 3 1 28 2 0
8 1 4 0 21 0 3 13 0 2 39 3 1 6 4 3 35 1 3 15 3 1 29 3 0
8 1 3 0 21 0 3 13 0 2 39 3 2 11 4 0 25 2 3 16 0 1 28 3 0
8 1 2 0 21 0 3 13 0 2 39 3 2 11 4 0 25 2 4 18 0 1 27 4 0
6 1 4 0 21 0 3 13 0 2 39 3 2 11 4 1 29 2 0
8 1 3 0 21 0 3 13 0 2 39 3 2 11 4 3 36 2 1 8 3 1 28 1 0
8 1 2 0 21 0 3 13 0 2 39 3 2 11 4 3 36 2 3 14 3 1 27 3 0
8 1 2 0 21 0 3 13 0 2 39 3 4 20 4 0 23 4 2 10 0 1 27 2 0
8 1 4 0 21 0 3 13 0 2 39 3 4 20 4 0 23 4 3 15 0 1 29 3 0
6 1 3 0 21 0 3 13 0 2 39 3 4 20 4 1 28 4 0
8 1 4 0 21 0 3 13 0 2 39 3 4 20 4 2 33 4 1 7 2 1 29 1 0
8 1 2 0 21 0 3 13 0 2 39 3 4 20 4 2 33 4 3 14 2 1 27 3 0
8 1 4 0 21 0 3 13 0 3 40 3 0 3 4 0 25 0 2 11 0 1 29 2 0
8 1 3 0 21 0 3 13 0 3 40 3 0 3 4 0 25 0 3 16 0 1 28 3 0
8 1 2 0 21 0 3 13 0 3 40 3 0 3 4 0 25 0 4 18 0 1 27 4 0
8 1 4 0 21 0 3 13 0 3 40 3 0 3 4 2 33 0 1 7 2 1 29 1 0
8 1 2 0 21 0 3 13 0 3 40 3 0 3 4 2 33 0 3 14 2 1 27 3 0
8 1 3 0 21 0 3 13 0 3 40 3 0 3 4 2 33 0 4 20 2 1 28 4 0
8 1 2 0 21 0 3 13 0 3 40 3 0 3 4 3 35 0 1 6 3 1 27 1 0
8 1 3 0 21 0 3 13 0 3 40 3 0 3 4 3 35 0 2 12 3 1 28 2 0
8 1 4 0 21 0 3 13 0 3 40 3 0 3 4 3 35 0 3 15 3 1 29 3 0
6 1 3 0 21 0 3 13 0 3 40 3 1 8 4 1 28 1 0
8 1 4 0 21 0 3 13 0 3 40 3 1 8 4 2 32 1 3 15 2 1 29 3 0
8 1 2 0 21 0 3 13 0 3 40 3 1 8 4 2 32 1 4 18 2 1 27 4 0
8 1 4 0 21 0 3 13 0 3 40 3 1 8 4 3 36 1 2 11 3 1 29 2 0
8 1 2 0 21 0 3 13 0 3 40 3 1 8 4 3 36 1 3 14 3 1 27 3 0
8 1 4 0 21 0 3 13 0 3 40 3 2 10 4 0 23 2 3 15 0 1 29 3 0
8 1 3 0 21 0 3 13 0 3 40 3 2 10 4 0 23 2 4 20 0 1 28 4 0
6 1 2 0 21 0 3 13 0 3 40 3 2 10 4 1 27 2 0
8 1 4 0 21 0 3 13 0 3 40 3 2 10 4 3 37 2 1 7 3 1 29 1 0
8 1 3 0 21 0 3 13 0 3 40 3 2 10 4 3 37 2 3 16 3 1 28 3 0
8 1 3 0 21 0 3 13 0 3 40 3 4 19 4 0 24 4 2 12 0 1 28 2 0
8 1 2 0 21 0 3 13 0 3 40 3 4 19 4 0 24 4 3 14 0 1 27 3 0
6 1 4 0 21 0 3 13 0 3 40 3 4 19 4 1 29 4 0
8 1 2 0 21 0 3 13 0 3 40 3 4 19 4 2 31 4 1 6 2 1 27 1 0
8 1 3 0 21 0 3 13 0 3 40 3 4 19 4 2 31 4 3 16 2 1 28 3 0
8 1 2 0 21 0 3 13 0 4 41 3 0 2 4 0 23 0 2 10 0 1 27 2 0
8 1 4 0 21 0 3 13 0 4 41 3 0 2 4 0 23 0 3 15 0 1 29 3 0
8 1 3 0 21 0 3 13 0 4 41 3 0 2 4 0 23 0 4 20 0 1 28 4 0
8 1 2 0 21 0 3 13 0 4 41 3 0 2 4 2 31 0 1 6 2 1 27 1 0
8 1 3 0 21 0 3 13 0 4 41 3 0 2 4 2 31 0 3 16 2 1 28 3 0
8 1 4 0 21 0 3 13 0 4 41 3 0 2 4 2 31 0 4 19 2 1 29 4 0
8 1 3 0 21 0 3 13 0 4 41 3 0 2 4 3 36 0 1 8 3 1 28 1 0
8 1 4 0 21 0 3 13 0 4 41 3 0 2 4 3 36 0 2 11 3 1 29 2 0
8 1 2 0 21 0 3 13 0 4 41 3 0 2 4 3 36 0 3 14 3 1 27 3 0
6 1 4 0 21 0 3 13 0 4 41 3 1 7 4 1 29 1 0
8 1 2 0 21 0 3 13 0 4 41 3 1 7 4 2 33 1 3 14 2 1 27 3 0
8 1 3 0 21 0 3 13 0 4 41 3 1 7 4 2 33 1 4 20 2 1 28 4 0
8 1 2 0 21 0 3 13 0 4 41 3 1 7 4 3 37 1 2 10 3 1 27 2 0
8 1 3 0 21 0 3 13 0 4 41 3 1 7 4 3 37 1 3 16 3 1 28 3 0
8 1 2 0 21 0 3 13 0 4 41 3 2 12 4 0 24 2 3 14 0 1 27 3 0
8 1 4 0 21 0 3 13 0 4 41 3 2 12 4 0 24 2 4 19 0 1 29 4 0
6 1 3 0 21 0 3 13 0 4 41 3 2 12 4 1 28 2 0
8 1 2 0 21 0 3 13 0 4 41 3 2 12 4 3 35 2 1 6 3 1 27 1 0
8 1 4 0 21 0 3 13 0 4 41 3 2 12 4 3 35 2 3 15 3 1 29 3 0
8 1 4 0 21 0 3 13 0 4 41 3 4 18 4 0 25 4 2 11 0 1 29 2 0
8 1 3 0 21 0 3 13 0 4 41 3 4 18 4 0 25 4 3 16 0 1 28 3 0
6 1 2 0 21 0 3 13 0 4 41 3 4 18 4 1 27 4 0
8 1 3 0 21 0 3 13 0 4 41 3 4 18 4 2 32 4 1 8 2 1 28 1 0
8 1 4 0 21 0 3 13 0 4 41 3 4 18 4 2 32 4 3 15 2 1 29 3 0
8 1 4 0 21 0 4 17 0 2 35 4 0 3 3 0 25 0 2 11 0 1 29 2 0
8 1 3 0 21 0 4 17 0 2 35 4 0 3 3 0 25 0 3 16 0 1 28 3 0
8 1 2 0 21 0 4 17 0 2 35 4 0 3 3 0 25 0 4 18 0 1 27 4 0
8 1 4 0 21 0 4 17 0 2 35 4 0 3 3 2 33 0 1 7 2 1 29 1 0
8 1 2 0 21 0 4 17 0 2 35 4 0 3 3 2 33 0 3 14 2 1 27 3 0
8 1 3 0 21 0 4 17 0 2 35 4 0 3 3 2 33 0 4 20 2 1 28 4 0
8 1 3 0 21 0 4 17 0 2 35 4 0 3 3 4 40 0 1 8 4 1 28 1 0
8 1 2 0 21 0 4 17 0 2 35 4 0 3 3 4 40 0 2 10 4 1 27 2 0
8 1 4 0 21 0 4 17 0 2 35 4 0 3 3 4 40 0 4 19 4 1 29 4 0
6 1 2 0 21 0 4 17 0 2 35 4 1 6 3 1 27 1 0
8 1 3 0 21 0 4 17 0 2 35 4 1 6 3 2 31 1 3 16 2 1 28 3 0
8 1 4 0 21 0 4 17 0 2 35 4 1 6 3 2 31 1 4 19 2 1 29 4 0
8 1 4 0 21 0 4 17 0 2 35 4 1 6 3 4 39 1 2 11 4 1 29 2 0
8 1 3 0 21 0 4 17 0 2 35 4 1 6 3 4 39 1 4 20 4 1 28 4 0
8 1 2 0 21 0 4 17 0 2 35 4 2 12 3 0 24 2 3 14 0 1 27 3 0
8 1 4 0 21 0 4 17 0 2 35 4 2 12 3 0 24 2 4 19 0 1 29 4 0
6 1 3 0 21 0 4 17 0 2 35 4 2 12 3 1 28 2 0
8 1 4 0 21 0 4 17 0 2 35 4 2 12 3 4 41 2 1 7 4 1 29 1 0
8 1 2 0 21 0 4 17 0 2 35 4 2 12 3 4 41 2 4 18 4 1 27 4 0
8 1 2 0 21 0 4 17 0 2 35 4 3 15 3 0 23 3 2 10 0 1 27 2 0
8 1 3 0 21 0 4 17 0 2 35 4 3 15 3 0 23 3 4 20 0 1 28 4 0
6 1 4 0 21 0 4 17 0 2 35 4 3 15 3 1 29 3 0
8 1 3 0 21 0 4 17 0 2 35 4 3 15 3 2 32 3 1 8 2 1 28 1 0
8 1 2 0 21 0 4 17 0 2 35 4 3 15 3 2 32 3 4 18 2 1 27 4 0
8 1 2 0 21 0 4 17 0 3 36 4 0 2 3 0 23 0 2 10 0 1 27 2 0
8 1 4 0 21 0 4 17 0 3 36 4 0 2 3 0 23 0 3 15 0 1 29 3 0
8 1 3 0 21 0 4 17 0 3 36 4 0 2 3 0 23 0 4 20 0 1 28 4 0
8 1 2 0 21 0 4 17 0 3 36 4 0 2 3 2 31 0 1 6 2 1 27 1 0
8 1 3 0 21 0 4 17 0 3 36 4 0 2 3 2 31 0 3 16 2 1 28 3 0
8 1 4 0 21 0 4 17 0 3 36 4 0 2 3 2 31 0 4 19 2 1 29 4 0
8 1 4 0 21 0 4 17 0 3 36 4 0 2 3 4 41 0 1 7 4 1 29 1 0
8 1 3 0 21 0 4 17 0 3 36 4 0 2 3 4 41 0 2 12 4 1 28 2 0
8 1 2 0 21 0 4 17 0 3 36 4 0 2 3 4 41 0 4 18 4 1 27 4 0
6 1 3 0 21 0 4 17 0 3 36 4 1 8 3 1 28 1 0
8 1 4 0 21 0 4 17 0 3 36 4 1 8 3 2 32 1 3 15 2 1 29 3 0
8 1 2 0 21 0 4 17 0 3 36 4 1 8 3 2 32 1 4 18 2 1 27 4 0
8 1 2 0 21 0 4 17 0 3 36 4 1 8 3 4 40 1 2 10 4 1 27 2 0
8 1 4 0 21 0 4 17 0 3 36 4 1 8 3 4 40 1 4 19 4 1 29 4 0
8 1 3 0 21 0 4 17 0 3 36 4 2 11 3 0 25 2 3 16 0 1 28 3 0
8 1 2 0 21 0 4 17 0 3 36 4 2 11 3 0 25 2 4 18 0 1 27 4 0
6 1 4 0 21 0 4 17 0 3 36 4 2 11 3 1 29 2 0
8 1 2 0 21 0 4 17 0 3 36 4 2 11 3 4 39 2 1 6 4 1 27 1 0
8 1 3 0 21 0 4 17 0 3 36 4 2 11 3 4 39 2 4 20 4 1 28 4 0
8 1 3 0 21 0 4 17 0 3 36 4 3 14 3 0 24 3 2 12 0 1 28 2 0
8 1 4 0 21 0 4 17 0 3 36 4 3 14 3 0 24 3 4 19 0 1 29 4 0
6 1 2 0 21 0 4 17 0 3 36 4 3 14 3 1 27 3 0
8 1 4 0 21 0 4 17 0 3 36 4 3 14 3 2 33 3 1 7 2 1 29 1 0
8 1 3 0 21 0 4 17 0 3 36 4 3 14 3 2 33 3 4 20 2 1 28 4 0
8 1 3 0 21 0 4 17 0 4 37 4 0 4 3 0 24 0 2 12 0 1 28 2 0
8 1 2 0 21 0 4 17 0 4 37 4 0 4 3 0 24 0 3 14 0 1 27 3 0
8 1 4 0 21 0 4 17 0 4 37 4 0 4 3 0 24 0 4 19 0 1 29 4 0
8 1 3 0 21 0 4 17 0 4 37 4 0 4 3 2 32 0 1 8 2 1 28 1 0
8 1 4 0 21 0 4 17 0 4 37 4 0 4 3 2 32 0 3 15 2 1 29 3 0
8 1 2 0 21 0 4 17 0 4 37 4 0 4 3 2 32 0 4 18 2 1 27 4 0
8 1 2 0 21 0 4 17 0 4 37 4 0 4 3 4 39 0 1 6 4 1 27 1 0
8 1 4 0 21 0 4 17 0 4 37 4 0 4 3 4 39 0 2 11 4 1 29 2 0
8 1 3 0 21 0 4 17 0 4 37 4 0 4 3 4 39 0 4 20 4 1 28 4 0
6 1 4 0 21 0 4 17 0 4 37 4 1 7 3 1 29 1 0
8 1 2 0 21 0 4 17 0 4 37 4 1 7 3 2 33 1 3 14 2 1 27 3 0
8 1 3 0 21 0 4 17 0 4 37 4 1 7 3 2 33 1 4 20 2 1 28 4 0
8 1 3 0 21 0 4 17 0 4 37 4 1 7 3 4 41 1 2 12 4 1 28 2 0
8 1 2 0 21 0 4 17 0 4 37 4 1 7 3 4 41 1 4 18 4 1 27 4 0
8 1 4 0 21 0 4 17 0 4 37 4 2 10 3 0 23 2 3 15 0 1 29 3 0
8 1 3 0 21 0 4 17 0 4 37 4 2 10 3 0 23 2 4 20 0 1 28 4 0
6 1 2 0 21 0 4 17 0 4 37 4 2 10 3 1 27 2 0
8 1 3 0 21 0 4 17 0 4 37 4 2 10 3 4 40 2 1 8 4 1 28 1 0
8 1 4 0 21 0 4 17 0 4 37 4 2 10 3 4 40 2 4 19 4 1 29 4 0
8 1 4 0 21 0 4 17 0 4 37 4 3 16 3 0 25 3 2 11 0 1 29 2 0
8 1 2 0 21 0 4 17 0 4 37 4 3 16 3 0 25 3 4 18 0 1 27 4 0
6 1 3 0 21 0 4 17 0 4 37 4 3 16 3 1 28 3 0
8 1 2 0 21 0 4 17 0 4 37 4 3 16 3 2 31 3 1 6 2 1 27 1 0
8 1 4 0 21 0 4 17 0 4 37 4 3 16 3 2 31 3 4 19 2 1 29 4 0
8 1 4 2 27 0 1 6 1 2 31 1 0 2 2 0 23 0 3 15 0 1 29 3 0
8 1 3 2 27 0 1 6 1 2 31 1 0 2 2 0 23 0 4 20 0 1 28 4 0
8 1 3 2 27 0 1 6 1 2 31 1 0 2 2 3 36 0 1 8 3 1 28 1 0
8 1 4 2 27 0 1 6 1 2 31 1 0 2 2 3 36 0 2 11 3 1 29 2 0
8 1 4 2 27 0 1 6 1 2 31 1 0 2 2 4 41 0 1 7 4 1 29 1 0
8 1 3 2 27 0 1 6 1 2 31 1 0 2 2 4 41 0 2 12 4 1 28 2 0
8 1 3 2 27 0 1 6 1 2 31 1 2 9 2 3 32 2 1 8 2 1 28 1 0
8 1 4 2 27 0 1 6 1 2 31 1 2 9 2 3 32 2 3 15 2 1 29 3 0
8 1 4 2 27 0 1 6 1 2 31 1 2 9 2 4 33 2 1 7 2 1 29 1 0
8 1 3 2 27 0 1 6 1 2 31 1 2 9 2 4 33 2 4 20 2 1 28 4 0
8 1 4 2 27 0 1 6 1 2 31 1 3 16 2 0 25 3 2 11 0 1 29 2 0
6 1 3 2 27 0 1 6 1 2 31 1 3 16 2 1 28 3 0
8 1 4 2 27 0 1 6 1 2 31 1 3 16 2 3 37 3 1 7 3 1 29 1 0
8 1 3 2 27 0 1 6 1 2 31 1 4 19 2 0 24 4 2 12 0 1 28 2 0
6 1 4 2 27 0 1 6 1 2 31 1 4 19 2 1 29 4 0
8 1 3 2 27 0 1 6 1 2 31 1 4 19 2 4 40 4 1 8 4 1 28 1 0
8 1 4 2 27 0 1 6 1 3 35 1 0 3 3 0 25 0 2 11 0 1 29 2 0
8 1 3 2 27 0 1 6 1 3 35 1 0 3 3 0 25 0 3 16 0 1 28 3 0
8 1 4 2 27 0 1 6 1 3 35 1 0 3 3 2 33 0 1 7 2 1 29 1 0
8 1 3 2 27 0 1 6 1 3 35 1 0 3 3 2 33 0 4 20 2 1 28 4 0
8 1 3 2 27 0 1 6 1 3 35 1 0 3 3 4 40 0 1 8 4 1 28 1 0
8 1 4 2 27 0 1 6 1 3 35 1 0 3 3 4 40 0 4 19 4 1 29 4 0
8 1 4 2 27 0 1 6 1 3 35 1 2 12 3 0 24 2 4 19 0 1 29 4 0
6 1 3 2 27 0 1 6 1 3 35 1 2 12 3 1 28 2 0
8 1 4 2 27 0 1 6 1 3 35 1 2 12 3 4 41 2 1 7 4 1 29 1 0
8 1 3 2 27 0 1 6 1 3 35 1 3 15 3 0 23 3 4 20 0 1 28 4 0
6 1 4 2 27 0 1 6 1 3 35 1 3 15 3 1 29 3 0
8 1 3 2 27 0 1 6 1 3 35 1 3 15 3 2 32 3 1 8 2 1 28 1 0
8 1 3 2 27 0 1 6 1 3 35 1 4 17 2 3 36 4 1 8 3 1 28 1 0
8 1 4 2 27 0 1 6 1 3 35 1 4 17 2 3 36 4 2 11 3 1 29 2 0
8 1 4 2 27 0 1 6 1 3 35 1 4 17 2 4 37 4 1 7 3 1 29 1 0
8 1 3 2 27 0 1 6 1 3 35 1 4 17 2 4 37 4 3 16 3 1 28 3 0
8 1 3 2 27 0 1 6 1 4 39 1 0 4 4 0 24 0 2 12 0 1 28 2 0
8 1 4 2 27 0 1 6 1 4 39 1 0 4 4 0 24 0 4 19 0 1 29 4 0
8 1 3 2 27 0 1 6 1 4 39 1 0 4 4 2 32 0 1 8 2 1 28 1 0
8 1 4 2 27 0 1 6 1 4 39 1 0 4 4 2 32 0 3 15 2 1 29 3 0
8 1 4 2 27 0 1 6 1 4 39 1 0 4 4 3 37 0 1 7 3 1 29 1 0
8 1 3 2 27 0 1 6 1 4 39 1 0 4 4 3 37 0 3 16 3 1 28 3 0
8 1 3 2 27 0 1 6 1 4 39 1 2 11 4 0 25 2 3 16 0 1 28 3 0
6 1 4 2 27 0 1 6 1 4 39 1 2 11 4 1 29 2 0
8 1 3 2 27 0 1 6 1 4 39 1 2 11 4 3 36 2 1 8 3 1 28 1 0
8 1 3 2 27 0 1 6 1 4 39 1 3 13 2 3 40 3 1 8 4 1 28 1 0
8 1 4 2 27 0 1 6 1 4 39 1 3 13 2 3 40 3 4 19 4 1 29 4 0
8 1 4 2 27 0 1 6 1 4 39 1 3 13 2 4 41 3 1 7 4 1 29 1 0
8 1 3 2 27 0 1 6 1 4 39 1 3 13 2 4 41 3 2 12 4 1 28 2 0
8 1 4 2 27 0 1 6 1 4 39 1 4 20 4 0 23 4 3 15 0 1 29 3 0
6 1 3 2 27 0 1 6 1 4 39 1 4 20 4 1 28 4 0
8 1 4 2 27 0 1 6 1 4 39 1 4 20 4 2 33 4 1 7 2 1 29 1 0
8 1 3 2 27 0 2 10 1 0 23 2 0 2 0 2 31 0 3 16 2 1 28 3 0
8 1 4 2 27 0 2 10 1 0 23 2 0 2 0 2 31 0 4 19 2 1 29 4 0
8 1 3 2 27 0 2 10 1 0 23 2 0 2 0 3 36 0 1 8 3 1 28 1 0
8 1 4 2 27 0 2 10 1 0 23 2 0 2 0 3 36 0 2 11 3 1 29 2 0
8 1 4 2 27 0 2 10 1 0 23 2 0 2 0 4 41 0 1 7 4 1 29 1 0
8 1 3 2 27 0 2 10 1 0 23 2 0 2 0 4 41 0 2 12 4 1 28 2 0
8 1 3 2 27 0 2 10 1 0 23 2 1 5 2 3 24 1 2 12 0 1 28 2 0
8 1 4 2 27 0 2 10 1 0 23 2 1 5 2 3 24 1 4 19 0 1 29 4 0
8 1 4 2 27 0 2 10 1 0 23 2 1 5 2 4 25 1 2 11 0 1 29 2 0
8 1 3 2 27 0 2 10 1 0 23 2 1 5 2 4 25 1 3 16 0 1 28 3 0
6 1 4 2 27 0 2 10 1 0 23 2 3 15 0 1 29 3 0
8 1 3 2 27 0 2 10 1 0 23 2 3 15 0 2 32 3 1 8 2 1 28 1 0
8 1 3 2 27 0 2 10 1 0 23 2 3 15 0 3 35 3 2 12 3 1 28 2 0
6 1 3 2 27 0 2 10 1 0 23 2 4 20 0 1 28 4 0
8 1 4 2 27 0 2 10 1 0 23 2 4 20 0 2 33 4 1 7 2 1 29 1 0
8 1 4 2 27 0 2 10 1 0 23 2 4 20 0 4 39 4 2 11 4 1 29 2 0
8 1 3 2 27 0 2 10 1 3 37 2 0 4 3 0 24 0 2 12 0 1 28 2 0
8 1 4 2 27 0 2 10 1 3 37 2 0 4 3 0 24 0 4 19 0 1 29 4 0
8 1 3 2 27 0 2 10 1 3 37 2 0 4 3 2 32 0 1 8 2 1 28 1 0
8 1 4 2 27 0 2 10 1 3 37 2 0 4 3 2 32 0 3 15 2 1 29 3 0
8 1 4 2 27 0 2 10 1 3 37 2 0 4 3 4 39 0 2 11 4 1 29 2 0
8 1 3 2 27 0 2 10 1 3 37 2 0 4 3 4 39 0 4 20 4 1 28 4 0
6 1 4 2 27 0 2 10 1 3 37 2 1 7 3 1 29 1 0
8 1 3 2 27 0 2 10 1 3 37 2 1 7 3 2 33 1 4 20 2 1 28 4 0
8 1 3 2 27 0 2 10 1 3 37 2 1 7 3 4 41 1 2 12 4 1 28 2 0
8 1 4 2 27 0 2 10 1 3 37 2 3 16 3 0 25 3 2 11 0 1 29 2 0
6 1 3 2 27 0 2 10 1 3 37 2 3 16 3 1 28 3 0
8 1 4 2 27 0 2 10 1 3 37 2 3 16 3 2 31 3 4 19 2 1 29 4 0
8 1 3 2 27 0 2 10 1 3 37 2 4 17 4 2 35 4 2 12 3 1 28 2 0
8 1 4 2 27 0 2 10 1 3 37 2 4 17 4 2 35 4 3 15 3 1 29 3 0
8 1 3 2 27 0 2 10 1 3 37 2 4 17 4 3 36 4 1 8 3 1 28 1 0
8 1 4 2 27 0 2 10 1 3 37 2 4 17 4 3 36 4 2 11 3 1 29 2 0
8 1 4 2 27 0 2 10 1 4 40 2 0 3 4 0 25 0 2 11 0 1 29 2 0
8 1 3 2 27 0 2 10 1 4 40 2 0 3 4 0 25 0 3 16 0 1 28 3 0
8 1 4 2 27 0 2 10 1 4 40 2 0 3 4 2 33 0 1 7 2 1 29 1 0
8 1 3 2 27 0 2 10 1 4 40 2 0 3 4 2 33 0 4 20 2 1 28 4 0
8 1 3 2 27 0 2 10 1 4 40 2 0 3 4 3 35 0 2 12 3 1 28 2 0
8 1 4 2 27 0 2 10 1 4 40 2 0 3 4 3 35 0 3 15 3 1 29 3 0
6 1 3 2 27 0 2 10 1 4 40 2 1 8 4 1 28 1 0
8 1 4 2 27 0 2 10 1 4 40 2 1 8 4 2 32 1 3 15 2 1 29 3 0
8 1 4 2 27 0 2 10 1 4 40 2 1 8 4 3 36 1 2 11 3 1 29 2 0
8 1 4 2 27 0 2 10 1 4 40 2 3 13 3 2 39 3 2 11 4 1 29 2 0
8 1 3 2 27 0 2 10 1 4 40 2 3 13 3 2 39 3 4 20 4 1 28 4 0
8 1 4 2 27 0 2 10 1 4 40 2 3 13 3 4 41 3 1 7 4 1 29 1 0
8 1 3 2 27 0 2 10 1 4 40 2 3 13 3 4 41 3 2 12 4 1 28 2 0
8 1 3 2 27 0 2 10 1 4 40 2 4 19 4 0 24 4 2 12 0 1 28 2 0
6 1 4 2 27 0 2 10 1 4 40 2 4 19 4 1 29 4 0
8 1 3 2 27 0 2 10 1 4 40 2 4 19 4 2 31 4 3 16 2 1 28 3 0
8 1 3 2 27 0 3 14 1 0 24 3 0 4 0 2 32 0 1 8 2 1 28 1 0
8 1 4 2 27 0 3 14 1 0 24 3 0 4 0 2 32 0 3 15 2 1 29 3 0
8 1 4 2 27 0 3 14 1 0 24 3 0 4 0 3 37 0 1 7 3 1 29 1 0
8 1 3 2 27 0 3 14 1 0 24 3 0 4 0 3 37 0 3 16 3 1 28 3 0
8 1 4 2 27 0 3 14 1 0 24 3 0 4 0 4 39 0 2 11 4 1 29 2 0
8 1 3 2 27 0 3 14 1 0 24 3 0 4 0 4 39 0 4 20 4 1 28 4 0
8 1 4 2 27 0 3 14 1 0 24 3 1 5 3 2 23 1 3 15 0 1 29 3 0
8 1 3 2 27 0 3 14 1 0 24 3 1 5 3 2 23 1 4 20 0 1 28 4 0
8 1 4 2 27 0 3 14 1 0 24 3 1 5 3 4 25 1 2 11 0 1 29 2 0
8 1 3 2 27 0 3 14 1 0 24 3 1 5 3 4 25 1 3 16 0 1 28 3 0
6 1 3 2 27 0 3 14 1 0 24 3 2 12 0 1 28 2 0
8 1 4 2 27 0 3 14 1 0 24 3 2 12 0 3 35 2 3 15 3 1 29 3 0
8 1 4 2 27 0 3 14 1 0 24 3 2 12 0 4 41 2 1 7 4 1 29 1 0
6 1 4 2 27 0 3 14 1 0 24 3 4 19 0 1 29 4 0
8 1 3 2 27 0 3 14 1 0 24 3 4 19 0 2 31 4 3 16 2 1 28 3 0
8 1 3 2 27 0 3 14 1 0 24 3 4 19 0 4 40 4 1 8 4 1 28 1 0
8 1 4 2 27 0 3 14 1 2 33 3 0 3 2 0 25 0 2 11 0 1 29 2 0
8 1 3 2 27 0 3 14 1 2 33 3 0 3 2 0 25 0 3 16 0 1 28 3 0
8 1 3 2 27 0 3 14 1 2 33 3 0 3 2 3 35 0 2 12 3 1 28 2 0
8 1 4 2 27 0 3 14 1 2 33 3 0 3 2 3 35 0 3 15 3 1 29 3 0
8 1 3 2 27 0 3 14 1 2 33 3 0 3 2 4 40 0 1 8 4 1 28 1 0
8 1 4 2 27 0 3 14 1 2 33 3 0 3 2 4 40 0 4 19 4 1 29 4 0
6 1 4 2 27 0 3 14 1 2 33 3 1 7 2 1 29 1 0
8 1 3 2 27 0 3 14 1 2 33 3 1 7 2 3 37 1 3 16 3 1 28 3 0
8 1 3 2 27 0 3 14 1 2 33 3 1 7 2 4 41 1 2 12 4 1 28 2 0
8 1 3 2 27 0 3 14 1 2 33 3 2 9 4 2 31 2 3 16 2 1 28 3 0
8 1 4 2 27 0 3 14 1 2 33 3 2 9 4 2 31 2 4 19 2 1 29 4 0
8 1 3 2 27 0 3 14 1 2 33 3 2 9 4 3 32 2 1 8 2 1 28 1 0
8 1 4 2 27 0 3 14 1 2 33 3 2 9 4 3 32 2 3 15 2 1 29 3 0
8 1 4 2 27 0 3 14 1 2 33 3 4 20 2 0 23 4 3 15 0 1 29 3 0
6 1 3 2 27 0 3 14 1 2 33 3 4 20 2 1 28 4 0
8 1 4 2 27 0 3 14 1 2 33 3 4 20 2 4 39 4 2 11 4 1 29 2 0
8 1 4 2 27 0 3 14 1 3 36 3 0 2 3 0 23 0 3 15 0 1 29 3 0
8 1 3 2 27 0 3 14 1 3 36 3 0 2 3 0 23 0 4 20 0 1 28 4 0
8 1 3 2 27 0 3 14 1 3 36 3 0 2 3 2 31 0 3 16 2 1 28 3 0
8 1 4 2 27 0 3 14 1 3 36 3 0 2 3 2 31 0 4 19 2 1 29 4 0
8 1 4 2 27 0 3 14 1 3 36 3 0 2 3 4 41 0 1 7 4 1 29 1 0
8 1 3 2 27 0 3 14 1 3 36 3 0 2 3 4 41 0 2 12 4 1 28 2 0
6 1 3 2 27 0 3 14 1 3 36 3 1 8 3 1 28 1 0
8 1 4 2 27 0 3 14 1 3 36 3 1 8 3 2 32 1 3 15 2 1 29 3 0
8 1 4 2 27 0 3 14 1 3 36 3 1 8 3 4 40 1 4 19 4 1 29 4 0
8 1 3 2 27 0 3 14 1 3 36 3 2 11 3 0 25 2 3 16 0 1 28 3 0
6 1 4 2 27 0 3 14 1 3 36 3 2 11 3 1 29 2 0
8 1 3 2 27 0 3 14 1 3 36 3 2 11 3 4 39 2 4 20 4 1 28 4 0
8 1 3 2 27 0 3 14 1 3 36 3 4 17 3 2 35 4 2 12 3 1 28 2 0
8 1 4 2 27 0 3 14 1 3 36 3 4 17 3 2 35 4 3 15 3 1 29 3 0
8 1 4 2 27 0 3 14 1 3 36 3 4 17 3 4 37 4 1 7 3 1 29 1 0
8 1 3 2 27 0 3 14 1 3 36 3 4 17 3 4 37 4 3 16 3 1 28 3 0
8 1 4 2 27 0 4 18 1 0 25 4 0 3 0 2 33 0 1 7 2 1 29 1 0
8 1 3 2 27 0 4 18 1 0 25 4 0 3 0 2 33 0 4 20 2 1 28 4 0
8 1 3 2 27 0 4 18 1 0 25 4 0 3 0 3 35 0 2 12 3 1 28 2 0
8 1 4 2 27 0 4 18 1 0 25 4 0 3 0 3 35 0 3 15 3 1 29 3 0
8 1 3 2 27 0 4 18 1 0 25 4 0 3 0 4 40 0 1 8 4 1 28 1 0
8 1 4 2 27 0 4 18 1 0 25 4 0 3 0 4 40 0 4 19 4 1 29 4 0
8 1 4 2 27 0 4 18 1 0 25 4 1 5 4 2 23 1 3 15 0 1 29 3 0
8 1 3 2 27 0 4 18 1 0 25 4 1 5 4 2 23 1 4 20 0 1 28 4 0
8 1 3 2 27 0 4 18 1 0 25 4 1 5 4 3 24 1 2 12 0 1 28 2 0
8 1 4 2 27 0 4 18 1 0 25 4 1 5 4 3 24 1 4 19 0 1 29 4 0
6 1 4 2 27 0 4 18 1 0 25 4 2 11 0 1 29 2 0
8 1 3 2 27 0 4 18 1 0 25 4 2 11 0 3 36 2 1 8 3 1 28 1 0
8 1 3 2 27 0 4 18 1 0 25 4 2 11 0 4 39 2 4 20 4 1 28 4 0
6 1 3 2 27 0 4 18 1 0 25 4 3 16 0 1 28 3 0
8 1 4 2 27 0 4 18 1 0 25 4 3 16 0 2 31 3 4 19 2 1 29 4 0
8 1 4 2 27 0 4 18 1 0 25 4 3 16 0 3 37 3 1 7 3 1 29 1 0
8 1 3 2 27 0 4 18 1 2 32 4 0 4 2 0 24 0 2 12 0 1 28 2 0
8 1 4 2 27 0 4 18 1 2 32 4 0 4 2 0 24 0 4 19 0 1 29 4 0
8 1 4 2 27 0 4 18 1 2 32 4 0 4 2 3 37 0 1 7 3 1 29 1 0
8 1 3 2 27 0 4 18 1 2 32 4 0 4 2 3 37 0 3 16 3 1 28 3 0
8 1 4 2 27 0 4 18 1 2 32 4 0 4 2 4 39 0 2 11 4 1 29 2 0
8 1 3 2 27 0 4 18 1 2 32 4 0 4 2 4 39 0 4 20 4 1 28 4 0
6 1 3 2 27 0 4 18 1 2 32 4 1 8 2 1 28 1 0
8 1 4 2 27 0 4 18 1 2 32 4 1 8 2 3 36 1 2 11 3 1 29 2 0
8 1 4 2 27 0 4 18 1 2 32 4 1 8 2 4 40 1 4 19 4 1 29 4 0
8 1 3 2 27 0 4 18 1 2 32 4 2 9 3 2 31 2 3 16 2 1 28 3 0
8 1 4 2 27 0 4 18 1 2 32 4 2 9 3 2 31 2 4 19 2 1 29 4 0
8 1 4 2 27 0 4 18 1 2 32 4 2 9 3 4 33 2 1 7 2 1 29 1 0
8 1 3 2 27 0 4 18 1 2 32 4 2 9 3 4 33 2 4 20 2 1 28 4 0
8 1 3 2 27 0 4 18 1 2 32 4 3 15 2 0 23 3 4 20 0 1 28 4 0
6 1 4 2 27 0 4 18 1 2 32 4 3 15 2 1 29 3 0
8 1 3 2 27 0 4 18 1 2 32 4 3 15 2 3 35 3 2 12 3 1 28 2 0
8 1 4 2 27 0 4 18 1 4 41 4 0 2 4 0 23 0 3 15 0 1 29 3 0
8 1 3 2 27 0 4 18 1 4 41 4 0 2 4 0 23 0 4 20 0 1 28 4 0
8 1 3 2 27 0 4 18 1 4 41 4 0 2 4 2 31 0 3 16 2 1 28 3 0
8 1 4 2 27 0 4 18 1 4 41 4 0 2 4 2 31 0 4 19 2 1 29 4 0
8 1 3 2 27 0 4 18 1 4 41 4 0 2 4 3 36 0 1 8 3 1 28 1 0
8 1 4 2 27 0 4 18 1 4 41 4 0 2 4 3 36 0 2 11 3 1 29 2 0
6 1 4 2 27 0 4 18 1 4 41 4 1 7 4 1 29 1 0
8 1 3 2 27 0 4 18 1 4 41 4 1 7 4 2 33 1 4 20 2 1 28 4 0
8 1 3 2 27 0 4 18 1 4 41 4 1 7 4 3 37 1 3 16 3 1 28 3 0
8 1 4 2 27 0 4 18 1 4 41 4 2 12 4 0 24 2 4 19 0 1 29 4 0
6 1 3 2 27 0 4 18 1 4 41 4 2 12 4 1 28 2 0
8 1 4 2 27 0 4 18 1 4 41 4 2 12 4 3 35 2 3 15 3 1 29 3 0
8 1 4 2 27 0 4 18 1 4 41 4 3 13 4 2 39 3 2 11 4 1 29 2 0
8 1 3 2 27 0 4 18 1 4 41 4 3 13 4 2 39 3 4 20 4 1 28 4 0
8 1 3 2 27 0 4 18 1 4 41 4 3 13 4 3 40 3 1 8 4 1 28 1 0
8 1 4 2 27 0 4 18 1 4 41 4 3 13 4 3 40 3 4 19 4 1 29 4 0
8 1 4 3 28 0 1 8 1 2 32 1 0 4 2 0 24 0 4 19 0 1 29 4 0
8 1 4 3 28 0 1 8 1 2 32 1 0 4 2 3 37 0 1 7 3 1 29 1 0
8 1 4 3 28 0 1 8 1 2 32 1 0 4 2 4 39 0 2 11 4 1 29 2 0
8 1 4 3 28 0 1 8 1 2 32 1 2 9 3 2 31 2 4 19 2 1 29 4 0
8 1 4 3 28 0 1 8 1 2 32 1 2 9 3 4 33 2 1 7 2 1 29 1 0
6 1 4 3 28 0 1 8 1 2 32 1 3 15 2 1 29 3 0
8 1 4 3 28 0 1 8 1 2 32 1 4 18 2 0 25 4 2 11 0 1 29 2 0
8 1 4 3 28 0 1 8 1 2 32 1 4 18 2 4 41 4 1 7 4 1 29 1 0
8 1 4 3 28 0 1 8 1 3 36 1 0 2 3 0 23 0 3 15 0 1 29 3 0
8 1 4 3 28 0 1 8 1 3 36 1 0 2 3 2 31 0 4 19 2 1 29 4 0
8 1 4 3 28 0 1 8 1 3 36 1 0 2 3 4 41 0 1 7 4 1 29 1 0
6 1 4 3 28 0 1 8 1 3 36 1 2 11 3 1 29 2 0
8 1 4 3 28 0 1 8 1 3 36 1 3 14 3 0 24 3 4 19 0 1 29 4 0
8 1 4 3 28 0 1 8 1 3 36 1 3 14 3 2 33 3 1 7 2 1 29 1 0
8 1 4 3 28 0 1 8 1 3 36 1 4 17 3 2 35 4 3 15 3 1 29 3 0
8 1 4 3 28 0 1 8 1 3 36 1 4 17 3 4 37 4 1 7 3 1 29 1 0
8 1 4 3 28 0 1 8 1 4 40 1 0 3 4 0 25 0 2 11 0 1 29 2 0
8 1 4 3 28 0 1 8 1 4 40 1 0 3 4 2 33 0 1 7 2 1 29 1 0
8 1 4 3 28 0 1 8 1 4 40 1 0 3 4 3 35 0 3 15 3 1 29 3 0
8 1 4 3 28 0 1 8 1 4 40 1 2 10 4 0 23 2 3 15 0 1 29 3 0
8 1 4 3 28 0 1 8 1 4 40 1 2 10 4 3 37 2 1 7 3 1 29 1 0
8 1 4 3 28 0 1 8 1 4 40 1 3 13 3 2 39 3 2 11 4 1 29 2 0
8 1 4 3 28 0 1 8 1 4 40 1 3 13 3 4 41 3 1 7 4 1 29 1 0
6 1 4 3 28 0 1 8 1 4 40 1 4 19 4 1 29 4 0
8 1 4 3 28 0 2 12 1 0 24 2 0 4 0 2 32 0 3 15 2 1 29 3 0
8 1 4 3 28 0 2 12 1 0 24 2 0 4 0 3 37 0 1 7 3 1 29 1 0
8 1 4 3 28 0 2 12 1 0 24 2 0 4 0 4 39 0 2 11 4 1 29 2 0
8 1 4 3 28 0 2 12 1 0 24 2 1 5 3 2 23 1 3 15 0 1 29 3 0
8 1 4 3 28 0 2 12 1 0 24 2 1 5 3 4 25 1 2 11 0 1 29 2 0
8 1 4 3 28 0 2 12 1 0 24 2 3 14 0 2 33 3 1 7 2 1 29 1 0
8 1 4 3 28 0 2 12 1 0 24 2 3 14 0 3 36 3 2 11 3 1 29 2 0
6 1 4 3 28 0 2 12 1 0 24 2 4 19 0 1 29 4 0
8 1 4 3 28 0 2 12 1 3 35 2 0 3 3 0 25 0 2 11 0 1 29 2 0
8 1 4 3 28 0 2 12 1 3 35 2 0 3 3 2 33 0 1 7 2 1 29 1 0
8 1 4 3 28 0 2 12 1 3 35 2 0 3 3 4 40 0 4 19 4 1 29 4 0
8 1 4 3 28 0 2 12 1 3 35 2 1 6 3 2 31 1 4 19 2 1 29 4 0
8 1 4 3 28 0 2 12 1 3 35 2 1 6 3 4 39 1 2 11 4 1 29 2 0
6 1 4 3 28 0 2 12 1 3 35 2 3 15 3 1 29 3 0
8 1 4 3 28 0 2 12 1 3 35 2 4 17 2 3 36 4 2 11 3 1 29 2 0
8 1 4 3 28 0 2 12 1 3 35 2 4 17 2 4 37 4 1 7 3 1 29 1 0
8 1 4 3 28 0 2 12 1 4 41 2 0 2 4 0 23 0 3 15 0 1 29 3 0
8 1 4 3 28 0 2 12 1 4 41 2 0 2 4 2 31 0 4 19 2 1 29 4 0
8 1 4 3 28 0 2 12 1 4 41 2 0 2 4 3 36 0 2 11 3 1 29 2 0
6 1 4 3 28 0 2 12 1 4 41 2 1 7 4 1 29 1 0
8 1 4 3 28 0 2 12 1 4 41 2 3 13 4 2 39 3 2 11 4 1 29 2 0
8 1 4 3 28 0 2 12 1 4 41 2 3 13 4 3 40 3 4 19 4 1 29 4 0
8 1 4 3 28 0 2 12 1 4 41 2 4 18 4 0 25 4 2 11 0 1 29 2 0
8 1 4 3 28 0 2 12 1 4 41 2 4 18 4 2 32 4 3 15 2 1 29 3 0
8 1 4 3 28 0 3 16 1 0 25 3 0 3 0 2 33 0 1 7 2 1 29 1 0
8 1 4 3 28 0 3 16 1 0 25 3 0 3 0 3 35 0 3 15 3 1 29 3 0
8 1 4 3 28 0 3 16 1 0 25 3 0 3 0 4 40 0 4 19 4 1 29 4 0
8 1 4 3 28 0 3 16 1 0 25 3 1 5 4 2 23 1 3 15 0 1 29 3 0
8 1 4 3 28 0 3 16 1 0 25 3 1 5 4 3 24 1 4 19 0 1 29 4 0
6 1 4 3 28 0 3 16 1 0 25 3 2 11 0 1 29 2 0
8 1 4 3 28 0 3 16 1 0 25 3 4 18 0 2 32 4 3 15 2 1 29 3 0
8 1 4 3 28 0 3 16 1 0 25 3 4 18 0 4 41 4 1 7 4 1 29 1 0
8 1 4 3 28 0 3 16 1 2 31 3 0 2 2 0 23 0 3 15 0 1 29 3 0
8 1 4 3 28 0 3 16 1 2 31 3 0 2 2 3 36 0 2 11 3 1 29 2 0
8 1 4 3 28 0 3 16 1 2 31 3 0 2 2 4 41 0 1 7 4 1 29 1 0
8 1 4 3 28 0 3 16 1 2 31 3 1 6 2 3 35 1 3 15 3 1 29 3 0
8 1 4 3 28 0 3 16 1 2 31 3 1 6 2 4 39 1 2 11 4 1 29 2 0
8 1 4 3 28 0 3 16 1 2 31 3 2 9 2 3 32 2 3 15 2 1 29 3 0
8 1 4 3 28 0 3 16 1 2 31 3 2 9 2 4 33 2 1 7 2 1 29 1 0
6 1 4 3 28 0 3 16 1 2 31 3 4 19 2 1 29 4 0
8 1 4 3 28 0 3 16 1 3 37 3 0 4 3 0 24 0 4 19 0 1 29 4 0
8 1 4 3 28 0 3 16 1 3 37 3 0 4 3 2 32 0 3 15 2 1 29 3 0
8 1 4 3 28 0 3 16 1 3 37 3 0 4 3 4 39 0 2 11 4 1 29 2 0
6 1 4 3 28 0 3 16 1 3 37 3 1 7 3 1 29 1 0
8 1 4 3 28 0 3 16 1 3 37 3 2 10 3 0 23 2 3 15 0 1 29 3 0
8 1 4 3 28 0 3 16 1 3 37 3 2 10 3 4 40 2 4 19 4 1 29 4 0
8 1 4 3 28 0 3 16 1 3 37 3 4 17 4 2 35 4 3 15 3 1 29 3 0
8 1 4 3 28 0 3 16 1 3 37 3 4 17 4 3 36 4 2 11 3 1 29 2 0
8 1 4 3 28 0 4 20 1 0 23 4 0 2 0 2 31 0 4 19 2 1 29 4 0
8 1 4 3 28 0 4 20 1 0 23 4 0 2 0 3 36 0 2 11 3 1 29 2 0
8 1 4 3 28 0 4 20 1 0 23 4 0 2 0 4 41 0 1 7 4 1 29 1 0
8 1 4 3 28 0 4 20 1 0 23 4 1 5 2 3 24 1 4 19 0 1 29 4 0
8 1 4 3 28 0 4 20 1 0 23 4 1 5 2 4 25 1 2 11 0 1 29 2 0
8 1 4 3 28 0 4 20 1 0 23 4 2 10 0 3 37 2 1 7 3 1 29 1 0
8 1 4 3 28 0 4 20 1 0 23 4 2 10 0 4 40 2 4 19 4 1 29 4 0
6 1 4 3 28 0 4 20 1 0 23 4 3 15 0 1 29 3 0
8 1 4 3 28 0 4 20 1 2 33 4 0 3 2 0 25 0 2 11 0 1 29 2 0
8 1 4 3 28 0 4 20 1 2 33 4 0 3 2 3 35 0 3 15 3 1 29 3 0
8 1 4 3 28 0 4 20 1 2 33 4 0 3 2 4 40 0 4 19 4 1 29 4 0
6 1 4 3 28 0 4 20 1 2 33 4 1 7 2 1 29 1 0
8 1 4 3 28 0 4 20 1 2 33 4 2 9 4 2 31 2 4 19 2 1 29 4 0
8 1 4 3 28 0 4 20 1 2 33 4 2 9 4 3 32 2 3 15 2 1 29 3 0
8 1 4 3 28 0 4 20 1 2 33 4 3 14 2 0 24 3 4 19 0 1 29 4 0
8 1 4 3 28 0 4 20 1 2 33 4 3 14 2 3 36 3 2 11 3 1 29 2 0
8 1 4 3 28 0 4 20 1 4 39 4 0 4 4 0 24 0 4 19 0 1 29 4 0
8 1 4 3 28 0 4 20 1 4 39 4 0 4 4 2 32 0 3 15 2 1 29 3 0
8 1 4 3 28 0 4 20 1 4 39 4 0 4 4 3 37 0 1 7 3 1 29 1 0
8 1 4 3 28 0 4 20 1 4 39 4 1 6 4 2 31 1 4 19 2 1 29 4 0
8 1 4 3 28 0 4 20 1 4 39 4 1 6 4 3 35 1 3 15 3 1 29 3 0
6 1 4 3 28 0 4 20 1 4 39 4 2 11 4 1 29 2 0
8 1 4 3 28 0 4 20 1 4 39 4 3 13 2 3 40 3 4 19 4 1 29 4 0
8 1 4 3 28 0 4 20 1 4 39 4 3 13 2 4 41 3 1 7 4 1 29 1 0
8 21 4 1 5 0 2 23 1 0 2 0 2 31 0 1 6 2 3 35 1 4 17 2 0
8 21 3 1 5 0 2 23 1 0 2 0 2 31 0 1 6 2 4 39 1 3 13 2 0
6 21 2 1 5 0 2 23 1 0 2 0 2 31 0 2 9 2 0
8 21 4 1 5 0 2 23 1 0 2 0 2 31 0 3 16 2 3 37 3 4 17 4 0
8 21 3 1 5 0 2 23 1 0 2 0 2 31 0 4 19 2 4 40 4 3 13 3 0
8 21 2 1 5 0 2 23 1 0 2 0 3 36 0 1 8 3 2 32 1 2 9 3 0
8 21 3 1 5 0 2 23 1 0 2 0 3 36 0 1 8 3 4 40 1 3 13 3 0
8 21 3 1 5 0 2 23 1 0 2 0 3 36 0 2 11 3 4 39 2 3 13 2 0
8 21 2 1 5 0 2 23 1 0 2 0 3 36 0 3 14 3 2 33 3 2 9 4 0
6 21 4 1 5 0 2 23 1 0 2 0 3 36 0 4 17 3 0
8 21 2 1 5 0 2 23 1 0 2 0 4 41 0 1 7 4 2 33 1 2 9 4 0
8 21 4 1 5 0 2 23 1 0 2 0 4 41 0 1 7 4 3 37 1 4 17 4 0
8 21 4 1 5 0 2 23 1 0 2 0 4 41 0 2 12 4 3 35 2 4 17 2 0
6 21 3 1 5 0 2 23 1 0 2 0 4 41 0 3 13 4 0
8 21 2 1 5 0 2 23 1 0 2 0 4 41 0 4 18 4 2 32 4 2 9 3 0
8 21 2 1 5 0 2 23 1 2 10 0 1 27 2 1 6 1 2 31 1 2 9 2 0
8 21 4 1 5 0 2 23 1 2 10 0 1 27 2 1 6 1 3 35 1 4 17 2 0
8 21 3 1 5 0 2 23 1 2 10 0 1 27 2 1 6 1 4 39 1 3 13 2 0
8 21 2 1 5 0 2 23 1 2 10 0 1 27 2 3 14 1 2 33 3 2 9 4 0
8 21 4 1 5 0 2 23 1 2 10 0 1 27 2 3 14 1 3 36 3 4 17 3 0
8 21 2 1 5 0 2 23 1 2 10 0 1 27 2 4 18 1 2 32 4 2 9 3 0
8 21 3 1 5 0 2 23 1 2 10 0 1 27 2 4 18 1 4 41 4 3 13 4 0
8 21 2 1 5 0 2 23 1 2 10 0 3 37 2 0 4 3 2 32 0 2 9 3 0
8 21 3 1 5 0 2 23 1 2 10 0 3 37 2 0 4 3 4 39 0 3 13 2 0
8 21 2 1 5 0 2 23 1 2 10 0 3 37 2 1 7 3 2 33 1 2 9 4 0
8 21 3 1 5 0 2 23 1 2 10 0 3 37 2 1 7 3 4 41 1 3 13 4 0
8 21 2 1 5 0 2 23 1 2 10 0 3 37 2 3 16 3 2 31 3 2 9 2 0
6 21 4 1 5 0 2 23 1 2 10 0 3 37 2 4 17 4 0
8 21 2 1 5 0 2 23 1 2 10 0 4 40 2 0 3 4 2 33 0 2 9 4 0
8 21 4 1 5 0 2 23 1 2 10 0 4 40 2 0 3 4 3 35 0 4 17 2 0
8 21 2 1 5 0 2 23 1 2 10 0 4 40 2 1 8 4 2 32 1 2 9 3 0
8 21 4 1 5 0 2 23 1 2 10 0 4 40 2 1 8 4 3 36 1 4 17 3 0
6 21 3 1 5 0 2 23 1 2 10 0 4 40 2 3 13 3 0
8 21 2 1 5 0 2 23 1 2 10 0 4 40 2 4 19 4 2 31 4 2 9 2 0
8 21 2 1 5 0 2 23 1 3 15 0 1 29 3 1 7 1 2 33 1 2 9 4 0
8 21 4 1 5 0 2 23 1 3 15 0 1 29 3 1 7 1 3 37 1 4 17 4 0
8 21 3 1 5 0 2 23 1 3 15 0 1 29 3 1 7 1 4 41 1 3 13 4 0
8 21 4 1 5 0 2 23 1 3 15 0 1 29 3 2 11 1 3 36 2 4 17 3 0
8 21 3 1 5 0 2 23 1 3 15 0 1 29 3 2 11 1 4 39 2 3 13 2 0
8 21 2 1 5 0 2 23 1 3 15 0 1 29 3 4 19 1 2 31 4 2 9 2 0
8 21 3 1 5 0 2 23 1 3 15 0 1 29 3 4 19 1 4 40 4 3 13 3 0
8 21 4 1 5 0 2 23 1 3 15 0 2 32 3 0 4 2 3 37 0 4 17 4 0
8 21 3 1 5 0 2 23 1 3 15 0 2 32 3 0 4 2 4 39 0 3 13 2 0
8 21 4 1 5 0 2 23 1 3 15 0 2 32 3 1 8 2 3 36 1 4 17 3 0
8 21 3 1 5 0 2 23 1 3 15 0 2 32 3 1 8 2 4 40 1 3 13 3 0
6 21 2 1 5 0 2 23 1 3 15 0 2 32 3 2 9 3 0
8 21 3 1 5 0 2 23 1 3 15 0 2 32 3 4 18 2 4 41 4 3 13 4 0
8 21 2 1 5 0 2 23 1 3 15 0 3 35 3 0 3 3 2 33 0 2 9 4 0
8 21 3 1 5 0 2 23 1 3 15 0 3 35 3 0 3 3 4 40 0 3 13 3 0
8 21 2 1 5 0 2 23 1 3 15 0 3 35 3 1 6 3 2 31 1 2 9 2 0
8 21 3 1 5 0 2 23 1 3 15 0 3 35 3 1 6 3 4 39 1 3 13 2 0
8 21 3 1 5 0 2 23 1 3 15 0 3 35 3 2 12 3 4 41 2 3 13 4 0
6 21 4 1 5 0 2 23 1 3 15 0 3 35 3 4 17 2 0
8 21 2 1 5 0 2 23 1 4 20 0 1 28 4 1 8 1 2 32 1 2 9 3 0
8 21 4 1 5 0 2 23 1 4 20 0 1 28 4 1 8 1 3 36 1 4 17 3 0
8 21 3 1 5 0 2 23 1 4 20 0 1 28 4 1 8 1 4 40 1 3 13 3 0
8 21 4 1 5 0 2 23 1 4 20 0 1 28 4 2 12 1 3 35 2 4 17 2 0
8 21 3 1 5 0 2 23 1 4 20 0 1 28 4 2 12 1 4 41 2 3 13 4 0
8 21 2 1 5 0 2 23 1 4 20 0 1 28 4 3 16 1 2 31 3 2 9 2 0
8 21 4 1 5 0 2 23 1 4 20 0 1 28 4 3 16 1 3 37 3 4 17 4 0
8 21 4 1 5 0 2 23 1 4 20 0 2 33 4 0 3 2 3 35 0 4 17 2 0
8 21 3 1 5 0 2 23 1 4 20 0 2 33 4 0 3 2 4 40 0 3 13 3 0
8 21 4 1 5 0 2 23 1 4 20 0 2 33 4 1 7 2 3 37 1 4 17 4 0
8 21 3 1 5 0 2 23 1 4 20 0 2 33 4 1 7 2 4 41 1 3 13 4 0
6 21 2 1 5 0 2 23 1 4 20 0 2 33 4 2 9 4 0
8 21 4 1 5 0 2 23 1 4 20 0 2 33 4 3 14 2 3 36 3 4 17 3 0
8 21 2 1 5 0 2 23 1 4 20 0 4 39 4 0 4 4 2 32 0 2 9 3 0
8 21 4 1 5 0 2 23 1 4 20 0 4 39 4 0 4 4 3 37 0 4 17 4 0
8 21 2 1 5 0 2 23 1 4 20 0 4 39 4 1 6 4 2 31 1 2 9 2 0
8 21 4 1 5 0 2 23 1 4 20 0 4 39 4 1 6 4 3 35 1 4 17 2 0
8 21 4 1 5 0 2 23 1 4 20 0 4 39 4 2 11 4 3 36 2 4 17 3 0
6 21 3 1 5 0 2 23 1 4 20 0 4 39 4 3 13 2 0
8 21 4 1 5 0 3 24 1 0 4 0 2 32 0 1 8 2 3 36 1 4 17 3 0
8 21 3 1 5 0 3 24 1 0 4 0 2 32 0 1 8 2 4 40 1 3 13 3 0
6 21 2 1 5 0 3 24 1 0 4 0 2 32 0 2 9 3 0
8 21 4 1 5 0 3 24 1 0 4 0 2 32 0 3 15 2 3 35 3 4 17 2 0
8 21 3 1 5 0 3 24 1 0 4 0 2 32 0 4 18 2 4 41 4 3 13 4 0
8 21 2 1 5 0 3 24 1 0 4 0 3 37 0 1 7 3 2 33 1 2 9 4 0
8 21 3 1 5 0 3 24 1 0 4 0 3 37 0 1 7 3 4 41 1 3 13 4 0
8 21 3 1 5 0 3 24 1 0 4 0 3 37 0 2 10 3 4 40 2 3 13 3 0
8 21 2 1 5 0 3 24 1 0 4 0 3 37 0 3 16 3 2 31 3 2 9 2 0
6 21 4 1 5 0 3 24 1 0 4 0 3 37 0 4 17 4 0
8 21 2 1 5 0 3 24 1 0 4 0 4 39 0 1 6 4 2 31 1 2 9 2 0
8 21 4 1 5 0 3 24 1 0 4 0 4 39 0 1 6 4 3 35 1 4 17 2 0
8 21 4 1 5 0 3 24 1 0 4 0 4 39 0 2 11 4 3 36 2 4 17 3 0
6 21 3 1 5 0 3 24 1 0 4 0 4 39 0 3 13 2 0
8 21 2 1 5 0 3 24 1 0 4 0 4 39 0 4 20 4 2 33 4 2 9 4 0
8 21 2 1 5 0 3 24 1 2 12 0 1 28 2 1 8 1 2 32 1 2 9 3 0
8 21 4 1 5 0 3 24 1 2 12 0 1 28 2 1 8 1 3 36 1 4 17 3 0
8 21 3 1 5 0 3 24 1 2 12 0 1 28 2 1 8 1 4 40 1 3 13 3 0
8 21 2 1 5 0 3 24 1 2 12 0 1 28 2 3 16 1 2 31 3 2 9 2 0
8 21 4 1 5 0 3 24 1 2 12 0 1 28 2 3 16 1 3 37 3 4 17 4 0
8 21 2 1 5 0 3 24 1 2 12 0 1 28 2 4 20 1 2 33 4 2 9 4 0
8 21 3 1 5 0 3 24 1 2 12 0 1 28 2 4 20 1 4 39 4 3 13 2 0
8 21 2 1 5 0 3 24 1 2 12 0 3 35 2 0 3 3 2 33 0 2 9 4 0
8 21 3 1 5 0 3 24 1 2 12 0 3 35 2 0 3 3 4 40 0 3 13 3 0
8 21 2 1 5 0 3 24 1 2 12 0 3 35 2 1 6 3 2 31 1 2 9 2 0
8 21 3 1 5 0 3 24 1 2 12 0 3 35 2 1 6 3 4 39 1 3 13 2 0
8 21 2 1 5 0 3 24 1 2 12 0 3 35 2 3 15 3 2 32 3 2 9 3 0
6 21 4 1 5 0 3 24 1 2 12 0 3 35 2 4 17 2 0
8 21 2 1 5 0 3 24 1 2 12 0 4 41 2 0 2 4 2 31 0 2 9 2 0
8 21 4 1 5 0 3 24 1 2 12 0 4 41 2 0 2 4 3 36 0 4 17 3 0
8 21 2 1 5 0 3 24 1 2 12 0 4 41 2 1 7 4 2 33 1 2 9 4 0
8 21 4 1 5 0 3 24 1 2 12 0 4 41 2 1 7 4 3 37 1 4 17 4 0
6 21 3 1 5 0 3 24 1 2 12 0 4 41 2 3 13 4 0
8 21 2 1 5 0 3 24 1 2 12 0 4 41 2 4 18 4 2 32 4 2 9 3 0
8 21 2 1 5 0 3 24 1 3 14 0 1 27 3 1 6 1 2 31 1 2 9 2 0
8 21 4 1 5 0 3 24 1 3 14 0 1 27 3 1 6 1 3 35 1 4 17 2 0
8 21 3 1 5 0 3 24 1 3 14 0 1 27 3 1 6 1 4 39 1 3 13 2 0
8 21 4 1 5 0 3 24 1 3 14 0 1 27 3 2 10 1 3 37 2 4 17 4 0
8 21 3 1 5 0 3 24 1 3 14 0 1 27 3 2 10 1 4 40 2 3 13 3 0
8 21 2 1 5 0 3 24 1 3 14 0 1 27 3 4 18 1 2 32 4 2 9 3 0
8 21 3 1 5 0 3 24 1 3 14 0 1 27 3 4 18 1 4 41 4 3 13 4 0
8 21 4 1 5 0 3 24 1 3 14 0 2 33 3 0 3 2 3 35 0 4 17 2 0
8 21 3 1 5 0 3 24 1 3 14 0 2 33 3 0 3 2 4 40 0 3 13 3 0
8 21 4 1 5 0 3 24 1 3 14 0 2 33 3 1 7 2 3 37 1 4 17 4 0
8 21 3 1 5 0 3 24 1 3 14 0 2 33 3 1 7 2 4 41 1 3 13 4 0
6 21 2 1 5 0 3 24 1 3 14 0 2 33 3 2 9 4 0
8 21 3 1 5 0 3 24 1 3 14 0 2 33 3 4 20 2 4 39 4 3 13 2 0
8 21 2 1 5 0 3 24 1 3 14 0 3 36 3 0 2 3 2 31 0 2 9 2 0
8 21 3 1 5 0 3 24 1 3 14 0 3 36 3 0 2 3 4 41 0 3 13 4 0
8 21 2 1 5 0 3 24 1 3 14 0 3 36 3 1 8 3 2 32 1 2 9 3 0
8 21 3 1 5 0 3 24 1 3 14 0 3 36 3 1 8 3 4 40 1 3 13 3 0
8 21 3 1 5 0 3 24 1 3 14 0 3 36 3 2 11 3 4 39 2 3 13 2 0
6 21 4 1 5 0 3 24 1 3 14 0 3 36 3 4 17 3 0
8 21 2 1 5 0 3 24 1 4 19 0 1 29 4 1 7 1 2 33 1 2 9 4 0
8 21 4 1 5 0 3 24 1 4 19 0 1 29 4 1 7 1 3 37 1 4 17 4 0
8 21 3 1 5 0 3 24 1 4 19 0 1 29 4 1 7 1 4 41 1 3 13 4 0
8 21 4 1 5 0 3 24 1 4 19 0 1 29 4 2 11 1 3 36 2 4 17 3 0
8 21 3 1 5 0 3 24 1 4 19 0 1 29 4 2 11 1 4 39 2 3 13 2 0
8 21 2 1 5 0 3 24 1 4 19 0 1 29 4 3 15 1 2 32 3 2 9 3 0
8 21 4 1 5 0 3 24 1 4 19 0 1 29 4 3 15 1 3 35 3 4 17 2 0
8 21 4 1 5 0 3 24 1 4 19 0 2 31 4 0 2 2 3 36 0 4 17 3 0
8 21 3 1 5 0 3 24 1 4 19 0 2 31 4 0 2 2 4 41 0 3 13 4 0
8 21 4 1 5 0 3 24 1 4 19 0 2 31 4 1 6 2 3 35 1 4 17 2 0
8 21 3 1 5 0 3 24 1 4 19 0 2 31 4 1 6 2 4 39 1 3 13 2 0
6 21 2 1 5 0 3 24 1 4 19 0 2 31 4 2 9 2 0
8 21 4 1 5 0 3 24 1 4 19 0 2 31 4 3 16 2 3 37 3 4 17 4 0
8 21 2 1 5 0 3 24 1 4 19 0 4 40 4 0 3 4 2 33 0 2 9 4 0
8 21 4 1 5 0 3 24 1 4 19 0 4 40 4 0 3 4 3 35 0 4 17 2 0
8 21 2 1 5 0 3 24 1 4 19 0 4 40 4 1 8 4 2 32 1 2 9 3 0
8 21 4 1 5 0 3 24 1 4 19 0 4 40 4 1 8 4 3 36 1 4 17 3 0
8 21 4 1 5 0 3 24 1 4 19 0 4 40 4 2 10 4 3 37 2 4 17 4 0
6 21 3 1 5 0 3 24 1 4 19 0 4 40 4 3 13 3 0
8 21 4 1 5 0 4 25 1 0 3 0 2 33 0 1 7 2 3 37 1 4 17 4 0
8 21 3 1 5 0 4 25 1 0 3 0 2 33 0 1 7 2 4 41 1 3 13 4 0
6 21 2 1 5 0 4 25 1 0 3 0 2 33 0 2 9 4 0
8 21 4 1 5 0 4 25 1 0 3 0 2 33 0 3 14 2 3 36 3 4 17 3 0
8 21 3 1 5 0 4 25 1 0 3 0 2 33 0 4 20 2 4 39 4 3 13 2 0
8 21 2 1 5 0 4 25 1 0 3 0 3 35 0 1 6 3 2 31 1 2 9 2 0
8 21 3 1 5 0 4 25 1 0 3 0 3 35 0 1 6 3 4 39 1 3 13 2 0
8 21 3 1 5 0 4 25 1 0 3 0 3 35 0 2 12 3 4 41 2 3 13 4 0
8 21 2 1 5 0 4 25 1 0 3 0 3 35 0 3 15 3 2 32 3 2 9 3 0
6 21 4 1 5 0 4 25 1 0 3 0 3 35 0 4 17 2 0
8 21 2 1 5 0 4 25 1 0 3 0 4 40 0 1 8 4 2 32 1 2 9 3 0
8 21 4 1 5 0 4 25 1 0 3 0 4 40 0 1 8 4 3 36 1 4 17 3 0
8 21 4 1 5 0 4 25 1 0 3 0 4 40 0 2 10 4 3 37 2 4 17 4 0
6 21 3 1 5 0 4 25 1 0 3 0 4 40 0 3 13 3 0
8 21 2 1 5 0 4 25 1 0 3 0 4 40 0 4 19 4 2 31 4 2 9 2 0
8 21 2 1 5 0 4 25 1 2 11 0 1 29 2 1 7 1 2 33 1 2 9 4 0
8 21 4 1 5 0 4 25 1 2 11 0 1 29 2 1 7 1 3 37 1 4 17 4 0
8 21 3 1 5 0 4 25 1 2 11 0 1 29 2 1 7 1 4 41 1 3 13 4 0
8 21 2 1 5 0 4 25 1 2 11 0 1 29 2 3 15 1 2 32 3 2 9 3 0
8 21 4 1 5 0 4 25 1 2 11 0 1 29 2 3 15 1 3 35 3 4 17 2 0
8 21 2 1 5 0 4 25 1 2 11 0 1 29 2 4 19 1 2 31 4 2 9 2 0
8 21 3 1 5 0 4 25 1 2 11 0 1 29 2 4 19 1 4 40 4 3 13 3 0
8 21 2 1 5 0 4 25 1 2 11 0 3 36 2 0 2 3 2 31 0 2 9 2 0
8 21 3 1 5 0 4 25 1 2 11 0 3 36 2 0 2 3 4 41 0 3 13 4 0
8 21 2 1 5 0 4 25 1 2 11 0 3 36 2 1 8 3 2 32 1 2 9 3 0
8 21 3 1 5 0 4 25 1 2 11 0 3 36 2 1 8 3 4 40 1 3 13 3 0
8 21 2 1 5 0 4 25 1 2 11 0 3 36 2 3 14 3 2 33 3 2 9 4 0
6 21 4 1 5 0 4 25 1 2 11 0 3 36 2 4 17 3 0
8 21 2 1 5 0 4 25 1 2 11 0 4 39 2 0 4 4 2 32 0 2 9 3 0
8 21 4 1 5 0 4 25 1 2 11 0 4 39 2 0 4 4 3 37 0 4 17 4 0
8 21 2 1 5 0 4 25 1 2 11 0 4 39 2 1 6 4 2 31 1 2 9 2 0
8 21 4 1 5 0 4 25 1 2 11 0 4 39 2 1 6 4 3 35 1 4 17 2 0
6 21 3 1 5 0 4 25 1 2 11 0 4 39 2 3 13 2 0
8 21 2 1 5 0 4 25 1 2 11 0 4 39 2 4 20 4 2 33 4 2 9 4 0
8 21 2 1 5 0 4 25 1 3 16 0 1 28 3 1 8 1 2 32 1 2 9 3 0
8 21 4 1 5 0 4 25 1 3 16 0 1 28 3 1 8 1 3 36 1 4 17 3 0
8 21 3 1 5 0 4 25 1 3 16 0 1 28 3 1 8 1 4 40 1 3 13 3 0
8 21 4 1 5 0 4 25 1 3 16 0 1 28 3 2 12 1 3 35 2 4 17 2 0
8 21 3 1 5 0 4 25 1 3 16 0 1 28 3 2 12 1 4 41 2 3 13 4 0
8 21 2 1 5 0 4 25 1 3 16 0 1 28 3 4 20 1 2 33 4 2 9 4 0
8 21 3 1 5 0 4 25 1 3 16 0 1 28 3 4 20 1 4 39 4 3 13 2 0
8 21 4 1 5 0 4 25 1 3 16 0 2 31 3 0 2 2 3 36 0 4 17 3 0
8 21 3 1 5 0 4 25 1 3 16 0 2 31 3 0 2 2 4 41 0 3 13 4 0
8 21 4 1 5 0 4 25 1 3 16 0 2 31 3 1 6 2 3 35 1 4 17 2 0
8 21 3 1 5 0 4 25 1 3 16 0 2 31 3 1 6 2 4 39 1 3 13 2 0
6 21 2 1 5 0 4 25 1 3 16 0 2 31 3 2 9 2 0
8 21 3 1 5 0 4 25 1 3 16 0 2 31 3 4 19 2 4 40 4 3 13 3 0
8 21 2 1 5 0 4 25 1 3 16 0 3 37 3 0 4 3 2 32 0 2 9 3 0
8 21 3 1 5 0 4 25 1 3 16 0 3 37 3 0 4 3 4 39 0 3 13 2 0
8 21 2 1 5 0 4 25 1 3 16 0 3 37 3 1 7 3 2 33 1 2 9 4 0
8 21 3 1 5 0 4 25 1 3 16 0 3 37 3 1 7 3 4 41 1 3 13 4 0
8 21 3 1 5 0 4 25 1 3 16 0 3 37 3 2 10 3 4 40 2 3 13 3 0
6 21 4 1 5 0 4 25 1 3 16 0 3 37 3 4 17 4 0
8 21 2 1 5 0 4 25 1 4 18 0 1 27 4 1 6 1 2 31 1 2 9 2 0
8 21 4 1 5 0 4 25 1 4 18 0 1 27 4 1 6 1 3 35 1 4 17 2 0
8 21 3 1 5 0 4 25 1 4 18 0 1 27 4 1 6 1 4 39 1 3 13 2 0
8 21 4 1 5 0 4 25 1 4 18 0 1 27 4 2 10 1 3 37 2 4 17 4 0
8 21 3 1 5 0 4 25 1 4 18 0 1 27 4 2 10 1 4 40 2 3 13 3 0
8 21 2 1 5 0 4 25 1 4 18 0 1 27 4 3 14 1 2 33 3 2 9 4 0
8 21 4 1 5 0 4 25 1 4 18 0 1 27 4 3 14 1 3 36 3 4 17 3 0
8 21 4 1 5 0 4 25 1 4 18 0 2 32 4 0 4 2 3 37 0 4 17 4 0
8 21 3 1 5 0 4 25 1 4 18 0 2 32 4 0 4 2 4 39 0 3 13 2 0
8 21 4 1 5 0 4 25 1 4 18 0 2 32 4 1 8 2 3 36 1 4 17 3 0
8 21 3 1 5 0 4 25 1 4 18 0 2 32 4 1 8 2 4 40 1 3 13 3 0
6 21 2 1 5 0 4 25 1 4 18 0 2 32 4 2 9 3 0
8 21 4 1 5 0 4 25 1 4 18 0 2 32 4 3 15 2 3 35 3 4 17 2 0
8 21 2 1 5 0 4 25 1 4 18 0 4 41 4 0 2 4 2 31 0 2 9 2 0
8 21 4 1 5 0 4 25 1 4 18 0 4 41 4 0 2 4 3 36 0 4 17 3 0
8 21 2 1 5 0 4 25 1 4 18 0 4 41 4 1 7 4 2 33 1 2 9 4 0
8 21 4 1 5 0 4 25 1 4 18 0 4 41 4 1 7 4 3 37 1 4 17 4 0
8 21 4 1 5 0 4 25 1 4 18 0 4 41 4 2 12 4 3 35 2 4 17 2 0
6 21 3 1 5 0 4 25 1 4 18 0 4 41 4 3 13 4 0
8 21 4 2 9 0 2 31 2 0 2 2 0 23 0 2 10 0 3 37 2 4 17 4 0
8 21 3 2 9 0 2 31 2 0 2 2 0 23 0 2 10 0 4 40 2 3 13 3 0
8 21 4 2 9 0 2 31 2 0 2 2 0 23 0 3 15 0 3 35 3 4 17 2 0
8 21 3 2 9 0 2 31 2 0 2 2 0 23 0 4 20 0 4 39 4 3 13 2 0
8 21 3 2 9 0 2 31 2 0 2 2 3 36 0 1 8 3 4 40 1 3 13 3 0
8 21 3 2 9 0 2 31 2 0 2 2 3 36 0 2 11 3 4 39 2 3 13 2 0
6 21 4 2 9 0 2 31 2 0 2 2 3 36 0 4 17 3 0
8 21 4 2 9 0 2 31 2 0 2 2 4 41 0 1 7 4 3 37 1 4 17 4 0
8 21 4 2 9 0 2 31 2 0 2 2 4 41 0 2 12 4 3 35 2 4 17 2 0
6 21 3 2 9 0 2 31 2 0 2 2 4 41 0 3 13 4 0
8 21 4 2 9 0 2 31 2 1 6 2 1 27 1 2 10 1 3 37 2 4 17 4 0
8 21 3 2 9 0 2 31 2 1 6 2 1 27 1 2 10 1 4 40 2 3 13 3 0
8 21 4 2 9 0 2 31 2 1 6 2 1 27 1 3 14 1 3 36 3 4 17 3 0
8 21 3 2 9 0 2 31 2 1 6 2 1 27 1 4 18 1 4 41 4 3 13 4 0
8 21 3 2 9 0 2 31 2 1 6 2 3 35 1 0 3 3 4 40 0 3 13 3 0
8 21 3 2 9 0 2 31 2 1 6 2 3 35 1 2 12 3 4 41 2 3 13 4 0
6 21 4 2 9 0 2 31 2 1 6 2 3 35 1 4 17 2 0
8 21 4 2 9 0 2 31 2 1 6 2 4 39 1 0 4 4 3 37 0 4 17 4 0
8 21 4 2 9 0 2 31 2 1 6 2 4 39 1 2 11 4 3 36 2 4 17 3 0
6 21 3 2 9 0 2 31 2 1 6 2 4 39 1 3 13 2 0
8 21 4 2 9 0 2 31 2 3 16 2 0 25 3 0 3 0 3 35 0 4 17 2 0
8 21 3 2 9 0 2 31 2 3 16 2 0 25 3 0 3 0 4 40 0 3 13 3 0
8 21 4 2 9 0 2 31 2 3 16 2 0 25 3 2 11 0 3 36 2 4 17 3 0
8 21 3 2 9 0 2 31 2 3 16 2 0 25 3 2 11 0 4 39 2 3 13 2 0
8 21 3 2 9 0 2 31 2 3 16 2 0 25 3 4 18 0 4 41 4 3 13 4 0
8 21 4 2 9 0 2 31 2 3 16 2 1 28 3 1 8 1 3 36 1 4 17 3 0
8 21 3 2 9 0 2 31 2 3 16 2 1 28 3 1 8 1 4 40 1 3 13 3 0
8 21 4 2 9 0 2 31 2 3 16 2 1 28 3 2 12 1 3 35 2 4 17 2 0
8 21 3 2 9 0 2 31 2 3 16 2 1 28 3 2 12 1 4 41 2 3 13 4 0
8 21 3 2 9 0 2 31 2 3 16 2 1 28 3 4 20 1 4 39 4 3 13 2 0
8 21 3 2 9 0 2 31 2 3 16 2 3 37 3 0 4 3 4 39 0 3 13 2 0
8 21 3 2 9 0 2 31 2 3 16 2 3 37 3 1 7 3 4 41 1 3 13 4 0
8 21 3 2 9 0 2 31 2 3 16 2 3 37 3 2 10 3 4 40 2 3 13 3 0
6 21 4 2 9 0 2 31 2 3 16 2 3 37 3 4 17 4 0
8 21 4 2 9 0 2 31 2 4 19 2 0 24 4 0 4 0 3 37 0 4 17 4 0
8 21 3 2 9 0 2 31 2 4 19 2 0 24 4 0 4 0 4 39 0 3 13 2 0
8 21 4 2 9 0 2 31 2 4 19 2 0 24 4 2 12 0 3 35 2 4 17 2 0
8 21 3 2 9 0 2 31 2 4 19 2 0 24 4 2 12 0 4 41 2 3 13 4 0
8 21 4 2 9 0 2 31 2 4 19 2 0 24 4 3 14 0 3 36 3 4 17 3 0
8 21 4 2 9 0 2 31 2 4 19 2 1 29 4 1 7 1 3 37 1 4 17 4 0
8 21 3 2 9 0 2 31 2 4 19 2 1 29 4 1 7 1 4 41 1 3 13 4 0
8 21 4 2 9 0 2 31 2 4 19 2 1 29 4 2 11 1 3 36 2 4 17 3 0
8 21 3 2 9 0 2 31 2 4 19 2 1 29 4 2 11 1 4 39 2 3 13 2 0
8 21 4 2 9 0 2 31 2 4 19 2 1 29 4 3 15 1 3 35 3 4 17 2 0
8 21 4 2 9 0 2 31 2 4 19 2 4 40 4 0 3 4 3 35 0 4 17 2 0
8 21 4 2 9 0 2 31 2 4 19 2 4 40 4 1 8 4 3 36 1 4 17 3 0
8 21 4 2 9 0 2 31 2 4 19 2 4 40 4 2 10 4 3 37 2 4 17 4 0
6 21 3 2 9 0 2 31 2 4 19 2 4 40 4 3 13 3 0
8 21 4 2 9 0 3 32 2 0 4 2 0 24 0 2 12 0 3 35 2 4 17 2 0
8 21 3 2 9 0 3 32 2 0 4 2 0 24 0 2 12 0 4 41 2 3 13 4 0
8 21 4 2 9 0 3 32 2 0 4 2 0 24 0 3 14 0 3 36 3 4 17 3 0
8 21 3 2 9 0 3 32 2 0 4 2 0 24 0 4 19 0 4 40 4 3 13 3 0
8 21 3 2 9 0 3 32 2 0 4 2 3 37 0 1 7 3 4 41 1 3 13 4 0
8 21 3 2 9 0 3 32 2 0 4 2 3 37 0 2 10 3 4 40 2 3 13 3 0
6 21 4 2 9 0 3 32 2 0 4 2 3 37 0 4 17 4 0
8 21 4 2 9 0 3 32 2 0 4 2 4 39 0 1 6 4 3 35 1 4 17 2 0
8 21 4 2 9 0 3 32 2 0 4 2 4 39 0 2 11 4 3 36 2 4 17 3 0
6 21 3 2 9 0 3 32 2 0 4 2 4 39 0 3 13 2 0
8 21 4 2 9 0 3 32 2 1 8 2 1 28 1 2 12 1 3 35 2 4 17 2 0
8 21 3 2 9 0 3 32 2 1 8 2 1 28 1 2 12 1 4 41 2 3 13 4 0
8 21 4 2 9 0 3 32 2 1 8 2 1 28 1 3 16 1 3 37 3 4 17 4 0
8 21 3 2 9 0 3 32 2 1 8 2 1 28 1 4 20 1 4 39 4 3 13 2 0
8 21 3 2 9 0 3 32 2 1 8 2 3 36 1 0 2 3 4 41 0 3 13 4 0
8 21 3 2 9 0 3 32 2 1 8 2 3 36 1 2 11 3 4 39 2 3 13 2 0
6 21 4 2 9 0 3 32 2 1 8 2 3 36 1 4 17 3 0
8 21 4 2 9 0 3 32 2 1 8 2 4 40 1 0 3 4 3 35 0 4 17 2 0
8 21 4 2 9 0 3 32 2 1 8 2 4 40 1 2 10 4 3 37 2 4 17 4 0
6 21 3 2 9 0 3 32 2 1 8 2 4 40 1 3 13 3 0
8 21 4 2 9 0 3 32 2 3 15 2 0 23 3 0 2 0 3 36 0 4 17 3 0
8 21 3 2 9 0 3 32 2 3 15 2 0 23 3 0 2 0 4 41 0 3 13 4 0
8 21 4 2 9 0 3 32 2 3 15 2 0 23 3 2 10 0 3 37 2 4 17 4 0
8 21 3 2 9 0 3 32 2 3 15 2 0 23 3 2 10 0 4 40 2 3 13 3 0
8 21 3 2 9 0 3 32 2 3 15 2 0 23 3 4 20 0 4 39 4 3 13 2 0
8 21 4 2 9 0 3 32 2 3 15 2 1 29 3 1 7 1 3 37 1 4 17 4 0
8 21 3 2 9 0 3 32 2 3 15 2 1 29 3 1 7 1 4 41 1 3 13 4 0
8 21 4 2 9 0 3 32 2 3 15 2 1 29 3 2 11 1 3 36 2 4 17 3 0
8 21 3 2 9 0 3 32 2 3 15 2 1 29 3 2 11 1 4 39 2 3 13 2 0
8 21 3 2 9 0 3 32 2 3 15 2 1 29 3 4 19 1 4 40 4 3 13 3 0
8 21 3 2 9 0 3 32 2 3 15 2 3 35 3 0 3 3 4 40 0 3 13 3 0
8 21 3 2 9 0 3 32 2 3 15 2 3 35 3 1 6 3 4 39 1 3 13 2 0
8 21 3 2 9 0 3 32 2 3 15 2 3 35 3 2 12 3 4 41 2 3 13 4 0
6 21 4 2 9 0 3 32 2 3 15 2 3 35 3 4 17 2 0
8 21 4 2 9 0 3 32 2 4 18 2 0 25 4 0 3 0 3 35 0 4 17 2 0
8 21 3 2 9 0 3 32 2 4 18 2 0 25 4 0 3 0 4 40 0 3 13 3 0
8 21 4 2 9 0 3 32 2 4 18 2 0 25 4 2 11 0 3 36 2 4 17 3 0
8 21 3 2 9 0 3 32 2 4 18 2 0 25 4 2 11 0 4 39 2 3 13 2 0
8 21 4 2 9 0 3 32 2 4 18 2 0 25 4 3 16 0 3 37 3 4 17 4 0
8 21 4 2 9 0 3 32 2 4 18 2 1 27 4 1 6 1 3 35 1 4 17 2 0
8 21 3 2 9 0 3 32 2 4 18 2 1 27 4 1 6 1 4 39 1 3 13 2 0
8 21 4 2 9 0 3 32 2 4 18 2 1 27 4 2 10 1 3 37 2 4 17 4 0
8 21 3 2 9 0 3 32 2 4 18 2 1 27 4 2 10 1 4 40 2 3 13 3 0
8 21 4 2 9 0 3 32 2 4 18 2 1 27 4 3 14 1 3 36 3 4 17 3 0
8 21 4 2 9 0 3 32 2 4 18 2 4 41 4 0 2 4 3 36 0 4 17 3 0
8 21 4 2 9 0 3 32 2 4 18 2 4 41 4 1 7 4 3 37 1 4 17 4 0
8 21 4 2 9 0 3 32 2 4 18 2 4 41 4 2 12 4 3 35 2 4 17 2 0
6 21 3 2 9 0 3 32 2 4 18 2 4 41 4 3 13 4 0
8 21 4 2 9 0 4 33 2 0 3 2 0 25 0 2 11 0 3 36 2 4 17 3 0
8 21 3 2 9 0 4 33 2 0 3 2 0 25 0 2 11 0 4 39 2 3 13 2 0
8 21 4 2 9 0 4 33 2 0 3 2 0 25 0 3 16 0 3 37 3 4 17 4 0
8 21 3 2 9 0 4 33 2 0 3 2 0 25 0 4 18 0 4 41 4 3 13 4 0
8 21 3 2 9 0 4 33 2 0 3 2 3 35 0 1 6 3 4 39 1 3 13 2 0
8 21 3 2 9 0 4 33 2 0 3 2 3 35 0 2 12 3 4 41 2 3 13 4 0
6 21 4 2 9 0 4 33 2 0 3 2 3 35 0 4 17 2 0
8 21 4 2 9 0 4 33 2 0 3 2 4 40 0 1 8 4 3 36 1 4 17 3 0
8 21 4 2 9 0 4 33 2 0 3 2 4 40 0 2 10 4 3 37 2 4 17 4 0
6 21 3 2 9 0 4 33 2 0 3 2 4 40 0 3 13 3 0
8 21 4 2 9 0 4 33 2 1 7 2 1 29 1 2 11 1 3 36 2 4 17 3 0
8 21 3 2 9 0 4 33 2 1 7 2 1 29 1 2 11 1 4 39 2 3 13 2 0
8 21 4 2 9 0 4 33 2 1 7 2 1 29 1 3 15 1 3 35 3 4 17 2 0
8 21 3 2 9 0 4 33 2 1 7 2 1 29 1 4 19 1 4 40 4 3 13 3 0
8 21 3 2 9 0 4 33 2 1 7 2 3 37 1 0 4 3 4 39 0 3 13 2 0
8 21 3 2 9 0 4 33 2 1 7 2 3 37 1 2 10 3 4 40 2 3 13 3 0
6 21 4 2 9 0 4 33 2 1 7 2 3 37 1 4 17 4 0
8 21 4 2 9 0 4 33 2 1 7 2 4 41 1 0 2 4 3 36 0 4 17 3 0
8 21 4 2 9 0 4 33 2 1 7 2 4 41 1 2 12 4 3 35 2 4 17 2 0
6 21 3 2 9 0 4 33 2 1 7 2 4 41 1 3 13 4 0
8 21 4 2 9 0 4 33 2 3 14 2 0 24 3 0 4 0 3 37 0 4 17 4 0
8 21 3 2 9 0 4 33 2 3 14 2 0 24 3 0 4 0 4 39 0 3 13 2 0
8 21 4 2 9 0 4 33 2 3 14 2 0 24 3 2 12 0 3 35 2 4 17 2 0
8 21 3 2 9 0 4 33 2 3 14 2 0 24 3 2 12 0 4 41 2 3 13 4 0
8 21 3 2 9 0 4 33 2 3 14 2 0 24 3 4 19 0 4 40 4 3 13 3 0
8 21 4 2 9 0 4 33 2 3 14 2 1 27 3 1 6 1 3 35 1 4 17 2 0
8 21 3 2 9 0 4 33 2 3 14 2 1 27 3 1 6 1 4 39 1 3 13 2 0
8 21 4 2 9 0 4 33 2 3 14 2 1 27 3 2 10 1 3 37 2 4 17 4 0
8 21 3 2 9 0 4 33 2 3 14 2 1 27 3 2 10 1 4 40 2 3 13 3 0
8 21 3 2 9 0 4 33 2 3 14 2 1 27 3 4 18 1 4 41 4 3 13 4 0
8 21 3 2 9 0 4 33 2 3 14 2 3 36 3 0 2 3 4 41 0 3 13 4 0
8 21 3 2 9 0 4 33 2 3 14 2 3 36 3 1 8 3 4 40 1 3 13 3 0
8 21 3 2 9 0 4 33 2 3 14 2 3 36 3 2 11 3 4 39 2 3 13 2 0
6 21 4 2 9 0 4 33 2 3 14 2 3 36 3 4 17 3 0
8 21 4 2 9 0 4 33 2 4 20 2 0 23 4 0 2 0 3 36 0 4 17 3 0
8 21 3 2 9 0 4 33 2 4 20 2 0 23 4 0 2 0 4 41 0 3 13 4 0
8 21 4 2 9 0 4 33 2 4 20 2 0 23 4 2 10 0 3 37 2 4 17 4 0
8 21 3 2 9 0 4 33 2 4 20 2 0 23 4 2 10 0 4 40 2 3 13 3 0
8 21 4 2 9 0 4 33 2 4 20 2 0 23 4 3 15 0 3 35 3 4 17 2 0
8 21 4 2 9 0 4 33 2 4 20 2 1 28 4 1 8 1 3 36 1 4 17 3 0
8 21 3 2 9 0 4 33 2 4 20 2 1 28 4 1 8 1 4 40 1 3 13 3 0
8 21 4 2 9 0 4 33 2 4 20 2 1 28 4 2 12 1 3 35 2 4 17 2 0
8 21 3 2 9 0 4 33 2 4 20 2 1 28 4 2 12 1 4 41 2 3 13 4 0
8 21 4 2 9 0 4 33 2 4 20 2 1 28 4 3 16 1 3 37 3 4 17 4 0
8 21 4 2 9 0 4 33 2 4 20 2 4 39 4 0 4 4 3 37 0 4 17 4 0
8 21 4 2 9 0 4 33 2 4 20 2 4 39 4 1 6 4 3 35 1 4 17 2 0
8 21 4 2 9 0 4 33 2 4 20 2 4 39 4 2 11 4 3 36 2 4 17 3 0
6 21 3 2 9 0 4 33 2 4 20 2 4 39 4 3 13 2 0
8 21 4 3 13 0 2 39 3 0 4 4 0 24 0 2 12 0 3 35 2 4 17 2 0
8 21 4 3 13 0 2 39 3 0 4 4 0 24 0 3 14 0 3 36 3 4 17 3 0
8 21 4 3 13 0 2 39 3 0 4 4 2 32 0 1 8 2 3 36 1 4 17 3 0
8 21 4 3 13 0 2 39 3 0 4 4 2 32 0 3 15 2 3 35 3 4 17 2 0
6 21 4 3 13 0 2 39 3 0 4 4 3 37 0 4 17 4 0
8 21 4 3 13 0 2 39 3 1 6 4 1 27 1 2 10 1 3 37 2 4 17 4 0
8 21 4 3 13 0 2 39 3 1 6 4 1 27 1 3 14 1 3 36 3 4 17 3 0
8 21 4 3 13 0 2 39 3 1 6 4 2 31 1 0 2 2 3 36 0 4 17 3 0
8 21 4 3 13 0 2 39 3 1 6 4 2 31 1 3 16 2 3 37 3 4 17 4 0
6 21 4 3 13 0 2 39 3 1 6 4 3 35 1 4 17 2 0
8 21 4 3 13 0 2 39 3 2 11 4 0 25 2 0 3 0 3 35 0 4 17 2 0
8 21 4 3 13 0 2 39 3 2 11 4 0 25 2 3 16 0 3 37 3 4 17 4 0
8 21 4 3 13 0 2 39 3 2 11 4 1 29 2 1 7 1 3 37 1 4 17 4 0
8 21 4 3 13 0 2 39 3 2 11 4 1 29 2 3 15 1 3 35 3 4 17 2 0
6 21 4 3 13 0 2 39 3 2 11 4 3 36 2 4 17 3 0
8 21 4 3 13 0 2 39 3 4 20 4 0 23 4 0 2 0 3 36 0 4 17 3 0
8 21 4 3 13 0 2 39 3 4 20 4 0 23 4 2 10 0 3 37 2 4 17 4 0
8 21 4 3 13 0 2 39 3 4 20 4 0 23 4 3 15 0 3 35 3 4 17 2 0
8 21 4 3 13 0 2 39 3 4 20 4 1 28 4 1 8 1 3 36 1 4 17 3 0
8 21 4 3 13 0 2 39 3 4 20 4 1 28 4 2 12 1 3 35 2 4 17 2 0
8 21 4 3 13 0 2 39 3 4 20 4 1 28 4 3 16 1 3 37 3 4 17 4 0
8 21 4 3 13 0 2 39 3 4 20 4 2 33 4 0 3 2 3 35 0 4 17 2 0
8 21 4 3 13 0 2 39 3 4 20 4 2 33 4 1 7 2 3 37 1 4 17 4 0
8 21 4 3 13 0 2 39 3 4 20 4 2 33 4 3 14 2 3 36 3 4 17 3 0
8 21 4 3 13 0 3 40 3 0 3 4 0 25 0 2 11 0 3 36 2 4 17 3 0
8 21 4 3 13 0 3 40 3 0 3 4 0 25 0 3 16 0 3 37 3 4 17 4 0
8 21 4 3 13 0 3 40 3 0 3 4 2 33 0 1 7 2 3 37 1 4 17 4 0
8 21 4 3 13 0 3 40 3 0 3 4 2 33 0 3 14 2 3 36 3 4 17 3 0
6 21 4 3 13 0 3 40 3 0 3 4 3 35 0 4 17 2 0
8 21 4 3 13 0 3 40 3 1 8 4 1 28 1 2 12 1 3 35 2 4 17 2 0
8 21 4 3 13 0 3 40 3 1 8 4 1 28 1 3 16 1 3 37 3 4 17 4 0
8 21 4 3 13 0 3 40 3 1 8 4 2 32 1 0 4 2 3 37 0 4 17 4 0
8 21 4 3 13 0 3 40 3 1 8 4 2 32 1 3 15 2 3 35 3 4 17 2 0
6 21 4 3 13 0 3 40 3 1 8 4 3 36 1 4 17 3 0
8 21 4 3 13 0 3 40 3 2 10 4 0 23 2 0 2 0 3 36 0 4 17 3 0
8 21 4 3 13 0 3 40 3 2 10 4 0 23 2 3 15 0 3 35 3 4 17 2 0
8 21 4 3 13 0 3 40 3 2 10 4 1 27 2 1 6 1 3 35 1 4 17 2 0
8 21 4 3 13 0 3 40 3 2 10 4 1 27 2 3 14 1 3 36 3 4 17 3 0
6 21 4 3 13 0 3 40 3 2 10 4 3 37 2 4 17 4 0
8 21 4 3 13 0 3 40 3 4 19 4 0 24 4 0 4 0 3 37 0 4 17 4 0
8 21 4 3 13 0 3 40 3 4 19 4 0 24 4 2 12 0 3 35 2 4 17 2 0
8 21 4 3 13 0 3 40 3 4 19 4 0 24 4 3 14 0 3 36 3 4 17 3 0
8 21 4 3 13 0 3 40 3 4 19 4 1 29 4 1 7 1 3 37 1 4 17 4 0
8 21 4 3 13 0 3 40 3 4 19 4 1 29 4 2 11 1 3 36 2 4 17 3 0
8 21 4 3 13 0 3 40 3 4 19 4 1 29 4 3 15 1 3 35 3 4 17 2 0
8 21 4 3 13 0 3 40 3 4 19 4 2 31 4 0 2 2 3 36 0 4 17 3 0
8 21 4 3 13 0 3 40 3 4 19 4 2 31 4 1 6 2 3 35 1 4 17 2 0
8 21 4 3 13 0 3 40 3 4 19 4 2 31 4 3 16 2 3 37 3 4 17 4 0
8 21 4 3 13 0 4 41 3 0 2 4 0 23 0 2 10 0 3 37 2 4 17 4 0
8 21 4 3 13 0 4 41 3 0 2 4 0 23 0 3 15 0 3 35 3 4 17 2 0
8 21 4 3 13 0 4 41 3 0 2 4 2 31 0 1 6 2 3 35 1 4 17 2 0
8 21 4 3 13 0 4 41 3 0 2 4 2 31 0 3 16 2 3 37 3 4 17 4 0
6 21 4 3 13 0 4 41 3 0 2 4 3 36 0 4 17 3 0
8 21 4 3 13 0 4 41 3 1 7 4 1 29 1 2 11 1 3 36 2 4 17 3 0
8 21 4 3 13 0 4 41 3 1 7 4 1 29 1 3 15 1 3 35 3 4 17 2 0
8 21 4 3 13 0 4 41 3 1 7 4 2 33 1 0 3 2 3 35 0 4 17 2 0
8 21 4 3 13 0 4 41 3 1 7 4 2 33 1 3 14 2 3 36 3 4 17 3 0
6 21 4 3 13 0 4 41 3 1 7 4 3 37 1 4 17 4 0
8 21 4 3 13 0 4 41 3 2 12 4 0 24 2 0 4 0 3 37 0 4 17 4 0
8 21 4 3 13 0 4 41 3 2 12 4 0 24 2 3 14 0 3 36 3 4 17 3 0
8 21 4 3 13 0 4 41 3 2 12 4 1 28 2 1 8 1 3 36 1 4 17 3 0
8 21 4 3 13 0 4 41 3 2 12 4 1 28 2 3 16 1 3 37 3 4 17 4 0
6 21 4 3 13 0 4 41 3 2 12 4 3 35 2 4 17 2 0
8 21 4 3 13 0 4 41 3 4 18 4 0 25 4 0 3 0 3 35 0 4 17 2 0
8 21 4 3 13 0 4 41 3 4 18 4 0 25 4 2 11 0 3 36 2 4 17 3 0
8 21 4 3 13 0 4 41 3 4 18 4 0 25 4 3 16 0 3 37 3 4 17 4 0
8 21 4 3 13 0 4 41 3 4 18 4 1 27 4 1 6 1 3 35 1 4 17 2 0
8 21 4 3 13 0 4 41 3 4 18 4 1 27 4 2 10 1 3 37 2 4 17 4 0
8 21 4 3 13 0 4 41 3 4 18 4 1 27 4 3 14 1 3 36 3 4 17 3 0
8 21 4 3 13 0 4 41 3 4 18 4 2 32 4 0 4 2 3 37 0 4 17 4 0
8 21 4 3 13 0 4 41 3 4 18 4 2 32 4 1 8 2 3 36 1 4 17 3 0
8 21 4 3 13 0 4 41 3 4 18 4 2 32 4 3 15 2 3 35 3 4 17 2 0
8 27 3 1 6 1 2 31 1 0 2 2 0 23 0 1 5 2 3 24 1 3 14 0 1
8 27 4 1 6 1 2 31 1 0 2 2 0 23 0 1 5 2 4 25 1 4 18 0 1
6 27 2 1 6 1 2 31 1 0 2 2 0 23 0 2 10 0 1
8 27 4 1 6 1 2 31 1 0 2 2 0 23 0 3 15 0 2 32 3 4 18 2 1
8 27 3 1 6 1 2 31 1 0 2 2 0 23 0 4 20 0 2 33 4 3 14 2 1
8 27 4 1 6 1 2 31 1 0 2 2 3 36 0 1 8 3 2 32 1 4 18 2 1
8 27 2 1 6 1 2 31 1 0 2 2 3 36 0 1 8 3 4 40 1 2 10 4 1
8 27 4 1 6 1 2 31 1 0 2 2 3 36 0 2 11 3 0 25 2 4 18 0 1
6 27 3 1 6 1 2 31 1 0 2 2 3 36 0 3 14 3 1
8 27 2 1 6 1 2 31 1 0 2 2 3 36 0 4 17 3 4 37 4 2 10 3 1
8 27 3 1 6 1 2 31 1 0 2 2 4 41 0 1 7 4 2 33 1 3 14 2 1
8 27 2 1 6 1 2 31 1 0 2 2 4 41 0 1 7 4 3 37 1 2 10 3 1
8 27 3 1 6 1 2 31 1 0 2 2 4 41 0 2 12 4 0 24 2 3 14 0 1
8 27 2 1 6 1 2 31 1 0 2 2 4 41 0 3 13 4 3 40 3 2 10 4 1
6 27 4 1 6 1 2 31 1 0 2 2 4 41 0 4 18 4 1
8 27 3 1 6 1 2 31 1 2 9 2 3 32 2 0 4 2 0 24 0 3 14 0 1
8 27 2 1 6 1 2 31 1 2 9 2 3 32 2 0 4 2 3 37 0 2 10 3 1
8 27 3 1 6 1 2 31 1 2 9 2 3 32 2 1 8 2 3 36 1 3 14 3 1
8 27 2 1 6 1 2 31 1 2 9 2 3 32 2 1 8 2 4 40 1 2 10 4 1
8 27 2 1 6 1 2 31 1 2 9 2 3 32 2 3 15 2 0 23 3 2 10 0 1
6 27 4 1 6 1 2 31 1 2 9 2 3 32 2 4 18 2 1
8 27 4 1 6 1 2 31 1 2 9 2 4 33 2 0 3 2 0 25 0 4 18 0 1
8 27 2 1 6 1 2 31 1 2 9 2 4 33 2 0 3 2 4 40 0 2 10 4 1
8 27 2 1 6 1 2 31 1 2 9 2 4 33 2 1 7 2 3 37 1 2 10 3 1
8 27 4 1 6 1 2 31 1 2 9 2 4 33 2 1 7 2 4 41 1 4 18 4 1
6 27 3 1 6 1 2 31 1 2 9 2 4 33 2 3 14 2 1
8 27 2 1 6 1 2 31 1 2 9 2 4 33 2 4 20 2 0 23 4 2 10 0 1
8 27 3 1 6 1 2 31 1 3 16 2 0 25 3 0 3 0 2 33 0 3 14 2 1
8 27 2 1 6 1 2 31 1 3 16 2 0 25 3 0 3 0 4 40 0 2 10 4 1
8 27 2 1 6 1 2 31 1 3 16 2 0 25 3 1 5 4 2 23 1 2 10 0 1
8 27 3 1 6 1 2 31 1 3 16 2 0 25 3 1 5 4 3 24 1 3 14 0 1
8 27 3 1 6 1 2 31 1 3 16 2 0 25 3 2 11 0 3 36 2 3 14 3 1
6 27 4 1 6 1 2 31 1 3 16 2 0 25 3 4 18 0 1
8 27 4 1 6 1 2 31 1 3 16 2 1 28 3 1 8 1 2 32 1 4 18 2 1
8 27 3 1 6 1 2 31 1 3 16 2 1 28 3 1 8 1 3 36 1 3 14 3 1
8 27 2 1 6 1 2 31 1 3 16 2 1 28 3 1 8 1 4 40 1 2 10 4 1
8 27 3 1 6 1 2 31 1 3 16 2 1 28 3 2 12 1 0 24 2 3 14 0 1
8 27 4 1 6 1 2 31 1 3 16 2 1 28 3 2 12 1 4 41 2 4 18 4 1
8 27 2 1 6 1 2 31 1 3 16 2 1 28 3 4 20 1 0 23 4 2 10 0 1
8 27 3 1 6 1 2 31 1 3 16 2 1 28 3 4 20 1 2 33 4 3 14 2 1
8 27 3 1 6 1 2 31 1 3 16 2 3 37 3 0 4 3 0 24 0 3 14 0 1
8 27 4 1 6 1 2 31 1 3 16 2 3 37 3 0 4 3 2 32 0 4 18 2 1
8 27 3 1 6 1 2 31 1 3 16 2 3 37 3 1 7 3 2 33 1 3 14 2 1
8 27 4 1 6 1 2 31 1 3 16 2 3 37 3 1 7 3 4 41 1 4 18 4 1
6 27 2 1 6 1 2 31 1 3 16 2 3 37 3 2 10 3 1
8 27 3 1 6 1 2 31 1 3 16 2 3 37 3 4 17 4 3 36 4 3 14 3 1
8 27 4 1 6 1 2 31 1 4 19 2 0 24 4 0 4 0 2 32 0 4 18 2 1
8 27 2 1 6 1 2 31 1 4 19 2 0 24 4 0 4 0 3 37 0 2 10 3 1
8 27 2 1 6 1 2 31 1 4 19 2 0 24 4 1 5 3 2 23 1 2 10 0 1
8 27 4 1 6 1 2 31 1 4 19 2 0 24 4 1 5 3 4 25 1 4 18 0 1
8 27 4 1 6 1 2 31 1 4 19 2 0 24 4 2 12 0 4 41 2 4 18 4 1
6 27 3 1 6 1 2 31 1 4 19 2 0 24 4 3 14 0 1
8 27 3 1 6 1 2 31 1 4 19 2 1 29 4 1 7 1 2 33 1 3 14 2 1
8 27 2 1 6 1 2 31 1 4 19 2 1 29 4 1 7 1 3 37 1 2 10 3 1
8 27 4 1 6 1 2 31 1 4 19 2 1 29 4 1 7 1 4 41 1 4 18 4 1
8 27 4 1 6 1 2 31 1 4 19 2 1 29 4 2 11 1 0 25 2 4 18 0 1
8 27 3 1 6 1 2 31 1 4 19 2 1 29 4 2 11 1 3 36 2 3 14 3 1
8 27 2 1 6 1 2 31 1 4 19 2 1 29 4 3 15 1 0 23 3 2 10 0 1
8 27 4 1 6 1 2 31 1 4 19 2 1 29 4 3 15 1 2 32 3 4 18 2 1
8 27 4 1 6 1 2 31 1 4 19 2 4 40 4 0 3 4 0 25 0 4 18 0 1
8 27 3 1 6 1 2 31 1 4 19 2 4 40 4 0 3 4 2 33 0 3 14 2 1
8 27 4 1 6 1 2 31 1 4 19 2 4 40 4 1 8 4 2 32 1 4 18 2 1
8 27 3 1 6 1 2 31 1 4 19 2 4 40 4 1 8 4 3 36 1 3 14 3 1
6 27 2 1 6 1 2 31 1 4 19 2 4 40 4 2 10 4 1
8 27 4 1 6 1 2 31 1 4 19 2 4 40 4 3 13 3 4 41 3 4 18 4 1
8 27 2 1 6 1 3 35 1 0 3 3 0 25 0 1 5 4 2 23 1 2 10 0 1
8 27 3 1 6 1 3 35 1 0 3 3 0 25 0 1 5 4 3 24 1 3 14 0 1
8 27 3 1 6 1 3 35 1 0 3 3 0 25 0 2 11 0 3 36 2 3 14 3 1
8 27 2 1 6 1 3 35 1 0 3 3 0 25 0 3 16 0 3 37 3 2 10 3 1
6 27 4 1 6 1 3 35 1 0 3 3 0 25 0 4 18 0 1
8 27 2 1 6 1 3 35 1 0 3 3 2 33 0 1 7 2 3 37 1 2 10 3 1
8 27 4 1 6 1 3 35 1 0 3 3 2 33 0 1 7 2 4 41 1 4 18 4 1
8 27 4 1 6 1 3 35 1 0 3 3 2 33 0 2 9 4 3 32 2 4 18 2 1
6 27 3 1 6 1 3 35 1 0 3 3 2 33 0 3 14 2 1
8 27 2 1 6 1 3 35 1 0 3 3 2 33 0 4 20 2 0 23 4 2 10 0 1
8 27 4 1 6 1 3 35 1 0 3 3 4 40 0 1 8 4 2 32 1 4 18 2 1
8 27 3 1 6 1 3 35 1 0 3 3 4 40 0 1 8 4 3 36 1 3 14 3 1
6 27 2 1 6 1 3 35 1 0 3 3 4 40 0 2 10 4 1
8 27 4 1 6 1 3 35 1 0 3 3 4 40 0 3 13 3 4 41 3 4 18 4 1
8 27 3 1 6 1 3 35 1 0 3 3 4 40 0 4 19 4 0 24 4 3 14 0 1
8 27 4 1 6 1 3 35 1 2 12 3 0 24 2 0 4 0 2 32 0 4 18 2 1
8 27 2 1 6 1 3 35 1 2 12 3 0 24 2 0 4 0 3 37 0 2 10 3 1
8 27 2 1 6 1 3 35 1 2 12 3 0 24 2 1 5 3 2 23 1 2 10 0 1
8 27 4 1 6 1 3 35 1 2 12 3 0 24 2 1 5 3 4 25 1 4 18 0 1
6 27 3 1 6 1 3 35 1 2 12 3 0 24 2 3 14 0 1
8 27 2 1 6 1 3 35 1 2 12 3 0 24 2 4 19 0 4 40 4 2 10 4 1
8 27 4 1 6 1 3 35 1 2 12 3 1 28 2 1 8 1 2 32 1 4 18 2 1
8 27 3 1 6 1 3 35 1 2 12 3 1 28 2 1 8 1 3 36 1 3 14 3 1
8 27 2 1 6 1 3 35 1 2 12 3 1 28 2 1 8 1 4 40 1 2 10 4 1
8 27 4 1 6 1 3 35 1 2 12 3 1 28 2 3 16 1 0 25 3 4 18 0 1
8 27 2 1 6 1 3 35 1 2 12 3 1 28 2 3 16 1 3 37 3 2 10 3 1
8 27 2 1 6 1 3 35 1 2 12 3 1 28 2 4 20 1 0 23 4 2 10 0 1
8 27 3 1 6 1 3 35 1 2 12 3 1 28 2 4 20 1 2 33 4 3 14 2 1
8 27 2 1 6 1 3 35 1 2 12 3 4 41 2 0 2 4 0 23 0 2 10 0 1
8 27 3 1 6 1 3 35 1 2 12 3 4 41 2 0 2 4 3 36 0 3 14 3 1
8 27 3 1 6 1 3 35 1 2 12 3 4 41 2 1 7 4 2 33 1 3 14 2 1
8 27 2 1 6 1 3 35 1 2 12 3 4 41 2 1 7 4 3 37 1 2 10 3 1
8 27 2 1 6 1 3 35 1 2 12 3 4 41 2 3 13 4 3 40 3 2 10 4 1
6 27 4 1 6 1 3 35 1 2 12 3 4 41 2 4 18 4 1
8 27 3 1 6 1 3 35 1 3 15 3 0 23 3 0 2 0 3 36 0 3 14 3 1
8 27 4 1 6 1 3 35 1 3 15 3 0 23 3 0 2 0 4 41 0 4 18 4 1
8 27 3 1 6 1 3 35 1 3 15 3 0 23 3 1 5 2 3 24 1 3 14 0 1
8 27 4 1 6 1 3 35 1 3 15 3 0 23 3 1 5 2 4 25 1 4 18 0 1
6 27 2 1 6 1 3 35 1 3 15 3 0 23 3 2 10 0 1
8 27 3 1 6 1 3 35 1 3 15 3 0 23 3 4 20 0 2 33 4 3 14 2 1
8 27 3 1 6 1 3 35 1 3 15 3 1 29 3 1 7 1 2 33 1 3 14 2 1
8 27 2 1 6 1 3 35 1 3 15 3 1 29 3 1 7 1 3 37 1 2 10 3 1
8 27 4 1 6 1 3 35 1 3 15 3 1 29 3 1 7 1 4 41 1 4 18 4 1
8 27 4 1 6 1 3 35 1 3 15 3 1 29 3 2 11 1 0 25 2 4 18 0 1
8 27 3 1 6 1 3 35 1 3 15 3 1 29 3 2 11 1 3 36 2 3 14 3 1
8 27 3 1 6 1 3 35 1 3 15 3 1 29 3 4 19 1 0 24 4 3 14 0 1
8 27 2 1 6 1 3 35 1 3 15 3 1 29 3 4 19 1 4 40 4 2 10 4 1
8 27 3 1 6 1 3 35 1 3 15 3 2 32 3 0 4 2 0 24 0 3 14 0 1
8 27 2 1 6 1 3 35 1 3 15 3 2 32 3 0 4 2 3 37 0 2 10 3 1
8 27 3 1 6 1 3 35 1 3 15 3 2 32 3 1 8 2 3 36 1 3 14 3 1
8 27 2 1 6 1 3 35 1 3 15 3 2 32 3 1 8 2 4 40 1 2 10 4 1
8 27 3 1 6 1 3 35 1 3 15 3 2 32 3 2 9 3 4 33 2 3 14 2 1
6 27 4 1 6 1 3 35 1 3 15 3 2 32 3 4 18 2 1
8 27 2 1 6 1 3 35 1 4 17 2 3 36 4 0 2 3 0 23 0 2 10 0 1
8 27 4 1 6 1 3 35 1 4 17 2 3 36 4 0 2 3 4 41 0 4 18 4 1
8 27 4 1 6 1 3 35 1 4 17 2 3 36 4 1 8 3 2 32 1 4 18 2 1
8 27 2 1 6 1 3 35 1 4 17 2 3 36 4 1 8 3 4 40 1 2 10 4 1
8 27 4 1 6 1 3 35 1 4 17 2 3 36 4 2 11 3 0 25 2 4 18 0 1
6 27 3 1 6 1 3 35 1 4 17 2 3 36 4 3 14 3 1
8 27 3 1 6 1 3 35 1 4 17 2 4 37 4 0 4 3 0 24 0 3 14 0 1
8 27 4 1 6 1 3 35 1 4 17 2 4 37 4 0 4 3 2 32 0 4 18 2 1
8 27 3 1 6 1 3 35 1 4 17 2 4 37 4 1 7 3 2 33 1 3 14 2 1
8 27 4 1 6 1 3 35 1 4 17 2 4 37 4 1 7 3 4 41 1 4 18 4 1
6 27 2 1 6 1 3 35 1 4 17 2 4 37 4 2 10 3 1
8 27 4 1 6 1 3 35 1 4 17 2 4 37 4 3 16 3 0 25 3 4 18 0 1
8 27 2 1 6 1 4 39 1 0 4 4 0 24 0 1 5 3 2 23 1 2 10 0 1
8 27 4 1 6 1 4 39 1 0 4 4 0 24 0 1 5 3 4 25 1 4 18 0 1
8 27 4 1 6 1 4 39 1 0 4 4 0 24 0 2 12 0 4 41 2 4 18 4 1
6 27 3 1 6 1 4 39 1 0 4 4 0 24 0 3 14 0 1
8 27 2 1 6 1 4 39 1 0 4 4 0 24 0 4 19 0 4 40 4 2 10 4 1
8 27 3 1 6 1 4 39 1 0 4 4 2 32 0 1 8 2 3 36 1 3 14 3 1
8 27 2 1 6 1 4 39 1 0 4 4 2 32 0 1 8 2 4 40 1 2 10 4 1
8 27 3 1 6 1 4 39 1 0 4 4 2 32 0 2 9 3 4 33 2 3 14 2 1
8 27 2 1 6 1 4 39 1 0 4 4 2 32 0 3 15 2 0 23 3 2 10 0 1
6 27 4 1 6 1 4 39 1 0 4 4 2 32 0 4 18 2 1
8 27 3 1 6 1 4 39 1 0 4 4 3 37 0 1 7 3 2 33 1 3 14 2 1
8 27 4 1 6 1 4 39 1 0 4 4 3 37 0 1 7 3 4 41 1 4 18 4 1
6 27 2 1 6 1 4 39 1 0 4 4 3 37 0 2 10 3 1
8 27 4 1 6 1 4 39 1 0 4 4 3 37 0 3 16 3 0 25 3 4 18 0 1
8 27 3 1 6 1 4 39 1 0 4 4 3 37 0 4 17 4 3 36 4 3 14 3 1
8 27 3 1 6 1 4 39 1 2 11 4 0 25 2 0 3 0 2 33 0 3 14 2 1
8 27 2 1 6 1 4 39 1 2 11 4 0 25 2 0 3 0 4 40 0 2 10 4 1
8 27 2 1 6 1 4 39 1 2 11 4 0 25 2 1 5 4 2 23 1 2 10 0 1
8 27 3 1 6 1 4 39 1 2 11 4 0 25 2 1 5 4 3 24 1 3 14 0 1
8 27 2 1 6 1 4 39 1 2 11 4 0 25 2 3 16 0 3 37 3 2 10 3 1
6 27 4 1 6 1 4 39 1 2 11 4 0 25 2 4 18 0 1
8 27 3 1 6 1 4 39 1 2 11 4 1 29 2 1 7 1 2 33 1 3 14 2 1
8 27 2 1 6 1 4 39 1 2 11 4 1 29 2 1 7 1 3 37 1 2 10 3 1
8 27 4 1 6 1 4 39 1 2 11 4 1 29 2 1 7 1 4 41 1 4 18 4 1
8 27 2 1 6 1 4 39 1 2 11 4 1 29 2 3 15 1 0 23 3 2 10 0 1
8 27 4 1 6 1 4 39 1 2 11 4 1 29 2 3 15 1 2 32 3 4 18 2 1
8 27 3 1 6 1 4 39 1 2 11 4 1 29 2 4 19 1 0 24 4 3 14 0 1
8 27 2 1 6 1 4 39 1 2 11 4 1 29 2 4 19 1 4 40 4 2 10 4 1
8 27 2 1 6 1 4 39 1 2 11 4 3 36 2 0 2 3 0 23 0 2 10 0 1
8 27 4 1 6 1 4 39 1 2 11 4 3 36 2 0 2 3 4 41 0 4 18 4 1
8 27 4 1 6 1 4 39 1 2 11 4 3 36 2 1 8 3 2 32 1 4 18 2 1
8 27 2 1 6 1 4 39 1 2 11 4 3 36 2 1 8 3 4 40 1 2 10 4 1
6 27 3 1 6 1 4 39 1 2 11 4 3 36 2 3 14 3 1
8 27 2 1 6 1 4 39 1 2 11 4 3 36 2 4 17 3 4 37 4 2 10 3 1
8 27 4 1 6 1 4 39 1 3 13 2 3 40 3 0 3 4 0 25 0 4 18 0 1
8 27 3 1 6 1 4 39 1 3 13 2 3 40 3 0 3 4 2 33 0 3 14 2 1
8 27 4 1 6 1 4 39 1 3 13 2 3 40 3 1 8 4 2 32 1 4 18 2 1
8 27 3 1 6 1 4 39 1 3 13 2 3 40 3 1 8 4 3 36 1 3 14 3 1
6 27 2 1 6 1 4 39 1 3 13 2 3 40 3 2 10 4 1
8 27 3 1 6 1 4 39 1 3 13 2 3 40 3 4 19 4 0 24 4 3 14 0 1
8 27 2 1 6 1 4 39 1 3 13 2 4 41 3 0 2 4 0 23 0 2 10 0 1
8 27 3 1 6 1 4 39 1 3 13 2 4 41 3 0 2 4 3 36 0 3 14 3 1
8 27 3 1 6 1 4 39 1 3 13 2 4 41 3 1 7 4 2 33 1 3 14 2 1
8 27 2 1 6 1 4 39 1 3 13 2 4 41 3 1 7 4 3 37 1 2 10 3 1
8 27 3 1 6 1 4 39 1 3 13 2 4 41 3 2 12 4 0 24 2 3 14 0 1
6 27 4 1 6 1 4 39 1 3 13 2 4 41 3 4 18 4 1
8 27 3 1 6 1 4 39 1 4 20 4 0 23 4 0 2 0 3 36 0 3 14 3 1
8 27 4 1 6 1 4 39 1 4 20 4 0 23 4 0 2 0 4 41 0 4 18 4 1
8 27 3 1 6 1 4 39 1 4 20 4 0 23 4 1 5 2 3 24 1 3 14 0 1
8 27 4 1 6 1 4 39 1 4 20 4 0 23 4 1 5 2 4 25 1 4 18 0 1
6 27 2 1 6 1 4 39 1 4 20 4 0 23 4 2 10 0 1
8 27 4 1 6 1 4 39 1 4 20 4 0 23 4 3 15 0 2 32 3 4 18 2 1
8 27 4 1 6 1 4 39 1 4 20 4 1 28 4 1 8 1 2 32 1 4 18 2 1
8 27 3 1 6 1 4 39 1 4 20 4 1 28 4 1 8 1 3 36 1 3 14 3 1
8 27 2 1 6 1 4 39 1 4 20 4 1 28 4 1 8 1 4 40 1 2 10 4 1
8 27 3 1 6 1 4 39 1 4 20 4 1 28 4 2 12 1 0 24 2 3 14 0 1
8 27 4 1 6 1 4 39 1 4 20 4 1 28 4 2 12 1 4 41 2 4 18 4 1
8 27 4 1 6 1 4 39 1 4 20 4 1 28 4 3 16 1 0 25 3 4 18 0 1
8 27 2 1 6 1 4 39 1 4 20 4 1 28 4 3 16 1 3 37 3 2 10 3 1
8 27 4 1 6 1 4 39 1 4 20 4 2 33 4 0 3 2 0 25 0 4 18 0 1
8 27 2 1 6 1 4 39 1 4 20 4 2 33 4 0 3 2 4 40 0 2 10 4 1
8 27 2 1 6 1 4 39 1 4 20 4 2 33 4 1 7 2 3 37 1 2 10 3 1
8 27 4 1 6 1 4 39 1 4 20 4 2 33 4 1 7 2 4 41 1 4 18 4 1
8 27 4 1 6 1 4 39 1 4 20 4 2 33 4 2 9 4 3 32 2 4 18 2 1
6 27 3 1 6 1 4 39 1 4 20 4 2 33 4 3 14 2 1
8 27 4 2 10 1 0 23 2 0 2 0 2 31 0 2 9 2 3 32 2 4 18 2 1
8 27 3 2 10 1 0 23 2 0 2 0 2 31 0 2 9 2 4 33 2 3 14 2 1
8 27 4 2 10 1 0 23 2 0 2 0 2 31 0 3 16 2 0 25 3 4 18 0 1
8 27 3 2 10 1 0 23 2 0 2 0 2 31 0 4 19 2 0 24 4 3 14 0 1
8 27 4 2 10 1 0 23 2 0 2 0 3 36 0 1 8 3 2 32 1 4 18 2 1
8 27 4 2 10 1 0 23 2 0 2 0 3 36 0 2 11 3 0 25 2 4 18 0 1
6 27 3 2 10 1 0 23 2 0 2 0 3 36 0 3 14 3 1
8 27 3 2 10 1 0 23 2 0 2 0 4 41 0 1 7 4 2 33 1 3 14 2 1
8 27 3 2 10 1 0 23 2 0 2 0 4 41 0 2 12 4 0 24 2 3 14 0 1
6 27 4 2 10 1 0 23 2 0 2 0 4 41 0 4 18 4 1
8 27 4 2 10 1 0 23 2 1 5 2 3 24 1 0 4 0 2 32 0 4 18 2 1
8 27 4 2 10 1 0 23 2 1 5 2 3 24 1 2 12 0 4 41 2 4 18 4 1
6 27 3 2 10 1 0 23 2 1 5 2 3 24 1 3 14 0 1
8 27 3 2 10 1 0 23 2 1 5 2 4 25 1 0 3 0 2 33 0 3 14 2 1
8 27 3 2 10 1 0 23 2 1 5 2 4 25 1 2 11 0 3 36 2 3 14 3 1
6 27 4 2 10 1 0 23 2 1 5 2 4 25 1 4 18 0 1
8 27 3 2 10 1 0 23 2 3 15 0 1 29 3 1 7 1 2 33 1 3 14 2 1
8 27 4 2 10 1 0 23 2 3 15 0 1 29 3 1 7 1 4 41 1 4 18 4 1
8 27 4 2 10 1 0 23 2 3 15 0 1 29 3 2 11 1 0 25 2 4 18 0 1
8 27 3 2 10 1 0 23 2 3 15 0 1 29 3 2 11 1 3 36 2 3 14 3 1
8 27 3 2 10 1 0 23 2 3 15 0 1 29 3 4 19 1 0 24 4 3 14 0 1
8 27 3 2 10 1 0 23 2 3 15 0 2 32 3 0 4 2 0 24 0 3 14 0 1
8 27 3 2 10 1 0 23 2 3 15 0 2 32 3 1 8 2 3 36 1 3 14 3 1
8 27 3 2 10 1 0 23 2 3 15 0 2 32 3 2 9 3 4 33 2 3 14 2 1
6 27 4 2 10 1 0 23 2 3 15 0 2 32 3 4 18 2 1
8 27 4 2 10 1 0 23 2 3 15 0 3 35 3 0 3 3 0 25 0 4 18 0 1
8 27 3 2 10 1 0 23 2 3 15 0 3 35 3 0 3 3 2 33 0 3 14 2 1
8 27 3 2 10 1 0 23 2 3 15 0 3 35 3 2 12 3 0 24 2 3 14 0 1
8 27 4 2 10 1 0 23 2 3 15 0 3 35 3 2 12 3 4 41 2 4 18 4 1
8 27 3 2 10 1 0 23 2 3 15 0 3 35 3 4 17 2 3 36 4 3 14 3 1
8 27 4 2 10 1 0 23 2 4 20 0 1 28 4 1 8 1 2 32 1 4 18 2 1
8 27 3 2 10 1 0 23 2 4 20 0 1 28 4 1 8 1 3 36 1 3 14 3 1
8 27 3 2 10 1 0 23 2 4 20 0 1 28 4 2 12 1 0 24 2 3 14 0 1
8 27 4 2 10 1 0 23 2 4 20 0 1 28 4 2 12 1 4 41 2 4 18 4 1
8 27 4 2 10 1 0 23 2 4 20 0 1 28 4 3 16 1 0 25 3 4 18 0 1
8 27 4 2 10 1 0 23 2 4 20 0 2 33 4 0 3 2 0 25 0 4 18 0 1
8 27 4 2 10 1 0 23 2 4 20 0 2 33 4 1 7 2 4 41 1 4 18 4 1
8 27 4 2 10 1 0 23 2 4 20 0 2 33 4 2 9 4 3 32 2 4 18 2 1
6 27 3 2 10 1 0 23 2 4 20 0 2 33 4 3 14 2 1
8 27 3 2 10 1 0 23 2 4 20 0 4 39 4 0 4 4 0 24 0 3 14 0 1
8 27 4 2 10 1 0 23 2 4 20 0 4 39 4 0 4 4 2 32 0 4 18 2 1
8 27 4 2 10 1 0 23 2 4 20 0 4 39 4 2 11 4 0 25 2 4 18 0 1
8 27 3 2 10 1 0 23 2 4 20 0 4 39 4 2 11 4 3 36 2 3 14 3 1
8 27 4 2 10 1 0 23 2 4 20 0 4 39 4 3 13 2 4 41 3 4 18 4 1
8 27 4 2 10 1 3 37 2 0 4 3 0 24 0 1 5 3 4 25 1 4 18 0 1
8 27 4 2 10 1 3 37 2 0 4 3 0 24 0 2 12 0 4 41 2 4 18 4 1
6 27 3 2 10 1 3 37 2 0 4 3 0 24 0 3 14 0 1
8 27 3 2 10 1 3 37 2 0 4 3 2 32 0 1 8 2 3 36 1 3 14 3 1
8 27 3 2 10 1 3 37 2 0 4 3 2 32 0 2 9 3 4 33 2 3 14 2 1
6 27 4 2 10 1 3 37 2 0 4 3 2 32 0 4 18 2 1
8 27 4 2 10 1 3 37 2 0 4 3 4 39 0 2 11 4 0 25 2 4 18 0 1
8 27 3 2 10 1 3 37 2 0 4 3 4 39 0 2 11 4 3 36 2 3 14 3 1
8 27 4 2 10 1 3 37 2 0 4 3 4 39 0 3 13 2 4 41 3 4 18 4 1
8 27 3 2 10 1 3 37 2 0 4 3 4 39 0 4 20 4 2 33 4 3 14 2 1
8 27 4 2 10 1 3 37 2 1 7 3 1 29 1 2 11 1 0 25 2 4 18 0 1
8 27 3 2 10 1 3 37 2 1 7 3 1 29 1 2 11 1 3 36 2 3 14 3 1
8 27 4 2 10 1 3 37 2 1 7 3 1 29 1 3 15 1 2 32 3 4 18 2 1
8 27 3 2 10 1 3 37 2 1 7 3 1 29 1 4 19 1 0 24 4 3 14 0 1
8 27 4 2 10 1 3 37 2 1 7 3 2 33 1 0 3 2 0 25 0 4 18 0 1
8 27 4 2 10 1 3 37 2 1 7 3 2 33 1 2 9 4 3 32 2 4 18 2 1
6 27 3 2 10 1 3 37 2 1 7 3 2 33 1 3 14 2 1
8 27 3 2 10 1 3 37 2 1 7 3 4 41 1 0 2 4 3 36 0 3 14 3 1
8 27 3 2 10 1 3 37 2 1 7 3 4 41 1 2 12 4 0 24 2 3 14 0 1
6 27 4 2 10 1 3 37 2 1 7 3 4 41 1 4 18 4 1
8 27 3 2 10 1 3 37 2 3 16 3 0 25 3 0 3 0 2 33 0 3 14 2 1
8 27 3 2 10 1 3 37 2 3 16 3 0 25 3 1 5 4 3 24 1 3 14 0 1
8 27 3 2 10 1 3 37 2 3 16 3 0 25 3 2 11 0 3 36 2 3 14 3 1
6 27 4 2 10 1 3 37 2 3 16 3 0 25 3 4 18 0 1
8 27 4 2 10 1 3 37 2 3 16 3 1 28 3 1 8 1 2 32 1 4 18 2 1
8 27 3 2 10 1 3 37 2 3 16 3 1 28 3 1 8 1 3 36 1 3 14 3 1
8 27 3 2 10 1 3 37 2 3 16 3 1 28 3 2 12 1 0 24 2 3 14 0 1
8 27 4 2 10 1 3 37 2 3 16 3 1 28 3 2 12 1 4 41 2 4 18 4 1
8 27 3 2 10 1 3 37 2 3 16 3 1 28 3 4 20 1 2 33 4 3 14 2 1
8 27 3 2 10 1 3 37 2 3 16 3 2 31 3 0 2 2 3 36 0 3 14 3 1
8 27 4 2 10 1 3 37 2 3 16 3 2 31 3 0 2 2 4 41 0 4 18 4 1
8 27 4 2 10 1 3 37 2 3 16 3 2 31 3 2 9 2 3 32 2 4 18 2 1
8 27 3 2 10 1 3 37 2 3 16 3 2 31 3 2 9 2 4 33 2 3 14 2 1
8 27 3 2 10 1 3 37 2 3 16 3 2 31 3 4 19 2 0 24 4 3 14 0 1
8 27 4 2 10 1 3 37 2 4 17 4 2 35 4 0 3 3 0 25 0 4 18 0 1
8 27 3 2 10 1 3 37 2 4 17 4 2 35 4 0 3 3 2 33 0 3 14 2 1
8 27 3 2 10 1 3 37 2 4 17 4 2 35 4 2 12 3 0 24 2 3 14 0 1
8 27 4 2 10 1 3 37 2 4 17 4 2 35 4 2 12 3 4 41 2 4 18 4 1
8 27 4 2 10 1 3 37 2 4 17 4 2 35 4 3 15 3 2 32 3 4 18 2 1
8 27 4 2 10 1 3 37 2 4 17 4 3 36 4 0 2 3 4 41 0 4 18 4 1
8 27 4 2 10 1 3 37 2 4 17 4 3 36 4 1 8 3 2 32 1 4 18 2 1
8 27 4 2 10 1 3 37 2 4 17 4 3 36 4 2 11 3 0 25 2 4 18 0 1
6 27 3 2 10 1 3 37 2 4 17 4 3 36 4 3 14 3 1
8 27 3 2 10 1 4 40 2 0 3 4 0 25 0 1 5 4 3 24 1 3 14 0 1
8 27 3 2 10 1 4 40 2 0 3 4 0 25 0 2 11 0 3 36 2 3 14 3 1
6 27 4 2 10 1 4 40 2 0 3 4 0 25 0 4 18 0 1
8 27 4 2 10 1 4 40 2 0 3 4 2 33 0 1 7 2 4 41 1 4 18 4 1
8 27 4 2 10 1 4 40 2 0 3 4 2 33 0 2 9 4 3 32 2 4 18 2 1
6 27 3 2 10 1 4 40 2 0 3 4 2 33 0 3 14 2 1
8 27 3 2 10 1 4 40 2 0 3 4 3 35 0 2 12 3 0 24 2 3 14 0 1
8 27 4 2 10 1 4 40 2 0 3 4 3 35 0 2 12 3 4 41 2 4 18 4 1
8 27 4 2 10 1 4 40 2 0 3 4 3 35 0 3 15 3 2 32 3 4 18 2 1
8 27 3 2 10 1 4 40 2 0 3 4 3 35 0 4 17 2 3 36 4 3 14 3 1
8 27 3 2 10 1 4 40 2 1 8 4 1 28 1 2 12 1 0 24 2 3 14 0 1
8 27 4 2 10 1 4 40 2 1 8 4 1 28 1 2 12 1 4 41 2 4 18 4 1
8 27 4 2 10 1 4 40 2 1 8 4 1 28 1 3 16 1 0 25 3 4 18 0 1
8 27 3 2 10 1 4 40 2 1 8 4 1 28 1 4 20 1 2 33 4 3 14 2 1
8 27 3 2 10 1 4 40 2 1 8 4 2 32 1 0 4 2 0 24 0 3 14 0 1
8 27 3 2 10 1 4 40 2 1 8 4 2 32 1 2 9 3 4 33 2 3 14 2 1
6 27 4 2 10 1 4 40 2 1 8 4 2 32 1 4 18 2 1
8 27 4 2 10 1 4 40 2 1 8 4 3 36 1 0 2 3 4 41 0 4 18 4 1
8 27 4 2 10 1 4 40 2 1 8 4 3 36 1 2 11 3 0 25 2 4 18 0 1
6 27 3 2 10 1 4 40 2 1 8 4 3 36 1 3 14 3 1
8 27 3 2 10 1 4 40 2 3 13 3 2 39 3 0 4 4 0 24 0 3 14 0 1
8 27 4 2 10 1 4 40 2 3 13 3 2 39 3 0 4 4 2 32 0 4 18 2 1
8 27 4 2 10 1 4 40 2 3 13 3 2 39 3 2 11 4 0 25 2 4 18 0 1
8 27 3 2 10 1 4 40 2 3 13 3 2 39 3 2 11 4 3 36 2 3 14 3 1
8 27 3 2 10 1 4 40 2 3 13 3 2 39 3 4 20 4 2 33 4 3 14 2 1
8 27 3 2 10 1 4 40 2 3 13 3 4 41 3 0 2 4 3 36 0 3 14 3 1
8 27 3 2 10 1 4 40 2 3 13 3 4 41 3 1 7 4 2 33 1 3 14 2 1
8 27 3 2 10 1 4 40 2 3 13 3 4 41 3 2 12 4 0 24 2 3 14 0 1
6 27 4 2 10 1 4 40 2 3 13 3 4 41 3 4 18 4 1
8 27 4 2 10 1 4 40 2 4 19 4 0 24 4 0 4 0 2 32 0 4 18 2 1
8 27 4 2 10 1 4 40 2 4 19 4 0 24 4 1 5 3 4 25 1 4 18 0 1
8 27 4 2 10 1 4 40 2 4 19 4 0 24 4 2 12 0 4 41 2 4 18 4 1
6 27 3 2 10 1 4 40 2 4 19 4 0 24 4 3 14 0 1
8 27 3 2 10 1 4 40 2 4 19 4 1 29 4 1 7 1 2 33 1 3 14 2 1
8 27 4 2 10 1 4 40 2 4 19 4 1 29 4 1 7 1 4 41 1 4 18 4 1
8 27 4 2 10 1 4 40 2 4 19 4 1 29 4 2 11 1 0 25 2 4 18 0 1
8 27 3 2 10 1 4 40 2 4 19 4 1 29 4 2 11 1 3 36 2 3 14 3 1
8 27 4 2 10 1 4 40 2 4 19 4 1 29 4 3 15 1 2 32 3 4 18 2 1
8 27 3 2 10 1 4 40 2 4 19 4 2 31 4 0 2 2 3 36 0 3 14 3 1
8 27 4 2 10 1 4 40 2 4 19 4 2 31 4 0 2 2 4 41 0 4 18 4 1
8 27 4 2 10 1 4 40 2 4 19 4 2 31 4 2 9 2 3 32 2 4 18 2 1
8 27 3 2 10 1 4 40 2 4 19 4 2 31 4 2 9 2 4 33 2 3 14 2 1
8 27 4 2 10 1 4 40 2 4 19 4 2 31 4 3 16 2 0 25 3 4 18 0 1
6 27 4 3 14 1 0 24 3 0 4 0 2 32 0 4 18 2 1
8 27 4 3 14 1 0 24 3 0 4 0 3 37 0 1 7 3 4 41 1 4 18 4 1
8 27 4 3 14 1 0 24 3 0 4 0 3 37 0 3 16 3 0 25 3 4 18 0 1
8 27 4 3 14 1 0 24 3 0 4 0 4 39 0 2 11 4 0 25 2 4 18 0 1
8 27 4 3 14 1 0 24 3 0 4 0 4 39 0 3 13 2 4 41 3 4 18 4 1
8 27 4 3 14 1 0 24 3 1 5 3 2 23 1 0 2 0 4 41 0 4 18 4 1
8 27 4 3 14 1 0 24 3 1 5 3 2 23 1 3 15 0 2 32 3 4 18 2 1
6 27 4 3 14 1 0 24 3 1 5 3 4 25 1 4 18 0 1
8 27 4 3 14 1 0 24 3 2 12 0 1 28 2 1 8 1 2 32 1 4 18 2 1
8 27 4 3 14 1 0 24 3 2 12 0 1 28 2 3 16 1 0 25 3 4 18 0 1
8 27 4 3 14 1 0 24 3 2 12 0 3 35 2 0 3 3 0 25 0 4 18 0 1
8 27 4 3 14 1 0 24 3 2 12 0 3 35 2 3 15 3 2 32 3 4 18 2 1
6 27 4 3 14 1 0 24 3 2 12 0 4 41 2 4 18 4 1
8 27 4 3 14 1 0 24 3 4 19 0 1 29 4 1 7 1 4 41 1 4 18 4 1
8 27 4 3 14 1 0 24 3 4 19 0 1 29 4 2 11 1 0 25 2 4 18 0 1
8 27 4 3 14 1 0 24 3 4 19 0 1 29 4 3 15 1 2 32 3 4 18 2 1
8 27 4 3 14 1 0 24 3 4 19 0 2 31 4 0 2 2 4 41 0 4 18 4 1
8 27 4 3 14 1 0 24 3 4 19 0 2 31 4 2 9 2 3 32 2 4 18 2 1
8 27 4 3 14 1 0 24 3 4 19 0 2 31 4 3 16 2 0 25 3 4 18 0 1
8 27 4 3 14 1 0 24 3 4 19 0 4 40 4 0 3 4 0 25 0 4 18 0 1
8 27 4 3 14 1 0 24 3 4 19 0 4 40 4 1 8 4 2 32 1 4 18 2 1
8 27 4 3 14 1 0 24 3 4 19 0 4 40 4 3 13 3 4 41 3 4 18 4 1
6 27 4 3 14 1 2 33 3 0 3 2 0 25 0 4 18 0 1
8 27 4 3 14 1 2 33 3 0 3 2 3 35 0 2 12 3 4 41 2 4 18 4 1
8 27 4 3 14 1 2 33 3 0 3 2 3 35 0 3 15 3 2 32 3 4 18 2 1
8 27 4 3 14 1 2 33 3 0 3 2 4 40 0 1 8 4 2 32 1 4 18 2 1
8 27 4 3 14 1 2 33 3 0 3 2 4 40 0 3 13 3 4 41 3 4 18 4 1
8 27 4 3 14 1 2 33 3 1 7 2 1 29 1 2 11 1 0 25 2 4 18 0 1
8 27 4 3 14 1 2 33 3 1 7 2 1 29 1 3 15 1 2 32 3 4 18 2 1
8 27 4 3 14 1 2 33 3 1 7 2 3 37 1 0 4 3 2 32 0 4 18 2 1
8 27 4 3 14 1 2 33 3 1 7 2 3 37 1 3 16 3 0 25 3 4 18 0 1
6 27 4 3 14 1 2 33 3 1 7 2 4 41 1 4 18 4 1
8 27 4 3 14 1 2 33 3 2 9 4 2 31 2 0 2 2 4 41 0 4 18 4 1
8 27 4 3 14 1 2 33 3 2 9 4 2 31 2 3 16 2 0 25 3 4 18 0 1
6 27 4 3 14 1 2 33 3 2 9 4 3 32 2 4 18 2 1
8 27 4 3 14 1 2 33 3 4 20 2 0 23 4 0 2 0 4 41 0 4 18 4 1
8 27 4 3 14 1 2 33 3 4 20 2 0 23 4 1 5 2 4 25 1 4 18 0 1
8 27 4 3 14 1 2 33 3 4 20 2 0 23 4 3 15 0 2 32 3 4 18 2 1
8 27 4 3 14 1 2 33 3 4 20 2 1 28 4 1 8 1 2 32 1 4 18 2 1
8 27 4 3 14 1 2 33 3 4 20 2 1 28 4 2 12 1 4 41 2 4 18 4 1
8 27 4 3 14 1 2 33 3 4 20 2 1 28 4 3 16 1 0 25 3 4 18 0 1
8 27 4 3 14 1 2 33 3 4 20 2 4 39 4 0 4 4 2 32 0 4 18 2 1
8 27 4 3 14 1 2 33 3 4 20 2 4 39 4 2 11 4 0 25 2 4 18 0 1
8 27 4 3 14 1 2 33 3 4 20 2 4 39 4 3 13 2 4 41 3 4 18 4 1
8 27 4 3 14 1 3 36 3 0 2 3 0 23 0 1 5 2 4 25 1 4 18 0 1
8 27 4 3 14 1 3 36 3 0 2 3 0 23 0 3 15 0 2 32 3 4 18 2 1
8 27 4 3 14 1 3 36 3 0 2 3 2 31 0 2 9 2 3 32 2 4 18 2 1
8 27 4 3 14 1 3 36 3 0 2 3 2 31 0 3 16 2 0 25 3 4 18 0 1
6 27 4 3 14 1 3 36 3 0 2 3 4 41 0 4 18 4 1
8 27 4 3 14 1 3 36 3 1 8 3 1 28 1 2 12 1 4 41 2 4 18 4 1
8 27 4 3 14 1 3 36 3 1 8 3 1 28 1 3 16 1 0 25 3 4 18 0 1
6 27 4 3 14 1 3 36 3 1 8 3 2 32 1 4 18 2 1
8 27 4 3 14 1 3 36 3 1 8 3 4 40 1 0 3 4 0 25 0 4 18 0 1
8 27 4 3 14 1 3 36 3 1 8 3 4 40 1 3 13 3 4 41 3 4 18 4 1
6 27 4 3 14 1 3 36 3 2 11 3 0 25 2 4 18 0 1
8 27 4 3 14 1 3 36 3 2 11 3 1 29 2 1 7 1 4 41 1 4 18 4 1
8 27 4 3 14 1 3 36 3 2 11 3 1 29 2 3 15 1 2 32 3 4 18 2 1
8 27 4 3 14 1 3 36 3 2 11 3 4 39 2 0 4 4 2 32 0 4 18 2 1
8 27 4 3 14 1 3 36 3 2 11 3 4 39 2 3 13 2 4 41 3 4 18 4 1
8 27 4 3 14 1 3 36 3 4 17 3 2 35 4 0 3 3 0 25 0 4 18 0 1
8 27 4 3 14 1 3 36 3 4 17 3 2 35 4 2 12 3 4 41 2 4 18 4 1
8 27 4 3 14 1 3 36 3 4 17 3 2 35 4 3 15 3 2 32 3 4 18 2 1
8 27 4 3 14 1 3 36 3 4 17 3 4 37 4 0 4 3 2 32 0 4 18 2 1
8 27 4 3 14 1 3 36 3 4 17 3 4 37 4 1 7 3 4 41 1 4 18 4 1
8 27 4 3 14 1 3 36 3 4 17 3 4 37 4 3 16 3 0 25 3 4 18 0 1
8 28 4 1 8 1 2 32 1 0 4 2 0 24 0 1 5 3 2 23 1 4 20 0 1
8 28 3 1 8 1 2 32 1 0 4 2 0 24 0 1 5 3 4 25 1 3 16 0 1
6 28 2 1 8 1 2 32 1 0 4 2 0 24 0 2 12 0 1
8 28 4 1 8 1 2 32 1 0 4 2 0 24 0 3 14 0 2 33 3 4 20 2 1
8 28 3 1 8 1 2 32 1 0 4 2 0 24 0 4 19 0 2 31 4 3 16 2 1
8 28 4 1 8 1 2 32 1 0 4 2 3 37 0 1 7 3 2 33 1 4 20 2 1
8 28 2 1 8 1 2 32 1 0 4 2 3 37 0 1 7 3 4 41 1 2 12 4 1
8 28 4 1 8 1 2 32 1 0 4 2 3 37 0 2 10 3 0 23 2 4 20 0 1
6 28 3 1 8 1 2 32 1 0 4 2 3 37 0 3 16 3 1
8 28 2 1 8 1 2 32 1 0 4 2 3 37 0 4 17 4 2 35 4 2 12 3 1
8 28 3 1 8 1 2 32 1 0 4 2 4 39 0 1 6 4 2 31 1 3 16 2 1
8 28 2 1 8 1 2 32 1 0 4 2 4 39 0 1 6 4 3 35 1 2 12 3 1
8 28 3 1 8 1 2 32 1 0 4 2 4 39 0 2 11 4 0 25 2 3 16 0 1
8 28 2 1 8 1 2 32 1 0 4 2 4 39 0 3 13 2 4 41 3 2 12 4 1
6 28 4 1 8 1 2 32 1 0 4 2 4 39 0 4 20 4 1
8 28 4 1 8 1 2 32 1 2 9 3 2 31 2 0 2 2 0 23 0 4 20 0 1
8 28 2 1 8 1 2 32 1 2 9 3 2 31 2 0 2 2 4 41 0 2 12 4 1
8 28 2 1 8 1 2 32 1 2 9 3 2 31 2 1 6 2 3 35 1 2 12 3 1
8 28 4 1 8 1 2 32 1 2 9 3 2 31 2 1 6 2 4 39 1 4 20 4 1
6 28 3 1 8 1 2 32 1 2 9 3 2 31 2 3 16 2 1
8 28 2 1 8 1 2 32 1 2 9 3 2 31 2 4 19 2 0 24 4 2 12 0 1
8 28 3 1 8 1 2 32 1 2 9 3 4 33 2 0 3 2 0 25 0 3 16 0 1
8 28 2 1 8 1 2 32 1 2 9 3 4 33 2 0 3 2 3 35 0 2 12 3 1
8 28 3 1 8 1 2 32 1 2 9 3 4 33 2 1 7 2 3 37 1 3 16 3 1
8 28 2 1 8 1 2 32 1 2 9 3 4 33 2 1 7 2 4 41 1 2 12 4 1
8 28 2 1 8 1 2 32 1 2 9 3 4 33 2 3 14 2 0 24 3 2 12 0 1
6 28 4 1 8 1 2 32 1 2 9 3 4 33 2 4 20 2 1
8 28 3 1 8 1 2 32 1 3 15 2 0 23 3 0 2 0 2 31 0 3 16 2 1
8 28 2 1 8 1 2 32 1 3 15 2 0 23 3 0 2 0 4 41 0 2 12 4 1
8 28 2 1 8 1 2 32 1 3 15 2 0 23 3 1 5 2 3 24 1 2 12 0 1
8 28 3 1 8 1 2 32 1 3 15 2 0 23 3 1 5 2 4 25 1 3 16 0 1
8 28 3 1 8 1 2 32 1 3 15 2 0 23 3 2 10 0 3 37 2 3 16 3 1
6 28 4 1 8 1 2 32 1 3 15 2 0 23 3 4 20 0 1
8 28 4 1 8 1 2 32 1 3 15 2 1 29 3 1 7 1 2 33 1 4 20 2 1
8 28 3 1 8 1 2 32 1 3 15 2 1 29 3 1 7 1 3 37 1 3 16 3 1
8 28 2 1 8 1 2 32 1 3 15 2 1 29 3 1 7 1 4 41 1 2 12 4 1
8 28 3 1 8 1 2 32 1 3 15 2 1 29 3 2 11 1 0 25 2 3 16 0 1
8 28 4 1 8 1 2 32 1 3 15 2 1 29 3 2 11 1 4 39 2 4 20 4 1
8 28 2 1 8 1 2 32 1 3 15 2 1 29 3 4 19 1 0 24 4 2 12 0 1
8 28 3 1 8 1 2 32 1 3 15 2 1 29 3 4 19 1 2 31 4 3 16 2 1
8 28 3 1 8 1 2 32 1 3 15 2 3 35 3 0 3 3 0 25 0 3 16 0 1
8 28 4 1 8 1 2 32 1 3 15 2 3 35 3 0 3 3 2 33 0 4 20 2 1
8 28 3 1 8 1 2 32 1 3 15 2 3 35 3 1 6 3 2 31 1 3 16 2 1
8 28 4 1 8 1 2 32 1 3 15 2 3 35 3 1 6 3 4 39 1 4 20 4 1
6 28 2 1 8 1 2 32 1 3 15 2 3 35 3 2 12 3 1
8 28 3 1 8 1 2 32 1 3 15 2 3 35 3 4 17 2 4 37 4 3 16 3 1
8 28 4 1 8 1 2 32 1 4 18 2 0 25 4 0 3 0 2 33 0 4 20 2 1
8 28 2 1 8 1 2 32 1 4 18 2 0 25 4 0 3 0 3 35 0 2 12 3 1
8 28 4 1 8 1 2 32 1 4 18 2 0 25 4 1 5 4 2 23 1 4 20 0 1
8 28 2 1 8 1 2 32 1 4 18 2 0 25 4 1 5 4 3 24 1 2 12 0 1
8 28 4 1 8 1 2 32 1 4 18 2 0 25 4 2 11 0 4 39 2 4 20 4 1
6 28 3 1 8 1 2 32 1 4 18 2 0 25 4 3 16 0 1
8 28 4 1 8 1 2 32 1 4 18 2 4 41 4 0 2 4 0 23 0 4 20 0 1
8 28 3 1 8 1 2 32 1 4 18 2 4 41 4 0 2 4 2 31 0 3 16 2 1
8 28 4 1 8 1 2 32 1 4 18 2 4 41 4 1 7 4 2 33 1 4 20 2 1
8 28 3 1 8 1 2 32 1 4 18 2 4 41 4 1 7 4 3 37 1 3 16 3 1
6 28 2 1 8 1 2 32 1 4 18 2 4 41 4 2 12 4 1
8 28 4 1 8 1 2 32 1 4 18 2 4 41 4 3 13 4 2 39 3 4 20 4 1
8 28 2 1 8 1 3 36 1 0 2 3 0 23 0 1 5 2 3 24 1 2 12 0 1
8 28 3 1 8 1 3 36 1 0 2 3 0 23 0 1 5 2 4 25 1 3 16 0 1
8 28 3 1 8 1 3 36 1 0 2 3 0 23 0 2 10 0 3 37 2 3 16 3 1
8 28 2 1 8 1 3 36 1 0 2 3 0 23 0 3 15 0 3 35 3 2 12 3 1
6 28 4 1 8 1 3 36 1 0 2 3 0 23 0 4 20 0 1
8 28 2 1 8 1 3 36 1 0 2 3 2 31 0 1 6 2 3 35 1 2 12 3 1
8 28 4 1 8 1 3 36 1 0 2 3 2 31 0 1 6 2 4 39 1 4 20 4 1
8 28 4 1 8 1 3 36 1 0 2 3 2 31 0 2 9 2 4 33 2 4 20 2 1
6 28 3 1 8 1 3 36 1 0 2 3 2 31 0 3 16 2 1
8 28 2 1 8 1 3 36 1 0 2 3 2 31 0 4 19 2 0 24 4 2 12 0 1
8 28 4 1 8 1 3 36 1 0 2 3 4 41 0 1 7 4 2 33 1 4 20 2 1
8 28 3 1 8 1 3 36 1 0 2 3 4 41 0 1 7 4 3 37 1 3 16 3 1
6 28 2 1 8 1 3 36 1 0 2 3 4 41 0 2 12 4 1
8 28 4 1 8 1 3 36 1 0 2 3 4 41 0 3 13 4 2 39 3 4 20 4 1
8 28 3 1 8 1 3 36 1 0 2 3 4 41 0 4 18 4 0 25 4 3 16 0 1
8 28 4 1 8 1 3 36 1 2 11 3 0 25 2 0 3 0 2 33 0 4 20 2 1
8 28 2 1 8 1 3 36 1 2 11 3 0 25 2 0 3 0 3 35 0 2 12 3 1
8 28 4 1 8 1 3 36 1 2 11 3 0 25 2 1 5 4 2 23 1 4 20 0 1
8 28 2 1 8 1 3 36 1 2 11 3 0 25 2 1 5 4 3 24 1 2 12 0 1
6 28 3 1 8 1 3 36 1 2 11 3 0 25 2 3 16 0 1
8 28 2 1 8 1 3 36 1 2 11 3 0 25 2 4 18 0 4 41 4 2 12 4 1
8 28 4 1 8 1 3 36 1 2 11 3 1 29 2 1 7 1 2 33 1 4 20 2 1
8 28 3 1 8 1 3 36 1 2 11 3 1 29 2 1 7 1 3 37 1 3 16 3 1
8 28 2 1 8 1 3 36 1 2 11 3 1 29 2 1 7 1 4 41 1 2 12 4 1
8 28 4 1 8 1 3 36 1 2 11 3 1 29 2 3 15 1 0 23 3 4 20 0 1
8 28 2 1 8 1 3 36 1 2 11 3 1 29 2 3 15 1 3 35 3 2 12 3 1
8 28 2 1 8 1 3 36 1 2 11 3 1 29 2 4 19 1 0 24 4 2 12 0 1
8 28 3 1 8 1 3 36 1 2 11 3 1 29 2 4 19 1 2 31 4 3 16 2 1
8 28 2 1 8 1 3 36 1 2 11 3 4 39 2 0 4 4 0 24 0 2 12 0 1
8 28 3 1 8 1 3 36 1 2 11 3 4 39 2 0 4 4 3 37 0 3 16 3 1
8 28 3 1 8 1 3 36 1 2 11 3 4 39 2 1 6 4 2 31 1 3 16 2 1
8 28 2 1 8 1 3 36 1 2 11 3 4 39 2 1 6 4 3 35 1 2 12 3 1
8 28 2 1 8 1 3 36 1 2 11 3 4 39 2 3 13 2 4 41 3 2 12 4 1
6 28 4 1 8 1 3 36 1 2 11 3 4 39 2 4 20 4 1
8 28 3 1 8 1 3 36 1 3 14 3 0 24 3 0 4 0 3 37 0 3 16 3 1
8 28 4 1 8 1 3 36 1 3 14 3 0 24 3 0 4 0 4 39 0 4 20 4 1
8 28 4 1 8 1 3 36 1 3 14 3 0 24 3 1 5 3 2 23 1 4 20 0 1
8 28 3 1 8 1 3 36 1 3 14 3 0 24 3 1 5 3 4 25 1 3 16 0 1
6 28 2 1 8 1 3 36 1 3 14 3 0 24 3 2 12 0 1
8 28 3 1 8 1 3 36 1 3 14 3 0 24 3 4 19 0 2 31 4 3 16 2 1
8 28 3 1 8 1 3 36 1 3 14 3 2 33 3 0 3 2 0 25 0 3 16 0 1
8 28 2 1 8 1 3 36 1 3 14 3 2 33 3 0 3 2 3 35 0 2 12 3 1
8 28 3 1 8 1 3 36 1 3 14 3 2 33 3 1 7 2 3 37 1 3 16 3 1
8 28 2 1 8 1 3 36 1 3 14 3 2 33 3 1 7 2 4 41 1 2 12 4 1
8 28 3 1 8 1 3 36 1 3 14 3 2 33 3 2 9 4 2 31 2 3 16 2 1
6 28 4 1 8 1 3 36 1 3 14 3 2 33 3 4 20 2 1
8 28 3 1 8 1 3 36 1 4 17 3 2 35 4 0 3 3 0 25 0 3 16 0 1
8 28 4 1 8 1 3 36 1 4 17 3 2 35 4 0 3 3 2 33 0 4 20 2 1
8 28 3 1 8 1 3 36 1 4 17 3 2 35 4 1 6 3 2 31 1 3 16 2 1
8 28 4 1 8 1 3 36 1 4 17 3 2 35 4 1 6 3 4 39 1 4 20 4 1
6 28 2 1 8 1 3 36 1 4 17 3 2 35 4 2 12 3 1
8 28 4 1 8 1 3 36 1 4 17 3 2 35 4 3 15 3 0 23 3 4 20 0 1
8 28 2 1 8 1 3 36 1 4 17 3 4 37 4 0 4 3 0 24 0 2 12 0 1
8 28 4 1 8 1 3 36 1 4 17 3 4 37 4 0 4 3 4 39 0 4 20 4 1
8 28 4 1 8 1 3 36 1 4 17 3 4 37 4 1 7 3 2 33 1 4 20 2 1
8 28 2 1 8 1 3 36 1 4 17 3 4 37 4 1 7 3 4 41 1 2 12 4 1
8 28 4 1 8 1 3 36 1 4 17 3 4 37 4 2 10 3 0 23 2 4 20 0 1
6 28 3 1 8 1 3 36 1 4 17 3 4 37 4 3 16 3 1
8 28 4 1 8 1 4 40 1 0 3 4 0 25 0 1 5 4 2 23 1 4 20 0 1
8 28 2 1 8 1 4 40 1 0 3 4 0 25 0 1 5 4 3 24 1 2 12 0 1
8 28 4 1 8 1 4 40 1 0 3 4 0 25 0 2 11 0 4 39 2 4 20 4 1
6 28 3 1 8 1 4 40 1 0 3 4 0 25 0 3 16 0 1
8 28 2 1 8 1 4 40 1 0 3 4 0 25 0 4 18 0 4 41 4 2 12 4 1
8 28 3 1 8 1 4 40 1 0 3 4 2 33 0 1 7 2 3 37 1 3 16 3 1
8 28 2 1 8 1 4 40 1 0 3 4 2 33 0 1 7 2 4 41 1 2 12 4 1
8 28 3 1 8 1 4 40 1 0 3 4 2 33 0 2 9 4 2 31 2 3 16 2 1
8 28 2 1 8 1 4 40 1 0 3 4 2 33 0 3 14 2 0 24 3 2 12 0 1
6 28 4 1 8 1 4 40 1 0 3 4 2 33 0 4 20 2 1
8 28 3 1 8 1 4 40 1 0 3 4 3 35 0 1 6 3 2 31 1 3 16 2 1
8 28 4 1 8 1 4 40 1 0 3 4 3 35 0 1 6 3 4 39 1 4 20 4 1
6 28 2 1 8 1 4 40 1 0 3 4 3 35 0 2 12 3 1
8 28 4 1 8 1 4 40 1 0 3 4 3 35 0 3 15 3 0 23 3 4 20 0 1
8 28 3 1 8 1 4 40 1 0 3 4 3 35 0 4 17 2 4 37 4 3 16 3 1
8 28 3 1 8 1 4 40 1 2 10 4 0 23 2 0 2 0 2 31 0 3 16 2 1
8 28 2 1 8 1 4 40 1 2 10 4 0 23 2 0 2 0 4 41 0 2 12 4 1
8 28 2 1 8 1 4 40 1 2 10 4 0 23 2 1 5 2 3 24 1 2 12 0 1
8 28 3 1 8 1 4 40 1 2 10 4 0 23 2 1 5 2 4 25 1 3 16 0 1
8 28 2 1 8 1 4 40 1 2 10 4 0 23 2 3 15 0 3 35 3 2 12 3 1
6 28 4 1 8 1 4 40 1 2 10 4 0 23 2 4 20 0 1
8 28 2 1 8 1 4 40 1 2 10 4 3 37 2 0 4 3 0 24 0 2 12 0 1
8 28 4 1 8 1 4 40 1 2 10 4 3 37 2 0 4 3 4 39 0 4 20 4 1
8 28 4 1 8 1 4 40 1 2 10 4 3 37 2 1 7 3 2 33 1 4 20 2 1
8 28 2 1 8 1 4 40 1 2 10 4 3 37 2 1 7 3 4 41 1 2 12 4 1
6 28 3 1 8 1 4 40 1 2 10 4 3 37 2 3 16 3 1
8 28 2 1 8 1 4 40 1 2 10 4 3 37 2 4 17 4 2 35 4 2 12 3 1
8 28 2 1 8 1 4 40 1 3 13 3 2 39 3 0 4 4 0 24 0 2 12 0 1
8 28 3 1 8 1 4 40 1 3 13 3 2 39 3 0 4 4 3 37 0 3 16 3 1
8 28 3 1 8 1 4 40 1 3 13 3 2 39 3 1 6 4 2 31 1 3 16 2 1
8 28 2 1 8 1 4 40 1 3 13 3 2 39 3 1 6 4 3 35 1 2 12 3 1
8 28 3 1 8 1 4 40 1 3 13 3 2 39 3 2 11 4 0 25 2 3 16 0 1
6 28 4 1 8 1 4 40 1 3 13 3 2 39 3 4 20 4 1
8 28 4 1 8 1 4 40 1 3 13 3 4 41 3 0 2 4 0 23 0 4 20 0 1
8 28 3 1 8 1 4 40 1 3 13 3 4 41 3 0 2 4 2 31 0 3 16 2 1
8 28 4 1 8 1 4 40 1 3 13 3 4 41 3 1 7 4 2 33 1 4 20 2 1
8 28 3 1 8 1 4 40 1 3 13 3 4 41 3 1 7 4 3 37 1 3 16 3 1
6 28 2 1 8 1 4 40 1 3 13 3 4 41 3 2 12 4 1
8 28 3 1 8 1 4 40 1 3 13 3 4 41 3 4 18 4 0 25 4 3 16 0 1
8 28 3 1 8 1 4 40 1 4 19 4 0 24 4 0 4 0 3 37 0 3 16 3 1
8 28 4 1 8 1 4 40 1 4 19 4 0 24 4 0 4 0 4 39 0 4 20 4 1
8 28 4 1 8 1 4 40 1 4 19 4 0 24 4 1 5 3 2 23 1 4 20 0 1
8 28 3 1 8 1 4 40 1 4 19 4 0 24 4 1 5 3 4 25 1 3 16 0 1
6 28 2 1 8 1 4 40 1 4 19 4 0 24 4 2 12 0 1
8 28 4 1 8 1 4 40 1 4 19 4 0 24 4 3 14 0 2 33 3 4 20 2 1
8 28 4 1 8 1 4 40 1 4 19 4 1 29 4 1 7 1 2 33 1 4 20 2 1
8 28 3 1 8 1 4 40 1 4 19 4 1 29 4 1 7 1 3 37 1 3 16 3 1
8 28 2 1 8 1 4 40 1 4 19 4 1 29 4 1 7 1 4 41 1 2 12 4 1
8 28 3 1 8 1 4 40 1 4 19 4 1 29 4 2 11 1 0 25 2 3 16 0 1
8 28 4 1 8 1 4 40 1 4 19 4 1 29 4 2 11 1 4 39 2 4 20 4 1
8 28 4 1 8 1 4 40 1 4 19 4 1 29 4 3 15 1 0 23 3 4 20 0 1
8 28 2 1 8 1 4 40 1 4 19 4 1 29 4 3 15 1 3 35 3 2 12 3 1
8 28 4 1 8 1 4 40 1 4 19 4 2 31 4 0 2 2 0 23 0 4 20 0 1
8 28 2 1 8 1 4 40 1 4 19 4 2 31 4 0 2 2 4 41 0 2 12 4 1
8 28 2 1 8 1 4 40 1 4 19 4 2 31 4 1 6 2 3 35 1 2 12 3 1
8 28 4 1 8 1 4 40 1 4 19 4 2 31 4 1 6 2 4 39 1 4 20 4 1
8 28 4 1 8 1 4 40 1 4 19 4 2 31 4 2 9 2 4 33 2 4 20 2 1
6 28 3 1 8 1 4 40 1 4 19 4 2 31 4 3 16 2 1
8 28 3 2 12 1 0 24 2 0 4 0 2 32 0 2 9 3 2 31 2 3 16 2 1
8 28 4 2 12 1 0 24 2 0 4 0 2 32 0 2 9 3 4 33 2 4 20 2 1
8 28 4 2 12 1 0 24 2 0 4 0 2 32 0 3 15 2 0 23 3 4 20 0 1
8 28 3 2 12 1 0 24 2 0 4 0 2 32 0 4 18 2 0 25 4 3 16 0 1
8 28 4 2 12 1 0 24 2 0 4 0 3 37 0 1 7 3 2 33 1 4 20 2 1
8 28 4 2 12 1 0 24 2 0 4 0 3 37 0 2 10 3 0 23 2 4 20 0 1
6 28 3 2 12 1 0 24 2 0 4 0 3 37 0 3 16 3 1
8 28 3 2 12 1 0 24 2 0 4 0 4 39 0 1 6 4 2 31 1 3 16 2 1
8 28 3 2 12 1 0 24 2 0 4 0 4 39 0 2 11 4 0 25 2 3 16 0 1
6 28 4 2 12 1 0 24 2 0 4 0 4 39 0 4 20 4 1
8 28 3 2 12 1 0 24 2 1 5 3 2 23 1 0 2 0 2 31 0 3 16 2 1
8 28 3 2 12 1 0 24 2 1 5 3 2 23 1 2 10 0 3 37 2 3 16 3 1
6 28 4 2 12 1 0 24 2 1 5 3 2 23 1 4 20 0 1
8 28 4 2 12 1 0 24 2 1 5 3 4 25 1 0 3 0 2 33 0 4 20 2 1
8 28 4 2 12 1 0 24 2 1 5 3 4 25 1 2 11 0 4 39 2 4 20 4 1
6 28 3 2 12 1 0 24 2 1 5 3 4 25 1 3 16 0 1
8 28 3 2 12 1 0 24 2 3 14 0 2 33 3 0 3 2 0 25 0 3 16 0 1
8 28 3 2 12 1 0 24 2 3 14 0 2 33 3 1 7 2 3 37 1 3 16 3 1
8 28 3 2 12 1 0 24 2 3 14 0 2 33 3 2 9 4 2 31 2 3 16 2 1
6 28 4 2 12 1 0 24 2 3 14 0 2 33 3 4 20 2 1
8 28 4 2 12 1 0 24 2 3 14 0 3 36 3 0 2 3 0 23 0 4 20 0 1
8 28 3 2 12 1 0 24 2 3 14 0 3 36 3 0 2 3 2 31 0 3 16 2 1
8 28 3 2 12 1 0 24 2 3 14 0 3 36 3 2 11 3 0 25 2 3 16 0 1
8 28 4 2 12 1 0 24 2 3 14 0 3 36 3 2 11 3 4 39 2 4 20 4 1
8 28 3 2 12 1 0 24 2 3 14 0 3 36 3 4 17 3 4 37 4 3 16 3 1
8 28 4 2 12 1 0 24 2 4 19 0 1 29 4 1 7 1 2 33 1 4 20 2 1
8 28 3 2 12 1 0 24 2 4 19 0 1 29 4 1 7 1 3 37 1 3 16 3 1
8 28 3 2 12 1 0 24 2 4 19 0 1 29 4 2 11 1 0 25 2 3 16 0 1
8 28 4 2 12 1 0 24 2 4 19 0 1 29 4 2 11 1 4 39 2 4 20 4 1
8 28 4 2 12 1 0 24 2 4 19 0 1 29 4 3 15 1 0 23 3 4 20 0 1
8 28 4 2 12 1 0 24 2 4 19 0 2 31 4 0 2 2 0 23 0 4 20 0 1
8 28 4 2 12 1 0 24 2 4 19 0 2 31 4 1 6 2 4 39 1 4 20 4 1
8 28 4 2 12 1 0 24 2 4 19 0 2 31 4 2 9 2 4 33 2 4 20 2 1
6 28 3 2 12 1 0 24 2 4 19 0 2 31 4 3 16 2 1
8 28 3 2 12 1 0 24 2 4 19 0 4 40 4 0 3 4 0 25 0 3 16 0 1
8 28 4 2 12 1 0 24 2 4 19 0 4 40 4 0 3 4 2 33 0 4 20 2 1
8 28 4 2 12 1 0 24 2 4 19 0 4 40 4 2 10 4 0 23 2 4 20 0 1
8 28 3 2 12 1 0 24 2 4 19 0 4 40 4 2 10 4 3 37 2 3 16 3 1
8 28 4 2 12 1 0 24 2 4 19 0 4 40 4 3 13 3 2 39 3 4 20 4 1
8 28 4 2 12 1 3 35 2 0 3 3 0 25 0 1 5 4 2 23 1 4 20 0 1
8 28 4 2 12 1 3 35 2 0 3 3 0 25 0 2 11 0 4 39 2 4 20 4 1
6 28 3 2 12 1 3 35 2 0 3 3 0 25 0 3 16 0 1
8 28 3 2 12 1 3 35 2 0 3 3 2 33 0 1 7 2 3 37 1 3 16 3 1
8 28 3 2 12 1 3 35 2 0 3 3 2 33 0 2 9 4 2 31 2 3 16 2 1
6 28 4 2 12 1 3 35 2 0 3 3 2 33 0 4 20 2 1
8 28 4 2 12 1 3 35 2 0 3 3 4 40 0 2 10 4 0 23 2 4 20 0 1
8 28 3 2 12 1 3 35 2 0 3 3 4 40 0 2 10 4 3 37 2 3 16 3 1
8 28 4 2 12 1 3 35 2 0 3 3 4 40 0 3 13 3 2 39 3 4 20 4 1
8 28 3 2 12 1 3 35 2 0 3 3 4 40 0 4 19 4 2 31 4 3 16 2 1
8 28 4 2 12 1 3 35 2 1 6 3 2 31 1 0 2 2 0 23 0 4 20 0 1
8 28 4 2 12 1 3 35 2 1 6 3 2 31 1 2 9 2 4 33 2 4 20 2 1
6 28 3 2 12 1 3 35 2 1 6 3 2 31 1 3 16 2 1
8 28 3 2 12 1 3 35 2 1 6 3 4 39 1 0 4 4 3 37 0 3 16 3 1
8 28 3 2 12 1 3 35 2 1 6 3 4 39 1 2 11 4 0 25 2 3 16 0 1
6 28 4 2 12 1 3 35 2 1 6 3 4 39 1 4 20 4 1
8 28 3 2 12 1 3 35 2 3 15 3 0 23 3 0 2 0 2 31 0 3 16 2 1
8 28 3 2 12 1 3 35 2 3 15 3 0 23 3 1 5 2 4 25 1 3 16 0 1
8 28 3 2 12 1 3 35 2 3 15 3 0 23 3 2 10 0 3 37 2 3 16 3 1
6 28 4 2 12 1 3 35 2 3 15 3 0 23 3 4 20 0 1
8 28 4 2 12 1 3 35 2 3 15 3 1 29 3 1 7 1 2 33 1 4 20 2 1
8 28 3 2 12 1 3 35 2 3 15 3 1 29 3 1 7 1 3 37 1 3 16 3 1
8 28 3 2 12 1 3 35 2 3 15 3 1 29 3 2 11 1 0 25 2 3 16 0 1
8 28 4 2 12 1 3 35 2 3 15 3 1 29 3 2 11 1 4 39 2 4 20 4 1
8 28 3 2 12 1 3 35 2 3 15 3 1 29 3 4 19 1 2 31 4 3 16 2 1
8 28 3 2 12 1 3 35 2 3 15 3 2 32 3 0 4 2 3 37 0 3 16 3 1
8 28 4 2 12 1 3 35 2 3 15 3 2 32 3 0 4 2 4 39 0 4 20 4 1
8 28 3 2 12 1 3 35 2 3 15 3 2 32 3 2 9 3 2 31 2 3 16 2 1
8 28 4 2 12 1 3 35 2 3 15 3 2 32 3 2 9 3 4 33 2 4 20 2 1
8 28 3 2 12 1 3 35 2 3 15 3 2 32 3 4 18 2 0 25 4 3 16 0 1
8 28 4 2 12 1 3 35 2 4 17 2 3 36 4 0 2 3 0 23 0 4 20 0 1
8 28 3 2 12 1 3 35 2 4 17 2 3 36 4 0 2 3 2 31 0 3 16 2 1
8 28 3 2 12 1 3 35 2 4 17 2 3 36 4 2 11 3 0 25 2 3 16 0 1
8 28 4 2 12 1 3 35 2 4 17 2 3 36 4 2 11 3 4 39 2 4 20 4 1
8 28 4 2 12 1 3 35 2 4 17 2 3 36 4 3 14 3 2 33 3 4 20 2 1
8 28 4 2 12 1 3 35 2 4 17 2 4 37 4 0 4 3 4 39 0 4 20 4 1
8 28 4 2 12 1 3 35 2 4 17 2 4 37 4 1 7 3 2 33 1 4 20 2 1
8 28 4 2 12 1 3 35 2 4 17 2 4 37 4 2 10 3 0 23 2 4 20 0 1
6 28 3 2 12 1 3 35 2 4 17 2 4 37 4 3 16 3 1
8 28 3 2 12 1 4 41 2 0 2 4 0 23 0 1 5 2 4 25 1 3 16 0 1
8 28 3 2 12 1 4 41 2 0 2 4 0 23 0 2 10 0 3 37 2 3 16 3 1
6 28 4 2 12 1 4 41 2 0 2 4 0 23 0 4 20 0 1
8 28 4 2 12 1 4 41 2 0 2 4 2 31 0 1 6 2 4 39 1 4 20 4 1
8 28 4 2 12 1 4 41 2 0 2 4 2 31 0 2 9 2 4 33 2 4 20 2 1
6 28 3 2 12 1 4 41 2 0 2 4 2 31 0 3 16 2 1
8 28 3 2 12 1 4 41 2 0 2 4 3 36 0 2 11 3 0 25 2 3 16 0 1
8 28 4 2 12 1 4 41 2 0 2 4 3 36 0 2 11 3 4 39 2 4 20 4 1
8 28 4 2 12 1 4 41 2 0 2 4 3 36 0 3 14 3 2 33 3 4 20 2 1
8 28 3 2 12 1 4 41 2 0 2 4 3 36 0 4 17 3 4 37 4 3 16 3 1
8 28 3 2 12 1 4 41 2 1 7 4 1 29 1 2 11 1 0 25 2 3 16 0 1
8 28 4 2 12 1 4 41 2 1 7 4 1 29 1 2 11 1 4 39 2 4 20 4 1
8 28 4 2 12 1 4 41 2 1 7 4 1 29 1 3 15 1 0 23 3 4 20 0 1
8 28 3 2 12 1 4 41 2 1 7 4 1 29 1 4 19 1 2 31 4 3 16 2 1
8 28 3 2 12 1 4 41 2 1 7 4 2 33 1 0 3 2 0 25 0 3 16 0 1
8 28 3 2 12 1 4 41 2 1 7 4 2 33 1 2 9 4 2 31 2 3 16 2 1
6 28 4 2 12 1 4 41 2 1 7 4 2 33 1 4 20 2 1
8 28 4 2 12 1 4 41 2 1 7 4 3 37 1 0 4 3 4 39 0 4 20 4 1
8 28 4 2 12 1 4 41 2 1 7 4 3 37 1 2 10 3 0 23 2 4 20 0 1
6 28 3 2 12 1 4 41 2 1 7 4 3 37 1 3 16 3 1
8 28 3 2 12 1 4 41 2 3 13 4 2 39 3 0 4 4 3 37 0 3 16 3 1
8 28 3 2 12 1 4 41 2 3 13 4 2 39 3 1 6 4 2 31 1 3 16 2 1
8 28 3 2 12 1 4 41 2 3 13 4 2 39 3 2 11 4 0 25 2 3 16 0 1
6 28 4 2 12 1 4 41 2 3 13 4 2 39 3 4 20 4 1
8 28 3 2 12 1 4 41 2 3 13 4 3 40 3 0 3 4 0 25 0 3 16 0 1
8 28 4 2 12 1 4 41 2 3 13 4 3 40 3 0 3 4 2 33 0 4 20 2 1
8 28 4 2 12 1 4 41 2 3 13 4 3 40 3 2 10 4 0 23 2 4 20 0 1
8 28 3 2 12 1 4 41 2 3 13 4 3 40 3 2 10 4 3 37 2 3 16 3 1
8 28 3 2 12 1 4 41 2 3 13 4 3 40 3 4 19 4 2 31 4 3 16 2 1
8 28 4 2 12 1 4 41 2 4 18 4 0 25 4 0 3 0 2 33 0 4 20 2 1
8 28 4 2 12 1 4 41 2 4 18 4 0 25 4 1 5 4 2 23 1 4 20 0 1
8 28 4 2 12 1 4 41 2 4 18 4 0 25 4 2 11 0 4 39 2 4 20 4 1
6 28 3 2 12 1 4 41 2 4 18 4 0 25 4 3 16 0 1
8 28 3 2 12 1 4 41 2 4 18 4 2 32 4 0 4 2 3 37 0 3 16 3 1
8 28 4 2 12 1 4 41 2 4 18 4 2 32 4 0 4 2 4 39 0 4 20 4 1
8 28 3 2 12 1 4 41 2 4 18 4 2 32 4 2 9 3 2 31 2 3 16 2 1
8 28 4 2 12 1 4 41 2 4 18 4 2 32 4 2 9 3 4 33 2 4 20 2 1
8 28 4 2 12 1 4 41 2 4 18 4 2 32 4 3 15 2 0 23 3 4 20 0 1
6 28 4 3 16 1 0 25 3 0 3 0 2 33 0 4 20 2 1
8 28 4 3 16 1 0 25 3 0 3 0 3 35 0 1 6 3 4 39 1 4 20 4 1
8 28 4 3 16 1 0 25 3 0 3 0 3 35 0 3 15 3 0 23 3 4 20 0 1
8 28 4 3 16 1 0 25 3 0 3 0 4 40 0 2 10 4 0 23 2 4 20 0 1
8 28 4 3 16 1 0 25 3 0 3 0 4 40 0 3 13 3 2 39 3 4 20 4 1
6 28 4 3 16 1 0 25 3 1 5 4 2 23 1 4 20 0 1
8 28 4 3 16 1 0 25 3 1 5 4 3 24 1 0 4 0 4 39 0 4 20 4 1
8 28 4 3 16 1 0 25 3 1 5 4 3 24 1 3 14 0 2 33 3 4 20 2 1
8 28 4 3 16 1 0 25 3 2 11 0 1 29 2 1 7 1 2 33 1 4 20 2 1
8 28 4 3 16 1 0 25 3 2 11 0 1 29 2 3 15 1 0 23 3 4 20 0 1
8 28 4 3 16 1 0 25 3 2 11 0 3 36 2 0 2 3 0 23 0 4 20 0 1
8 28 4 3 16 1 0 25 3 2 11 0 3 36 2 3 14 3 2 33 3 4 20 2 1
6 28 4 3 16 1 0 25 3 2 11 0 4 39 2 4 20 4 1
8 28 4 3 16 1 0 25 3 4 18 0 2 32 4 0 4 2 4 39 0 4 20 4 1
8 28 4 3 16 1 0 25 3 4 18 0 2 32 4 2 9 3 4 33 2 4 20 2 1
8 28 4 3 16 1 0 25 3 4 18 0 2 32 4 3 15 2 0 23 3 4 20 0 1
8 28 4 3 16 1 0 25 3 4 18 0 4 41 4 0 2 4 0 23 0 4 20 0 1
8 28 4 3 16 1 0 25 3 4 18 0 4 41 4 1 7 4 2 33 1 4 20 2 1
8 28 4 3 16 1 0 25 3 4 18 0 4 41 4 3 13 4 2 39 3 4 20 4 1
6 28 4 3 16 1 2 31 3 0 2 2 0 23 0 4 20 0 1
8 28 4 3 16 1 2 31 3 0 2 2 3 36 0 2 11 3 4 39 2 4 20 4 1
8 28 4 3 16 1 2 31 3 0 2 2 3 36 0 3 14 3 2 33 3 4 20 2 1
8 28 4 3 16 1 2 31 3 0 2 2 4 41 0 1 7 4 2 33 1 4 20 2 1
8 28 4 3 16 1 2 31 3 0 2 2 4 41 0 3 13 4 2 39 3 4 20 4 1
8 28 4 3 16 1 2 31 3 1 6 2 3 35 1 0 3 3 2 33 0 4 20 2 1
8 28 4 3 16 1 2 31 3 1 6 2 3 35 1 3 15 3 0 23 3 4 20 0 1
6 28 4 3 16 1 2 31 3 1 6 2 4 39 1 4 20 4 1
8 28 4 3 16 1 2 31 3 2 9 2 3 32 2 0 4 2 4 39 0 4 20 4 1
8 28 4 3 16 1 2 31 3 2 9 2 3 32 2 3 15 2 0 23 3 4 20 0 1
6 28 4 3 16 1 2 31 3 2 9 2 4 33 2 4 20 2 1
8 28 4 3 16 1 2 31 3 4 19 2 0 24 4 0 4 0 4 39 0 4 20 4 1
8 28 4 3 16 1 2 31 3 4 19 2 0 24 4 1 5 3 2 23 1 4 20 0 1
8 28 4 3 16 1 2 31 3 4 19 2 0 24 4 3 14 0 2 33 3 4 20 2 1
8 28 4 3 16 1 2 31 3 4 19 2 1 29 4 1 7 1 2 33 1 4 20 2 1
8 28 4 3 16 1 2 31 3 4 19 2 1 29 4 2 11 1 4 39 2 4 20 4 1
8 28 4 3 16 1 2 31 3 4 19 2 1 29 4 3 15 1 0 23 3 4 20 0 1
8 28 4 3 16 1 2 31 3 4 19 2 4 40 4 0 3 4 2 33 0 4 20 2 1
8 28 4 3 16 1 2 31 3 4 19 2 4 40 4 2 10 4 0 23 2 4 20 0 1
8 28 4 3 16 1 2 31 3 4 19 2 4 40 4 3 13 3 2 39 3 4 20 4 1
8 28 4 3 16 1 3 37 3 0 4 3 0 24 0 1 5 3 2 23 1 4 20 0 1
8 28 4 3 16 1 3 37 3 0 4 3 0 24 0 3 14 0 2 33 3 4 20 2 1
8 28 4 3 16 1 3 37 3 0 4 3 2 32 0 2 9 3 4 33 2 4 20 2 1
8 28 4 3 16 1 3 37 3 0 4 3 2 32 0 3 15 2 0 23 3 4 20 0 1
6 28 4 3 16 1 3 37 3 0 4 3 4 39 0 4 20 4 1
8 28 4 3 16 1 3 37 3 1 7 3 1 29 1 2 11 1 4 39 2 4 20 4 1
8 28 4 3 16 1 3 37 3 1 7 3 1 29 1 3 15 1 0 23 3 4 20 0 1
6 28 4 3 16 1 3 37 3 1 7 3 2 33 1 4 20 2 1
8 28 4 3 16 1 3 37 3 1 7 3 4 41 1 0 2 4 0 23 0 4 20 0 1
8 28 4 3 16 1 3 37 3 1 7 3 4 41 1 3 13 4 2 39 3 4 20 4 1
6 28 4 3 16 1 3 37 3 2 10 3 0 23 2 4 20 0 1
8 28 4 3 16 1 3 37 3 2 10 3 4 40 2 0 3 4 2 33 0 4 20 2 1
8 28 4 3 16 1 3 37 3 2 10 3 4 40 2 3 13 3 2 39 3 4 20 4 1
8 28 4 3 16 1 3 37 3 4 17 4 2 35 4 0 3 3 2 33 0 4 20 2 1
8 28 4 3 16 1 3 37 3 4 17 4 2 35 4 1 6 3 4 39 1 4 20 4 1
8 28 4 3 16 1 3 37 3 4 17 4 2 35 4 3 15 3 0 23 3 4 20 0 1
8 28 4 3 16 1 3 37 3 4 17 4 3 36 4 0 2 3 0 23 0 4 20 0 1
8 28 4 3 16 1 3 37 3 4 17 4 3 36 4 2 11 3 4 39 2 4 20 4 1
8 28 4 3 16 1 3 37 3 4 17 4 3 36 4 3 14 3 2 33 3 4 20 2 1
8 29 3 1 7 1 2 33 1 0 3 2 0 25 0 1 5 4 2 23 1 3 15 0 1
8 29 4 1 7 1 2 33 1 0 3 2 0 25 0 1 5 4 3 24 1 4 19 0 1
6 29 2 1 7 1 2 33 1 0 3 2 0 25 0 2 11 0 1
8 29 4 1 7 1 2 33 1 0 3 2 0 25 0 3 16 0 2 31 3 4 19 2 1
8 29 3 1 7 1 2 33 1 0 3 2 0 25 0 4 18 0 2 32 4 3 15 2 1
8 29 4 1 7 1 2 33 1 0 3 2 3 35 0 1 6 3 2 31 1 4 19 2 1
8 29 2 1 7 1 2 33 1 0 3 2 3 35 0 1 6 3 4 39 1 2 11 4 1
8 29 4 1 7 1 2 33 1 0 3 2 3 35 0 2 12 3 0 24 2 4 19 0 1
6 29 3 1 7 1 2 33 1 0 3 2 3 35 0 3 15 3 1
8 29 2 1 7 1 2 33 1 0 3 2 3 35 0 4 17 2 3 36 4 2 11 3 1
8 29 3 1 7 1 2 33 1 0 3 2 4 40 0 1 8 4 2 32 1 3 15 2 1
8 29 2 1 7 1 2 33 1 0 3 2 4 40 0 1 8 4 3 36 1 2 11 3 1
8 29 3 1 7 1 2 33 1 0 3 2 4 40 0 2 10 4 0 23 2 3 15 0 1
8 29 2 1 7 1 2 33 1 0 3 2 4 40 0 3 13 3 2 39 3 2 11 4 1
6 29 4 1 7 1 2 33 1 0 3 2 4 40 0 4 19 4 1
8 29 3 1 7 1 2 33 1 2 9 4 2 31 2 0 2 2 0 23 0 3 15 0 1
8 29 2 1 7 1 2 33 1 2 9 4 2 31 2 0 2 2 3 36 0 2 11 3 1
8 29 3 1 7 1 2 33 1 2 9 4 2 31 2 1 6 2 3 35 1 3 15 3 1
8 29 2 1 7 1 2 33 1 2 9 4 2 31 2 1 6 2 4 39 1 2 11 4 1
8 29 2 1 7 1 2 33 1 2 9 4 2 31 2 3 16 2 0 25 3 2 11 0 1
6 29 4 1 7 1 2 33 1 2 9 4 2 31 2 4 19 2 1
8 29 4 1 7 1 2 33 1 2 9 4 3 32 2 0 4 2 0 24 0 4 19 0 1
8 29 2 1 7 1 2 33 1 2 9 4 3 32 2 0 4 2 4 39 0 2 11 4 1
8 29 2 1 7 1 2 33 1 2 9 4 3 32 2 1 8 2 3 36 1 2 11 3 1
8 29 4 1 7 1 2 33 1 2 9 4 3 32 2 1 8 2 4 40 1 4 19 4 1
6 29 3 1 7 1 2 33 1 2 9 4 3 32 2 3 15 2 1
8 29 2 1 7 1 2 33 1 2 9 4 3 32 2 4 18 2 0 25 4 2 11 0 1
8 29 3 1 7 1 2 33 1 3 14 2 0 24 3 0 4 0 2 32 0 3 15 2 1
8 29 2 1 7 1 2 33 1 3 14 2 0 24 3 0 4 0 4 39 0 2 11 4 1
8 29 3 1 7 1 2 33 1 3 14 2 0 24 3 1 5 3 2 23 1 3 15 0 1
8 29 2 1 7 1 2 33 1 3 14 2 0 24 3 1 5 3 4 25 1 2 11 0 1
8 29 3 1 7 1 2 33 1 3 14 2 0 24 3 2 12 0 3 35 2 3 15 3 1
6 29 4 1 7 1 2 33 1 3 14 2 0 24 3 4 19 0 1
8 29 3 1 7 1 2 33 1 3 14 2 3 36 3 0 2 3 0 23 0 3 15 0 1
8 29 4 1 7 1 2 33 1 3 14 2 3 36 3 0 2 3 2 31 0 4 19 2 1
8 29 3 1 7 1 2 33 1 3 14 2 3 36 3 1 8 3 2 32 1 3 15 2 1
8 29 4 1 7 1 2 33 1 3 14 2 3 36 3 1 8 3 4 40 1 4 19 4 1
6 29 2 1 7 1 2 33 1 3 14 2 3 36 3 2 11 3 1
8 29 3 1 7 1 2 33 1 3 14 2 3 36 3 4 17 3 2 35 4 3 15 3 1
8 29 4 1 7 1 2 33 1 4 20 2 0 23 4 0 2 0 2 31 0 4 19 2 1
8 29 2 1 7 1 2 33 1 4 20 2 0 23 4 0 2 0 3 36 0 2 11 3 1
8 29 4 1 7 1 2 33 1 4 20 2 0 23 4 1 5 2 3 24 1 4 19 0 1
8 29 2 1 7 1 2 33 1 4 20 2 0 23 4 1 5 2 4 25 1 2 11 0 1
8 29 4 1 7 1 2 33 1 4 20 2 0 23 4 2 10 0 4 40 2 4 19 4 1
6 29 3 1 7 1 2 33 1 4 20 2 0 23 4 3 15 0 1
8 29 4 1 7 1 2 33 1 4 20 2 4 39 4 0 4 4 0 24 0 4 19 0 1
8 29 3 1 7 1 2 33 1 4 20 2 4 39 4 0 4 4 2 32 0 3 15 2 1
8 29 4 1 7 1 2 33 1 4 20 2 4 39 4 1 6 4 2 31 1 4 19 2 1
8 29 3 1 7 1 2 33 1 4 20 2 4 39 4 1 6 4 3 35 1 3 15 3 1
6 29 2 1 7 1 2 33 1 4 20 2 4 39 4 2 11 4 1
8 29 4 1 7 1 2 33 1 4 20 2 4 39 4 3 13 2 3 40 3 4 19 4 1
8 29 3 1 7 1 3 37 1 0 4 3 0 24 0 1 5 3 2 23 1 3 15 0 1
8 29 2 1 7 1 3 37 1 0 4 3 0 24 0 1 5 3 4 25 1 2 11 0 1
8 29 3 1 7 1 3 37 1 0 4 3 0 24 0 2 12 0 3 35 2 3 15 3 1
8 29 2 1 7 1 3 37 1 0 4 3 0 24 0 3 14 0 3 36 3 2 11 3 1
6 29 4 1 7 1 3 37 1 0 4 3 0 24 0 4 19 0 1
8 29 2 1 7 1 3 37 1 0 4 3 2 32 0 1 8 2 3 36 1 2 11 3 1
8 29 4 1 7 1 3 37 1 0 4 3 2 32 0 1 8 2 4 40 1 4 19 4 1
8 29 4 1 7 1 3 37 1 0 4 3 2 32 0 2 9 3 2 31 2 4 19 2 1
6 29 3 1 7 1 3 37 1 0 4 3 2 32 0 3 15 2 1
8 29 2 1 7 1 3 37 1 0 4 3 2 32 0 4 18 2 0 25 4 2 11 0 1
8 29 4 1 7 1 3 37 1 0 4 3 4 39 0 1 6 4 2 31 1 4 19 2 1
8 29 3 1 7 1 3 37 1 0 4 3 4 39 0 1 6 4 3 35 1 3 15 3 1
6 29 2 1 7 1 3 37 1 0 4 3 4 39 0 2 11 4 1
8 29 4 1 7 1 3 37 1 0 4 3 4 39 0 3 13 2 3 40 3 4 19 4 1
8 29 3 1 7 1 3 37 1 0 4 3 4 39 0 4 20 4 0 23 4 3 15 0 1
8 29 4 1 7 1 3 37 1 2 10 3 0 23 2 0 2 0 2 31 0 4 19 2 1
8 29 2 1 7 1 3 37 1 2 10 3 0 23 2 0 2 0 3 36 0 2 11 3 1
8 29 4 1 7 1 3 37 1 2 10 3 0 23 2 1 5 2 3 24 1 4 19 0 1
8 29 2 1 7 1 3 37 1 2 10 3 0 23 2 1 5 2 4 25 1 2 11 0 1
6 29 3 1 7 1 3 37 1 2 10 3 0 23 2 3 15 0 1
8 29 2 1 7 1 3 37 1 2 10 3 0 23 2 4 20 0 4 39 4 2 11 4 1
8 29 2 1 7 1 3 37 1 2 10 3 4 40 2 0 3 4 0 25 0 2 11 0 1
8 29 3 1 7 1 3 37 1 2 10 3 4 40 2 0 3 4 3 35 0 3 15 3 1
8 29 3 1 7 1 3 37 1 2 10 3 4 40 2 1 8 4 2 32 1 3 15 2 1
8 29 2 1 7 1 3 37 1 2 10 3 4 40 2 1 8 4 3 36 1 2 11 3 1
8 29 2 1 7 1 3 37 1 2 10 3 4 40 2 3 13 3 2 39 3 2 11 4 1
6 29 4 1 7 1 3 37 1 2 10 3 4 40 2 4 19 4 1
8 29 3 1 7 1 3 37 1 3 16 3 0 25 3 0 3 0 3 35 0 3 15 3 1
8 29 4 1 7 1 3 37 1 3 16 3 0 25 3 0 3 0 4 40 0 4 19 4 1
8 29 3 1 7 1 3 37 1 3 16 3 0 25 3 1 5 4 2 23 1 3 15 0 1
8 29 4 1 7 1 3 37 1 3 16 3 0 25 3 1 5 4 3 24 1 4 19 0 1
6 29 2 1 7 1 3 37 1 3 16 3 0 25 3 2 11 0 1
8 29 3 1 7 1 3 37 1 3 16 3 0 25 3 4 18 0 2 32 4 3 15 2 1
8 29 3 1 7 1 3 37 1 3 16 3 2 31 3 0 2 2 0 23 0 3 15 0 1
8 29 2 1 7 1 3 37 1 3 16 3 2 31 3 0 2 2 3 36 0 2 11 3 1
8 29 3 1 7 1 3 37 1 3 16 3 2 31 3 1 6 2 3 35 1 3 15 3 1
8 29 2 1 7 1 3 37 1 3 16 3 2 31 3 1 6 2 4 39 1 2 11 4 1
8 29 3 1 7 1 3 37 1 3 16 3 2 31 3 2 9 2 3 32 2 3 15 2 1
6 29 4 1 7 1 3 37 1 3 16 3 2 31 3 4 19 2 1
8 29 2 1 7 1 3 37 1 4 17 4 2 35 4 0 3 3 0 25 0 2 11 0 1
8 29 4 1 7 1 3 37 1 4 17 4 2 35 4 0 3 3 4 40 0 4 19 4 1
8 29 4 1 7 1 3 37 1 4 17 4 2 35 4 1 6 3 2 31 1 4 19 2 1
8 29 2 1 7 1 3 37 1 4 17 4 2 35 4 1 6 3 4 39 1 2 11 4 1
8 29 4 1 7 1 3 37 1 4 17 4 2 35 4 2 12 3 0 24 2 4 19 0 1
6 29 3 1 7 1 3 37 1 4 17 4 2 35 4 3 15 3 1
8 29 3 1 7 1 3 37 1 4 17 4 3 36 4 0 2 3 0 23 0 3 15 0 1
8 29 4 1 7 1 3 37 1 4 17 4 3 36 4 0 2 3 2 31 0 4 19 2 1
8 29 3 1 7 1 3 37 1 4 17 4 3 36 4 1 8 3 2 32 1 3 15 2 1
8 29 4 1 7 1 3 37 1 4 17 4 3 36 4 1 8 3 4 40 1 4 19 4 1
6 29 2 1 7 1 3 37 1 4 17 4 3 36 4 2 11 3 1
8 29 4 1 7 1 3 37 1 4 17 4 3 36 4 3 14 3 0 24 3 4 19 0 1
8 29 4 1 7 1 4 41 1 0 2 4 0 23 0 1 5 2 3 24 1 4 19 0 1
8 29 2 1 7 1 4 41 1 0 2 4 0 23 0 1 5 2 4 25 1 2 11 0 1
8 29 4 1 7 1 4 41 1 0 2 4 0 23 0 2 10 0 4 40 2 4 19 4 1
6 29 3 1 7 1 4 41 1 0 2 4 0 23 0 3 15 0 1
8 29 2 1 7 1 4 41 1 0 2 4 0 23 0 4 20 0 4 39 4 2 11 4 1
8 29 3 1 7 1 4 41 1 0 2 4 2 31 0 1 6 2 3 35 1 3 15 3 1
8 29 2 1 7 1 4 41 1 0 2 4 2 31 0 1 6 2 4 39 1 2 11 4 1
8 29 3 1 7 1 4 41 1 0 2 4 2 31 0 2 9 2 3 32 2 3 15 2 1
8 29 2 1 7 1 4 41 1 0 2 4 2 31 0 3 16 2 0 25 3 2 11 0 1
6 29 4 1 7 1 4 41 1 0 2 4 2 31 0 4 19 2 1
8 29 3 1 7 1 4 41 1 0 2 4 3 36 0 1 8 3 2 32 1 3 15 2 1
8 29 4 1 7 1 4 41 1 0 2 4 3 36 0 1 8 3 4 40 1 4 19 4 1
6 29 2 1 7 1 4 41 1 0 2 4 3 36 0 2 11 3 1
8 29 4 1 7 1 4 41 1 0 2 4 3 36 0 3 14 3 0 24 3 4 19 0 1
8 29 3 1 7 1 4 41 1 0 2 4 3 36 0 4 17 3 2 35 4 3 15 3 1
8 29 3 1 7 1 4 41 1 2 12 4 0 24 2 0 4 0 2 32 0 3 15 2 1
8 29 2 1 7 1 4 41 1 2 12 4 0 24 2 0 4 0 4 39 0 2 11 4 1
8 29 3 1 7 1 4 41 1 2 12 4 0 24 2 1 5 3 2 23 1 3 15 0 1
8 29 2 1 7 1 4 41 1 2 12 4 0 24 2 1 5 3 4 25 1 2 11 0 1
8 29 2 1 7 1 4 41 1 2 12 4 0 24 2 3 14 0 3 36 3 2 11 3 1
6 29 4 1 7 1 4 41 1 2 12 4 0 24 2 4 19 0 1
8 29 2 1 7 1 4 41 1 2 12 4 3 35 2 0 3 3 0 25 0 2 11 0 1
8 29 4 1 7 1 4 41 1 2 12 4 3 35 2 0 3 3 4 40 0 4 19 4 1
8 29 4 1 7 1 4 41 1 2 12 4 3 35 2 1 6 3 2 31 1 4 19 2 1
8 29 2 1 7 1 4 41 1 2 12 4 3 35 2 1 6 3 4 39 1 2 11 4 1
6 29 3 1 7 1 4 41 1 2 12 4 3 35 2 3 15 3 1
8 29 2 1 7 1 4 41 1 2 12 4 3 35 2 4 17 2 3 36 4 2 11 3 1
8 29 4 1 7 1 4 41 1 3 13 4 2 39 3 0 4 4 0 24 0 4 19 0 1
8 29 3 1 7 1 4 41 1 3 13 4 2 39 3 0 4 4 2 32 0 3 15 2 1
8 29 4 1 7 1 4 41 1 3 13 4 2 39 3 1 6 4 2 31 1 4 19 2 1
8 29 3 1 7 1 4 41 1 3 13 4 2 39 3 1 6 4 3 35 1 3 15 3 1
6 29 2 1 7 1 4 41 1 3 13 4 2 39 3 2 11 4 1
8 29 3 1 7 1 4 41 1 3 13 4 2 39 3 4 20 4 0 23 4 3 15 0 1
8 29 2 1 7 1 4 41 1 3 13 4 3 40 3 0 3 4 0 25 0 2 11 0 1
8 29 3 1 7 1 4 41 1 3 13 4 3 40 3 0 3 4 3 35 0 3 15 3 1
8 29 3 1 7 1 4 41 1 3 13 4 3 40 3 1 8 4 2 32 1 3 15 2 1
8 29 2 1 7 1 4 41 1 3 13 4 3 40 3 1 8 4 3 36 1 2 11 3 1
8 29 3 1 7 1 4 41 1 3 13 4 3 40 3 2 10 4 0 23 2 3 15 0 1
6 29 4 1 7 1 4 41 1 3 13 4 3 40 3 4 19 4 1
8 29 3 1 7 1 4 41 1 4 18 4 0 25 4 0 3 0 3 35 0 3 15 3 1
8 29 4 1 7 1 4 41 1 4 18 4 0 25 4 0 3 0 4 40 0 4 19 4 1
8 29 3 1 7 1 4 41 1 4 18 4 0 25 4 1 5 4 2 23 1 3 15 0 1
8 29 4 1 7 1 4 41 1 4 18 4 0 25 4 1 5 4 3 24 1 4 19 0 1
6 29 2 1 7 1 4 41 1 4 18 4 0 25 4 2 11 0 1
8 29 4 1 7 1 4 41 1 4 18 4 0 25 4 3 16 0 2 31 3 4 19 2 1
8 29 4 1 7 1 4 41 1 4 18 4 2 32 4 0 4 2 0 24 0 4 19 0 1
8 29 2 1 7 1 4 41 1 4 18 4 2 32 4 0 4 2 4 39 0 2 11 4 1
8 29 2 1 7 1 4 41 1 4 18 4 2 32 4 1 8 2 3 36 1 2 11 3 1
8 29 4 1 7 1 4 41 1 4 18 4 2 32 4 1 8 2 4 40 1 4 19 4 1
8 29 4 1 7 1 4 41 1 4 18 4 2 32 4 2 9 3 2 31 2 4 19 2 1
6 29 3 1 7 1 4 41 1 4 18 4 2 32 4 3 15 2 1
8 29 4 2 11 1 0 25 2 0 3 0 2 33 0 2 9 4 2 31 2 4 19 2 1
8 29 3 2 11 1 0 25 2 0 3 0 2 33 0 2 9 4 3 32 2 3 15 2 1
8 29 4 2 11 1 0 25 2 0 3 0 2 33 0 3 14 2 0 24 3 4 19 0 1
8 29 3 2 11 1 0 25 2 0 3 0 2 33 0 4 20 2 0 23 4 3 15 0 1
8 29 4 2 11 1 0 25 2 0 3 0 3 35 0 1 6 3 2 31 1 4 19 2 1
8 29 4 2 11 1 0 25 2 0 3 0 3 35 0 2 12 3 0 24 2 4 19 0 1
6 29 3 2 11 1 0 25 2 0 3 0 3 35 0 3 15 3 1
8 29 3 2 11 1 0 25 2 0 3 0 4 40 0 1 8 4 2 32 1 3 15 2 1
8 29 3 2 11 1 0 25 2 0 3 0 4 40 0 2 10 4 0 23 2 3 15 0 1
6 29 4 2 11 1 0 25 2 0 3 0 4 40 0 4 19 4 1
8 29 4 2 11 1 0 25 2 1 5 4 2 23 1 0 2 0 2 31 0 4 19 2 1
8 29 4 2 11 1 0 25 2 1 5 4 2 23 1 2 10 0 4 40 2 4 19 4 1
6 29 3 2 11 1 0 25 2 1 5 4 2 23 1 3 15 0 1
8 29 3 2 11 1 0 25 2 1 5 4 3 24 1 0 4 0 2 32 0 3 15 2 1
8 29 3 2 11 1 0 25 2 1 5 4 3 24 1 2 12 0 3 35 2 3 15 3 1
6 29 4 2 11 1 0 25 2 1 5 4 3 24 1 4 19 0 1
8 29 3 2 11 1 0 25 2 3 16 0 2 31 3 0 2 2 0 23 0 3 15 0 1
8 29 3 2 11 1 0 25 2 3 16 0 2 31 3 1 6 2 3 35 1 3 15 3 1
8 29 3 2 11 1 0 25 2 3 16 0 2 31 3 2 9 2 3 32 2 3 15 2 1
6 29 4 2 11 1 0 25 2 3 16 0 2 31 3 4 19 2 1
8 29 4 2 11 1 0 25 2 3 16 0 3 37 3 0 4 3 0 24 0 4 19 0 1
8 29 3 2 11 1 0 25 2 3 16 0 3 37 3 0 4 3 2 32 0 3 15 2 1
8 29 3 2 11 1 0 25 2 3 16 0 3 37 3 2 10 3 0 23 2 3 15 0 1
8 29 4 2 11 1 0 25 2 3 16 0 3 37 3 2 10 3 4 40 2 4 19 4 1
8 29 3 2 11 1 0 25 2 3 16 0 3 37 3 4 17 4 2 35 4 3 15 3 1
8 29 4 2 11 1 0 25 2 4 18 0 2 32 4 0 4 2 0 24 0 4 19 0 1
8 29 4 2 11 1 0 25 2 4 18 0 2 32 4 1 8 2 4 40 1 4 19 4 1
8 29 4 2 11 1 0 25 2 4 18 0 2 32 4 2 9 3 2 31 2 4 19 2 1
6 29 3 2 11 1 0 25 2 4 18 0 2 32 4 3 15 2 1
8 29 3 2 11 1 0 25 2 4 18 0 4 41 4 0 2 4 0 23 0 3 15 0 1
8 29 4 2 11 1 0 25 2 4 18 0 4 41 4 0 2 4 2 31 0 4 19 2 1
8 29 4 2 11 1 0 25 2 4 18 0 4 41 4 2 12 4 0 24 2 4 19 0 1
8 29 3 2 11 1 0 25 2 4 18 0 4 41 4 2 12 4 3 35 2 3 15 3 1
8 29 4 2 11 1 0 25 2 4 18 0 4 41 4 3 13 4 3 40 3 4 19 4 1
8 29 4 2 11 1 3 36 2 0 2 3 0 23 0 1 5 2 3 24 1 4 19 0 1
8 29 4 2 11 1 3 36 2 0 2 3 0 23 0 2 10 0 4 40 2 4 19 4 1
6 29 3 2 11 1 3 36 2 0 2 3 0 23 0 3 15 0 1
8 29 3 2 11 1 3 36 2 0 2 3 2 31 0 1 6 2 3 35 1 3 15 3 1
8 29 3 2 11 1 3 36 2 0 2 3 2 31 0 2 9 2 3 32 2 3 15 2 1
6 29 4 2 11 1 3 36 2 0 2 3 2 31 0 4 19 2 1
8 29 4 2 11 1 3 36 2 0 2 3 4 41 0 2 12 4 0 24 2 4 19 0 1
8 29 3 2 11 1 3 36 2 0 2 3 4 41 0 2 12 4 3 35 2 3 15 3 1
8 29 4 2 11 1 3 36 2 0 2 3 4 41 0 3 13 4 3 40 3 4 19 4 1
8 29 3 2 11 1 3 36 2 0 2 3 4 41 0 4 18 4 2 32 4 3 15 2 1
8 29 4 2 11 1 3 36 2 1 8 3 2 32 1 0 4 2 0 24 0 4 19 0 1
8 29 4 2 11 1 3 36 2 1 8 3 2 32 1 2 9 3 2 31 2 4 19 2 1
6 29 3 2 11 1 3 36 2 1 8 3 2 32 1 3 15 2 1
8 29 3 2 11 1 3 36 2 1 8 3 4 40 1 0 3 4 3 35 0 3 15 3 1
8 29 3 2 11 1 3 36 2 1 8 3 4 40 1 2 10 4 0 23 2 3 15 0 1
6 29 4 2 11 1 3 36 2 1 8 3 4 40 1 4 19 4 1
8 29 3 2 11 1 3 36 2 3 14 3 0 24 3 0 4 0 2 32 0 3 15 2 1
8 29 3 2 11 1 3 36 2 3 14 3 0 24 3 1 5 3 2 23 1 3 15 0 1
8 29 3 2 11 1 3 36 2 3 14 3 0 24 3 2 12 0 3 35 2 3 15 3 1
6 29 4 2 11 1 3 36 2 3 14 3 0 24 3 4 19 0 1
8 29 3 2 11 1 3 36 2 3 14 3 2 33 3 0 3 2 3 35 0 3 15 3 1
8 29 4 2 11 1 3 36 2 3 14 3 2 33 3 0 3 2 4 40 0 4 19 4 1
8 29 4 2 11 1 3 36 2 3 14 3 2 33 3 2 9 4 2 31 2 4 19 2 1
8 29 3 2 11 1 3 36 2 3 14 3 2 33 3 2 9 4 3 32 2 3 15 2 1
8 29 3 2 11 1 3 36 2 3 14 3 2 33 3 4 20 2 0 23 4 3 15 0 1
8 29 4 2 11 1 3 36 2 4 17 3 2 35 4 0 3 3 4 40 0 4 19 4 1
8 29 4 2 11 1 3 36 2 4 17 3 2 35 4 1 6 3 2 31 1 4 19 2 1
8 29 4 2 11 1 3 36 2 4 17 3 2 35 4 2 12 3 0 24 2 4 19 0 1
6 29 3 2 11 1 3 36 2 4 17 3 2 35 4 3 15 3 1
8 29 4 2 11 1 3 36 2 4 17 3 4 37 4 0 4 3 0 24 0 4 19 0 1
8 29 3 2 11 1 3 36 2 4 17 3 4 37 4 0 4 3 2 32 0 3 15 2 1
8 29 3 2 11 1 3 36 2 4 17 3 4 37 4 2 10 3 0 23 2 3 15 0 1
8 29 4 2 11 1 3 36 2 4 17 3 4 37 4 2 10 3 4 40 2 4 19 4 1
8 29 4 2 11 1 3 36 2 4 17 3 4 37 4 3 16 3 2 31 3 4 19 2 1
8 29 3 2 11 1 4 39 2 0 4 4 0 24 0 1 5 3 2 23 1 3 15 0 1
8 29 3 2 11 1 4 39 2 0 4 4 0 24 0 2 12 0 3 35 2 3 15 3 1
6 29 4 2 11 1 4 39 2 0 4 4 0 24 0 4 19 0 1
8 29 4 2 11 1 4 39 2 0 4 4 2 32 0 1 8 2 4 40 1 4 19 4 1
8 29 4 2 11 1 4 39 2 0 4 4 2 32 0 2 9 3 2 31 2 4 19 2 1
6 29 3 2 11 1 4 39 2 0 4 4 2 32 0 3 15 2 1
8 29 3 2 11 1 4 39 2 0 4 4 3 37 0 2 10 3 0 23 2 3 15 0 1
8 29 4 2 11 1 4 39 2 0 4 4 3 37 0 2 10 3 4 40 2 4 19 4 1
8 29 4 2 11 1 4 39 2 0 4 4 3 37 0 3 16 3 2 31 3 4 19 2 1
8 29 3 2 11 1 4 39 2 0 4 4 3 37 0 4 17 4 2 35 4 3 15 3 1
8 29 3 2 11 1 4 39 2 1 6 4 2 31 1 0 2 2 0 23 0 3 15 0 1
8 29 3 2 11 1 4 39 2 1 6 4 2 31 1 2 9 2 3 32 2 3 15 2 1
6 29 4 2 11 1 4 39 2 1 6 4 2 31 1 4 19 2 1
8 29 4 2 11 1 4 39 2 1 6 4 3 35 1 0 3 3 4 40 0 4 19 4 1
8 29 4 2 11 1 4 39 2 1 6 4 3 35 1 2 12 3 0 24 2 4 19 0 1
6 29 3 2 11 1 4 39 2 1 6 4 3 35 1 3 15 3 1
8 29 3 2 11 1 4 39 2 3 13 2 3 40 3 0 3 4 3 35 0 3 15 3 1
8 29 3 2 11 1 4 39 2 3 13 2 3 40 3 1 8 4 2 32 1 3 15 2 1
8 29 3 2 11 1 4 39 2 3 13 2 3 40 3 2 10 4 0 23 2 3 15 0 1
6 29 4 2 11 1 4 39 2 3 13 2 3 40 3 4 19 4 1
8 29 3 2 11 1 4 39 2 3 13 2 4 41 3 0 2 4 0 23 0 3 15 0 1
8 29 4 2 11 1 4 39 2 3 13 2 4 41 3 0 2 4 2 31 0 4 19 2 1
8 29 4 2 11 1 4 39 2 3 13 2 4 41 3 2 12 4 0 24 2 4 19 0 1
8 29 3 2 11 1 4 39 2 3 13 2 4 41 3 2 12 4 3 35 2 3 15 3 1
8 29 3 2 11 1 4 39 2 3 13 2 4 41 3 4 18 4 2 32 4 3 15 2 1
8 29 4 2 11 1 4 39 2 4 20 4 0 23 4 0 2 0 2 31 0 4 19 2 1
8 29 4 2 11 1 4 39 2 4 20 4 0 23 4 1 5 2 3 24 1 4 19 0 1
8 29 4 2 11 1 4 39 2 4 20 4 0 23 4 2 10 0 4 40 2 4 19 4 1
6 29 3 2 11 1 4 39 2 4 20 4 0 23 4 3 15 0 1
8 29 3 2 11 1 4 39 2 4 20 4 2 33 4 0 3 2 3 35 0 3 15 3 1
8 29 4 2 11 1 4 39 2 4 20 4 2 33 4 0 3 2 4 40 0 4 19 4 1
8 29 4 2 11 1 4 39 2 4 20 4 2 33 4 2 9 4 2 31 2 4 19 2 1
8 29 3 2 11 1 4 39 2 4 20 4 2 33 4 2 9 4 3 32 2 3 15 2 1
8 29 4 2 11 1 4 39 2 4 20 4 2 33 4 3 14 2 0 24 3 4 19 0 1
6 29 4 3 15 1 0 23 3 0 2 0 2 31 0 4 19 2 1
8 29 4 3 15 1 0 23 3 0 2 0 3 36 0 1 8 3 4 40 1 4 19 4 1
8 29 4 3 15 1 0 23 3 0 2 0 3 36 0 3 14 3 0 24 3 4 19 0 1
8 29 4 3 15 1 0 23 3 0 2 0 4 41 0 2 12 4 0 24 2 4 19 0 1
8 29 4 3 15 1 0 23 3 0 2 0 4 41 0 3 13 4 3 40 3 4 19 4 1
6 29 4 3 15 1 0 23 3 1 5 2 3 24 1 4 19 0 1
8 29 4 3 15 1 0 23 3 1 5 2 4 25 1 0 3 0 4 40 0 4 19 4 1
8 29 4 3 15 1 0 23 3 1 5 2 4 25 1 3 16 0 2 31 3 4 19 2 1
8 29 4 3 15 1 0 23 3 2 10 0 3 37 2 0 4 3 0 24 0 4 19 0 1
8 29 4 3 15 1 0 23 3 2 10 0 3 37 2 3 16 3 2 31 3 4 19 2 1
6 29 4 3 15 1 0 23 3 2 10 0 4 40 2 4 19 4 1
8 29 4 3 15 1 0 23 3 4 20 0 2 33 4 0 3 2 4 40 0 4 19 4 1
8 29 4 3 15 1 0 23 3 4 20 0 2 33 4 2 9 4 2 31 2 4 19 2 1
8 29 4 3 15 1 0 23 3 4 20 0 2 33 4 3 14 2 0 24 3 4 19 0 1
8 29 4 3 15 1 0 23 3 4 20 0 4 39 4 0 4 4 0 24 0 4 19 0 1
8 29 4 3 15 1 0 23 3 4 20 0 4 39 4 1 6 4 2 31 1 4 19 2 1
8 29 4 3 15 1 0 23 3 4 20 0 4 39 4 3 13 2 3 40 3 4 19 4 1
6 29 4 3 15 1 2 32 3 0 4 2 0 24 0 4 19 0 1
8 29 4 3 15 1 2 32 3 0 4 2 3 37 0 2 10 3 4 40 2 4 19 4 1
8 29 4 3 15 1 2 32 3 0 4 2 3 37 0 3 16 3 2 31 3 4 19 2 1
8 29 4 3 15 1 2 32 3 0 4 2 4 39 0 1 6 4 2 31 1 4 19 2 1
8 29 4 3 15 1 2 32 3 0 4 2 4 39 0 3 13 2 3 40 3 4 19 4 1
8 29 4 3 15 1 2 32 3 1 8 2 3 36 1 0 2 3 2 31 0 4 19 2 1
8 29 4 3 15 1 2 32 3 1 8 2 3 36 1 3 14 3 0 24 3 4 19 0 1
6 29 4 3 15 1 2 32 3 1 8 2 4 40 1 4 19 4 1
6 29 4 3 15 1 2 32 3 2 9 3 2 31 2 4 19 2 1
8 29 4 3 15 1 2 32 3 2 9 3 4 33 2 0 3 2 4 40 0 4 19 4 1
8 29 4 3 15 1 2 32 3 2 9 3 4 33 2 3 14 2 0 24 3 4 19 0 1
8 29 4 3 15 1 2 32 3 4 18 2 0 25 4 0 3 0 4 40 0 4 19 4 1
8 29 4 3 15 1 2 32 3 4 18 2 0 25 4 1 5 4 3 24 1 4 19 0 1
8 29 4 3 15 1 2 32 3 4 18 2 0 25 4 3 16 0 2 31 3 4 19 2 1
8 29 4 3 15 1 2 32 3 4 18 2 4 41 4 0 2 4 2 31 0 4 19 2 1
8 29 4 3 15 1 2 32 3 4 18 2 4 41 4 2 12 4 0 24 2 4 19 0 1
8 29 4 3 15 1 2 32 3 4 18 2 4 41 4 3 13 4 3 40 3 4 19 4 1
8 29 4 3 15 1 3 35 3 0 3 3 0 25 0 1 5 4 3 24 1 4 19 0 1
8 29 4 3 15 1 3 35 3 0 3 3 0 25 0 3 16 0 2 31 3 4 19 2 1
8 29 4 3 15 1 3 35 3 0 3 3 2 33 0 2 9 4 2 31 2 4 19 2 1
8 29 4 3 15 1 3 35 3 0 3 3 2 33 0 3 14 2 0 24 3 4 19 0 1
6 29 4 3 15 1 3 35 3 0 3 3 4 40 0 4 19 4 1
6 29 4 3 15 1 3 35 3 1 6 3 2 31 1 4 19 2 1
8 29 4 3 15 1 3 35 3 1 6 3 4 39 1 0 4 4 0 24 0 4 19 0 1
8 29 4 3 15 1 3 35 3 1 6 3 4 39 1 3 13 2 3 40 3 4 19 4 1
6 29 4 3 15 1 3 35 3 2 12 3 0 24 2 4 19 0 1
8 29 4 3 15 1 3 35 3 2 12 3 4 41 2 0 2 4 2 31 0 4 19 2 1
8 29 4 3 15 1 3 35 3 2 12 3 4 41 2 3 13 4 3 40 3 4 19 4 1
8 29 4 3 15 1 3 35 3 4 17 2 3 36 4 0 2 3 2 31 0 4 19 2 1
8 29 4 3 15 1 3 35 3 4 17 2 3 36 4 1 8 3 4 40 1 4 19 4 1
8 29 4 3 15 1 3 35 3 4 17 2 3 36 4 3 14 3 0 24 3 4 19 0 1
8 29 4 3 15 1 3 35 3 4 17 2 4 37 4 0 4 3 0 24 0 4 19 0 1
8 29 4 3 15 1 3 35 3 4 17 2 4 37 4 2 10 3 4 40 2 4 19 4 1
8 29 4 3 15 1 3 35 3 4 17 2 4 37 4 3 16 3 2 31 3 4 19 2 1
8 2 3 0 23 0 1 5 2 3 24 1 0 4 0 2 32 0 1 8 2 3 36 1 0
8 2 2 0 23 0 1 5 2 3 24 1 0 4 0 2 32 0 2 9 3 2 31 2 0
8 2 4 0 23 0 1 5 2 3 24 1 0 4 0 2 32 0 4 18 2 4 41 4 0
8 2 4 0 23 0 1 5 2 3 24 1 0 4 0 3 37 0 1 7 3 4 41 1 0
8 2 2 0 23 0 1 5 2 3 24 1 0 4 0 3 37 0 3 16 3 2 31 3 0
8 2 3 0 23 0 1 5 2 3 24 1 0 4 0 3 37 0 4 17 4 3 36 4 0
8 2 2 0 23 0 1 5 2 3 24 1 0 4 0 4 39 0 1 6 4 2 31 1 0
8 2 3 0 23 0 1 5 2 3 24 1 0 4 0 4 39 0 2 11 4 3 36 2 0
8 2 4 0 23 0 1 5 2 3 24 1 0 4 0 4 39 0 3 13 2 4 41 3 0
8 2 2 0 23 0 1 5 2 3 24 1 2 12 0 3 35 2 1 6 3 2 31 1 0
8 2 3 0 23 0 1 5 2 3 24 1 2 12 0 3 35 2 4 17 2 3 36 4 0
6 2 4 0 23 0 1 5 2 3 24 1 2 12 0 4 41 2 0
8 2 4 0 23 0 1 5 2 3 24 1 3 14 0 2 33 3 1 7 2 4 41 1 0
8 2 2 0 23 0 1 5 2 3 24 1 3 14 0 2 33 3 2 9 4 2 31 2 0
6 2 3 0 23 0 1 5 2 3 24 1 3 14 0 3 36 3 0
6 2 2 0 23 0 1 5 2 3 24 1 4 19 0 2 31 4 0
8 2 3 0 23 0 1 5 2 3 24 1 4 19 0 4 40 4 1 8 4 3 36 1 0
8 2 4 0 23 0 1 5 2 3 24 1 4 19 0 4 40 4 3 13 3 4 41 3 0
8 2 4 0 23 0 1 5 2 4 25 1 0 3 0 2 33 0 1 7 2 4 41 1 0
8 2 2 0 23 0 1 5 2 4 25 1 0 3 0 2 33 0 2 9 4 2 31 2 0
8 2 3 0 23 0 1 5 2 4 25 1 0 3 0 2 33 0 3 14 2 3 36 3 0
8 2 2 0 23 0 1 5 2 4 25 1 0 3 0 3 35 0 1 6 3 2 31 1 0
8 2 4 0 23 0 1 5 2 4 25 1 0 3 0 3 35 0 2 12 3 4 41 2 0
8 2 3 0 23 0 1 5 2 4 25 1 0 3 0 3 35 0 4 17 2 3 36 4 0
8 2 3 0 23 0 1 5 2 4 25 1 0 3 0 4 40 0 1 8 4 3 36 1 0
8 2 4 0 23 0 1 5 2 4 25 1 0 3 0 4 40 0 3 13 3 4 41 3 0
8 2 2 0 23 0 1 5 2 4 25 1 0 3 0 4 40 0 4 19 4 2 31 4 0
6 2 3 0 23 0 1 5 2 4 25 1 2 11 0 3 36 2 0
8 2 2 0 23 0 1 5 2 4 25 1 2 11 0 4 39 2 1 6 4 2 31 1 0
8 2 4 0 23 0 1 5 2 4 25 1 2 11 0 4 39 2 3 13 2 4 41 3 0
6 2 2 0 23 0 1 5 2 4 25 1 3 16 0 2 31 3 0
8 2 4 0 23 0 1 5 2 4 25 1 3 16 0 3 37 3 1 7 3 4 41 1 0
8 2 3 0 23 0 1 5 2 4 25 1 3 16 0 3 37 3 4 17 4 3 36 4 0
8 2 3 0 23 0 1 5 2 4 25 1 4 18 0 2 32 4 1 8 2 3 36 1 0
8 2 2 0 23 0 1 5 2 4 25 1 4 18 0 2 32 4 2 9 3 2 31 2 0
6 2 4 0 23 0 1 5 2 4 25 1 4 18 0 4 41 4 0
8 2 4 0 23 0 2 10 0 3 37 2 0 4 3 0 24 0 2 12 0 4 41 2 0
8 2 3 0 23 0 2 10 0 3 37 2 0 4 3 0 24 0 3 14 0 3 36 3 0
8 2 2 0 23 0 2 10 0 3 37 2 0 4 3 0 24 0 4 19 0 2 31 4 0
8 2 3 0 23 0 2 10 0 3 37 2 0 4 3 2 32 0 1 8 2 3 36 1 0
8 2 2 0 23 0 2 10 0 3 37 2 0 4 3 2 32 0 2 9 3 2 31 2 0
8 2 4 0 23 0 2 10 0 3 37 2 0 4 3 2 32 0 4 18 2 4 41 4 0
8 2 2 0 23 0 2 10 0 3 37 2 0 4 3 4 39 0 1 6 4 2 31 1 0
8 2 3 0 23 0 2 10 0 3 37 2 0 4 3 4 39 0 2 11 4 3 36 2 0
8 2 4 0 23 0 2 10 0 3 37 2 0 4 3 4 39 0 3 13 2 4 41 3 0
8 2 2 0 23 0 2 10 0 3 37 2 1 7 3 2 33 1 2 9 4 2 31 2 0
8 2 3 0 23 0 2 10 0 3 37 2 1 7 3 2 33 1 3 14 2 3 36 3 0
6 2 4 0 23 0 2 10 0 3 37 2 1 7 3 4 41 1 0
8 2 3 0 23 0 2 10 0 3 37 2 3 16 3 0 25 3 2 11 0 3 36 2 0
8 2 4 0 23 0 2 10 0 3 37 2 3 16 3 0 25 3 4 18 0 4 41 4 0
6 2 2 0 23 0 2 10 0 3 37 2 3 16 3 2 31 3 0
8 2 2 0 23 0 2 10 0 3 37 2 4 17 4 2 35 4 1 6 3 2 31 1 0
8 2 4 0 23 0 2 10 0 3 37 2 4 17 4 2 35 4 2 12 3 4 41 2 0
6 2 3 0 23 0 2 10 0 3 37 2 4 17 4 3 36 4 0
8 2 3 0 23 0 2 10 0 4 40 2 0 3 4 0 25 0 2 11 0 3 36 2 0
8 2 2 0 23 0 2 10 0 4 40 2 0 3 4 0 25 0 3 16 0 2 31 3 0
8 2 4 0 23 0 2 10 0 4 40 2 0 3 4 0 25 0 4 18 0 4 41 4 0
8 2 4 0 23 0 2 10 0 4 40 2 0 3 4 2 33 0 1 7 2 4 41 1 0
8 2 2 0 23 0 2 10 0 4 40 2 0 3 4 2 33 0 2 9 4 2 31 2 0
8 2 3 0 23 0 2 10 0 4 40 2 0 3 4 2 33 0 3 14 2 3 36 3 0
8 2 2 0 23 0 2 10 0 4 40 2 0 3 4 3 35 0 1 6 3 2 31 1 0
8 2 4 0 23 0 2 10 0 4 40 2 0 3 4 3 35 0 2 12 3 4 41 2 0
8 2 3 0 23 0 2 10 0 4 40 2 0 3 4 3 35 0 4 17 2 3 36 4 0
8 2 2 0 23 0 2 10 0 4 40 2 1 8 4 2 32 1 2 9 3 2 31 2 0
8 2 4 0 23 0 2 10 0 4 40 2 1 8 4 2 32 1 4 18 2 4 41 4 0
6 2 3 0 23 0 2 10 0 4 40 2 1 8 4 3 36 1 0
8 2 2 0 23 0 2 10 0 4 40 2 3 13 3 2 39 3 1 6 4 2 31 1 0
8 2 3 0 23 0 2 10 0 4 40 2 3 13 3 2 39 3 2 11 4 3 36 2 0
6 2 4 0 23 0 2 10 0 4 40 2 3 13 3 4 41 3 0
8 2 4 0 23 0 2 10 0 4 40 2 4 19 4 0 24 4 2 12 0 4 41 2 0
8 2 3 0 23 0 2 10 0 4 40 2 4 19 4 0 24 4 3 14 0 3 36 3 0
6 2 2 0 23 0 2 10 0 4 40 2 4 19 4 2 31 4 0
8 2 4 0 23 0 3 15 0 2 32 3 0 4 2 0 24 0 2 12 0 4 41 2 0
8 2 3 0 23 0 3 15 0 2 32 3 0 4 2 0 24 0 3 14 0 3 36 3 0
8 2 2 0 23 0 3 15 0 2 32 3 0 4 2 0 24 0 4 19 0 2 31 4 0
8 2 4 0 23 0 3 15 0 2 32 3 0 4 2 3 37 0 1 7 3 4 41 1 0
8 2 2 0 23 0 3 15 0 2 32 3 0 4 2 3 37 0 3 16 3 2 31 3 0
8 2 3 0 23 0 3 15 0 2 32 3 0 4 2 3 37 0 4 17 4 3 36 4 0
8 2 2 0 23 0 3 15 0 2 32 3 0 4 2 4 39 0 1 6 4 2 31 1 0
8 2 3 0 23 0 3 15 0 2 32 3 0 4 2 4 39 0 2 11 4 3 36 2 0
8 2 4 0 23 0 3 15 0 2 32 3 0 4 2 4 39 0 3 13 2 4 41 3 0
6 2 3 0 23 0 3 15 0 2 32 3 1 8 2 3 36 1 0
8 2 4 0 23 0 3 15 0 2 32 3 1 8 2 4 40 1 3 13 3 4 41 3 0
8 2 2 0 23 0 3 15 0 2 32 3 1 8 2 4 40 1 4 19 4 2 31 4 0
6 2 2 0 23 0 3 15 0 2 32 3 2 9 3 2 31 2 0
8 2 4 0 23 0 3 15 0 2 32 3 2 9 3 4 33 2 1 7 2 4 41 1 0
8 2 3 0 23 0 3 15 0 2 32 3 2 9 3 4 33 2 3 14 2 3 36 3 0
8 2 3 0 23 0 3 15 0 2 32 3 4 18 2 0 25 4 2 11 0 3 36 2 0
8 2 2 0 23 0 3 15 0 2 32 3 4 18 2 0 25 4 3 16 0 2 31 3 0
6 2 4 0 23 0 3 15 0 2 32 3 4 18 2 4 41 4 0
8 2 3 0 23 0 3 15 0 3 35 3 0 3 3 0 25 0 2 11 0 3 36 2 0
8 2 2 0 23 0 3 15 0 3 35 3 0 3 3 0 25 0 3 16 0 2 31 3 0
8 2 4 0 23 0 3 15 0 3 35 3 0 3 3 0 25 0 4 18 0 4 41 4 0
8 2 4 0 23 0 3 15 0 3 35 3 0 3 3 2 33 0 1 7 2 4 41 1 0
8 2 2 0 23 0 3 15 0 3 35 3 0 3 3 2 33 0 2 9 4 2 31 2 0
8 2 3 0 23 0 3 15 0 3 35 3 0 3 3 2 33 0 3 14 2 3 36 3 0
8 2 3 0 23 0 3 15 0 3 35 3 0 3 3 4 40 0 1 8 4 3 36 1 0
8 2 4 0 23 0 3 15 0 3 35 3 0 3 3 4 40 0 3 13 3 4 41 3 0
8 2 2 0 23 0 3 15 0 3 35 3 0 3 3 4 40 0 4 19 4 2 31 4 0
6 2 2 0 23 0 3 15 0 3 35 3 1 6 3 2 31 1 0
8 2 3 0 23 0 3 15 0 3 35 3 1 6 3 4 39 1 2 11 4 3 36 2 0
8 2 4 0 23 0 3 15 0 3 35 3 1 6 3 4 39 1 3 13 2 4 41 3 0
8 2 3 0 23 0 3 15 0 3 35 3 2 12 3 0 24 2 3 14 0 3 36 3 0
8 2 2 0 23 0 3 15 0 3 35 3 2 12 3 0 24 2 4 19 0 2 31 4 0
6 2 4 0 23 0 3 15 0 3 35 3 2 12 3 4 41 2 0
6 2 3 0 23 0 3 15 0 3 35 3 4 17 2 3 36 4 0
8 2 4 0 23 0 3 15 0 3 35 3 4 17 2 4 37 4 1 7 3 4 41 1 0
8 2 2 0 23 0 3 15 0 3 35 3 4 17 2 4 37 4 3 16 3 2 31 3 0
8 2 3 0 23 0 4 20 0 2 33 4 0 3 2 0 25 0 2 11 0 3 36 2 0
8 2 2 0 23 0 4 20 0 2 33 4 0 3 2 0 25 0 3 16 0 2 31 3 0
8 2 4 0 23 0 4 20 0 2 33 4 0 3 2 0 25 0 4 18 0 4 41 4 0
8 2 2 0 23 0 4 20 0 2 33 4 0 3 2 3 35 0 1 6 3 2 31 1 0
8 2 4 0 23 0 4 20 0 2 33 4 0 3 2 3 35 0 2 12 3 4 41 2 0
8 2 3 0 23 0 4 20 0 2 33 4 0 3 2 3 35 0 4 17 2 3 36 4 0
8 2 3 0 23 0 4 20 0 2 33 4 0 3 2 4 40 0 1 8 4 3 36 1 0
8 2 4 0 23 0 4 20 0 2 33 4 0 3 2 4 40 0 3 13 3 4 41 3 0
8 2 2 0 23 0 4 20 0 2 33 4 0 3 2 4 40 0 4 19 4 2 31 4 0
8 2 2 0 23 0 4 20 0 2 33 4 1 7 2 3 37 1 3 16 3 2 31 3 0
8 2 3 0 23 0 4 20 0 2 33 4 1 7 2 3 37 1 4 17 4 3 36 4 0
6 2 4 0 23 0 4 20 0 2 33 4 1 7 2 4 41 1 0
6 2 2 0 23 0 4 20 0 2 33 4 2 9 4 2 31 2 0
8 2 3 0 23 0 4 20 0 2 33 4 2 9 4 3 32 2 1 8 2 3 36 1 0
8 2 4 0 23 0 4 20 0 2 33 4 2 9 4 3 32 2 4 18 2 4 41 4 0
8 2 4 0 23 0 4 20 0 2 33 4 3 14 2 0 24 3 2 12 0 4 41 2 0
8 2 2 0 23 0 4 20 0 2 33 4 3 14 2 0 24 3 4 19 0 2 31 4 0
6 2 3 0 23 0 4 20 0 2 33 4 3 14 2 3 36 3 0
8 2 4 0 23 0 4 20 0 4 39 4 0 4 4 0 24 0 2 12 0 4 41 2 0
8 2 3 0 23 0 4 20 0 4 39 4 0 4 4 0 24 0 3 14 0 3 36 3 0
8 2 2 0 23 0 4 20 0 4 39 4 0 4 4 0 24 0 4 19 0 2 31 4 0
8 2 3 0 23 0 4 20 0 4 39 4 0 4 4 2 32 0 1 8 2 3 36 1 0
8 2 2 0 23 0 4 20 0 4 39 4 0 4 4 2 32 0 2 9 3 2 31 2 0
8 2 4 0 23 0 4 20 0 4 39 4 0 4 4 2 32 0 4 18 2 4 41 4 0
8 2 4 0 23 0 4 20 0 4 39 4 0 4 4 3 37 0 1 7 3 4 41 1 0
8 2 2 0 23 0 4 20 0 4 39 4 0 4 4 3 37 0 3 16 3 2 31 3 0
8 2 3 0 23 0 4 20 0 4 39 4 0 4 4 3 37 0 4 17 4 3 36 4 0
6 2 2 0 23 0 4 20 0 4 39 4 1 6 4 2 31 1 0
8 2 4 0 23 0 4 20 0 4 39 4 1 6 4 3 35 1 2 12 3 4 41 2 0
8 2 3 0 23 0 4 20 0 4 39 4 1 6 4 3 35 1 4 17 2 3 36 4 0
8 2 2 0 23 0 4 20 0 4 39 4 2 11 4 0 25 2 3 16 0 2 31 3 0
8 2 4 0 23 0 4 20 0 4 39 4 2 11 4 0 25 2 4 18 0 4 41 4 0
6 2 3 0 23 0 4 20 0 4 39 4 2 11 4 3 36 2 0
8 2 3 0 23 0 4 20 0 4 39 4 3 13 2 3 40 3 1 8 4 3 36 1 0
8 2 2 0 23 0 4 20 0 4 39 4 3 13 2 3 40 3 4 19 4 2 31 4 0
6 2 4 0 23 0 4 20 0 4 39 4 3 13 2 4 41 3 0
8 2 3 2 31 0 1 6 2 3 35 1 0 3 3 0 25 0 2 11 0 3 36 2 0
8 2 4 2 31 0 1 6 2 3 35 1 0 3 3 0 25 0 4 18 0 4 41 4 0
8 2 4 2 31 0 1 6 2 3 35 1 0 3 3 2 33 0 1 7 2 4 41 1 0
8 2 3 2 31 0 1 6 2 3 35 1 0 3 3 2 33 0 3 14 2 3 36 3 0
8 2 3 2 31 0 1 6 2 3 35 1 0 3 3 4 40 0 1 8 4 3 36 1 0
8 2 4 2 31 0 1 6 2 3 35 1 0 3 3 4 40 0 3 13 3 4 41 3 0
8 2 3 2 31 0 1 6 2 3 35 1 2 12 3 0 24 2 3 14 0 3 36 3 0
6 2 4 2 31 0 1 6 2 3 35 1 2 12 3 4 41 2 0
8 2 3 2 31 0 1 6 2 3 35 1 3 15 3 2 32 3 1 8 2 3 36 1 0
8 2 4 2 31 0 1 6 2 3 35 1 3 15 3 2 32 3 4 18 2 4 41 4 0
6 2 3 2 31 0 1 6 2 3 35 1 4 17 2 3 36 4 0
8 2 4 2 31 0 1 6 2 3 35 1 4 17 2 4 37 4 1 7 3 4 41 1 0
8 2 4 2 31 0 1 6 2 4 39 1 0 4 4 0 24 0 2 12 0 4 41 2 0
8 2 3 2 31 0 1 6 2 4 39 1 0 4 4 0 24 0 3 14 0 3 36 3 0
8 2 3 2 31 0 1 6 2 4 39 1 0 4 4 2 32 0 1 8 2 3 36 1 0
8 2 4 2 31 0 1 6 2 4 39 1 0 4 4 2 32 0 4 18 2 4 41 4 0
8 2 4 2 31 0 1 6 2 4 39 1 0 4 4 3 37 0 1 7 3 4 41 1 0
8 2 3 2 31 0 1 6 2 4 39 1 0 4 4 3 37 0 4 17 4 3 36 4 0
8 2 4 2 31 0 1 6 2 4 39 1 2 11 4 0 25 2 4 18 0 4 41 4 0
6 2 3 2 31 0 1 6 2 4 39 1 2 11 4 3 36 2 0
8 2 3 2 31 0 1 6 2 4 39 1 3 13 2 3 40 3 1 8 4 3 36 1 0
6 2 4 2 31 0 1 6 2 4 39 1 3 13 2 4 41 3 0
8 2 4 2 31 0 1 6 2 4 39 1 4 20 4 2 33 4 1 7 2 4 41 1 0
8 2 3 2 31 0 1 6 2 4 39 1 4 20 4 2 33 4 3 14 2 3 36 3 0
8 2 4 2 31 0 2 9 2 3 32 2 0 4 2 0 24 0 2 12 0 4 41 2 0
8 2 3 2 31 0 2 9 2 3 32 2 0 4 2 0 24 0 3 14 0 3 36 3 0
8 2 4 2 31 0 2 9 2 3 32 2 0 4 2 3 37 0 1 7 3 4 41 1 0
8 2 3 2 31 0 2 9 2 3 32 2 0 4 2 3 37 0 4 17 4 3 36 4 0
8 2 3 2 31 0 2 9 2 3 32 2 0 4 2 4 39 0 2 11 4 3 36 2 0
8 2 4 2 31 0 2 9 2 3 32 2 0 4 2 4 39 0 3 13 2 4 41 3 0
6 2 3 2 31 0 2 9 2 3 32 2 1 8 2 3 36 1 0
8 2 4 2 31 0 2 9 2 3 32 2 1 8 2 4 40 1 3 13 3 4 41 3 0
8 2 4 2 31 0 2 9 2 3 32 2 3 15 2 3 35 3 2 12 3 4 41 2 0
8 2 3 2 31 0 2 9 2 3 32 2 3 15 2 3 35 3 4 17 2 3 36 4 0
8 2 3 2 31 0 2 9 2 3 32 2 4 18 2 0 25 4 2 11 0 3 36 2 0
6 2 4 2 31 0 2 9 2 3 32 2 4 18 2 4 41 4 0
8 2 3 2 31 0 2 9 2 4 33 2 0 3 2 0 25 0 2 11 0 3 36 2 0
8 2 4 2 31 0 2 9 2 4 33 2 0 3 2 0 25 0 4 18 0 4 41 4 0
8 2 4 2 31 0 2 9 2 4 33 2 0 3 2 3 35 0 2 12 3 4 41 2 0
8 2 3 2 31 0 2 9 2 4 33 2 0 3 2 3 35 0 4 17 2 3 36 4 0
8 2 3 2 31 0 2 9 2 4 33 2 0 3 2 4 40 0 1 8 4 3 36 1 0
8 2 4 2 31 0 2 9 2 4 33 2 0 3 2 4 40 0 3 13 3 4 41 3 0
8 2 3 2 31 0 2 9 2 4 33 2 1 7 2 3 37 1 4 17 4 3 36 4 0
6 2 4 2 31 0 2 9 2 4 33 2 1 7 2 4 41 1 0
8 2 4 2 31 0 2 9 2 4 33 2 3 14 2 0 24 3 2 12 0 4 41 2 0
6 2 3 2 31 0 2 9 2 4 33 2 3 14 2 3 36 3 0
8 2 3 2 31 0 2 9 2 4 33 2 4 20 2 4 39 4 2 11 4 3 36 2 0
8 2 4 2 31 0 2 9 2 4 33 2 4 20 2 4 39 4 3 13 2 4 41 3 0
8 2 4 2 31 0 3 16 2 0 25 3 0 3 0 2 33 0 1 7 2 4 41 1 0
8 2 3 2 31 0 3 16 2 0 25 3 0 3 0 2 33 0 3 14 2 3 36 3 0
8 2 4 2 31 0 3 16 2 0 25 3 0 3 0 3 35 0 2 12 3 4 41 2 0
8 2 3 2 31 0 3 16 2 0 25 3 0 3 0 3 35 0 4 17 2 3 36 4 0
8 2 3 2 31 0 3 16 2 0 25 3 0 3 0 4 40 0 1 8 4 3 36 1 0
8 2 4 2 31 0 3 16 2 0 25 3 0 3 0 4 40 0 3 13 3 4 41 3 0
8 2 4 2 31 0 3 16 2 0 25 3 1 5 4 3 24 1 2 12 0 4 41 2 0
8 2 3 2 31 0 3 16 2 0 25 3 1 5 4 3 24 1 3 14 0 3 36 3 0
6 2 3 2 31 0 3 16 2 0 25 3 2 11 0 3 36 2 0
8 2 4 2 31 0 3 16 2 0 25 3 2 11 0 4 39 2 3 13 2 4 41 3 0
8 2 3 2 31 0 3 16 2 0 25 3 4 18 0 2 32 4 1 8 2 3 36 1 0
6 2 4 2 31 0 3 16 2 0 25 3 4 18 0 4 41 4 0
8 2 4 2 31 0 3 16 2 3 37 3 0 4 3 0 24 0 2 12 0 4 41 2 0
8 2 3 2 31 0 3 16 2 3 37 3 0 4 3 0 24 0 3 14 0 3 36 3 0
8 2 3 2 31 0 3 16 2 3 37 3 0 4 3 2 32 0 1 8 2 3 36 1 0
8 2 4 2 31 0 3 16 2 3 37 3 0 4 3 2 32 0 4 18 2 4 41 4 0
8 2 3 2 31 0 3 16 2 3 37 3 0 4 3 4 39 0 2 11 4 3 36 2 0
8 2 4 2 31 0 3 16 2 3 37 3 0 4 3 4 39 0 3 13 2 4 41 3 0
8 2 3 2 31 0 3 16 2 3 37 3 1 7 3 2 33 1 3 14 2 3 36 3 0
6 2 4 2 31 0 3 16 2 3 37 3 1 7 3 4 41 1 0
8 2 3 2 31 0 3 16 2 3 37 3 2 10 3 4 40 2 1 8 4 3 36 1 0
8 2 4 2 31 0 3 16 2 3 37 3 2 10 3 4 40 2 3 13 3 4 41 3 0
8 2 4 2 31 0 3 16 2 3 37 3 4 17 4 2 35 4 2 12 3 4 41 2 0
6 2 3 2 31 0 3 16 2 3 37 3 4 17 4 3 36 4 0
8 2 3 2 31 0 4 19 2 0 24 4 0 4 0 2 32 0 1 8 2 3 36 1 0
8 2 4 2 31 0 4 19 2 0 24 4 0 4 0 2 32 0 4 18 2 4 41 4 0
8 2 4 2 31 0 4 19 2 0 24 4 0 4 0 3 37 0 1 7 3 4 41 1 0
8 2 3 2 31 0 4 19 2 0 24 4 0 4 0 3 37 0 4 17 4 3 36 4 0
8 2 3 2 31 0 4 19 2 0 24 4 0 4 0 4 39 0 2 11 4 3 36 2 0
8 2 4 2 31 0 4 19 2 0 24 4 0 4 0 4 39 0 3 13 2 4 41 3 0
8 2 3 2 31 0 4 19 2 0 24 4 1 5 3 4 25 1 2 11 0 3 36 2 0
8 2 4 2 31 0 4 19 2 0 24 4 1 5 3 4 25 1 4 18 0 4 41 4 0
8 2 3 2 31 0 4 19 2 0 24 4 2 12 0 3 35 2 4 17 2 3 36 4 0
6 2 4 2 31 0 4 19 2 0 24 4 2 12 0 4 41 2 0
8 2 4 2 31 0 4 19 2 0 24 4 3 14 0 2 33 3 1 7 2 4 41 1 0
6 2 3 2 31 0 4 19 2 0 24 4 3 14 0 3 36 3 0
8 2 3 2 31 0 4 19 2 4 40 4 0 3 4 0 25 0 2 11 0 3 36 2 0
8 2 4 2 31 0 4 19 2 4 40 4 0 3 4 0 25 0 4 18 0 4 41 4 0
8 2 4 2 31 0 4 19 2 4 40 4 0 3 4 2 33 0 1 7 2 4 41 1 0
8 2 3 2 31 0 4 19 2 4 40 4 0 3 4 2 33 0 3 14 2 3 36 3 0
8 2 4 2 31 0 4 19 2 4 40 4 0 3 4 3 35 0 2 12 3 4 41 2 0
8 2 3 2 31 0 4 19 2 4 40 4 0 3 4 3 35 0 4 17 2 3 36 4 0
8 2 4 2 31 0 4 19 2 4 40 4 1 8 4 2 32 1 4 18 2 4 41 4 0
6 2 3 2 31 0 4 19 2 4 40 4 1 8 4 3 36 1 0
8 2 4 2 31 0 4 19 2 4 40 4 2 10 4 3 37 2 1 7 3 4 41 1 0
8 2 3 2 31 0 4 19 2 4 40 4 2 10 4 3 37 2 4 17 4 3 36 4 0
8 2 3 2 31 0 4 19 2 4 40 4 3 13 3 2 39 3 2 11 4 3 36 2 0
6 2 4 2 31 0 4 19 2 4 40 4 3 13 3 4 41 3 0
8 2 4 3 36 0 1 8 3 2 32 1 0 4 2 0 24 0 2 12 0 4 41 2 0
8 2 4 3 36 0 1 8 3 2 32 1 0 4 2 3 37 0 1 7 3 4 41 1 0
8 2 4 3 36 0 1 8 3 2 32 1 0 4 2 4 39 0 3 13 2 4 41 3 0
8 2 4 3 36 0 1 8 3 2 32 1 2 9 3 4 33 2 1 7 2 4 41 1 0
8 2 4 3 36 0 1 8 3 2 32 1 3 15 2 3 35 3 2 12 3 4 41 2 0
6 2 4 3 36 0 1 8 3 2 32 1 4 18 2 4 41 4 0
8 2 4 3 36 0 1 8 3 4 40 1 0 3 4 0 25 0 4 18 0 4 41 4 0
8 2 4 3 36 0 1 8 3 4 40 1 0 3 4 2 33 0 1 7 2 4 41 1 0
8 2 4 3 36 0 1 8 3 4 40 1 0 3 4 3 35 0 2 12 3 4 41 2 0
8 2 4 3 36 0 1 8 3 4 40 1 2 10 4 3 37 2 1 7 3 4 41 1 0
6 2 4 3 36 0 1 8 3 4 40 1 3 13 3 4 41 3 0
8 2 4 3 36 0 1 8 3 4 40 1 4 19 4 0 24 4 2 12 0 4 41 2 0
8 2 4 3 36 0 2 11 3 0 25 2 0 3 0 2 33 0 1 7 2 4 41 1 0
8 2 4 3 36 0 2 11 3 0 25 2 0 3 0 3 35 0 2 12 3 4 41 2 0
8 2 4 3 36 0 2 11 3 0 25 2 0 3 0 4 40 0 3 13 3 4 41 3 0
8 2 4 3 36 0 2 11 3 0 25 2 1 5 4 3 24 1 2 12 0 4 41 2 0
8 2 4 3 36 0 2 11 3 0 25 2 3 16 0 3 37 3 1 7 3 4 41 1 0
6 2 4 3 36 0 2 11 3 0 25 2 4 18 0 4 41 4 0
8 2 4 3 36 0 2 11 3 4 39 2 0 4 4 0 24 0 2 12 0 4 41 2 0
8 2 4 3 36 0 2 11 3 4 39 2 0 4 4 2 32 0 4 18 2 4 41 4 0
8 2 4 3 36 0 2 11 3 4 39 2 0 4 4 3 37 0 1 7 3 4 41 1 0
8 2 4 3 36 0 2 11 3 4 39 2 1 6 4 3 35 1 2 12 3 4 41 2 0
6 2 4 3 36 0 2 11 3 4 39 2 3 13 2 4 41 3 0
8 2 4 3 36 0 2 11 3 4 39 2 4 20 4 2 33 4 1 7 2 4 41 1 0
8 2 4 3 36 0 3 14 3 0 24 3 0 4 0 2 32 0 4 18 2 4 41 4 0
8 2 4 3 36 0 3 14 3 0 24 3 0 4 0 3 37 0 1 7 3 4 41 1 0
8 2 4 3 36 0 3 14 3 0 24 3 0 4 0 4 39 0 3 13 2 4 41 3 0
8 2 4 3 36 0 3 14 3 0 24 3 1 5 3 4 25 1 4 18 0 4 41 4 0
6 2 4 3 36 0 3 14 3 0 24 3 2 12 0 4 41 2 0
8 2 4 3 36 0 3 14 3 0 24 3 4 19 0 4 40 4 3 13 3 4 41 3 0
8 2 4 3 36 0 3 14 3 2 33 3 0 3 2 0 25 0 4 18 0 4 41 4 0
8 2 4 3 36 0 3 14 3 2 33 3 0 3 2 3 35 0 2 12 3 4 41 2 0
8 2 4 3 36 0 3 14 3 2 33 3 0 3 2 4 40 0 3 13 3 4 41 3 0
6 2 4 3 36 0 3 14 3 2 33 3 1 7 2 4 41 1 0
8 2 4 3 36 0 3 14 3 2 33 3 2 9 4 3 32 2 4 18 2 4 41 4 0
8 2 4 3 36 0 3 14 3 2 33 3 4 20 2 4 39 4 3 13 2 4 41 3 0
8 2 4 3 36 0 4 17 3 2 35 4 0 3 3 0 25 0 4 18 0 4 41 4 0
8 2 4 3 36 0 4 17 3 2 35 4 0 3 3 2 33 0 1 7 2 4 41 1 0
8 2 4 3 36 0 4 17 3 2 35 4 0 3 3 4 40 0 3 13 3 4 41 3 0
8 2 4 3 36 0 4 17 3 2 35 4 1 6 3 4 39 1 3 13 2 4 41 3 0
6 2 4 3 36 0 4 17 3 2 35 4 2 12 3 4 41 2 0
8 2 4 3 36 0 4 17 3 2 35 4 3 15 3 2 32 3 4 18 2 4 41 4 0
8 2 4 3 36 0 4 17 3 4 37 4 0 4 3 0 24 0 2 12 0 4 41 2 0
8 2 4 3 36 0 4 17 3 4 37 4 0 4 3 2 32 0 4 18 2 4 41 4 0
8 2 4 3 36 0 4 17 3 4 37 4 0 4 3 4 39 0 3 13 2 4 41 3 0
6 2 4 3 36 0 4 17 3 4 37 4 1 7 3 4 41 1 0
8 2 4 3 36 0 4 17 3 4 37 4 2 10 3 4 40 2 3 13 3 4 41 3 0
8 2 4 3 36 0 4 17 3 4 37 4 3 16 3 0 25 3 4 18 0 4 41 4 0
8 23 2 1 5 2 3 24 1 0 4 0 2 32 0 1 8 2 4 40 1 2 10 4 0
8 23 4 1 5 2 3 24 1 0 4 0 2 32 0 2 9 3 4 33 2 4 20 2 0
6 23 3 1 5 2 3 24 1 0 4 0 2 32 0 3 15 2 0
8 23 4 1 5 2 3 24 1 0 4 0 3 37 0 1 7 3 2 33 1 4 20 2 0
6 23 2 1 5 2 3 24 1 0 4 0 3 37 0 2 10 3 0
8 23 3 1 5 2 3 24 1 0 4 0 3 37 0 4 17 4 2 35 4 3 15 3 0
8 23 3 1 5 2 3 24 1 0 4 0 4 39 0 1 6 4 3 35 1 3 15 3 0
8 23 2 1 5 2 3 24 1 0 4 0 4 39 0 3 13 2 3 40 3 2 10 4 0
6 23 4 1 5 2 3 24 1 0 4 0 4 39 0 4 20 4 0
8 23 4 1 5 2 3 24 1 2 12 0 3 35 2 0 3 3 2 33 0 4 20 2 0
8 23 2 1 5 2 3 24 1 2 12 0 3 35 2 0 3 3 4 40 0 2 10 4 0
8 23 4 1 5 2 3 24 1 2 12 0 3 35 2 1 6 3 4 39 1 4 20 4 0
6 23 3 1 5 2 3 24 1 2 12 0 3 35 2 3 15 3 0
8 23 2 1 5 2 3 24 1 2 12 0 3 35 2 4 17 2 4 37 4 2 10 3 0
8 23 4 1 5 2 3 24 1 2 12 0 4 41 2 1 7 4 2 33 1 4 20 2 0
8 23 2 1 5 2 3 24 1 2 12 0 4 41 2 1 7 4 3 37 1 2 10 3 0
8 23 4 1 5 2 3 24 1 2 12 0 4 41 2 3 13 4 2 39 3 4 20 4 0
8 23 2 1 5 2 3 24 1 2 12 0 4 41 2 3 13 4 3 40 3 2 10 4 0
8 23 3 1 5 2 3 24 1 2 12 0 4 41 2 4 18 4 2 32 4 3 15 2 0
8 23 3 1 5 2 3 24 1 3 14 0 2 33 3 0 3 2 3 35 0 3 15 3 0
8 23 2 1 5 2 3 24 1 3 14 0 2 33 3 0 3 2 4 40 0 2 10 4 0
8 23 2 1 5 2 3 24 1 3 14 0 2 33 3 1 7 2 3 37 1 2 10 3 0
8 23 3 1 5 2 3 24 1 3 14 0 2 33 3 2 9 4 3 32 2 3 15 2 0
6 23 4 1 5 2 3 24 1 3 14 0 2 33 3 4 20 2 0
8 23 3 1 5 2 3 24 1 3 14 0 3 36 3 1 8 3 2 32 1 3 15 2 0
8 23 2 1 5 2 3 24 1 3 14 0 3 36 3 1 8 3 4 40 1 2 10 4 0
8 23 4 1 5 2 3 24 1 3 14 0 3 36 3 2 11 3 4 39 2 4 20 4 0
8 23 3 1 5 2 3 24 1 3 14 0 3 36 3 4 17 3 2 35 4 3 15 3 0
8 23 2 1 5 2 3 24 1 3 14 0 3 36 3 4 17 3 4 37 4 2 10 3 0
8 23 3 1 5 2 3 24 1 4 19 0 2 31 4 1 6 2 3 35 1 3 15 3 0
8 23 4 1 5 2 3 24 1 4 19 0 2 31 4 1 6 2 4 39 1 4 20 4 0
8 23 3 1 5 2 3 24 1 4 19 0 2 31 4 2 9 2 3 32 2 3 15 2 0
8 23 4 1 5 2 3 24 1 4 19 0 2 31 4 2 9 2 4 33 2 4 20 2 0
8 23 2 1 5 2 3 24 1 4 19 0 2 31 4 3 16 2 3 37 3 2 10 3 0
8 23 4 1 5 2 3 24 1 4 19 0 4 40 4 0 3 4 2 33 0 4 20 2 0
8 23 3 1 5 2 3 24 1 4 19 0 4 40 4 0 3 4 3 35 0 3 15 3 0
8 23 3 1 5 2 3 24 1 4 19 0 4 40 4 1 8 4 2 32 1 3 15 2 0
6 23 2 1 5 2 3 24 1 4 19 0 4 40 4 2 10 4 0
8 23 4 1 5 2 3 24 1 4 19 0 4 40 4 3 13 3 2 39 3 4 20 4 0
8 23 2 1 5 2 4 25 1 0 3 0 2 33 0 1 7 2 3 37 1 2 10 3 0
8 23 3 1 5 2 4 25 1 0 3 0 2 33 0 2 9 4 3 32 2 3 15 2 0
6 23 4 1 5 2 4 25 1 0 3 0 2 33 0 4 20 2 0
8 23 4 1 5 2 4 25 1 0 3 0 3 35 0 1 6 3 4 39 1 4 20 4 0
6 23 3 1 5 2 4 25 1 0 3 0 3 35 0 3 15 3 0
8 23 2 1 5 2 4 25 1 0 3 0 3 35 0 4 17 2 4 37 4 2 10 3 0
8 23 3 1 5 2 4 25 1 0 3 0 4 40 0 1 8 4 2 32 1 3 15 2 0
6 23 2 1 5 2 4 25 1 0 3 0 4 40 0 2 10 4 0
8 23 4 1 5 2 4 25 1 0 3 0 4 40 0 3 13 3 2 39 3 4 20 4 0
8 23 3 1 5 2 4 25 1 2 11 0 3 36 2 1 8 3 2 32 1 3 15 2 0
8 23 2 1 5 2 4 25 1 2 11 0 3 36 2 1 8 3 4 40 1 2 10 4 0
8 23 4 1 5 2 4 25 1 2 11 0 3 36 2 3 14 3 2 33 3 4 20 2 0
8 23 3 1 5 2 4 25 1 2 11 0 3 36 2 4 17 3 2 35 4 3 15 3 0
8 23 2 1 5 2 4 25 1 2 11 0 3 36 2 4 17 3 4 37 4 2 10 3 0
8 23 3 1 5 2 4 25 1 2 11 0 4 39 2 0 4 4 2 32 0 3 15 2 0
8 23 2 1 5 2 4 25 1 2 11 0 4 39 2 0 4 4 3 37 0 2 10 3 0
8 23 3 1 5 2 4 25 1 2 11 0 4 39 2 1 6 4 3 35 1 3 15 3 0
8 23 2 1 5 2 4 25 1 2 11 0 4 39 2 3 13 2 3 40 3 2 10 4 0
6 23 4 1 5 2 4 25 1 2 11 0 4 39 2 4 20 4 0
8 23 3 1 5 2 4 25 1 3 16 0 2 31 3 1 6 2 3 35 1 3 15 3 0
8 23 4 1 5 2 4 25 1 3 16 0 2 31 3 1 6 2 4 39 1 4 20 4 0
8 23 3 1 5 2 4 25 1 3 16 0 2 31 3 2 9 2 3 32 2 3 15 2 0
8 23 4 1 5 2 4 25 1 3 16 0 2 31 3 2 9 2 4 33 2 4 20 2 0
8 23 2 1 5 2 4 25 1 3 16 0 2 31 3 4 19 2 4 40 4 2 10 4 0
8 23 3 1 5 2 4 25 1 3 16 0 3 37 3 0 4 3 2 32 0 3 15 2 0
8 23 4 1 5 2 4 25 1 3 16 0 3 37 3 0 4 3 4 39 0 4 20 4 0
8 23 4 1 5 2 4 25 1 3 16 0 3 37 3 1 7 3 2 33 1 4 20 2 0
6 23 2 1 5 2 4 25 1 3 16 0 3 37 3 2 10 3 0
8 23 3 1 5 2 4 25 1 3 16 0 3 37 3 4 17 4 2 35 4 3 15 3 0
8 23 2 1 5 2 4 25 1 4 18 0 2 32 4 0 4 2 3 37 0 2 10 3 0
8 23 4 1 5 2 4 25 1 4 18 0 2 32 4 0 4 2 4 39 0 4 20 4 0
8 23 2 1 5 2 4 25 1 4 18 0 2 32 4 1 8 2 4 40 1 2 10 4 0
8 23 4 1 5 2 4 25 1 4 18 0 2 32 4 2 9 3 4 33 2 4 20 2 0
6 23 3 1 5 2 4 25 1 4 18 0 2 32 4 3 15 2 0
8 23 4 1 5 2 4 25 1 4 18 0 4 41 4 1 7 4 2 33 1 4 20 2 0
8 23 2 1 5 2 4 25 1 4 18 0 4 41 4 1 7 4 3 37 1 2 10 3 0
8 23 3 1 5 2 4 25 1 4 18 0 4 41 4 2 12 4 3 35 2 3 15 3 0
8 23 4 1 5 2 4 25 1 4 18 0 4 41 4 3 13 4 2 39 3 4 20 4 0
8 23 2 1 5 2 4 25 1 4 18 0 4 41 4 3 13 4 3 40 3 2 10 4 0
8 23 3 2 10 0 3 37 2 0 4 3 0 24 0 2 12 0 3 35 2 3 15 3 0
8 23 4 2 10 0 3 37 2 0 4 3 0 24 0 3 14 0 2 33 3 4 20 2 0
8 23 4 2 10 0 3 37 2 0 4 3 2 32 0 2 9 3 4 33 2 4 20 2 0
6 23 3 2 10 0 3 37 2 0 4 3 2 32 0 3 15 2 0
8 23 3 2 10 0 3 37 2 0 4 3 4 39 0 1 6 4 3 35 1 3 15 3 0
6 23 4 2 10 0 3 37 2 0 4 3 4 39 0 4 20 4 0
8 23 3 2 10 0 3 37 2 1 7 3 2 33 1 0 3 2 3 35 0 3 15 3 0
8 23 3 2 10 0 3 37 2 1 7 3 2 33 1 2 9 4 3 32 2 3 15 2 0
6 23 4 2 10 0 3 37 2 1 7 3 2 33 1 4 20 2 0
8 23 3 2 10 0 3 37 2 1 7 3 4 41 1 2 12 4 3 35 2 3 15 3 0
8 23 4 2 10 0 3 37 2 1 7 3 4 41 1 3 13 4 2 39 3 4 20 4 0
8 23 3 2 10 0 3 37 2 1 7 3 4 41 1 4 18 4 2 32 4 3 15 2 0
8 23 4 2 10 0 3 37 2 3 16 3 0 25 3 0 3 0 2 33 0 4 20 2 0
8 23 3 2 10 0 3 37 2 3 16 3 0 25 3 0 3 0 3 35 0 3 15 3 0
8 23 4 2 10 0 3 37 2 3 16 3 0 25 3 2 11 0 4 39 2 4 20 4 0
8 23 3 2 10 0 3 37 2 3 16 3 0 25 3 4 18 0 2 32 4 3 15 2 0
8 23 3 2 10 0 3 37 2 3 16 3 2 31 3 1 6 2 3 35 1 3 15 3 0
8 23 4 2 10 0 3 37 2 3 16 3 2 31 3 1 6 2 4 39 1 4 20 4 0
8 23 3 2 10 0 3 37 2 3 16 3 2 31 3 2 9 2 3 32 2 3 15 2 0
8 23 4 2 10 0 3 37 2 3 16 3 2 31 3 2 9 2 4 33 2 4 20 2 0
8 23 4 2 10 0 3 37 2 4 17 4 2 35 4 0 3 3 2 33 0 4 20 2 0
8 23 4 2 10 0 3 37 2 4 17 4 2 35 4 1 6 3 4 39 1 4 20 4 0
6 23 3 2 10 0 3 37 2 4 17 4 2 35 4 3 15 3 0
8 23 3 2 10 0 3 37 2 4 17 4 3 36 4 1 8 3 2 32 1 3 15 2 0
8 23 4 2 10 0 3 37 2 4 17 4 3 36 4 2 11 3 4 39 2 4 20 4 0
8 23 4 2 10 0 3 37 2 4 17 4 3 36 4 3 14 3 2 33 3 4 20 2 0
8 23 4 2 10 0 4 40 2 0 3 4 0 25 0 2 11 0 4 39 2 4 20 4 0
8 23 3 2 10 0 4 40 2 0 3 4 0 25 0 4 18 0 2 32 4 3 15 2 0
8 23 3 2 10 0 4 40 2 0 3 4 2 33 0 2 9 4 3 32 2 3 15 2 0
6 23 4 2 10 0 4 40 2 0 3 4 2 33 0 4 20 2 0
8 23 4 2 10 0 4 40 2 0 3 4 3 35 0 1 6 3 4 39 1 4 20 4 0
6 23 3 2 10 0 4 40 2 0 3 4 3 35 0 3 15 3 0
8 23 4 2 10 0 4 40 2 1 8 4 2 32 1 0 4 2 4 39 0 4 20 4 0
8 23 4 2 10 0 4 40 2 1 8 4 2 32 1 2 9 3 4 33 2 4 20 2 0
6 23 3 2 10 0 4 40 2 1 8 4 2 32 1 3 15 2 0
8 23 4 2 10 0 4 40 2 1 8 4 3 36 1 2 11 3 4 39 2 4 20 4 0
8 23 4 2 10 0 4 40 2 1 8 4 3 36 1 3 14 3 2 33 3 4 20 2 0
8 23 3 2 10 0 4 40 2 1 8 4 3 36 1 4 17 3 2 35 4 3 15 3 0
8 23 3 2 10 0 4 40 2 3 13 3 2 39 3 0 4 4 2 32 0 3 15 2 0
8 23 3 2 10 0 4 40 2 3 13 3 2 39 3 1 6 4 3 35 1 3 15 3 0
6 23 4 2 10 0 4 40 2 3 13 3 2 39 3 4 20 4 0
8 23 4 2 10 0 4 40 2 3 13 3 4 41 3 1 7 4 2 33 1 4 20 2 0
8 23 3 2 10 0 4 40 2 3 13 3 4 41 3 2 12 4 3 35 2 3 15 3 0
8 23 3 2 10 0 4 40 2 3 13 3 4 41 3 4 18 4 2 32 4 3 15 2 0
8 23 3 2 10 0 4 40 2 4 19 4 0 24 4 0 4 0 2 32 0 3 15 2 0
8 23 4 2 10 0 4 40 2 4 19 4 0 24 4 0 4 0 4 39 0 4 20 4 0
8 23 3 2 10 0 4 40 2 4 19 4 0 24 4 2 12 0 3 35 2 3 15 3 0
8 23 4 2 10 0 4 40 2 4 19 4 0 24 4 3 14 0 2 33 3 4 20 2 0
8 23 3 2 10 0 4 40 2 4 19 4 2 31 4 1 6 2 3 35 1 3 15 3 0
8 23 4 2 10 0 4 40 2 4 19 4 2 31 4 1 6 2 4 39 1 4 20 4 0
8 23 3 2 10 0 4 40 2 4 19 4 2 31 4 2 9 2 3 32 2 3 15 2 0
8 23 4 2 10 0 4 40 2 4 19 4 2 31 4 2 9 2 4 33 2 4 20 2 0
8 23 4 3 15 0 2 32 3 0 4 2 0 24 0 3 14 0 2 33 3 4 20 2 0
8 23 4 3 15 0 2 32 3 0 4 2 3 37 0 1 7 3 2 33 1 4 20 2 0
6 23 4 3 15 0 2 32 3 0 4 2 4 39 0 4 20 4 0
8 23 4 3 15 0 2 32 3 1 8 2 3 36 1 2 11 3 4 39 2 4 20 4 0
8 23 4 3 15 0 2 32 3 1 8 2 3 36 1 3 14 3 2 33 3 4 20 2 0
8 23 4 3 15 0 2 32 3 1 8 2 4 40 1 0 3 4 2 33 0 4 20 2 0
8 23 4 3 15 0 2 32 3 1 8 2 4 40 1 3 13 3 2 39 3 4 20 4 0
8 23 4 3 15 0 2 32 3 2 9 3 2 31 2 1 6 2 4 39 1 4 20 4 0
6 23 4 3 15 0 2 32 3 2 9 3 4 33 2 4 20 2 0
8 23 4 3 15 0 2 32 3 4 18 2 0 25 4 0 3 0 2 33 0 4 20 2 0
8 23 4 3 15 0 2 32 3 4 18 2 0 25 4 2 11 0 4 39 2 4 20 4 0
8 23 4 3 15 0 2 32 3 4 18 2 4 41 4 1 7 4 2 33 1 4 20 2 0
8 23 4 3 15 0 2 32 3 4 18 2 4 41 4 3 13 4 2 39 3 4 20 4 0
8 23 4 3 15 0 3 35 3 0 3 3 0 25 0 2 11 0 4 39 2 4 20 4 0
6 23 4 3 15 0 3 35 3 0 3 3 2 33 0 4 20 2 0
8 23 4 3 15 0 3 35 3 0 3 3 4 40 0 3 13 3 2 39 3 4 20 4 0
8 23 4 3 15 0 3 35 3 1 6 3 2 31 1 2 9 2 4 33 2 4 20 2 0
6 23 4 3 15 0 3 35 3 1 6 3 4 39 1 4 20 4 0
8 23 4 3 15 0 3 35 3 2 12 3 0 24 2 0 4 0 4 39 0 4 20 4 0
8 23 4 3 15 0 3 35 3 2 12 3 0 24 2 3 14 0 2 33 3 4 20 2 0
8 23 4 3 15 0 3 35 3 2 12 3 4 41 2 1 7 4 2 33 1 4 20 2 0
8 23 4 3 15 0 3 35 3 2 12 3 4 41 2 3 13 4 2 39 3 4 20 4 0
8 23 4 3 15 0 3 35 3 4 17 2 3 36 4 2 11 3 4 39 2 4 20 4 0
8 23 4 3 15 0 3 35 3 4 17 2 3 36 4 3 14 3 2 33 3 4 20 2 0
8 23 4 3 15 0 3 35 3 4 17 2 4 37 4 0 4 3 4 39 0 4 20 4 0
8 23 4 3 15 0 3 35 3 4 17 2 4 37 4 1 7 3 2 33 1 4 20 2 0
8 31 4 1 6 2 3 35 1 0 3 3 0 25 0 1 5 4 3 24 1 4 19 0 2
6 31 3 1 6 2 3 35 1 0 3 3 0 25 0 3 16 0 2
8 31 2 1 6 2 3 35 1 0 3 3 0 25 0 4 18 0 2 32 4 2 9 3 2
8 31 3 1 6 2 3 35 1 0 3 3 2 33 0 1 7 2 3 37 1 3 16 3 2
6 31 2 1 6 2 3 35 1 0 3 3 2 33 0 2 9 4 2
8 31 4 1 6 2 3 35 1 0 3 3 2 33 0 3 14 2 0 24 3 4 19 0 2
8 31 2 1 6 2 3 35 1 0 3 3 4 40 0 1 8 4 2 32 1 2 9 3 2
8 31 3 1 6 2 3 35 1 0 3 3 4 40 0 2 10 4 3 37 2 3 16 3 2
6 31 4 1 6 2 3 35 1 0 3 3 4 40 0 4 19 4 2
8 31 2 1 6 2 3 35 1 2 12 3 0 24 2 0 4 0 2 32 0 2 9 3 2
8 31 3 1 6 2 3 35 1 2 12 3 0 24 2 0 4 0 3 37 0 3 16 3 2
8 31 3 1 6 2 3 35 1 2 12 3 0 24 2 1 5 3 4 25 1 3 16 0 2
8 31 2 1 6 2 3 35 1 2 12 3 0 24 2 3 14 0 2 33 3 2 9 4 2
6 31 4 1 6 2 3 35 1 2 12 3 0 24 2 4 19 0 2
8 31 2 1 6 2 3 35 1 2 12 3 4 41 2 1 7 4 2 33 1 2 9 4 2
8 31 3 1 6 2 3 35 1 2 12 3 4 41 2 1 7 4 3 37 1 3 16 3 2
8 31 4 1 6 2 3 35 1 2 12 3 4 41 2 3 13 4 3 40 3 4 19 4 2
8 31 3 1 6 2 3 35 1 2 12 3 4 41 2 4 18 4 0 25 4 3 16 0 2
8 31 2 1 6 2 3 35 1 2 12 3 4 41 2 4 18 4 2 32 4 2 9 3 2
8 31 4 1 6 2 3 35 1 3 15 3 2 32 3 0 4 2 0 24 0 4 19 0 2
8 31 3 1 6 2 3 35 1 3 15 3 2 32 3 0 4 2 3 37 0 3 16 3 2
8 31 4 1 6 2 3 35 1 3 15 3 2 32 3 1 8 2 4 40 1 4 19 4 2
6 31 2 1 6 2 3 35 1 3 15 3 2 32 3 2 9 3 2
8 31 3 1 6 2 3 35 1 3 15 3 2 32 3 4 18 2 0 25 4 3 16 0 2
8 31 2 1 6 2 3 35 1 4 17 2 3 36 4 1 8 3 2 32 1 2 9 3 2
8 31 4 1 6 2 3 35 1 4 17 2 3 36 4 1 8 3 4 40 1 4 19 4 2
8 31 3 1 6 2 3 35 1 4 17 2 3 36 4 2 11 3 0 25 2 3 16 0 2
8 31 4 1 6 2 3 35 1 4 17 2 3 36 4 3 14 3 0 24 3 4 19 0 2
8 31 2 1 6 2 3 35 1 4 17 2 3 36 4 3 14 3 2 33 3 2 9 4 2
8 31 4 1 6 2 3 35 1 4 17 2 4 37 4 0 4 3 0 24 0 4 19 0 2
8 31 2 1 6 2 3 35 1 4 17 2 4 37 4 0 4 3 2 32 0 2 9 3 2
8 31 2 1 6 2 3 35 1 4 17 2 4 37 4 1 7 3 2 33 1 2 9 4 2
8 31 4 1 6 2 3 35 1 4 17 2 4 37 4 2 10 3 4 40 2 4 19 4 2
6 31 3 1 6 2 3 35 1 4 17 2 4 37 4 3 16 3 2
8 31 3 1 6 2 4 39 1 0 4 4 0 24 0 1 5 3 4 25 1 3 16 0 2
8 31 2 1 6 2 4 39 1 0 4 4 0 24 0 3 14 0 2 33 3 2 9 4 2
6 31 4 1 6 2 4 39 1 0 4 4 0 24 0 4 19 0 2
8 31 4 1 6 2 4 39 1 0 4 4 2 32 0 1 8 2 4 40 1 4 19 4 2
6 31 2 1 6 2 4 39 1 0 4 4 2 32 0 2 9 3 2
8 31 3 1 6 2 4 39 1 0 4 4 2 32 0 4 18 2 0 25 4 3 16 0 2
8 31 2 1 6 2 4 39 1 0 4 4 3 37 0 1 7 3 2 33 1 2 9 4 2
8 31 4 1 6 2 4 39 1 0 4 4 3 37 0 2 10 3 4 40 2 4 19 4 2
6 31 3 1 6 2 4 39 1 0 4 4 3 37 0 3 16 3 2
8 31 2 1 6 2 4 39 1 2 11 4 0 25 2 0 3 0 2 33 0 2 9 4 2
8 31 4 1 6 2 4 39 1 2 11 4 0 25 2 0 3 0 4 40 0 4 19 4 2
8 31 4 1 6 2 4 39 1 2 11 4 0 25 2 1 5 4 3 24 1 4 19 0 2
6 31 3 1 6 2 4 39 1 2 11 4 0 25 2 3 16 0 2
8 31 2 1 6 2 4 39 1 2 11 4 0 25 2 4 18 0 2 32 4 2 9 3 2
8 31 2 1 6 2 4 39 1 2 11 4 3 36 2 1 8 3 2 32 1 2 9 3 2
8 31 4 1 6 2 4 39 1 2 11 4 3 36 2 1 8 3 4 40 1 4 19 4 2
8 31 4 1 6 2 4 39 1 2 11 4 3 36 2 3 14 3 0 24 3 4 19 0 2
8 31 2 1 6 2 4 39 1 2 11 4 3 36 2 3 14 3 2 33 3 2 9 4 2
8 31 3 1 6 2 4 39 1 2 11 4 3 36 2 4 17 3 4 37 4 3 16 3 2
8 31 3 1 6 2 4 39 1 3 13 2 3 40 3 0 3 4 0 25 0 3 16 0 2
8 31 2 1 6 2 4 39 1 3 13 2 3 40 3 0 3 4 2 33 0 2 9 4 2
8 31 2 1 6 2 4 39 1 3 13 2 3 40 3 1 8 4 2 32 1 2 9 3 2
8 31 3 1 6 2 4 39 1 3 13 2 3 40 3 2 10 4 3 37 2 3 16 3 2
6 31 4 1 6 2 4 39 1 3 13 2 3 40 3 4 19 4 2
8 31 2 1 6 2 4 39 1 3 13 2 4 41 3 1 7 4 2 33 1 2 9 4 2
8 31 3 1 6 2 4 39 1 3 13 2 4 41 3 1 7 4 3 37 1 3 16 3 2
8 31 4 1 6 2 4 39 1 3 13 2 4 41 3 2 12 4 0 24 2 4 19 0 2
8 31 3 1 6 2 4 39 1 3 13 2 4 41 3 4 18 4 0 25 4 3 16 0 2
8 31 2 1 6 2 4 39 1 3 13 2 4 41 3 4 18 4 2 32 4 2 9 3 2
8 31 3 1 6 2 4 39 1 4 20 4 2 33 4 0 3 2 0 25 0 3 16 0 2
8 31 4 1 6 2 4 39 1 4 20 4 2 33 4 0 3 2 4 40 0 4 19 4 2
8 31 3 1 6 2 4 39 1 4 20 4 2 33 4 1 7 2 3 37 1 3 16 3 2
6 31 2 1 6 2 4 39 1 4 20 4 2 33 4 2 9 4 2
8 31 4 1 6 2 4 39 1 4 20 4 2 33 4 3 14 2 0 24 3 4 19 0 2
8 31 3 2 9 2 3 32 2 0 4 2 0 24 0 1 5 3 4 25 1 3 16 0 2
6 31 4 2 9 2 3 32 2 0 4 2 0 24 0 4 19 0 2
8 31 4 2 9 2 3 32 2 0 4 2 3 37 0 2 10 3 4 40 2 4 19 4 2
6 31 3 2 9 2 3 32 2 0 4 2 3 37 0 3 16 3 2
8 31 3 2 9 2 3 32 2 0 4 2 4 39 0 2 11 4 0 25 2 3 16 0 2
8 31 4 2 9 2 3 32 2 0 4 2 4 39 0 3 13 2 3 40 3 4 19 4 2
8 31 3 2 9 2 3 32 2 1 8 2 3 36 1 2 11 3 0 25 2 3 16 0 2
8 31 4 2 9 2 3 32 2 1 8 2 3 36 1 3 14 3 0 24 3 4 19 0 2
8 31 3 2 9 2 3 32 2 1 8 2 3 36 1 4 17 3 4 37 4 3 16 3 2
8 31 3 2 9 2 3 32 2 1 8 2 4 40 1 0 3 4 0 25 0 3 16 0 2
8 31 3 2 9 2 3 32 2 1 8 2 4 40 1 2 10 4 3 37 2 3 16 3 2
6 31 4 2 9 2 3 32 2 1 8 2 4 40 1 4 19 4 2
8 31 3 2 9 2 3 32 2 3 15 2 3 35 3 0 3 3 0 25 0 3 16 0 2
8 31 4 2 9 2 3 32 2 3 15 2 3 35 3 0 3 3 4 40 0 4 19 4 2
8 31 4 2 9 2 3 32 2 3 15 2 3 35 3 2 12 3 0 24 2 4 19 0 2
8 31 3 2 9 2 3 32 2 3 15 2 3 35 3 4 17 2 4 37 4 3 16 3 2
8 31 4 2 9 2 3 32 2 4 18 2 0 25 4 0 3 0 4 40 0 4 19 4 2
8 31 4 2 9 2 3 32 2 4 18 2 0 25 4 1 5 4 3 24 1 4 19 0 2
6 31 3 2 9 2 3 32 2 4 18 2 0 25 4 3 16 0 2
8 31 3 2 9 2 3 32 2 4 18 2 4 41 4 1 7 4 3 37 1 3 16 3 2
8 31 4 2 9 2 3 32 2 4 18 2 4 41 4 2 12 4 0 24 2 4 19 0 2
8 31 4 2 9 2 3 32 2 4 18 2 4 41 4 3 13 4 3 40 3 4 19 4 2
8 31 4 2 9 2 4 33 2 0 3 2 0 25 0 1 5 4 3 24 1 4 19 0 2
6 31 3 2 9 2 4 33 2 0 3 2 0 25 0 3 16 0 2
8 31 4 2 9 2 4 33 2 0 3 2 3 35 0 2 12 3 0 24 2 4 19 0 2
8 31 3 2 9 2 4 33 2 0 3 2 3 35 0 4 17 2 4 37 4 3 16 3 2
8 31 3 2 9 2 4 33 2 0 3 2 4 40 0 2 10 4 3 37 2 3 16 3 2
6 31 4 2 9 2 4 33 2 0 3 2 4 40 0 4 19 4 2
8 31 4 2 9 2 4 33 2 1 7 2 3 37 1 0 4 3 0 24 0 4 19 0 2
8 31 4 2 9 2 4 33 2 1 7 2 3 37 1 2 10 3 4 40 2 4 19 4 2
6 31 3 2 9 2 4 33 2 1 7 2 3 37 1 3 16 3 2
8 31 4 2 9 2 4 33 2 1 7 2 4 41 1 2 12 4 0 24 2 4 19 0 2
8 31 4 2 9 2 4 33 2 1 7 2 4 41 1 3 13 4 3 40 3 4 19 4 2
8 31 3 2 9 2 4 33 2 1 7 2 4 41 1 4 18 4 0 25 4 3 16 0 2
8 31 3 2 9 2 4 33 2 3 14 2 0 24 3 0 4 0 3 37 0 3 16 3 2
8 31 3 2 9 2 4 33 2 3 14 2 0 24 3 1 5 3 4 25 1 3 16 0 2
6 31 4 2 9 2 4 33 2 3 14 2 0 24 3 4 19 0 2
8 31 4 2 9 2 4 33 2 3 14 2 3 36 3 1 8 3 4 40 1 4 19 4 2
8 31 3 2 9 2 4 33 2 3 14 2 3 36 3 2 11 3 0 25 2 3 16 0 2
8 31 3 2 9 2 4 33 2 3 14 2 3 36 3 4 17 3 4 37 4 3 16 3 2
8 31 4 2 9 2 4 33 2 4 20 2 4 39 4 0 4 4 0 24 0 4 19 0 2
8 31 3 2 9 2 4 33 2 4 20 2 4 39 4 0 4 4 3 37 0 3 16 3 2
8 31 3 2 9 2 4 33 2 4 20 2 4 39 4 2 11 4 0 25 2 3 16 0 2
8 31 4 2 9 2 4 33 2 4 20 2 4 39 4 3 13 2 3 40 3 4 19 4 2
8 31 4 3 16 2 0 25 3 0 3 0 2 33 0 3 14 2 0 24 3 4 19 0 2
8 31 4 3 16 2 0 25 3 0 3 0 3 35 0 2 12 3 0 24 2 4 19 0 2
6 31 4 3 16 2 0 25 3 0 3 0 4 40 0 4 19 4 2
6 31 4 3 16 2 0 25 3 1 5 4 3 24 1 4 19 0 2
8 31 4 3 16 2 0 25 3 2 11 0 3 36 2 1 8 3 4 40 1 4 19 4 2
8 31 4 3 16 2 0 25 3 2 11 0 3 36 2 3 14 3 0 24 3 4 19 0 2
8 31 4 3 16 2 0 25 3 2 11 0 4 39 2 0 4 4 0 24 0 4 19 0 2
8 31 4 3 16 2 0 25 3 2 11 0 4 39 2 3 13 2 3 40 3 4 19 4 2
8 31 4 3 16 2 0 25 3 4 18 0 2 32 4 0 4 2 0 24 0 4 19 0 2
8 31 4 3 16 2 0 25 3 4 18 0 2 32 4 1 8 2 4 40 1 4 19 4 2
8 31 4 3 16 2 0 25 3 4 18 0 4 41 4 2 12 4 0 24 2 4 19 0 2
8 31 4 3 16 2 0 25 3 4 18 0 4 41 4 3 13 4 3 40 3 4 19 4 2
6 31 4 3 16 2 3 37 3 0 4 3 0 24 0 4 19 0 2
8 31 4 3 16 2 3 37 3 0 4 3 2 32 0 1 8 2 4 40 1 4 19 4 2
8 31 4 3 16 2 3 37 3 0 4 3 4 39 0 3 13 2 3 40 3 4 19 4 2
8 31 4 3 16 2 3 37 3 1 7 3 2 33 1 0 3 2 4 40 0 4 19 4 2
8 31 4 3 16 2 3 37 3 1 7 3 2 33 1 3 14 2 0 24 3 4 19 0 2
8 31 4 3 16 2 3 37 3 1 7 3 4 41 1 2 12 4 0 24 2 4 19 0 2
8 31 4 3 16 2 3 37 3 1 7 3 4 41 1 3 13 4 3 40 3 4 19 4 2
6 31 4 3 16 2 3 37 3 2 10 3 4 40 2 4 19 4 2
8 31 4 3 16 2 3 37 3 4 17 4 2 35 4 0 3 3 4 40 0 4 19 4 2
8 31 4 3 16 2 3 37 3 4 17 4 2 35 4 2 12 3 0 24 2 4 19 0 2
8 31 4 3 16 2 3 37 3 4 17 4 3 36 4 1 8 3 4 40 1 4 19 4 2
8 31 4 3 16 2 3 37 3 4 17 4 3 36 4 3 14 3 0 24 3 4 19 0 2
8 36 2 1 8 3 2 32 1 0 4 2 0 24 0 1 5 3 4 25 1 2 11 0 3
8 36 4 1 8 3 2 32 1 0 4 2 0 24 0 2 12 0 3 35 2 4 17 2 3
6 36 3 1 8 3 2 32 1 0 4 2 0 24 0 3 14 0 3
8 36 3 1 8 3 2 32 1 0 4 2 3 37 0 1 7 3 2 33 1 3 14 2 3
8 36 2 1 8 3 2 32 1 0 4 2 3 37 0 3 16 3 0 25 3 2 11 0 3
6 36 4 1 8 3 2 32 1 0 4 2 3 37 0 4 17 4 3
8 36 4 1 8 3 2 32 1 0 4 2 4 39 0 1 6 4 3 35 1 4 17 2 3
6 36 2 1 8 3 2 32 1 0 4 2 4 39 0 2 11 4 3
8 36 3 1 8 3 2 32 1 0 4 2 4 39 0 4 20 4 2 33 4 3 14 2 3
8 36 2 1 8 3 2 32 1 2 9 3 4 33 2 0 3 2 0 25 0 2 11 0 3
8 36 4 1 8 3 2 32 1 2 9 3 4 33 2 0 3 2 3 35 0 4 17 2 3
8 36 4 1 8 3 2 32 1 2 9 3 4 33 2 1 7 2 3 37 1 4 17 4 3
6 36 3 1 8 3 2 32 1 2 9 3 4 33 2 3 14 2 3
8 36 2 1 8 3 2 32 1 2 9 3 4 33 2 4 20 2 4 39 4 2 11 4 3
8 36 2 1 8 3 2 32 1 3 15 2 3 35 3 0 3 3 0 25 0 2 11 0 3
8 36 3 1 8 3 2 32 1 3 15 2 3 35 3 0 3 3 2 33 0 3 14 2 3
8 36 2 1 8 3 2 32 1 3 15 2 3 35 3 1 6 3 4 39 1 2 11 4 3
8 36 3 1 8 3 2 32 1 3 15 2 3 35 3 2 12 3 0 24 2 3 14 0 3
6 36 4 1 8 3 2 32 1 3 15 2 3 35 3 4 17 2 3
8 36 3 1 8 3 2 32 1 4 18 2 0 25 4 0 3 0 2 33 0 3 14 2 3
8 36 4 1 8 3 2 32 1 4 18 2 0 25 4 0 3 0 3 35 0 4 17 2 3
8 36 3 1 8 3 2 32 1 4 18 2 0 25 4 1 5 4 3 24 1 3 14 0 3
6 36 2 1 8 3 2 32 1 4 18 2 0 25 4 2 11 0 3
8 36 4 1 8 3 2 32 1 4 18 2 0 25 4 3 16 0 3 37 3 4 17 4 3
8 36 3 1 8 3 2 32 1 4 18 2 4 41 4 1 7 4 2 33 1 3 14 2 3
8 36 4 1 8 3 2 32 1 4 18 2 4 41 4 1 7 4 3 37 1 4 17 4 3
8 36 3 1 8 3 2 32 1 4 18 2 4 41 4 2 12 4 0 24 2 3 14 0 3
8 36 4 1 8 3 2 32 1 4 18 2 4 41 4 2 12 4 3 35 2 4 17 2 3
8 36 2 1 8 3 2 32 1 4 18 2 4 41 4 3 13 4 2 39 3 2 11 4 3
8 36 3 1 8 3 4 40 1 0 3 4 0 25 0 1 5 4 3 24 1 3 14 0 3
6 36 2 1 8 3 4 40 1 0 3 4 0 25 0 2 11 0 3
8 36 4 1 8 3 4 40 1 0 3 4 0 25 0 3 16 0 3 37 3 4 17 4 3
8 36 4 1 8 3 4 40 1 0 3 4 2 33 0 1 7 2 3 37 1 4 17 4 3
6 36 3 1 8 3 4 40 1 0 3 4 2 33 0 3 14 2 3
8 36 2 1 8 3 4 40 1 0 3 4 2 33 0 4 20 2 4 39 4 2 11 4 3
8 36 2 1 8 3 4 40 1 0 3 4 3 35 0 1 6 3 4 39 1 2 11 4 3
8 36 3 1 8 3 4 40 1 0 3 4 3 35 0 2 12 3 0 24 2 3 14 0 3
6 36 4 1 8 3 4 40 1 0 3 4 3 35 0 4 17 2 3
8 36 3 1 8 3 4 40 1 2 10 4 3 37 2 0 4 3 0 24 0 3 14 0 3
8 36 2 1 8 3 4 40 1 2 10 4 3 37 2 0 4 3 4 39 0 2 11 4 3
8 36 3 1 8 3 4 40 1 2 10 4 3 37 2 1 7 3 2 33 1 3 14 2 3
8 36 2 1 8 3 4 40 1 2 10 4 3 37 2 3 16 3 0 25 3 2 11 0 3
6 36 4 1 8 3 4 40 1 2 10 4 3 37 2 4 17 4 3
8 36 3 1 8 3 4 40 1 3 13 3 2 39 3 0 4 4 0 24 0 3 14 0 3
8 36 4 1 8 3 4 40 1 3 13 3 2 39 3 0 4 4 3 37 0 4 17 4 3
8 36 4 1 8 3 4 40 1 3 13 3 2 39 3 1 6 4 3 35 1 4 17 2 3
6 36 2 1 8 3 4 40 1 3 13 3 2 39 3 2 11 4 3
8 36 3 1 8 3 4 40 1 3 13 3 2 39 3 4 20 4 2 33 4 3 14 2 3
8 36 3 1 8 3 4 40 1 3 13 3 4 41 3 1 7 4 2 33 1 3 14 2 3
8 36 4 1 8 3 4 40 1 3 13 3 4 41 3 1 7 4 3 37 1 4 17 4 3
8 36 3 1 8 3 4 40 1 3 13 3 4 41 3 2 12 4 0 24 2 3 14 0 3
8 36 4 1 8 3 4 40 1 3 13 3 4 41 3 2 12 4 3 35 2 4 17 2 3
8 36 2 1 8 3 4 40 1 3 13 3 4 41 3 4 18 4 0 25 4 2 11 0 3
8 36 4 1 8 3 4 40 1 4 19 4 0 24 4 0 4 0 3 37 0 4 17 4 3
8 36 2 1 8 3 4 40 1 4 19 4 0 24 4 0 4 0 4 39 0 2 11 4 3
8 36 2 1 8 3 4 40 1 4 19 4 0 24 4 1 5 3 4 25 1 2 11 0 3
8 36 4 1 8 3 4 40 1 4 19 4 0 24 4 2 12 0 3 35 2 4 17 2 3
6 36 3 1 8 3 4 40 1 4 19 4 0 24 4 3 14 0 3
8 36 4 2 11 3 0 25 2 0 3 0 2 33 0 1 7 2 3 37 1 4 17 4 3
6 36 3 2 11 3 0 25 2 0 3 0 2 33 0 3 14 2 3
8 36 3 2 11 3 0 25 2 0 3 0 3 35 0 2 12 3 0 24 2 3 14 0 3
6 36 4 2 11 3 0 25 2 0 3 0 3 35 0 4 17 2 3
8 36 4 2 11 3 0 25 2 0 3 0 4 40 0 2 10 4 3 37 2 4 17 4 3
8 36 3 2 11 3 0 25 2 0 3 0 4 40 0 4 19 4 0 24 4 3 14 0 3
8 36 4 2 11 3 0 25 2 1 5 4 3 24 1 0 4 0 3 37 0 4 17 4 3
8 36 4 2 11 3 0 25 2 1 5 4 3 24 1 2 12 0 3 35 2 4 17 2 3
6 36 3 2 11 3 0 25 2 1 5 4 3 24 1 3 14 0 3
8 36 3 2 11 3 0 25 2 3 16 0 3 37 3 0 4 3 0 24 0 3 14 0 3
8 36 3 2 11 3 0 25 2 3 16 0 3 37 3 1 7 3 2 33 1 3 14 2 3
6 36 4 2 11 3 0 25 2 3 16 0 3 37 3 4 17 4 3
8 36 3 2 11 3 0 25 2 4 18 0 2 32 4 0 4 2 0 24 0 3 14 0 3
8 36 4 2 11 3 0 25 2 4 18 0 2 32 4 0 4 2 3 37 0 4 17 4 3
8 36 3 2 11 3 0 25 2 4 18 0 2 32 4 2 9 3 4 33 2 3 14 2 3
8 36 4 2 11 3 0 25 2 4 18 0 2 32 4 3 15 2 3 35 3 4 17 2 3
8 36 3 2 11 3 0 25 2 4 18 0 4 41 4 1 7 4 2 33 1 3 14 2 3
8 36 4 2 11 3 0 25 2 4 18 0 4 41 4 1 7 4 3 37 1 4 17 4 3
8 36 3 2 11 3 0 25 2 4 18 0 4 41 4 2 12 4 0 24 2 3 14 0 3
8 36 4 2 11 3 0 25 2 4 18 0 4 41 4 2 12 4 3 35 2 4 17 2 3
8 36 4 2 11 3 4 39 2 0 4 4 0 24 0 2 12 0 3 35 2 4 17 2 3
6 36 3 2 11 3 4 39 2 0 4 4 0 24 0 3 14 0 3
8 36 3 2 11 3 4 39 2 0 4 4 2 32 0 2 9 3 4 33 2 3 14 2 3
8 36 4 2 11 3 4 39 2 0 4 4 2 32 0 3 15 2 3 35 3 4 17 2 3
8 36 3 2 11 3 4 39 2 0 4 4 3 37 0 1 7 3 2 33 1 3 14 2 3
6 36 4 2 11 3 4 39 2 0 4 4 3 37 0 4 17 4 3
8 36 3 2 11 3 4 39 2 1 6 4 3 35 1 0 3 3 2 33 0 3 14 2 3
8 36 3 2 11 3 4 39 2 1 6 4 3 35 1 2 12 3 0 24 2 3 14 0 3
6 36 4 2 11 3 4 39 2 1 6 4 3 35 1 4 17 2 3
8 36 3 2 11 3 4 39 2 3 13 2 3 40 3 0 3 4 2 33 0 3 14 2 3
8 36 4 2 11 3 4 39 2 3 13 2 3 40 3 0 3 4 3 35 0 4 17 2 3
8 36 4 2 11 3 4 39 2 3 13 2 3 40 3 2 10 4 3 37 2 4 17 4 3
8 36 3 2 11 3 4 39 2 3 13 2 3 40 3 4 19 4 0 24 4 3 14 0 3
8 36 3 2 11 3 4 39 2 3 13 2 4 41 3 1 7 4 2 33 1 3 14 2 3
8 36 4 2 11 3 4 39 2 3 13 2 4 41 3 1 7 4 3 37 1 4 17 4 3
8 36 3 2 11 3 4 39 2 3 13 2 4 41 3 2 12 4 0 24 2 3 14 0 3
8 36 4 2 11 3 4 39 2 3 13 2 4 41 3 2 12 4 3 35 2 4 17 2 3
8 36 4 2 11 3 4 39 2 4 20 4 2 33 4 0 3 2 3 35 0 4 17 2 3
8 36 4 2 11 3 4 39 2 4 20 4 2 33 4 1 7 2 3 37 1 4 17 4 3
6 36 3 2 11 3 4 39 2 4 20 4 2 33 4 3 14 2 3
8 36 4 3 14 3 0 24 3 0 4 0 2 32 0 3 15 2 3 35 3 4 17 2 3
6 36 4 3 14 3 0 24 3 0 4 0 3 37 0 4 17 4 3
8 36 4 3 14 3 0 24 3 0 4 0 4 39 0 1 6 4 3 35 1 4 17 2 3
8 36 4 3 14 3 0 24 3 1 5 3 4 25 1 0 3 0 3 35 0 4 17 2 3
8 36 4 3 14 3 0 24 3 1 5 3 4 25 1 3 16 0 3 37 3 4 17 4 3
6 36 4 3 14 3 0 24 3 2 12 0 3 35 2 4 17 2 3
8 36 4 3 14 3 0 24 3 2 12 0 4 41 2 1 7 4 3 37 1 4 17 4 3
8 36 4 3 14 3 0 24 3 4 19 0 4 40 4 0 3 4 3 35 0 4 17 2 3
8 36 4 3 14 3 0 24 3 4 19 0 4 40 4 2 10 4 3 37 2 4 17 4 3
8 36 4 3 14 3 2 33 3 0 3 2 0 25 0 3 16 0 3 37 3 4 17 4 3
6 36 4 3 14 3 2 33 3 0 3 2 3 35 0 4 17 2 3
8 36 4 3 14 3 2 33 3 0 3 2 4 40 0 2 10 4 3 37 2 4 17 4 3
6 36 4 3 14 3 2 33 3 1 7 2 3 37 1 4 17 4 3
8 36 4 3 14 3 2 33 3 1 7 2 4 41 1 2 12 4 3 35 2 4 17 2 3
8 36 4 3 14 3 2 33 3 2 9 4 3 32 2 0 4 2 3 37 0 4 17 4 3
8 36 4 3 14 3 2 33 3 2 9 4 3 32 2 3 15 2 3 35 3 4 17 2 3
8 36 4 3 14 3 2 33 3 4 20 2 4 39 4 0 4 4 3 37 0 4 17 4 3
8 36 4 3 14 3 2 33 3 4 20 2 4 39 4 1 6 4 3 35 1 4 17 2 3
8 41 2 1 7 4 2 33 1 0 3 2 0 25 0 1 5 4 3 24 1 2 12 0 4
8 41 3 1 7 4 2 33 1 0 3 2 0 25 0 2 11 0 4 39 2 3 13 2 4
6 41 4 1 7 4 2 33 1 0 3 2 0 25 0 4 18 0 4
8 41 3 1 7 4 2 33 1 0 3 2 3 35 0 1 6 3 4 39 1 3 13 2 4
6 41 2 1 7 4 2 33 1 0 3 2 3 35 0 2 12 3 4
8 41 4 1 7 4 2 33 1 0 3 2 3 35 0 3 15 3 2 32 3 4 18 2 4
8 41 4 1 7 4 2 33 1 0 3 2 4 40 0 1 8 4 2 32 1 4 18 2 4
6 41 3 1 7 4 2 33 1 0 3 2 4 40 0 3 13 3 4
8 41 2 1 7 4 2 33 1 0 3 2 4 40 0 4 19 4 0 24 4 2 12 0 4
8 41 2 1 7 4 2 33 1 2 9 4 3 32 2 0 4 2 0 24 0 2 12 0 4
8 41 3 1 7 4 2 33 1 2 9 4 3 32 2 0 4 2 4 39 0 3 13 2 4
8 41 3 1 7 4 2 33 1 2 9 4 3 32 2 1 8 2 4 40 1 3 13 3 4
8 41 2 1 7 4 2 33 1 2 9 4 3 32 2 3 15 2 3 35 3 2 12 3 4
6 41 4 1 7 4 2 33 1 2 9 4 3 32 2 4 18 2 4
8 41 4 1 7 4 2 33 1 3 14 2 0 24 3 0 4 0 2 32 0 4 18 2 4
8 41 3 1 7 4 2 33 1 3 14 2 0 24 3 0 4 0 4 39 0 3 13 2 4
8 41 4 1 7 4 2 33 1 3 14 2 0 24 3 1 5 3 4 25 1 4 18 0 4
6 41 2 1 7 4 2 33 1 3 14 2 0 24 3 2 12 0 4
8 41 3 1 7 4 2 33 1 3 14 2 0 24 3 4 19 0 4 40 4 3 13 3 4
8 41 2 1 7 4 2 33 1 4 20 2 4 39 4 0 4 4 0 24 0 2 12 0 4
8 41 4 1 7 4 2 33 1 4 20 2 4 39 4 0 4 4 2 32 0 4 18 2 4
8 41 2 1 7 4 2 33 1 4 20 2 4 39 4 1 6 4 3 35 1 2 12 3 4
8 41 4 1 7 4 2 33 1 4 20 2 4 39 4 2 11 4 0 25 2 4 18 0 4
6 41 3 1 7 4 2 33 1 4 20 2 4 39 4 3 13 2 4
8 41 4 1 7 4 3 37 1 0 4 3 0 24 0 1 5 3 4 25 1 4 18 0 4
6 41 2 1 7 4 3 37 1 0 4 3 0 24 0 2 12 0 4
8 41 3 1 7 4 3 37 1 0 4 3 0 24 0 4 19 0 4 40 4 3 13 3 4
8 41 3 1 7 4 3 37 1 0 4 3 2 32 0 1 8 2 4 40 1 3 13 3 4
8 41 2 1 7 4 3 37 1 0 4 3 2 32 0 3 15 2 3 35 3 2 12 3 4
6 41 4 1 7 4 3 37 1 0 4 3 2 32 0 4 18 2 4
8 41 2 1 7 4 3 37 1 0 4 3 4 39 0 1 6 4 3 35 1 2 12 3 4
8 41 4 1 7 4 3 37 1 0 4 3 4 39 0 2 11 4 0 25 2 4 18 0 4
6 41 3 1 7 4 3 37 1 0 4 3 4 39 0 3 13 2 4
8 41 4 1 7 4 3 37 1 2 10 3 4 40 2 0 3 4 0 25 0 4 18 0 4
8 41 2 1 7 4 3 37 1 2 10 3 4 40 2 0 3 4 3 35 0 2 12 3 4
8 41 4 1 7 4 3 37 1 2 10 3 4 40 2 1 8 4 2 32 1 4 18 2 4
6 41 3 1 7 4 3 37 1 2 10 3 4 40 2 3 13 3 4
8 41 2 1 7 4 3 37 1 2 10 3 4 40 2 4 19 4 0 24 4 2 12 0 4
8 41 2 1 7 4 3 37 1 3 16 3 0 25 3 0 3 0 3 35 0 2 12 3 4
8 41 3 1 7 4 3 37 1 3 16 3 0 25 3 0 3 0 4 40 0 3 13 3 4
8 41 2 1 7 4 3 37 1 3 16 3 0 25 3 1 5 4 3 24 1 2 12 0 4
8 41 3 1 7 4 3 37 1 3 16 3 0 25 3 2 11 0 4 39 2 3 13 2 4
6 41 4 1 7 4 3 37 1 3 16 3 0 25 3 4 18 0 4
8 41 4 1 7 4 3 37 1 4 17 4 2 35 4 0 3 3 0 25 0 4 18 0 4
8 41 3 1 7 4 3 37 1 4 17 4 2 35 4 0 3 3 4 40 0 3 13 3 4
8 41 3 1 7 4 3 37 1 4 17 4 2 35 4 1 6 3 4 39 1 3 13 2 4
6 41 2 1 7 4 3 37 1 4 17 4 2 35 4 2 12 3 4
8 41 4 1 7 4 3 37 1 4 17 4 2 35 4 3 15 3 2 32 3 4 18 2 4
8 41 3 2 12 4 0 24 2 0 4 0 2 32 0 1 8 2 4 40 1 3 13 3 4
6 41 4 2 12 4 0 24 2 0 4 0 2 32 0 4 18 2 4
8 41 3 2 12 4 0 24 2 0 4 0 3 37 0 2 10 3 4 40 2 3 13 3 4
8 41 4 2 12 4 0 24 2 0 4 0 3 37 0 3 16 3 0 25 3 4 18 0 4
8 41 4 2 12 4 0 24 2 0 4 0 4 39 0 2 11 4 0 25 2 4 18 0 4
6 41 3 2 12 4 0 24 2 0 4 0 4 39 0 3 13 2 4
8 41 3 2 12 4 0 24 2 1 5 3 4 25 1 0 3 0 4 40 0 3 13 3 4
8 41 3 2 12 4 0 24 2 1 5 3 4 25 1 2 11 0 4 39 2 3 13 2 4
6 41 4 2 12 4 0 24 2 1 5 3 4 25 1 4 18 0 4
8 41 4 2 12 4 0 24 2 3 14 0 2 33 3 0 3 2 0 25 0 4 18 0 4
8 41 3 2 12 4 0 24 2 3 14 0 2 33 3 0 3 2 4 40 0 3 13 3 4
8 41 4 2 12 4 0 24 2 3 14 0 2 33 3 2 9 4 3 32 2 4 18 2 4
8 41 3 2 12 4 0 24 2 3 14 0 2 33 3 4 20 2 4 39 4 3 13 2 4
8 41 4 2 12 4 0 24 2 4 19 0 4 40 4 0 3 4 0 25 0 4 18 0 4
8 41 4 2 12 4 0 24 2 4 19 0 4 40 4 1 8 4 2 32 1 4 18 2 4
6 41 3 2 12 4 0 24 2 4 19 0 4 40 4 3 13 3 4
8 41 3 2 12 4 3 35 2 0 3 3 0 25 0 2 11 0 4 39 2 3 13 2 4
6 41 4 2 12 4 3 35 2 0 3 3 0 25 0 4 18 0 4
8 41 4 2 12 4 3 35 2 0 3 3 2 33 0 2 9 4 3 32 2 4 18 2 4
8 41 3 2 12 4 3 35 2 0 3 3 2 33 0 4 20 2 4 39 4 3 13 2 4
8 41 4 2 12 4 3 35 2 0 3 3 4 40 0 1 8 4 2 32 1 4 18 2 4
6 41 3 2 12 4 3 35 2 0 3 3 4 40 0 3 13 3 4
8 41 4 2 12 4 3 35 2 1 6 3 4 39 1 0 4 4 2 32 0 4 18 2 4
8 41 4 2 12 4 3 35 2 1 6 3 4 39 1 2 11 4 0 25 2 4 18 0 4
6 41 3 2 12 4 3 35 2 1 6 3 4 39 1 3 13 2 4
8 41 3 2 12 4 3 35 2 3 15 3 2 32 3 0 4 2 4 39 0 3 13 2 4
8 41 3 2 12 4 3 35 2 3 15 3 2 32 3 1 8 2 4 40 1 3 13 3 4
6 41 4 2 12 4 3 35 2 3 15 3 2 32 3 4 18 2 4
8 41 4 2 12 4 3 35 2 4 17 2 4 37 4 0 4 3 2 32 0 4 18 2 4
8 41 3 2 12 4 3 35 2 4 17 2 4 37 4 0 4 3 4 39 0 3 13 2 4
8 41 3 2 12 4 3 35 2 4 17 2 4 37 4 2 10 3 4 40 2 3 13 3 4
8 41 4 2 12 4 3 35 2 4 17 2 4 37 4 3 16 3 0 25 3 4 18 0 4
8 41 4 3 13 4 2 39 3 0 4 4 0 24 0 1 5 3 4 25 1 4 18 0 4
6 41 4 3 13 4 2 39 3 0 4 4 2 32 0 4 18 2 4
8 41 4 3 13 4 2 39 3 0 4 4 3 37 0 3 16 3 0 25 3 4 18 0 4
8 41 4 3 13 4 2 39 3 1 6 4 3 35 1 0 3 3 0 25 0 4 18 0 4
8 41 4 3 13 4 2 39 3 1 6 4 3 35 1 3 15 3 2 32 3 4 18 2 4
6 41 4 3 13 4 2 39 3 2 11 4 0 25 2 4 18 0 4
8 41 4 3 13 4 2 39 3 4 20 4 2 33 4 0 3 2 0 25 0 4 18 0 4
8 41 4 3 13 4 2 39 3 4 20 4 2 33 4 2 9 4 3 32 2 4 18 2 4
6 41 4 3 13 4 3 40 3 0 3 4 0 25 0 4 18 0 4
8 41 4 3 13 4 3 40 3 0 3 4 2 33 0 2 9 4 3 32 2 4 18 2 4
8 41 4 3 13 4 3 40 3 0 3 4 3 35 0 3 15 3 2 32 3 4 18 2 4
6 41 4 3 13 4 3 40 3 1 8 4 2 32 1 4 18 2 4
8 41 4 3 13 4 3 40 3 2 10 4 3 37 2 0 4 3 2 32 0 4 18 2 4
8 41 4 3 13 4 3 40 3 2 10 4 3 37 2 3 16 3 0 25 3 4 18 0 4
8 41 4 3 13 4 3 40 3 4 19 4 0 24 4 0 4 0 2 32 0 4 18 2 4
8 41 4 3 13 4 3 40 3 4 19 4 0 24 4 1 5 3 4 25 1 4 18 0 4
8 3 4 0 25 0 1 5 4 3 24 1 0 4 0 2 32 0 1 8 2 4 40 1 0
8 3 2 0 25 0 1 5 4 3 24 1 0 4 0 2 32 0 2 9 3 4 33 2 0
8 3 3 0 25 0 1 5 4 3 24 1 0 4 0 2 32 0 3 15 2 3 35 3 0
8 3 2 0 25 0 1 5 4 3 24 1 0 4 0 3 37 0 1 7 3 2 33 1 0
8 3 4 0 25 0 1 5 4 3 24 1 0 4 0 3 37 0 2 10 3 4 40 2 0
8 3 3 0 25 0 1 5 4 3 24 1 0 4 0 3 37 0 4 17 4 2 35 4 0
8 3 3 0 25 0 1 5 4 3 24 1 0 4 0 4 39 0 1 6 4 3 35 1 0
8 3 4 0 25 0 1 5 4 3 24 1 0 4 0 4 39 0 3 13 2 3 40 3 0
8 3 2 0 25 0 1 5 4 3 24 1 0 4 0 4 39 0 4 20 4 2 33 4 0
6 3 3 0 25 0 1 5 4 3 24 1 2 12 0 3 35 2 0
6 3 2 0 25 0 1 5 4 3 24 1 3 14 0 2 33 3 0
6 3 4 0 25 0 1 5 4 3 24 1 4 19 0 4 40 4 0
8 3 3 0 25 0 2 11 0 4 39 2 0 4 4 0 24 0 2 12 0 3 35 2 0
8 3 2 0 25 0 2 11 0 4 39 2 0 4 4 0 24 0 3 14 0 2 33 3 0
8 3 4 0 25 0 2 11 0 4 39 2 0 4 4 0 24 0 4 19 0 4 40 4 0
8 3 4 0 25 0 2 11 0 4 39 2 0 4 4 2 32 0 1 8 2 4 40 1 0
8 3 2 0 25 0 2 11 0 4 39 2 0 4 4 2 32 0 2 9 3 4 33 2 0
8 3 3 0 25 0 2 11 0 4 39 2 0 4 4 2 32 0 3 15 2 3 35 3 0
8 3 2 0 25 0 2 11 0 4 39 2 0 4 4 3 37 0 1 7 3 2 33 1 0
8 3 4 0 25 0 2 11 0 4 39 2 0 4 4 3 37 0 2 10 3 4 40 2 0
8 3 3 0 25 0 2 11 0 4 39 2 0 4 4 3 37 0 4 17 4 2 35 4 0
6 3 3 0 25 0 2 11 0 4 39 2 1 6 4 3 35 1 0
6 3 4 0 25 0 2 11 0 4 39 2 3 13 2 3 40 3 0
6 3 2 0 25 0 2 11 0 4 39 2 4 20 4 2 33 4 0
8 3 3 0 25 0 3 16 0 3 37 3 0 4 3 0 24 0 2 12 0 3 35 2 0
8 3 2 0 25 0 3 16 0 3 37 3 0 4 3 0 24 0 3 14 0 2 33 3 0
8 3 4 0 25 0 3 16 0 3 37 3 0 4 3 0 24 0 4 19 0 4 40 4 0
8 3 4 0 25 0 3 16 0 3 37 3 0 4 3 2 32 0 1 8 2 4 40 1 0
8 3 2 0 25 0 3 16 0 3 37 3 0 4 3 2 32 0 2 9 3 4 33 2 0
8 3 3 0 25 0 3 16 0 3 37 3 0 4 3 2 32 0 3 15 2 3 35 3 0
8 3 3 0 25 0 3 16 0 3 37 3 0 4 3 4 39 0 1 6 4 3 35 1 0
8 3 4 0 25 0 3 16 0 3 37 3 0 4 3 4 39 0 3 13 2 3 40 3 0
8 3 2 0 25 0 3 16 0 3 37 3 0 4 3 4 39 0 4 20 4 2 33 4 0
6 3 2 0 25 0 3 16 0 3 37 3 1 7 3 2 33 1 0
6 3 4 0 25 0 3 16 0 3 37 3 2 10 3 4 40 2 0
6 3 3 0 25 0 3 16 0 3 37 3 4 17 4 2 35 4 0
8 3 3 0 25 0 4 18 0 2 32 4 0 4 2 0 24 0 2 12 0 3 35 2 0
8 3 2 0 25 0 4 18 0 2 32 4 0 4 2 0 24 0 3 14 0 2 33 3 0
8 3 4 0 25 0 4 18 0 2 32 4 0 4 2 0 24 0 4 19 0 4 40 4 0
8 3 2 0 25 0 4 18 0 2 32 4 0 4 2 3 37 0 1 7 3 2 33 1 0
8 3 4 0 25 0 4 18 0 2 32 4 0 4 2 3 37 0 2 10 3 4 40 2 0
8 3 3 0 25 0 4 18 0 2 32 4 0 4 2 3 37 0 4 17 4 2 35 4 0
8 3 3 0 25 0 4 18 0 2 32 4 0 4 2 4 39 0 1 6 4 3 35 1 0
8 3 4 0 25 0 4 18 0 2 32 4 0 4 2 4 39 0 3 13 2 3 40 3 0
8 3 2 0 25 0 4 18 0 2 32 4 0 4 2 4 39 0 4 20 4 2 33 4 0
6 3 4 0 25 0 4 18 0 2 32 4 1 8 2 4 40 1 0
6 3 2 0 25 0 4 18 0 2 32 4 2 9 3 4 33 2 0
6 3 3 0 25 0 4 18 0 2 32 4 3 15 2 3 35 3 0
8 3 3 2 33 0 1 7 2 3 37 1 0 4 3 0 24 0 2 12 0 3 35 2 0
8 3 4 2 33 0 1 7 2 3 37 1 0 4 3 0 24 0 4 19 0 4 40 4 0
8 3 4 2 33 0 1 7 2 3 37 1 0 4 3 2 32 0 1 8 2 4 40 1 0
8 3 3 2 33 0 1 7 2 3 37 1 0 4 3 2 32 0 3 15 2 3 35 3 0
8 3 3 2 33 0 1 7 2 3 37 1 0 4 3 4 39 0 1 6 4 3 35 1 0
8 3 4 2 33 0 1 7 2 3 37 1 0 4 3 4 39 0 3 13 2 3 40 3 0
6 3 4 2 33 0 1 7 2 3 37 1 2 10 3 4 40 2 0
6 3 3 2 33 0 1 7 2 3 37 1 4 17 4 2 35 4 0
8 3 3 2 33 0 2 9 4 3 32 2 0 4 2 0 24 0 2 12 0 3 35 2 0
8 3 4 2 33 0 2 9 4 3 32 2 0 4 2 0 24 0 4 19 0 4 40 4 0
8 3 4 2 33 0 2 9 4 3 32 2 0 4 2 3 37 0 2 10 3 4 40 2 0
8 3 3 2 33 0 2 9 4 3 32 2 0 4 2 3 37 0 4 17 4 2 35 4 0
8 3 3 2 33 0 2 9 4 3 32 2 0 4 2 4 39 0 1 6 4 3 35 1 0
8 3 4 2 33 0 2 9 4 3 32 2 0 4 2 4 39 0 3 13 2 3 40 3 0
6 3 4 2 33 0 2 9 4 3 32 2 1 8 2 4 40 1 0
6 3 3 2 33 0 2 9 4 3 32 2 3 15 2 3 35 3 0
8 3 4 2 33 0 3 14 2 0 24 3 0 4 0 2 32 0 1 8 2 4 40 1 0
8 3 3 2 33 0 3 14 2 0 24 3 0 4 0 2 32 0 3 15 2 3 35 3 0
8 3 4 2 33 0 3 14 2 0 24 3 0 4 0 3 37 0 2 10 3 4 40 2 0
8 3 3 2 33 0 3 14 2 0 24 3 0 4 0 3 37 0 4 17 4 2 35 4 0
8 3 3 2 33 0 3 14 2 0 24 3 0 4 0 4 39 0 1 6 4 3 35 1 0
8 3 4 2 33 0 3 14 2 0 24 3 0 4 0 4 39 0 3 13 2 3 40 3 0
6 3 3 2 33 0 3 14 2 0 24 3 2 12 0 3 35 2 0
6 3 4 2 33 0 3 14 2 0 24 3 4 19 0 4 40 4 0
8 3 3 2 33 0 4 20 2 4 39 4 0 4 4 0 24 0 2 12 0 3 35 2 0
8 3 4 2 33 0 4 20 2 4 39 4 0 4 4 0 24 0 4 19 0 4 40 4 0
8 3 4 2 33 0 4 20 2 4 39 4 0 4 4 2 32 0 1 8 2 4 40 1 0
8 3 3 2 33 0 4 20 2 4 39 4 0 4 4 2 32 0 3 15 2 3 35 3 0
8 3 4 2 33 0 4 20 2 4 39 4 0 4 4 3 37 0 2 10 3 4 40 2 0
8 3 3 2 33 0 4 20 2 4 39 4 0 4 4 3 37 0 4 17 4 2 35 4 0
6 3 3 2 33 0 4 20 2 4 39 4 1 6 4 3 35 1 0
6 3 4 2 33 0 4 20 2 4 39 4 3 13 2 3 40 3 0
8 3 4 3 35 0 1 6 3 4 39 1 0 4 4 0 24 0 4 19 0 4 40 4 0
8 3 4 3 35 0 1 6 3 4 39 1 0 4 4 2 32 0 1 8 2 4 40 1 0
8 3 4 3 35 0 1 6 3 4 39 1 0 4 4 3 37 0 2 10 3 4 40 2 0
6 3 4 3 35 0 1 6 3 4 39 1 3 13 2 3 40 3 0
8 3 4 3 35 0 2 12 3 0 24 2 0 4 0 2 32 0 1 8 2 4 40 1 0
8 3 4 3 35 0 2 12 3 0 24 2 0 4 0 3 37 0 2 10 3 4 40 2 0
8 3 4 3 35 0 2 12 3 0 24 2 0 4 0 4 39 0 3 13 2 3 40 3 0
6 3 4 3 35 0 2 12 3 0 24 2 4 19 0 4 40 4 0
8 3 4 3 35 0 3 15 3 2 32 3 0 4 2 0 24 0 4 19 0 4 40 4 0
8 3 4 3 35 0 3 15 3 2 32 3 0 4 2 3 37 0 2 10 3 4 40 2 0
8 3 4 3 35 0 3 15 3 2 32 3 0 4 2 4 39 0 3 13 2 3 40 3 0
6 3 4 3 35 0 3 15 3 2 32 3 1 8 2 4 40 1 0
8 3 4 3 35 0 4 17 2 4 37 4 0 4 3 0 24 0 4 19 0 4 40 4 0
8 3 4 3 35 0 4 17 2 4 37 4 0 4 3 2 32 0 1 8 2 4 40 1 0
8 3 4 3 35 0 4 17 2 4 37 4 0 4 3 4 39 0 3 13 2 3 40 3 0
6 3 4 3 35 0 4 17 2 4 37 4 2 10 3 4 40 2 0
6 25 4 1 5 4 3 24 1 0 4 0 2 32 0 4 18 2 0
6 25 3 1 5 4 3 24 1 0 4 0 3 37 0 3 16 3 0
6 25 2 1 5 4 3 24 1 0 4 0 4 39 0 2 11 4 0
8 25 2 1 5 4 3 24 1 2 12 0 3 35 2 1 6 3 4 39 1 2 11 4 0
8 25 4 1 5 4 3 24 1 2 12 0 3 35 2 3 15 3 2 32 3 4 18 2 0
8 25 3 1 5 4 3 24 1 2 12 0 3 35 2 4 17 2 4 37 4 3 16 3 0
8 25 3 1 5 4 3 24 1 3 14 0 2 33 3 1 7 2 3 37 1 3 16 3 0
8 25 4 1 5 4 3 24 1 3 14 0 2 33 3 2 9 4 3 32 2 4 18 2 0
8 25 2 1 5 4 3 24 1 3 14 0 2 33 3 4 20 2 4 39 4 2 11 4 0
8 25 4 1 5 4 3 24 1 4 19 0 4 40 4 1 8 4 2 32 1 4 18 2 0
8 25 3 1 5 4 3 24 1 4 19 0 4 40 4 2 10 4 3 37 2 3 16 3 0
8 25 2 1 5 4 3 24 1 4 19 0 4 40 4 3 13 3 2 39 3 2 11 4 0
6 25 4 2 11 0 4 39 2 0 4 4 2 32 0 4 18 2 0
6 25 3 2 11 0 4 39 2 0 4 4 3 37 0 3 16 3 0
8 25 4 2 11 0 4 39 2 1 6 4 3 35 1 3 15 3 2 32 3 4 18 2 0
8 25 3 2 11 0 4 39 2 1 6 4 3 35 1 4 17 2 4 37 4 3 16 3 0
8 25 4 2 11 0 4 39 2 3 13 2 3 40 3 1 8 4 2 32 1 4 18 2 0
8 25 3 2 11 0 4 39 2 3 13 2 3 40 3 2 10 4 3 37 2 3 16 3 0
8 25 3 2 11 0 4 39 2 4 20 4 2 33 4 1 7 2 3 37 1 3 16 3 0
8 25 4 2 11 0 4 39 2 4 20 4 2 33 4 2 9 4 3 32 2 4 18 2 0
6 25 4 3 16 0 3 37 3 0 4 3 2 32 0 4 18 2 0
8 25 4 3 16 0 3 37 3 1 7 3 2 33 1 2 9 4 3 32 2 4 18 2 0
8 25 4 3 16 0 3 37 3 2 10 3 4 40 2 1 8 4 2 32 1 4 18 2 0
8 25 4 3 16 0 3 37 3 4 17 4 2 35 4 3 15 3 2 32 3 4 18 2 0
6 4 4 0 24 0 2 12 0 3 35 2 1 6 3 4 39 1 0
6 4 2 0 24 0 2 12 0 3 35 2 3 15 3 2 32 3 0
6 4 3 0 24 0 2 12 0 3 35 2 4 17 2 4 37 4 0
6 4 3 0 24 0 3 14 0 2 33 3 1 7 2 3 37 1 0
6 4 2 0 24 0 3 14 0 2 33 3 2 9 4 3 32 2 0
6 4 4 0 24 0 3 14 0 2 33 3 4 20 2 4 39 4 0
6 4 2 0 24 0 4 19 0 4 40 4 1 8 4 2 32 1 0
6 4 3 0 24 0 4 19 0 4 40 4 2 10 4 3 37 2 0
6 4 4 0 24 0 4 19 0 4 40 4 3 13 3 2 39 3 0
6 4 3 2 32 0 1 8 2 4 40 1 2 10 4 3 37 2 0
6 4 4 2 32 0 1 8 2 4 40 1 3 13 3 2 39 3 0
6 4 3 2 32 0 2 9 3 4 33 2 1 7 2 3 37 1 0
6 4 4 2 32 0 2 9 3 4 33 2 4 20 2 4 39 4 0
6 4 4 2 32 0 3 15 2 3 35 3 1 6 3 4 39 1 0
6 4 3 2 32 0 3 15 2 3 35 3 4 17 2 4 37 4 0
6 4 4 3 37 0 1 7 3 2 33 1 4 20 2 4 39 4 0
6 4 4 3 37 0 2 10 3 4 40 2 3 13 3 2 39 3 0
6 4 4 3 37 0 4 17 4 2 35 4 1 6 3 4 39 1 0
8 6 4 3 35 1 2 12 3 0 24 2 3 14 0 2 33 3 4 20 2 4 39 4 1
8 6 4 3 35 1 2 12 3 0 24 2 4 19 0 4 40 4 3 13 3 2 39 3 1
8 6 4 3 35 1 3 15 3 2 32 3 1 8 2 4 40 1 3 13 3 2 39 3 1
8 6 4 3 35 1 3 15 3 2 32 3 2 9 3 4 33 2 4 20 2 4 39 4 1
8 6 4 3 35 1 4 17 2 4 37 4 1 7 3 2 33 1 4 20 2 4 39 4 1
8 6 4 3 35 1 4 17 2 4 37 4 2 10 3 4 40 2 3 13 3 2 39 3 1
8 32 2 1 8 2 4 40 1 2 10 4 3 37 2 1 7 3 2 33 1 2 9 4 3
8 32 3 1 8 2 4 40 1 2 10 4 3 37 2 4 17 4 2 35 4 3 15 3 2
8 32 2 1 8 2 4 40 1 3 13 3 2 39 3 4 20 4 2 33 4 2 9 4 3
8 32 3 1 8 2 4 40 1 4 19 4 0 24 4 2 12 0 3 35 2 3 15 3 2
8 32 2 1 8 2 4 40 1 4 19 4 0 24 4 3 14 0 2 33 3 2 9 4 3
8 32 3 2 9 3 4 33 2 1 7 2 3 37 1 4 17 4 2 35 4 3 15 3 2
8 32 3 2 9 3 4 33 2 3 14 2 0 24 3 2 12 0 3 35 2 3 15 3 2
8 33 4 1 7 2 3 37 1 2 10 3 4 40 2 3 13 3 2 39 3 4 20 4 2
8 33 3 1 7 2 3 37 1 2 10 3 4 40 2 4 19 4 0 24 4 3 14 0 2
8 33 3 1 7 2 3 37 1 4 17 4 2 35 4 2 12 3 0 24 2 3 14 0 2
8 33 4 3 14 2 0 24 3 4 19 0 4 40 4 3 13 3 2 39 3 4 20 4 2
8 35 4 2 12 3 0 24 2 4 19 0 4 40 4 2 10 4 3 37 2 4 17 4 2
