name,n,girth,type,C4free,C8free,C16free,C16method,C32,C64,C128,higher_powers
C4.1,4,3,2^1,no,yes,yes,cycDFS-besteffort,,,,
C6.1,6,4,3,no,yes,yes,cycDFS-besteffort,,,,
C8.1,8,4,2^1,no,no,yes,cycDFS-besteffort,,,,
C10.1,10,5,3,yes,no,yes,cycDFS-besteffort,,,,
C14.1,14,6,4^1,yes,no,yes,cycDFS-besteffort,,,,
C16.1,16,6,2^1,yes,no,no,cycDFS-besteffort,,,,
C18.1,18,6,3,yes,no,no,cycDFS-besteffort,,,,
C20.1,20,5,2^1,yes,no,no,cycDFS-besteffort,,,,
C20.2,20,6,3,yes,no,no,cycDFS-besteffort,,,,
C24.1,24,6,2^1,yes,no,no,cycDFS-besteffort,,,,
C26.1,26,6,1,yes,no,no,cycDFS-besteffort,,,,
C28.1,28,7,3,yes,no,no,cycDFS-besteffort,,,,
C30.1,30,8,5,yes,no,no,cycDFS-besteffort,,,,
C32.1,32,6,2^1,yes,no,no,cycDFS-besteffort,,,,
C38.1,38,6,1,yes,yes,no,cycDFS,,,,
C40.1,40,8,3,yes,no,no,cycDFS-besteffort,,,,
C42.1,42,6,1,yes,yes,no,cycDFS,,,,
C48.1,48,8,2^1,yes,no,no,cycDFS-besteffort,,,,
C50.1,50,6,2^1,yes,yes,no,cycDFS,,,,
C54.1,54,6,2^1,yes,yes,no,cycDFS,,,,
C56.1,56,6,1,yes,yes,no,cycDFS,,,,
C56.2,56,7,2^1,yes,no,no,cycDFS-besteffort,,,,
C56.3,56,8,3,yes,no,no,cycDFS-besteffort,,,,
C60.1,60,9,2^1,yes,yes,no,cycDFS+nbwDFS,,,,
C62.1,62,6,1,yes,yes,no,cycDFS,,,,
C64.1,64,8,2^1,yes,no,no,cycDFS-besteffort,,,,
C72.1,72,6,2^1,yes,yes,no,cycDFS,,,,
C74.1,74,6,1,yes,yes,no,cycDFS,,,,
C78.1,78,6,1,yes,yes,no,cycDFS,,,,
C80.1,80,10,3,yes,yes,no,cycDFS+nbwDFS,,,,
C84.1,84,7,2^1,yes,yes,no,cycDFS,,,,
C86.1,86,6,1,yes,yes,no,cycDFS,,,,
C90.1,90,10,5,yes,yes,no,cycDFS+nbwDFS,,,,
C96.1,96,6,2^1,yes,yes,no,cycDFS,,,,
C96.2,96,8,3,yes,no,no,cycDFS-besteffort,,,,
C98.1,98,6,1,yes,yes,no,cycDFS,,,,
C98.2,98,6,2^1,yes,yes,no,cycDFS,,,,
C102.1,102,9,4^1,yes,yes,no,cycDFS+nbwDFS,,,,
C104.1,104,6,1,yes,yes,no,cycDFS,,,,
C108.1,108,9,2^1,yes,yes,no,cycDFS+nbwDFS,,,,
C110.1,110,10,3,yes,yes,no,cycDFS+nbwDFS,,,,
C112.1,112,10,1,yes,yes,no,cycDFS+nbwDFS,,,,
C112.2,112,8,2^1,yes,no,no,cycDFS-besteffort,,,,
C112.3,112,8,3,yes,no,no,cycDFS-besteffort,,,,
C114.1,114,6,1,yes,yes,no,cycDFS,,,,
C120.1,120,8,2^1,yes,no,no,cycDFS-besteffort,,,,
C120.2,120,10,2^1,yes,yes,no,cycDFS+nbwDFS,,,,
C122.1,122,6,1,yes,yes,no,cycDFS,,,,
C126.1,126,6,1,yes,yes,no,cycDFS,,,,
C128.1,128,6,2^1,yes,yes,no,cycDFS,,,,
C128.2,128,10,2^1,yes,yes,no,cycDFS+nbwDFS,,,,
C134.1,134,6,1,yes,yes,no,cycDFS,,,,
C144.1,144,8,1,yes,no,no,cycDFS-besteffort,,,,
C144.2,144,10,2^1,yes,yes,no,cycDFS+nbwDFS,,,,
C146.1,146,6,1,yes,yes,no,cycDFS,,,,
C150.1,150,6,2^1,yes,yes,no,cycDFS,,,,
C152.1,152,6,1,yes,yes,no,cycDFS,,,,
C158.1,158,6,1,yes,yes,no,cycDFS,,,,
C162.1,162,12,1,yes,yes,no,cycDFS+nbwDFS,,,,
C162.2,162,6,2^1,yes,yes,no,cycDFS,,,,
C162.3,162,12,3,yes,yes,no,cycDFS+nbwDFS,,,,
C168.1,168,12,1,yes,yes,no,cycDFS+nbwDFS,,,,
C168.2,168,6,1,yes,yes,no,cycDFS,,,,
C168.3,168,8,2^1,yes,no,no,cycDFS-besteffort,,,,
C168.4,168,9,2^1,yes,yes,no,cycDFS+nbwDFS,,,,
C168.5,168,7,2^1,yes,yes,no,cycDFS,,,,
C168.6,168,12,2^1,yes,yes,no,cycDFS+nbwDFS,,,,
C182.1,182,6,1,yes,yes,no,cycDFS,,,,
C182.2,182,6,1,yes,yes,no,cycDFS,,,,
C182.3,182,7,2^1,yes,yes,no,cycDFS,,,,
C182.4,182,12,3,yes,yes,no,cycDFS+nbwDFS,,,,
C186.1,186,6,1,yes,yes,no,cycDFS,,,,
C192.1,192,10,2^1,yes,yes,no,cycDFS+nbwDFS,,,,
C192.2,192,12,2^1,yes,yes,no,cycDFS+nbwDFS,,,,
C192.3,192,8,3,yes,no,no,cycDFS-besteffort,,,,
C194.1,194,6,1,yes,yes,no,cycDFS,,,,
C200.1,200,6,2^1,yes,yes,no,cycDFS,,,,
C204.1,204,12,4^1,yes,yes,no,cycDFS+nbwDFS,,,,
C206.1,206,6,1,yes,yes,no,cycDFS,,,,
C208.1,208,10,1,yes,yes,no,cycDFS+nbwDFS,,,,
C216.1,216,10,2^1,yes,yes,no,cycDFS+nbwDFS,,,,
C216.2,216,12,2^1,yes,yes,no,cycDFS+nbwDFS,,,,
C216.3,216,6,2^1,yes,yes,no,cycDFS,,,,
C218.1,218,6,1,yes,yes,no,cycDFS,,,,
C220.1,220,10,2^1,yes,yes,no,cycDFS+nbwDFS,,,,
C220.2,220,10,2^1,yes,yes,no,cycDFS+nbwDFS,,,,
C220.3,220,10,3,yes,yes,no,cycDFS+nbwDFS,,,,
C222.1,222,6,1,yes,yes,no,cycDFS,,,,
C224.1,224,6,1,yes,yes,no,cycDFS,,,,
C224.2,224,12,2^1,yes,yes,no,cycDFS+nbwDFS,,,,
C224.3,224,12,3,yes,yes,no,cycDFS+nbwDFS,,,,
C234.1,234,6,1,yes,yes,no,cycDFS,,,,
C234.2,234,12,5,yes,yes,no,cycDFS+nbwDFS,,,,
C240.1,240,9,2^1,yes,yes,no,cycDFS+nbwDFS,,,,
C240.2,240,10,2^1,yes,yes,no,cycDFS+nbwDFS,,,,
C240.3,240,8,2^1,yes,no,no,cycDFS-besteffort,,,,
C242.1,242,6,2^1,yes,yes,no,cycDFS,,,,
C248.1,248,6,1,yes,yes,no,cycDFS,,,,
C250.1,250,10,2^1,yes,yes,no,cycDFS+nbwDFS,,,,
C254.1,254,6,1,yes,yes,no,cycDFS,,,,
C256.1,256,12,1,yes,yes,no,cycDFS+nbwDFS,,,,
C256.2,256,10,2^1,yes,yes,no,cycDFS+nbwDFS,,,,
C256.3,256,10,2^1,yes,yes,no,cycDFS+nbwDFS,,,,
C256.4,256,8,2^1,yes,no,no,cycDFS-besteffort,,,,
C258.1,258,6,1,yes,yes,no,cycDFS,,,,
C266.1,266,6,1,yes,yes,no,cycDFS,,,,
C266.2,266,6,1,yes,yes,no,cycDFS,,,,
C278.1,278,6,1,yes,yes,no,cycDFS,,,,
C288.1,288,6,2^1,yes,yes,no,cycDFS,,,,
C288.2,288,12,3,yes,yes,no,cycDFS+nbwDFS,,,,
C294.1,294,6,1,yes,yes,no,cycDFS,,,,
C294.2,294,6,2^1,yes,yes,no,cycDFS,,,,
C296.1,296,6,1,yes,yes,no,cycDFS,,,,
C302.1,302,6,1,yes,yes,no,cycDFS,,,,
C304.1,304,10,1,yes,yes,no,cycDFS+nbwDFS,,,,
C312.1,312,12,1,yes,yes,no,cycDFS+nbwDFS,,,,
C312.2,312,6,1,yes,yes,no,cycDFS,,,,
C314.1,314,6,1,yes,yes,no,cycDFS,,,,
C326.1,326,6,1,yes,yes,no,cycDFS,,,,
C336.1,336,10,1,yes,yes,no,cycDFS+nbwDFS,,,,
C336.2,336,12,1,yes,yes,no,cycDFS+nbwDFS,,,,
C336.3,336,12,2^1,yes,yes,no,cycDFS+nbwDFS,,,,
C336.4,336,8,2^1,yes,no,no,cycDFS-besteffort,,,,
C336.5,336,8,2^1,yes,no,no,cycDFS-besteffort,,,,
C336.6,336,12,2^1,yes,yes,no,cycDFS+nbwDFS,,,,
C338.1,338,6,1,yes,yes,no,cycDFS,,,,
C338.2,338,6,2^1,yes,yes,no,cycDFS,,,,
C342.1,342,6,1,yes,yes,no,cycDFS,,,,
C344.1,344,6,1,yes,yes,no,cycDFS,,,,
C350.1,350,6,1,yes,yes,no,cycDFS,,,,
C360.1,360,8,2^1,yes,no,no,cycDFS-besteffort,,,,
C360.2,360,12,3,yes,yes,no,cycDFS+nbwDFS,,,,
C362.1,362,6,1,yes,yes,no,cycDFS,,,,
C364.1,364,7,2^1,yes,yes,no,cycDFS,,,,
C364.2,364,7,2^1,yes,yes,no,cycDFS,,,,
C364.3,364,12,2^1,yes,yes,no,cycDFS+nbwDFS,,,,
C364.4,364,12,2^1,yes,yes,no,cycDFS+nbwDFS,,,,
C364.5,364,12,2^1,yes,yes,no,cycDFS+nbwDFS,,,,
C364.6,364,7,2^1,yes,yes,no,cycDFS,,,,
C364.7,364,12,3,yes,yes,no,cycDFS+nbwDFS,,,,
C366.1,366,6,1,yes,yes,no,cycDFS,,,,
C378.1,378,6,1,yes,yes,no,cycDFS,,,,
C378.2,378,12,1,yes,yes,no,cycDFS+nbwDFS,,,,
C384.1,384,6,2^1,yes,yes,no,cycDFS,,,,
C384.2,384,12,2^1,yes,yes,no,cycDFS+nbwDFS,,,,
C384.3,384,12,2^1,yes,yes,no,cycDFS+nbwDFS,,,,
C384.4,384,12,3,yes,yes,no,cycDFS+nbwDFS,,,,
C386.1,386,6,1,yes,yes,no,cycDFS,,,,
C392.1,392,6,1,yes,yes,no,cycDFS,,,,
C392.2,392,6,2^1,yes,yes,no,cycDFS,,,,
C398.1,398,6,1,yes,yes,no,cycDFS,,,,
C400.1,400,8,1,yes,no,no,cycDFS-besteffort,,,,
C400.2,400,10,2^1,yes,yes,no,cycDFS+nbwDFS,,,,
C402.1,402,6,1,yes,yes,no,cycDFS,,,,
C408.1,408,9,2^1,yes,yes,no,cycDFS+nbwDFS,,,,
C408.2,408,9,3,yes,yes,no,cycDFS+nbwDFS,,,,
C416.1,416,6,1,yes,yes,no,cycDFS,,,,
C422.1,422,6,1,yes,yes,no,cycDFS,,,,
C432.1,432,8,1,yes,no,no,cycDFS-besteffort,,,,
C432.2,432,12,1,yes,yes,no,cycDFS+nbwDFS,,,,
C432.3,432,10,2^1,yes,yes,no,cycDFS+nbwDFS,,,,
C432.4,432,12,2^1,yes,yes,no,cycDFS+nbwDFS,,,,
C432.5,432,10,2^1,yes,yes,no,cycDFS+nbwDFS,,,,
C434.1,434,6,1,yes,yes,no,cycDFS,,,,
C434.2,434,6,1,yes,yes,no,cycDFS,,,,
C438.1,438,6,1,yes,yes,no,cycDFS,,,,
C440.1,440,10,2^1,yes,yes,no,cycDFS+nbwDFS,,,,
C440.2,440,10,2^1,yes,yes,no,cycDFS+nbwDFS,,,,
C440.3,440,12,3,yes,yes,no,cycDFS+nbwDFS,,,,
C446.1,446,6,1,yes,yes,no,cycDFS,,,,
C448.1,448,10,1,yes,yes,no,cycDFS+nbwDFS,,,,
C448.2,448,7,1,yes,yes,no,cycDFS,,,,
C448.3,448,14,2^2,yes,yes,no,cycDFS+nbwDFS,,,,
C450.1,450,6,2^1,yes,yes,no,cycDFS,,,,
C456.1,456,12,1,yes,yes,no,cycDFS+nbwDFS,,,,
C456.2,456,6,1,yes,yes,no,cycDFS,,,,
C458.1,458,6,1,yes,yes,no,cycDFS,,,,
C468.1,468,12,5,yes,yes,no,cycDFS+nbwDFS,,,,
C474.1,474,6,1,yes,yes,no,cycDFS,,,,
C480.1,480,12,2^1,yes,yes,no,cycDFS+nbwDFS,,,,
C480.2,480,9,2^1,yes,yes,no,cycDFS+nbwDFS,,,,
C480.3,480,12,2^1,yes,yes,no,cycDFS+nbwDFS,,,,
C480.4,480,10,2^1,yes,yes,no,cycDFS+nbwDFS,,,,
C482.1,482,6,1,yes,yes,no,cycDFS,,,,
C486.1,486,6,2^1,yes,yes,no,cycDFS,,,,
C486.2,486,12,2^1,yes,yes,no,cycDFS+nbwDFS,,,,
C486.3,486,12,3,yes,yes,no,cycDFS+nbwDFS,,,,
C486.4,486,12,3,yes,yes,no,cycDFS+nbwDFS,,,,
C488.1,488,6,1,yes,yes,no,cycDFS,,,,
C494.1,494,6,1,yes,yes,no,cycDFS,,,,
C494.2,494,6,1,yes,yes,no,cycDFS,,,,
C496.1,496,10,1,yes,yes,no,cycDFS+nbwDFS,,,,
C500.1,500,10,2^1,yes,yes,no,cycDFS+nbwDFS,,,,
C504.1,504,9,1,yes,yes,no,cycDFS+nbwDFS,,,,
C504.2,504,6,1,yes,yes,no,cycDFS,,,,
C504.3,504,12,1,yes,yes,no,cycDFS+nbwDFS,,,,
C504.4,504,14,2^1,yes,yes,no,cycDFS+nbwDFS,,,,
C504.5,504,9,2^1,yes,yes,no,cycDFS+nbwDFS,,,,
C506.1,506,11,3,yes,yes,no,cycDFS+nbwDFS,,,,
C506.2,506,14,4^1,yes,yes,no,cycDFS+nbwDFS,,,,
C512.1,512,14,1,yes,yes,no,cycDFS+nbwDFS,,,,
C512.2,512,6,2^1,yes,yes,no,cycDFS,,,,
C512.3,512,12,2^1,yes,yes,no,cycDFS+nbwDFS,,,,
C512.4,512,10,2^1,yes,yes,no,cycDFS+nbwDFS,,,,
C512.5,512,12,2^1,yes,yes,no,cycDFS+nbwDFS,,,,
C512.6,512,8,2^1,yes,no,no,cycDFS-besteffort,,,,
C512.7,512,12,2^1,yes,yes,no,cycDFS+nbwDFS,,,,
C518.1,518,6,1,yes,yes,no,cycDFS,,,,
C518.2,518,6,1,yes,yes,no,cycDFS,,,,
C536.1,536,6,1,yes,yes,no,cycDFS,,,,
C542.1,542,6,1,yes,yes,no,cycDFS,,,,
C546.1,546,6,1,yes,yes,no,cycDFS,,,,
C546.2,546,6,1,yes,yes,no,cycDFS,,,,
C554.1,554,6,1,yes,yes,no,cycDFS,,,,
C558.1,558,6,1,yes,yes,no,cycDFS,,,,
C566.1,566,6,1,yes,yes,no,cycDFS,,,,
C570.1,570,9,2^1,yes,yes,no,cycDFS+nbwDFS,,,,
C570.2,570,9,3,yes,yes,no,cycDFS+nbwDFS,,,,
C576.1,576,8,1,yes,no,no,cycDFS-besteffort,,,,
C576.2,576,10,2^1,yes,yes,no,cycDFS+nbwDFS,,,,
C576.3,576,12,2^1,yes,yes,no,cycDFS+nbwDFS,,,,
C576.4,576,12,3,yes,yes,no,cycDFS+nbwDFS,,,,
C578.1,578,6,2^1,yes,yes,no,cycDFS,,,,
C582.1,582,6,1,yes,yes,no,cycDFS,,,,
C584.1,584,6,1,yes,yes,no,cycDFS,,,,
C592.1,592,10,1,yes,yes,no,cycDFS+nbwDFS,,,,
C600.1,600,12,2^1,yes,yes,no,cycDFS+nbwDFS,,,,
C600.2,600,6,2^1,yes,yes,no,cycDFS,,,,
C602.1,602,6,1,yes,yes,no,cycDFS,,,,
C602.2,602,6,1,yes,yes,no,cycDFS,,,,
C608.1,608,6,1,yes,yes,no,cycDFS,,,,
C614.1,614,6,1,yes,yes,no,cycDFS,,,,
C618.1,618,6,1,yes,yes,no,cycDFS,,,,
C620.1,620,15,4^1,yes,yes,no,cycDFS+nbwDFS,,,,
C624.1,624,10,1,yes,yes,no,cycDFS+nbwDFS,,,,
C624.2,624,14,1,yes,yes,no,cycDFS+nbwDFS,,,,
C626.1,626,6,1,yes,yes,no,cycDFS,,,,
C632.1,632,6,1,yes,yes,no,cycDFS,,,,
C640.1,640,10,3,yes,yes,no,cycDFS+nbwDFS,,,,
C648.1,648,12,1,yes,yes,no,cycDFS+nbwDFS,,,,
C648.2,648,12,1,yes,yes,no,cycDFS+nbwDFS,,,,
C648.3,648,12,2^1,yes,yes,no,cycDFS+nbwDFS,,,,
C648.4,648,12,2^1,yes,yes,no,cycDFS+nbwDFS,,,,
C648.5,648,12,2^1,yes,yes,no,cycDFS+nbwDFS,,,,
C648.6,648,6,2^1,yes,yes,no,cycDFS,,,,
C650.1,650,6,1,yes,yes,no,cycDFS,,,,
C650.2,650,12,5,yes,yes,no,cycDFS+nbwDFS,,,,
C654.1,654,6,1,yes,yes,no,cycDFS,,,,
C660.1,660,10,2^1,yes,yes,no,cycDFS+nbwDFS,,,,
C662.1,662,6,1,yes,yes,no,cycDFS,,,,
C666.1,666,6,1,yes,yes,no,cycDFS,,,,
C672.1,672,12,1,yes,yes,no,cycDFS+nbwDFS,,,,
C672.2,672,6,1,yes,yes,no,cycDFS,,,,
C672.3,672,12,1,yes,yes,no,cycDFS+nbwDFS,,,,
C672.4,672,8,2^1,yes,no,yes,cycDFS-besteffort,,,,
C672.5,672,12,2^1,yes,yes,no,cycDFS+nbwDFS,,,,
C672.6,672,12,2^1,yes,yes,no,cycDFS+nbwDFS,,,,
C672.7,672,14,2^1,yes,yes,no,cycDFS+nbwDFS,,,,
C674.1,674,6,1,yes,yes,no,cycDFS,,,,
C680.1,680,12,2^1,yes,yes,no,cycDFS+nbwDFS,,,,
C680.2,680,10,3,yes,yes,no,cycDFS+nbwDFS,,,,
C686.1,686,6,1,yes,yes,no,cycDFS,,,,
C686.2,686,6,1,yes,yes,no,cycDFS,,,,
C686.3,686,12,2^1,yes,yes,no,cycDFS+nbwDFS,,,,
C688.1,688,10,1,yes,yes,no,cycDFS+nbwDFS,,,,
C698.1,698,6,1,yes,yes,no,cycDFS,,,,
C702.1,702,6,1,yes,yes,no,cycDFS,,,,
C702.2,702,12,1,yes,yes,no,cycDFS+nbwDFS,,,,
C720.1,720,10,1,yes,yes,no,cycDFS+nbwDFS,,,,
C720.2,720,8,1,yes,no,no,cycDFS-besteffort,,,,
C720.3,720,10,2^1,yes,yes,no,cycDFS+nbwDFS,,,,
C720.4,720,8,2^1,yes,no,no,cycDFS-besteffort,,,,
C720.5,720,8,2^1,yes,no,no,cycDFS-besteffort,,,,
C720.6,720,12,3,yes,yes,no,cycDFS+nbwDFS,,,,
C722.1,722,6,1,yes,yes,no,cycDFS,,,,
C722.2,722,6,2^1,yes,yes,no,cycDFS,,,,
C726.1,726,6,2^1,yes,yes,no,cycDFS,,,,
C728.1,728,6,1,yes,yes,no,cycDFS,,,,
C728.2,728,6,1,yes,yes,no,cycDFS,,,,
C728.3,728,12,2^1,yes,yes,no,cycDFS+nbwDFS,,,,
C728.4,728,12,2^1,yes,yes,no,cycDFS+nbwDFS,,,,
C728.5,728,12,2^1,yes,yes,no,cycDFS+nbwDFS,,,,
C728.6,728,12,2^1,yes,yes,no,cycDFS+nbwDFS,,,,
C728.7,728,12,3,yes,yes,no,cycDFS+nbwDFS,,,,
C734.1,734,6,1,yes,yes,no,cycDFS,,,,
C744.1,744,12,1,yes,yes,no,cycDFS+nbwDFS,,,,
C744.2,744,6,1,yes,yes,no,cycDFS,,,,
C746.1,746,6,1,yes,yes,no,cycDFS,,,,
C750.1,750,12,2^1,yes,yes,no,cycDFS+nbwDFS,,,,
C758.1,758,6,1,yes,yes,no,cycDFS,,,,
C762.1,762,6,1,yes,yes,no,cycDFS,,,,
C768.1,768,12,1,yes,yes,no,cycDFS+nbwDFS,,,,
C768.2,768,10,2^1,yes,yes,no,cycDFS+nbwDFS,,,,
C768.3,768,14,2^1,yes,yes,no,cycDFS+nbwDFS,,,,
C768.4,768,12,2^1,yes,yes,no,cycDFS+nbwDFS,,,,
C768.5,768,12,2^1,yes,yes,no,cycDFS+nbwDFS,,,,
C768.6,768,12,2^1,yes,yes,no,cycDFS+nbwDFS,,,,
C768.7,768,12,2^1,yes,yes,no,cycDFS+nbwDFS,,,,
C774.1,774,6,1,yes,yes,no,cycDFS,,,,
C776.1,776,6,1,yes,yes,no,cycDFS,,,,
C784.1,784,10,1,yes,yes,no,cycDFS+nbwDFS,,,,
C784.2,784,10,2^1,yes,yes,no,cycDFS+nbwDFS,,,,
C794.1,794,6,1,yes,yes,no,cycDFS,,,,
C798.1,798,6,1,yes,yes,no,cycDFS,,,,
C798.2,798,6,1,yes,yes,no,cycDFS,,,,
C800.1,800,6,2^1,yes,yes,no,cycDFS,,,,
C806.1,806,6,1,yes,yes,no,cycDFS,,,,
C806.2,806,6,1,yes,yes,no,cycDFS,,,,
C816.1,816,8,2^1,yes,no,yes,cycDFS-besteffort,,,,
C816.2,816,9,2^1,yes,yes,no,cycDFS+nbwDFS,,,,
C816.3,816,12,2^1,yes,yes,no,cycDFS+nbwDFS,,,,
C816.4,816,9,2^1,yes,yes,no,cycDFS+nbwDFS,,,,
C816.5,816,8,2^1,yes,no,no,cycDFS-besteffort,,,,
C816.6,816,12,2^1,yes,yes,no,cycDFS+nbwDFS,,,,
C816.7,816,15,2^1,yes,yes,no,cycDFS+nbwDFS,,,,
C816.8,816,9,2^1,yes,yes,no,cycDFS+nbwDFS,,,,
C816.9,816,14,3,yes,yes,no,cycDFS+nbwDFS,,,,
C818.1,818,6,1,yes,yes,no,cycDFS,,,,
C824.1,824,6,1,yes,yes,no,cycDFS,,,,
C832.1,832,10,1,yes,yes,no,cycDFS+nbwDFS,,,,
C834.1,834,6,1,yes,yes,no,cycDFS,,,,
C840.1,840,12,1,yes,yes,no,cycDFS+nbwDFS,,,,
C840.2,840,10,2^1,yes,yes,no,cycDFS+nbwDFS,,,,
C842.1,842,6,1,yes,yes,no,cycDFS,,,,
C854.1,854,6,1,yes,yes,no,cycDFS,,,,
C854.2,854,6,1,yes,yes,no,cycDFS,,,,
C864.1,864,6,2^1,yes,yes,no,cycDFS,,,,
C864.2,864,12,2^1,yes,yes,no,cycDFS+nbwDFS,,,,
C864.3,864,12,2^1,yes,yes,no,cycDFS+nbwDFS,,,,
C864.4,864,10,2^1,yes,yes,no,cycDFS+nbwDFS,,,,
C866.1,866,6,1,yes,yes,no,cycDFS,,,,
C872.1,872,6,1,yes,yes,no,cycDFS,,,,
C878.1,878,6,1,yes,yes,no,cycDFS,,,,
C880.1,880,10,2^1,yes,yes,no,cycDFS+nbwDFS,,,,
C880.2,880,10,2^1,yes,yes,no,cycDFS+nbwDFS,,,,
C880.3,880,14,3,yes,yes,no,cycDFS+nbwDFS,,,,
C882.1,882,6,1,yes,yes,no,cycDFS,,,,
C882.2,882,6,2^1,yes,yes,no,cycDFS,,,,
C888.1,888,12,1,yes,yes,no,cycDFS+nbwDFS,,,,
C888.2,888,6,1,yes,yes,no,cycDFS,,,,
C896.1,896,12,1,yes,yes,no,cycDFS+nbwDFS,,,,
C896.2,896,6,1,yes,yes,no,cycDFS,,,,
C896.3,896,12,1,yes,yes,no,cycDFS+nbwDFS,,,,
C896.4,896,12,1,yes,yes,no,cycDFS+nbwDFS,,,,
C896.5,896,14,2^2,yes,yes,no,cycDFS+nbwDFS,,,,
C906.1,906,6,1,yes,yes,no,cycDFS,,,,
C912.1,912,10,1,yes,yes,no,cycDFS+nbwDFS,,,,
C912.2,912,14,1,yes,yes,no,cycDFS+nbwDFS,,,,
C914.1,914,6,1,yes,yes,no,cycDFS,,,,
C926.1,926,6,1,yes,yes,no,cycDFS,,,,
C936.1,936,6,1,yes,yes,no,cycDFS,,,,
C936.2,936,12,1,yes,yes,no,cycDFS+nbwDFS,,,,
C936.3,936,12,3,yes,yes,no,cycDFS+nbwDFS,,,,
C938.1,938,6,1,yes,yes,no,cycDFS,,,,
C938.2,938,6,1,yes,yes,no,cycDFS,,,,
C942.1,942,6,1,yes,yes,no,cycDFS,,,,
C950.1,950,6,1,yes,yes,no,cycDFS,,,,
C960.1,960,14,2^1,yes,yes,no,cycDFS+nbwDFS,,,,
C960.2,960,12,2^1,yes,yes,no,cycDFS+nbwDFS,,,,
C960.3,960,14,2^1,yes,yes,no,cycDFS+nbwDFS,,,,
C962.1,962,6,1,yes,yes,no,cycDFS,,,,
C962.2,962,6,1,yes,yes,no,cycDFS,,,,
C968.1,968,6,2^1,yes,yes,no,cycDFS,,,,
C974.1,974,6,1,yes,yes,no,cycDFS,,,,
C976.1,976,10,1,yes,yes,no,cycDFS+nbwDFS,,,,
C978.1,978,6,1,yes,yes,no,cycDFS,,,,
C992.1,992,6,1,yes,yes,no,cycDFS,,,,
C998.1,998,6,1,yes,yes,no,cycDFS,,,,
C1000.1,1000,10,2^1,yes,yes,no,cycDFS+nbwDFS,,,,
C1000.2,1000,12,2^1,yes,yes,no,cycDFS+nbwDFS,,,,
C1008.1,1008,10,1,yes,yes,no,cycDFS+nbwDFS,,,,
C1008.2,1008,14,1,yes,yes,no,cycDFS+nbwDFS,,,,
C1008.3,1008,12,1,yes,yes,no,cycDFS+nbwDFS,,,,
C1008.4,1008,12,2^1,yes,yes,no,cycDFS+nbwDFS,,,,
C1008.5,1008,14,2^1,yes,yes,no,cycDFS+nbwDFS,,,,
C1008.6,1008,14,2^1,yes,yes,no,cycDFS+nbwDFS,,,,
C1008.7,1008,16,3,yes,yes,no,cycDFS+nbwDFS,,,,
C1012.1,1012,11,2^1,yes,yes,no,cycDFS+nbwDFS,,,,
C1012.2,1012,16,3,yes,yes,no,cycDFS+nbwDFS,,,,
C1012.3,1012,11,3,yes,yes,no,cycDFS+nbwDFS,,,,
C1012.4,1012,11,3,yes,yes,no,cycDFS+nbwDFS,,,,
C1014.1,1014,6,1,yes,yes,no,cycDFS,,,,
C1014.2,1014,6,2^1,yes,yes,no,cycDFS,,,,
C1016.1,1016,6,1,yes,yes,no,cycDFS,,,,
C1022.1,1022,6,1,yes,yes,no,cycDFS,,,,
C1022.2,1022,6,1,yes,yes,no,cycDFS,,,,
C1024.1,1024,12,1,yes,yes,no,cycDFS+nbwDFS,,,,
C1024.2,1024,12,1,yes,yes,no,cycDFS+nbwDFS,,,,
C1024.3,1024,10,2^1,yes,yes,no,cycDFS+nbwDFS,,,,
C1024.4,1024,12,2^1,yes,yes,no,cycDFS+nbwDFS,,,,
C1024.5,1024,12,2^1,yes,yes,no,cycDFS+nbwDFS,,,,
C1024.6,1024,12,2^1,yes,yes,no,cycDFS+nbwDFS,,,,
C1024.7,1024,10,2^1,yes,yes,no,cycDFS+nbwDFS,,,,
C1024.8,1024,12,2^1,yes,yes,no,cycDFS+nbwDFS,,,,
C1024.9,1024,8,2^1,yes,no,no,cycDFS-besteffort,,,,
C1024.10,1024,14,2^1,yes,yes,no,cycDFS+nbwDFS,,,,
C1026.1,1026,6,1,yes,yes,no,cycDFS,,,,
C1026.2,1026,12,1,yes,yes,no,cycDFS+nbwDFS,,,,
C1032.1,1032,12,1,yes,yes,no,cycDFS+nbwDFS,,,,
C1032.2,1032,6,1,yes,yes,no,cycDFS,,,,
C1046.1,1046,6,1,yes,yes,no,cycDFS,,,,
C1050.1,1050,12,1,yes,yes,yes,cycDFS+nbwDFS,yes,yes,yes,
C1050.2,1050,6,1,yes,yes,no,cycDFS,,,,
C1058.1,1058,6,2^1,yes,yes,no,cycDFS,,,,
C1064.1,1064,6,1,yes,yes,no,cycDFS,,,,
C1064.2,1064,6,1,yes,yes,no,cycDFS,,,,
C1072.1,1072,10,1,yes,yes,no,cycDFS+nbwDFS,,,,
C1080.1,1080,12,3,yes,yes,no,cycDFS+nbwDFS,,,,
C1082.1,1082,6,1,yes,yes,no,cycDFS,,,,
C1086.1,1086,6,1,yes,yes,no,cycDFS,,,,
C1092.1,1092,14,2^1,yes,yes,no,cycDFS+nbwDFS,,,,
C1092.2,1092,14,2^1,yes,yes,no,cycDFS+nbwDFS,,,,
C1092.3,1092,14,2^1,yes,yes,no,cycDFS+nbwDFS,,,,
C1092.4,1092,12,2^1,yes,yes,no,cycDFS+nbwDFS,,,,
C1094.1,1094,6,1,yes,yes,no,cycDFS,,,,
C1098.1,1098,6,1,yes,yes,no,cycDFS,,,,
C1106.1,1106,6,1,yes,yes,no,cycDFS,,,,
C1106.2,1106,6,1,yes,yes,no,cycDFS,,,,
C1112.1,1112,6,1,yes,yes,no,cycDFS,,,,
C1118.1,1118,6,1,yes,yes,no,cycDFS,,,,
C1118.2,1118,6,1,yes,yes,no,cycDFS,,,,
C1134.1,1134,6,1,yes,yes,no,cycDFS,,,,
C1134.2,1134,12,1,yes,yes,no,cycDFS+nbwDFS,,,,
C1134.3,1134,12,1,yes,yes,yes,cycDFS+nbwDFS,yes,yes,yes,
C1134.4,1134,12,1,yes,yes,yes,cycDFS+nbwDFS,yes,yes,yes,
C1134.5,1134,12,1,yes,yes,yes,cycDFS+nbwDFS,yes,yes,yes,
C1140.1,1140,9,2^1,yes,yes,no,cycDFS+nbwDFS,,,,
C1140.2,1140,12,2^1,yes,yes,no,cycDFS+nbwDFS,,,,
C1140.3,1140,14,2^1,yes,yes,no,cycDFS+nbwDFS,,,,
C1140.4,1140,10,2^1,yes,yes,yes,cycDFS+nbwDFS,yes,yes,yes,
C1140.5,1140,10,2^1,yes,yes,no,cycDFS+nbwDFS,,,,
C1140.6,1140,9,2^1,yes,yes,no,cycDFS+nbwDFS,,,,
C1140.7,1140,10,2^1,yes,yes,no,cycDFS+nbwDFS,,,,
C1140.8,1140,9,2^1,yes,yes,no,cycDFS+nbwDFS,,,,
C1140.9,1140,10,2^1,yes,yes,no,cycDFS+nbwDFS,,,,
C1140.10,1140,14,3,yes,yes,no,cycDFS+nbwDFS,,,,
C1142.1,1142,6,1,yes,yes,no,cycDFS,,,,
C1152.1,1152,14,1,yes,yes,no,cycDFS+nbwDFS,,,,
C1152.2,1152,6,2^1,yes,yes,no,cycDFS,,,,
C1152.3,1152,12,2^1,yes,yes,no,cycDFS+nbwDFS,,,,
C1152.4,1152,12,2^1,yes,yes,no,cycDFS+nbwDFS,,,,
C1152.5,1152,12,3,yes,yes,no,cycDFS+nbwDFS,,,,
C1152.6,1152,14,3,yes,yes,no,cycDFS+nbwDFS,,,,
C1154.1,1154,6,1,yes,yes,no,cycDFS,,,,
C1158.1,1158,6,1,yes,yes,no,cycDFS,,,,
C1168.1,1168,10,1,yes,yes,no,cycDFS+nbwDFS,,,,
C1176.1,1176,6,1,yes,yes,no,cycDFS,,,,
C1176.2,1176,12,1,yes,yes,no,cycDFS+nbwDFS,,,,
C1176.3,1176,6,2^1,yes,yes,no,cycDFS,,,,
C1176.4,1176,12,2^1,yes,yes,no,cycDFS+nbwDFS,,,,
C1178.1,1178,6,1,yes,yes,no,cycDFS,,,,
C1178.2,1178,6,1,yes,yes,no,cycDFS,,,,
C1184.1,1184,6,1,yes,yes,no,cycDFS,,,,
C1194.1,1194,6,1,yes,yes,no,cycDFS,,,,
C1200.1,1200,12,1,yes,yes,no,cycDFS+nbwDFS,,,,
C1200.2,1200,14,2^1,yes,yes,no,cycDFS+nbwDFS,,,,
C1200.3,1200,10,2^1,yes,yes,no,cycDFS+nbwDFS,,,,
C1202.1,1202,6,1,yes,yes,no,cycDFS,,,,
C1206.1,1206,6,1,yes,yes,no,cycDFS,,,,
C1208.1,1208,6,1,yes,yes,no,cycDFS,,,,
C1214.1,1214,6,1,yes,yes,no,cycDFS,,,,
C1216.1,1216,10,1,yes,yes,no,cycDFS+nbwDFS,,,,
C1226.1,1226,6,1,yes,yes,no,cycDFS,,,,
C1238.1,1238,6,1,yes,yes,no,cycDFS,,,,
C1240.1,1240,16,4^1,yes,yes,no,cycDFS+nbwDFS,,,,
C1248.1,1248,12,1,yes,yes,yes,cycDFS+nbwDFS,yes,yes,yes,
C1248.2,1248,6,1,yes,yes,no,cycDFS,,,,
C1248.3,1248,12,1,yes,yes,no,cycDFS+nbwDFS,,,,
C1250.1,1250,6,2^1,yes,yes,no,cycDFS,,,,
C1250.2,1250,16,3,yes,yes,no,cycDFS+nbwDFS,,,,
C1256.1,1256,6,1,yes,yes,no,cycDFS,,,,
C1262.1,1262,6,1,yes,yes,no,cycDFS,,,,
C1264.1,1264,10,1,yes,yes,no,cycDFS+nbwDFS,,,,
C1266.1,1266,6,1,yes,yes,no,cycDFS,,,,
C1274.1,1274,6,1,yes,yes,no,cycDFS,,,,
C1274.2,1274,6,1,yes,yes,no,cycDFS,,,,
C1274.3,1274,6,1,yes,yes,no,cycDFS,,,,
C1280.1,1280,10,2^1,yes,yes,no,cycDFS+nbwDFS,,,,
C1280.2,1280,10,2^1,yes,yes,no,cycDFS+nbwDFS,,,,
C1280.3,1280,10,3,yes,yes,no,cycDFS+nbwDFS,,,,
C1280.4,1280,16,3,yes,yes,no,cycDFS+nbwDFS,,,,
C1280.5,1280,12,3,yes,yes,no,cycDFS+nbwDFS,,,,
C1286.1,1286,6,1,yes,yes,no,cycDFS,,,,
C1296.1,1296,14,1,yes,yes,no,cycDFS+nbwDFS,,,,
C1296.2,1296,8,1,yes,no,no,cycDFS-besteffort,,,,
C1296.3,1296,14,1,yes,yes,no,cycDFS+nbwDFS,,,,
C1296.4,1296,12,1,yes,yes,no,cycDFS+nbwDFS,,,,
C1296.5,1296,16,1,yes,yes,no,cycDFS+nbwDFS,,,,
C1296.6,1296,12,1,yes,yes,no,cycDFS+nbwDFS,,,,
C1296.7,1296,12,1,yes,yes,no,cycDFS+nbwDFS,,,,
C1296.8,1296,8,2^1,yes,no,no,cycDFS-besteffort,,,,
C1296.9,1296,14,2^1,yes,yes,no,cycDFS+nbwDFS,,,,
C1296.10,1296,14,2^1,yes,yes,no,cycDFS+nbwDFS,,,,
C1296.11,1296,12,2^1,yes,yes,no,cycDFS+nbwDFS,,,,
C1296.12,1296,10,2^1,yes,yes,no,cycDFS+nbwDFS,,,,
C1300.1,1300,10,3,yes,yes,no,cycDFS+nbwDFS,,,,
C1302.1,1302,6,1,yes,yes,no,cycDFS,,,,
C1302.2,1302,6,1,yes,yes,no,cycDFS,,,,
C1304.1,1304,6,1,yes,yes,no,cycDFS,,,,
C1314.1,1314,6,1,yes,yes,no,cycDFS,,,,
C1320.1,1320,12,2^1,yes,yes,no,cycDFS+nbwDFS,,,,
C1320.2,1320,10,2^1,yes,yes,no,cycDFS+nbwDFS,,,,
C1320.3,1320,12,2^1,yes,yes,no,cycDFS+nbwDFS,,,,
C1320.4,1320,14,2^1,yes,yes,no,cycDFS+nbwDFS,,,,
C1320.5,1320,10,2^1,yes,yes,no,cycDFS+nbwDFS,,,,
C1322.1,1322,6,1,yes,yes,no,cycDFS,,,,
C1338.1,1338,6,1,yes,yes,no,cycDFS,,,,
C1344.1,1344,12,1,yes,yes,yes,cycDFS+nbwDFS,yes,yes,yes,
C1344.2,1344,12,1,yes,yes,no,cycDFS+nbwDFS,,,,
C1344.3,1344,14,1,yes,yes,no,cycDFS+nbwDFS,,,,
C1344.4,1344,10,1,yes,yes,no,cycDFS+nbwDFS,,,,
C1344.5,1344,14,1,yes,yes,yes,cycDFS+nbwDFS,yes,yes,yes,
C1344.6,1344,14,1,yes,yes,no,cycDFS+nbwDFS,,,,
C1344.7,1344,12,2^1,yes,yes,no,cycDFS+nbwDFS,,,,
C1344.8,1344,8,2^1,yes,no,yes,cycDFS-besteffort,,,,
C1344.9,1344,8,2^1,yes,no,yes,cycDFS-besteffort,,,,
C1344.10,1344,14,2^1,yes,yes,no,cycDFS+nbwDFS,,,,
C1344.11,1344,14,2^1,yes,yes,no,cycDFS+nbwDFS,,,,
C1346.1,1346,6,1,yes,yes,no,cycDFS,,,,
C1350.1,1350,12,2^1,yes,yes,no,cycDFS+nbwDFS,,,,
C1350.2,1350,6,2^1,yes,yes,no,cycDFS,,,,
C1352.1,1352,6,1,yes,yes,no,cycDFS,,,,
C1352.2,1352,6,2^1,yes,yes,no,cycDFS,,,,
C1358.1,1358,6,1,yes,yes,no,cycDFS,,,,
C1358.2,1358,6,1,yes,yes,no,cycDFS,,,,
C1360.1,1360,16,2^1,yes,yes,no,cycDFS+nbwDFS,,,,
C1360.2,1360,15,2^1,yes,yes,no,cycDFS+nbwDFS,,,,
C1360.3,1360,15,2^1,yes,yes,no,cycDFS+nbwDFS,,,,
C1360.4,1360,12,2^1,yes,yes,no,cycDFS+nbwDFS,,,,
C1360.5,1360,10,3,yes,yes,no,cycDFS+nbwDFS,,,,
C1368.1,1368,6,1,yes,yes,no,cycDFS,,,,
C1368.2,1368,12,1,yes,yes,no,cycDFS+nbwDFS,,,,
C1372.1,1372,10,2^1,yes,yes,no,cycDFS+nbwDFS,,,,
C1374.1,1374,6,1,yes,yes,no,cycDFS,,,,
C1376.1,1376,6,1,yes,yes,no,cycDFS,,,,
C1382.1,1382,6,1,yes,yes,no,cycDFS,,,,
C1400.1,1400,6,1,yes,yes,no,cycDFS,,,,
C1406.1,1406,6,1,yes,yes,no,cycDFS,,,,
C1406.2,1406,6,1,yes,yes,no,cycDFS,,,,
C1418.1,1418,6,1,yes,yes,no,cycDFS,,,,
C1422.1,1422,6,1,yes,yes,no,cycDFS,,,,
C1440.1,1440,10,1,yes,yes,no,cycDFS+nbwDFS,,,,
C1440.2,1440,14,1,yes,yes,no,cycDFS+nbwDFS,,,,
C1440.3,1440,16,2^1,yes,yes,no,cycDFS+nbwDFS,,,,
C1440.4,1440,10,2^1,yes,yes,no,cycDFS+nbwDFS,,,,
C1440.5,1440,14,2^1,yes,yes,no,cycDFS+nbwDFS,,,,
C1440.6,1440,10,2^1,yes,yes,no,cycDFS+nbwDFS,,,,
C1442.1,1442,6,1,yes,yes,no,cycDFS,,,,
C1442.2,1442,6,1,yes,yes,no,cycDFS,,,,
C1446.1,1446,6,1,yes,yes,no,cycDFS,,,,
C1448.1,1448,6,1,yes,yes,no,cycDFS,,,,
C1454.1,1454,6,1,yes,yes,no,cycDFS,,,,
C1456.1,1456,10,1,yes,yes,no,cycDFS+nbwDFS,,,,
C1456.2,1456,10,1,yes,yes,no,cycDFS+nbwDFS,,,,
C1456.3,1456,14,2^1,yes,yes,no,cycDFS+nbwDFS,,,,
C1456.4,1456,14,2^1,yes,yes,no,cycDFS+nbwDFS,,,,
C1456.5,1456,14,2^1,yes,yes,no,cycDFS+nbwDFS,,,,
C1456.6,1456,12,2^1,yes,yes,no,cycDFS+nbwDFS,,,,
C1456.7,1456,14,3,yes,yes,no,cycDFS+nbwDFS,,,,
C1458.1,1458,12,1,yes,yes,yes,cycDFS+nbwDFS,yes,yes,yes,
C1458.2,1458,14,1,yes,yes,no,cycDFS+nbwDFS,,,,
C1458.3,1458,14,1,yes,yes,no,cycDFS+nbwDFS,,,,
C1458.4,1458,14,1,yes,yes,no,cycDFS+nbwDFS,,,,
C1458.5,1458,12,1,yes,yes,no,cycDFS+nbwDFS,,,,
C1458.6,1458,6,2^1,yes,yes,no,cycDFS,,,,
C1458.7,1458,12,2^1,yes,yes,no,cycDFS+nbwDFS,,,,
C1458.8,1458,12,2^1,yes,yes,no,cycDFS+nbwDFS,,,,
C1458.9,1458,14,2^1,yes,yes,no,cycDFS+nbwDFS,,,,
C1458.10,1458,12,2^1,yes,yes,yes,cycDFS+nbwDFS,yes,yes,yes,
C1458.11,1458,12,3,yes,yes,yes,cycDFS+nbwDFS,yes,yes,yes,
C1464.1,1464,12,1,yes,yes,no,cycDFS+nbwDFS,,,,
C1464.2,1464,6,1,yes,yes,no,cycDFS,,,,
C1466.1,1466,6,1,yes,yes,no,cycDFS,,,,
C1478.1,1478,6,1,yes,yes,no,cycDFS,,,,
C1482.1,1482,6,1,yes,yes,no,cycDFS,,,,
C1482.2,1482,6,1,yes,yes,no,cycDFS,,,,
C1488.1,1488,10,1,yes,yes,no,cycDFS+nbwDFS,,,,
C1488.2,1488,14,1,yes,yes,no,cycDFS+nbwDFS,,,,
C1502.1,1502,6,1,yes,yes,no,cycDFS,,,,
C1512.1,1512,14,1,yes,yes,no,cycDFS+nbwDFS,,,,
C1512.2,1512,12,1,yes,yes,no,cycDFS+nbwDFS,,,,
C1512.3,1512,12,1,yes,yes,yes,cycDFS+nbwDFS,yes,yes,yes,
C1512.4,1512,6,1,yes,yes,no,cycDFS,,,,
C1512.5,1512,12,1,yes,yes,no,cycDFS+nbwDFS,,,,
C1514.1,1514,6,1,yes,yes,no,cycDFS,,,,
C1526.1,1526,6,1,yes,yes,no,cycDFS,,,,
C1526.2,1526,6,1,yes,yes,no,cycDFS,,,,
C1536.1,1536,14,1,yes,yes,no,cycDFS+nbwDFS,,,,
C1536.2,1536,6,2^1,yes,yes,no,cycDFS,,,,
C1536.3,1536,12,2^1,yes,yes,no,cycDFS+nbwDFS,,,,
C1536.4,1536,12,2^1,yes,yes,no,cycDFS+nbwDFS,,,,
C1536.5,1536,14,2^1,yes,yes,no,cycDFS+nbwDFS,,,,
C1536.6,1536,12,2^1,yes,yes,no,cycDFS+nbwDFS,,,,
C1536.7,1536,14,2^1,yes,yes,no,cycDFS+nbwDFS,,,,
C1536.8,1536,14,2^1,yes,yes,no,cycDFS+nbwDFS,,,,
C1536.9,1536,14,2^1,yes,yes,no,cycDFS+nbwDFS,,,,
C1536.10,1536,16,2^1,yes,yes,no,cycDFS+nbwDFS,,,,
C1536.11,1536,12,2^1,yes,yes,no,cycDFS+nbwDFS,,,,
C1536.12,1536,12,3,yes,yes,no,cycDFS+nbwDFS,,,,
C1536.13,1536,12,3,yes,yes,no,cycDFS+nbwDFS,,,,
C1538.1,1538,6,1,yes,yes,no,cycDFS,,,,
C1544.1,1544,6,1,yes,yes,no,cycDFS,,,,
C1550.1,1550,6,1,yes,yes,no,cycDFS,,,,
C1552.1,1552,10,1,yes,yes,no,cycDFS+nbwDFS,,,,
C1554.1,1554,6,1,yes,yes,no,cycDFS,,,,
C1554.2,1554,6,1,yes,yes,no,cycDFS,,,,
C1560.1,1560,16,1,yes,yes,no,cycDFS+nbwDFS,,,,
C1568.1,1568,6,1,yes,yes,no,cycDFS,,,,
C1568.2,1568,6,2^1,yes,yes,no,cycDFS,,,,
C1574.1,1574,6,1,yes,yes,no,cycDFS,,,,
C1586.1,1586,6,1,yes,yes,no,cycDFS,,,,
C1586.2,1586,6,1,yes,yes,no,cycDFS,,,,
C1592.1,1592,6,1,yes,yes,no,cycDFS,,,,
C1600.1,1600,8,1,yes,no,no,cycDFS-besteffort,,,,
C1600.2,1600,10,2^1,yes,yes,no,cycDFS+nbwDFS,,,,
C1608.1,1608,12,1,yes,yes,no,cycDFS+nbwDFS,,,,
C1608.2,1608,6,1,yes,yes,no,cycDFS,,,,
C1620.1,1620,10,3,yes,yes,no,cycDFS+nbwDFS,,,,
C1622.1,1622,6,1,yes,yes,no,cycDFS,,,,
C1626.1,1626,6,1,yes,yes,no,cycDFS,,,,
C1632.1,1632,16,2^1,yes,yes,no,cycDFS+nbwDFS,,,,
C1632.2,1632,8,2^1,yes,no,yes,cycDFS-besteffort,,,,
C1632.3,1632,14,2^1,yes,yes,no,cycDFS+nbwDFS,,,,
C1632.4,1632,14,2^1,yes,yes,no,cycDFS+nbwDFS,,,,
C1632.5,1632,12,2^1,yes,yes,no,cycDFS+nbwDFS,,,,
C1632.6,1632,8,2^1,yes,no,no,cycDFS-besteffort,,,,
C1632.7,1632,16,3,yes,yes,no,cycDFS+nbwDFS,,,,
C1634.1,1634,6,1,yes,yes,no,cycDFS,,,,
C1634.2,1634,6,1,yes,yes,no,cycDFS,,,,
C1638.1,1638,6,1,yes,yes,no,cycDFS,,,,
C1638.2,1638,6,1,yes,yes,no,cycDFS,,,,
C1646.1,1646,6,1,yes,yes,no,cycDFS,,,,
C1648.1,1648,10,1,yes,yes,no,cycDFS+nbwDFS,,,,
C1658.1,1658,6,1,yes,yes,no,cycDFS,,,,
C1662.1,1662,6,1,yes,yes,no,cycDFS,,,,
C1664.1,1664,6,1,yes,yes,no,cycDFS,,,,
C1664.2,1664,12,1,yes,yes,no,cycDFS+nbwDFS,,,,
C1674.1,1674,6,1,yes,yes,no,cycDFS,,,,
C1674.2,1674,12,1,yes,yes,no,cycDFS+nbwDFS,,,,
C1680.1,1680,16,1,yes,yes,no,cycDFS+nbwDFS,,,,
C1680.2,1680,10,2^1,yes,yes,no,cycDFS+nbwDFS,,,,
C1682.1,1682,6,2^1,yes,yes,no,cycDFS,,,,
C1688.1,1688,6,1,yes,yes,no,cycDFS,,,,
C1694.1,1694,6,1,yes,yes,no,cycDFS,,,,
C1698.1,1698,6,1,yes,yes,no,cycDFS,,,,
C1706.1,1706,6,1,yes,yes,no,cycDFS,,,,
C1718.1,1718,6,1,yes,yes,no,cycDFS,,,,
C1728.1,1728,12,1,yes,yes,no,cycDFS+nbwDFS,,,,
C1728.2,1728,12,1,yes,yes,no,cycDFS+nbwDFS,,,,
C1728.3,1728,8,1,yes,no,yes,cycDFS-besteffort,,,,
C1728.4,1728,10,2^1,yes,yes,no,cycDFS+nbwDFS,,,,
C1728.5,1728,10,2^1,yes,yes,no,cycDFS+nbwDFS,,,,
C1728.6,1728,12,2^1,yes,yes,no,cycDFS+nbwDFS,,,,
C1728.7,1728,12,2^1,yes,yes,no,cycDFS+nbwDFS,,,,
C1728.8,1728,12,2^1,yes,yes,yes,cycDFS+nbwDFS,yes,yes,yes,
C1728.9,1728,14,2^1,yes,yes,no,cycDFS+nbwDFS,,,,
C1734.1,1734,6,2^1,yes,yes,no,cycDFS,,,,
C1736.1,1736,6,1,yes,yes,no,cycDFS,,,,
C1736.2,1736,6,1,yes,yes,no,cycDFS,,,,
C1742.1,1742,6,1,yes,yes,no,cycDFS,,,,
C1742.2,1742,6,1,yes,yes,no,cycDFS,,,,
C1744.1,1744,10,1,yes,yes,no,cycDFS+nbwDFS,,,,
C1746.1,1746,6,1,yes,yes,no,cycDFS,,,,
C1750.1,1750,12,1,yes,yes,no,cycDFS+nbwDFS,,,,
C1752.1,1752,6,1,yes,yes,no,cycDFS,,,,
C1752.2,1752,12,1,yes,yes,no,cycDFS+nbwDFS,,,,
C1754.1,1754,6,1,yes,yes,no,cycDFS,,,,
C1766.1,1766,6,1,yes,yes,no,cycDFS,,,,
C1776.1,1776,10,1,yes,yes,no,cycDFS+nbwDFS,,,,
C1776.2,1776,14,1,yes,yes,no,cycDFS+nbwDFS,,,,
C1778.1,1778,6,1,yes,yes,no,cycDFS,,,,
C1778.2,1778,6,1,yes,yes,no,cycDFS,,,,
C1784.1,1784,6,1,yes,yes,no,cycDFS,,,,
C1792.1,1792,12,1,yes,yes,yes,cycDFS+nbwDFS,yes,yes,yes,
C1792.2,1792,10,1,yes,yes,no,cycDFS+nbwDFS,,,,
C1792.3,1792,12,1,yes,yes,no,cycDFS+nbwDFS,,,,
C1792.4,1792,12,1,yes,yes,no,cycDFS+nbwDFS,,,,
C1792.5,1792,12,1,yes,yes,no,cycDFS+nbwDFS,,,,
C1792.6,1792,12,1,yes,yes,no,cycDFS+nbwDFS,,,,
C1792.7,1792,14,1,yes,yes,no,cycDFS+nbwDFS,,,,
C1792.8,1792,16,2^2,yes,yes,no,cycDFS+nbwDFS,,,,
C1800.1,1800,6,2^1,yes,yes,no,cycDFS,,,,
C1800.2,1800,12,2^1,yes,yes,no,cycDFS+nbwDFS,,,,
C1806.1,1806,6,1,yes,yes,no,cycDFS,,,,
C1806.2,1806,6,1,yes,yes,no,cycDFS,,,,
C1814.1,1814,6,1,yes,yes,no,cycDFS,,,,
C1824.1,1824,6,1,yes,yes,no,cycDFS,,,,
C1824.2,1824,12,1,yes,yes,no,cycDFS+nbwDFS,,,,
C1824.3,1824,12,1,yes,yes,yes,cycDFS+nbwDFS,yes,yes,yes,
C1832.1,1832,6,1,yes,yes,no,cycDFS,,,,
C1838.1,1838,6,1,yes,yes,no,cycDFS,,,,
C1842.1,1842,6,1,yes,yes,no,cycDFS,,,,
C1850.1,1850,6,1,yes,yes,no,cycDFS,,,,
C1854.1,1854,6,1,yes,yes,no,cycDFS,,,,
C1862.1,1862,6,1,yes,yes,no,cycDFS,,,,
C1862.2,1862,6,1,yes,yes,no,cycDFS,,,,
C1862.3,1862,6,1,yes,yes,no,cycDFS,,,,
C1872.1,1872,10,1,yes,yes,no,cycDFS+nbwDFS,,,,
C1872.2,1872,14,1,yes,yes,no,cycDFS+nbwDFS,,,,
C1872.3,1872,8,2^1,yes,no,yes,cycDFS-besteffort,,,,
C1872.4,1872,12,2^1,yes,yes,no,cycDFS+nbwDFS,,,,
C1872.5,1872,12,3,yes,yes,no,cycDFS+nbwDFS,,,,
C1874.1,1874,6,1,yes,yes,no,cycDFS,,,,
C1878.1,1878,6,1,yes,yes,no,cycDFS,,,,
C1896.1,1896,12,1,yes,yes,no,cycDFS+nbwDFS,,,,
C1896.2,1896,6,1,yes,yes,no,cycDFS,,,,
C1898.1,1898,6,1,yes,yes,no,cycDFS,,,,
C1898.2,1898,6,1,yes,yes,no,cycDFS,,,,
C1920.1,1920,16,2^1,yes,yes,no,cycDFS+nbwDFS,,,,
C1920.2,1920,14,2^1,yes,yes,no,cycDFS+nbwDFS,,,,
C1920.3,1920,10,2^1,yes,yes,no,cycDFS+nbwDFS,,,,
C1922.1,1922,6,1,yes,yes,no,cycDFS,,,,
C1922.2,1922,6,2^1,yes,yes,no,cycDFS,,,,
C1928.1,1928,6,1,yes,yes,no,cycDFS,,,,
C1934.1,1934,6,1,yes,yes,no,cycDFS,,,,
C1936.1,1936,8,1,yes,no,no,cycDFS-besteffort,,,,
C1936.2,1936,10,2^1,yes,yes,no,cycDFS+nbwDFS,,,,
C1944.1,1944,12,2^1,yes,yes,no,cycDFS+nbwDFS,,,,
C1944.2,1944,12,2^1,yes,yes,no,cycDFS+nbwDFS,,,,
C1944.3,1944,12,2^1,yes,yes,yes,cycDFS+nbwDFS,yes,yes,yes,
C1944.4,1944,12,2^1,yes,yes,yes,cycDFS+nbwDFS,yes,yes,yes,
C1944.5,1944,12,2^1,yes,yes,no,cycDFS+nbwDFS,,,,
C1944.6,1944,12,2^1,yes,yes,yes,cycDFS+nbwDFS,yes,yes,yes,
C1944.7,1944,6,2^1,yes,yes,no,cycDFS,,,,
C1946.1,1946,6,1,yes,yes,no,cycDFS,,,,
C1946.2,1946,6,1,yes,yes,no,cycDFS,,,,
C1950.1,1950,12,1,yes,yes,yes,cycDFS+nbwDFS,yes,yes,yes,
C1950.2,1950,6,1,yes,yes,no,cycDFS,,,,
C1952.1,1952,6,1,yes,yes,no,cycDFS,,,,
C1962.1,1962,6,1,yes,yes,no,cycDFS,,,,
C1976.1,1976,6,1,yes,yes,no,cycDFS,,,,
C1976.2,1976,6,1,yes,yes,no,cycDFS,,,,
C1982.1,1982,6,1,yes,yes,no,cycDFS,,,,
C1984.1,1984,10,1,yes,yes,no,cycDFS+nbwDFS,,,,
C1986.1,1986,6,1,yes,yes,no,cycDFS,,,,
C1994.1,1994,6,1,yes,yes,no,cycDFS,,,,
C1998.1,1998,6,1,yes,yes,no,cycDFS,,,,
C1998.2,1998,12,1,yes,yes,no,cycDFS+nbwDFS,,,,
C2000.1,2000,12,1,yes,yes,no,cycDFS+nbwDFS,,,,
C2000.2,2000,14,1,yes,yes,no,cycDFS+nbwDFS,,,,
C2000.3,2000,14,2^2,yes,yes,no,cycDFS+nbwDFS,,,,
C2000.4,2000,10,2^1,yes,yes,no,cycDFS+nbwDFS,,,,
C2000.5,2000,12,2^1,yes,yes,no,cycDFS+nbwDFS,,,,
C2016.1,2016,12,1,yes,yes,yes,cycDFS+nbwDFS,yes,yes,yes,
C2016.2,2016,6,1,yes,yes,no,cycDFS,,,,
C2016.3,2016,12,1,yes,yes,no,cycDFS+nbwDFS,,,,
C2016.4,2016,9,1,yes,yes,no,cycDFS+nbwDFS,,,,
C2016.5,2016,16,2^1,yes,yes,no,cycDFS+nbwDFS,,,,
C2016.6,2016,9,2^1,yes,yes,no,cycDFS+nbwDFS,,,,
C2016.7,2016,12,2^1,yes,yes,no,cycDFS+nbwDFS,,,,
C2016.8,2016,16,3,yes,yes,no,cycDFS+nbwDFS,,,,
C2018.1,2018,6,1,yes,yes,no,cycDFS,,,,
C2022.1,2022,6,1,yes,yes,no,cycDFS,,,,
C2024.1,2024,14,2^1,yes,yes,no,cycDFS+nbwDFS,,,,
C2024.2,2024,11,2^1,yes,yes,yes,cycDFS+nbwDFS,yes,yes,yes,
C2024.3,2024,14,2^1,yes,yes,no,cycDFS+nbwDFS,,,,
C2024.4,2024,12,2^1,yes,yes,yes,cycDFS+nbwDFS,yes,yes,yes,
C2024.5,2024,8,2^1,yes,no,yes,cycDFS-besteffort,,,,
C2024.6,2024,12,2^1,yes,yes,no,cycDFS+nbwDFS,,,,
C2024.7,2024,11,2^1,yes,yes,no,cycDFS+nbwDFS,,,,
C2024.8,2024,8,2^1,yes,no,yes,cycDFS-besteffort,,,,
C2024.9,2024,11,2^1,yes,yes,no,cycDFS+nbwDFS,,,,
C2024.10,2024,11,2^1,yes,yes,no,cycDFS+nbwDFS,,,,
C2024.11,2024,12,2^1,yes,yes,no,cycDFS+nbwDFS,,,,
C2024.12,2024,12,2^1,yes,yes,no,cycDFS+nbwDFS,,,,
C2024.13,2024,16,3,yes,yes,no,cycDFS+nbwDFS,,,,
C2030.1,2030,7,2^1,yes,yes,yes,cycDFS,yes,yes,yes,
C2030.2,2030,10,2^1,yes,yes,no,cycDFS+nbwDFS,,,,
C2030.3,2030,15,3,yes,yes,no,cycDFS+nbwDFS,,,,
C2032.1,2032,10,1,yes,yes,no,cycDFS+nbwDFS,,,,
C2042.1,2042,6,1,yes,yes,no,cycDFS,,,,
C2048.1,2048,14,1,yes,yes,no,cycDFS+nbwDFS,,,,
C2048.2,2048,14,1,yes,yes,no,cycDFS+nbwDFS,,,,
C2048.3,2048,12,1,yes,yes,no,cycDFS+nbwDFS,,,,
C2048.4,2048,16,1,yes,yes,no,cycDFS+nbwDFS,,,,
C2048.5,2048,16,1,yes,yes,no,cycDFS+nbwDFS,,,,
C2048.6,2048,8,1,yes,no,yes,cycDFS-besteffort,,,,
C2048.7,2048,16,1,yes,yes,no,cycDFS+nbwDFS,,,,
C2048.8,2048,6,2^1,yes,yes,no,cycDFS,,,,
C2048.9,2048,12,2^1,yes,yes,no,cycDFS+nbwDFS,,,,
C2048.10,2048,12,2^1,yes,yes,no,cycDFS+nbwDFS,,,,
C2048.11,2048,16,2^1,yes,yes,no,cycDFS+nbwDFS,,,,
C2048.12,2048,14,2^1,yes,yes,no,cycDFS+nbwDFS,,,,
C2048.13,2048,14,2^1,yes,yes,no,cycDFS+nbwDFS,,,,
C2048.14,2048,10,2^1,yes,yes,no,cycDFS+nbwDFS,,,,
C2048.15,2048,14,2^1,yes,yes,no,cycDFS+nbwDFS,,,,
C2048.16,2048,12,2^1,yes,yes,no,cycDFS+nbwDFS,,,,
C2048.17,2048,16,2^1,yes,yes,no,cycDFS+nbwDFS,,,,
C2048.18,2048,12,2^1,yes,yes,no,cycDFS+nbwDFS,,,,
C2048.19,2048,14,2^1,yes,yes,no,cycDFS+nbwDFS,,,,
C2048.20,2048,14,2^1,yes,yes,no,cycDFS+nbwDFS,,,,
C2048.21,2048,12,2^1,yes,yes,no,cycDFS+nbwDFS,,,,
C2048.22,2048,12,2^1,yes,yes,no,cycDFS+nbwDFS,,,,
C2048.23,2048,8,2^1,yes,no,no,cycDFS-besteffort,,,,
C2048.24,2048,8,2^1,yes,no,no,cycDFS-besteffort,,,,
C2048.25,2048,8,2^1,yes,no,yes,cycDFS-besteffort,,,,
C2054.1,2054,6,1,yes,yes,no,cycDFS,,,,
C2054.2,2054,6,1,yes,yes,no,cycDFS,,,,
C2058.1,2058,6,1,yes,yes,no,cycDFS,,,,
C2058.2,2058,6,1,yes,yes,no,cycDFS,,,,
C2058.3,2058,12,1,yes,yes,yes,cycDFS+nbwDFS,yes,yes,yes,
C2058.4,2058,12,2^1,yes,yes,no,cycDFS+nbwDFS,,,,
C2064.1,2064,14,1,yes,yes,no,cycDFS+nbwDFS,,,,
C2064.2,2064,10,1,yes,yes,no,cycDFS+nbwDFS,,,,
C2066.1,2066,6,1,yes,yes,no,cycDFS,,,,
C2072.1,2072,6,1,yes,yes,no,cycDFS,,,,
C2072.2,2072,6,1,yes,yes,no,cycDFS,,,,
C2078.1,2078,6,1,yes,yes,no,cycDFS,,,,
C2094.1,2094,6,1,yes,yes,no,cycDFS,,,,
C2102.1,2102,6,1,yes,yes,no,cycDFS,,,,
C2106.1,2106,6,1,yes,yes,no,cycDFS,,,,
C2106.2,2106,12,1,yes,yes,no,cycDFS+nbwDFS,,,,
C2106.3,2106,12,1,yes,yes,yes,cycDFS+nbwDFS,yes,yes,yes,
C2106.4,2106,12,1,yes,yes,yes,cycDFS+nbwDFS,yes,yes,yes,
C2106.5,2106,12,1,yes,yes,yes,cycDFS+nbwDFS,yes,yes,yes,
C2114.1,2114,6,1,yes,yes,no,cycDFS,,,,
C2114.2,2114,6,1,yes,yes,no,cycDFS,,,,
C2126.1,2126,6,1,yes,yes,no,cycDFS,,,,
C2128.1,2128,10,1,yes,yes,no,cycDFS+nbwDFS,,,,
C2128.2,2128,10,1,yes,yes,no,cycDFS+nbwDFS,,,,
C2138.1,2138,6,1,yes,yes,no,cycDFS,,,,
C2144.1,2144,6,1,yes,yes,no,cycDFS,,,,
C2150.1,2150,6,1,yes,yes,no,cycDFS,,,,
C2160.1,2160,16,1,yes,yes,no,cycDFS+nbwDFS,,,,
C2160.2,2160,16,1,yes,yes,no,cycDFS+nbwDFS,,,,
C2160.3,2160,16,2^1,yes,yes,no,cycDFS+nbwDFS,,,,
C2160.4,2160,10,2^1,yes,yes,no,cycDFS+nbwDFS,,,,
C2160.5,2160,8,2^1,yes,no,yes,cycDFS-besteffort,,,,
C2160.6,2160,16,3,yes,yes,no,cycDFS+nbwDFS,,,,
C2162.1,2162,15,4^1,yes,yes,yes,cycDFS+nbwDFS,yes,yes,yes,
C2166.1,2166,6,1,yes,yes,no,cycDFS,,,,
C2166.2,2166,6,2^1,yes,yes,no,cycDFS,,,,
C2168.1,2168,6,1,yes,yes,no,cycDFS,,,,
C2174.1,2174,6,1,yes,yes,no,cycDFS,,,,
C2178.1,2178,6,2^1,yes,yes,no,cycDFS,,,,
C2184.1,2184,12,1,yes,yes,no,cycDFS+nbwDFS,,,,
C2184.2,2184,12,1,yes,yes,no,cycDFS+nbwDFS,,,,
C2184.3,2184,6,1,yes,yes,no,cycDFS,,,,
C2184.4,2184,6,1,yes,yes,no,cycDFS,,,,
C2184.5,2184,14,2^1,yes,yes,no,cycDFS+nbwDFS,,,,
C2184.6,2184,14,2^1,yes,yes,no,cycDFS+nbwDFS,,,,
C2184.7,2184,12,2^1,yes,yes,no,cycDFS+nbwDFS,,,,
C2184.8,2184,12,2^1,yes,yes,no,cycDFS+nbwDFS,,,,
C2184.9,2184,14,2^1,yes,yes,no,cycDFS+nbwDFS,,,,
C2184.10,2184,14,2^1,yes,yes,no,cycDFS+nbwDFS,,,,
C2184.11,2184,12,2^1,yes,yes,yes,cycDFS+nbwDFS,yes,yes,yes,
C2184.12,2184,12,2^1,yes,yes,no,cycDFS+nbwDFS,,,,
C2184.13,2184,12,2^1,yes,yes,yes,cycDFS+nbwDFS,yes,yes,yes,
C2186.1,2186,6,1,yes,yes,no,cycDFS,,,,
C2198.1,2198,6,1,yes,yes,no,cycDFS,,,,
C2198.2,2198,6,1,yes,yes,no,cycDFS,,,,
C2202.1,2202,6,1,yes,yes,no,cycDFS,,,,
C2216.1,2216,6,1,yes,yes,no,cycDFS,,,,
C2224.1,2224,10,1,yes,yes,no,cycDFS+nbwDFS,,,,
C2232.1,2232,6,1,yes,yes,no,cycDFS,,,,
C2232.2,2232,12,1,yes,yes,no,cycDFS+nbwDFS,,,,
C2234.1,2234,6,1,yes,yes,no,cycDFS,,,,
C2238.1,2238,6,1,yes,yes,no,cycDFS,,,,
C2246.1,2246,6,1,yes,yes,no,cycDFS,,,,
C2250.1,2250,12,2^1,yes,yes,no,cycDFS+nbwDFS,,,,
C2258.1,2258,6,1,yes,yes,no,cycDFS,,,,
C2264.1,2264,6,1,yes,yes,no,cycDFS,,,,
C2274.1,2274,6,1,yes,yes,no,cycDFS,,,,
C2280.1,2280,16,1,yes,yes,no,cycDFS+nbwDFS,,,,
C2280.2,2280,10,2^1,yes,yes,no,cycDFS+nbwDFS,,,,
C2280.3,2280,12,2^1,yes,yes,yes,cycDFS+nbwDFS,yes,yes,yes,
C2280.4,2280,16,2^1,yes,yes,no,cycDFS+nbwDFS,,,,
C2280.5,2280,14,2^1,yes,yes,no,cycDFS+nbwDFS,,,,
C2280.6,2280,10,2^1,yes,yes,yes,cycDFS+nbwDFS,yes,yes,yes,
C2280.7,2280,12,2^1,yes,yes,no,cycDFS+nbwDFS,,,,
C2280.8,2280,16,3,yes,yes,no,cycDFS+nbwDFS,,,,
C2282.1,2282,6,1,yes,yes,no,cycDFS,,,,
C2282.2,2282,6,1,yes,yes,no,cycDFS,,,,
C2286.1,2286,6,1,yes,yes,no,cycDFS,,,,
C2294.1,2294,6,1,yes,yes,no,cycDFS,,,,
C2294.2,2294,6,1,yes,yes,no,cycDFS,,,,
C2304.1,2304,12,1,yes,yes,no,cycDFS+nbwDFS,,,,
C2304.2,2304,8,1,yes,no,no,cycDFS-besteffort,,,,
C2304.3,2304,12,1,yes,yes,no,cycDFS+nbwDFS,,,,
C2304.4,2304,12,1,yes,yes,no,cycDFS+nbwDFS,,,,
C2304.5,2304,10,2^1,yes,yes,no,cycDFS+nbwDFS,,,,
C2304.6,2304,14,2^1,yes,yes,no,cycDFS+nbwDFS,,,,
C2304.7,2304,12,2^1,yes,yes,no,cycDFS+nbwDFS,,,,
C2304.8,2304,12,2^1,yes,yes,yes,cycDFS+nbwDFS,yes,yes,yes,
C2304.9,2304,12,2^1,yes,yes,no,cycDFS+nbwDFS,,,,
C2304.10,2304,12,2^1,yes,yes,no,cycDFS+nbwDFS,,,,
C2304.11,2304,16,3,yes,yes,no,cycDFS+nbwDFS,,,,
C2306.1,2306,6,1,yes,yes,no,cycDFS,,,,
C2312.1,2312,6,2^1,yes,yes,no,cycDFS,,,,
C2318.1,2318,6,1,yes,yes,no,cycDFS,,,,
C2318.2,2318,6,1,yes,yes,no,cycDFS,,,,
C2322.1,2322,6,1,yes,yes,no,cycDFS,,,,
C2322.2,2322,12,1,yes,yes,no,cycDFS+nbwDFS,,,,
C2328.1,2328,12,1,yes,yes,no,cycDFS+nbwDFS,,,,
C2328.2,2328,6,1,yes,yes,no,cycDFS,,,,
C2336.1,2336,6,1,yes,yes,no,cycDFS,,,,
C2342.1,2342,6,1,yes,yes,no,cycDFS,,,,
C2352.1,2352,14,1,yes,yes,no,cycDFS+nbwDFS,,,,
C2352.2,2352,10,1,yes,yes,no,cycDFS+nbwDFS,,,,
C2352.3,2352,14,1,yes,yes,yes,cycDFS+nbwDFS,yes,yes,yes,
C2352.4,2352,16,1,yes,yes,no,cycDFS+nbwDFS,,,,
C2352.5,2352,10,2^1,yes,yes,no,cycDFS+nbwDFS,,,,
C2352.6,2352,14,2^1,yes,yes,no,cycDFS+nbwDFS,,,,
C2352.7,2352,14,5,yes,yes,no,cycDFS+nbwDFS,,,,
C2366.1,2366,6,1,yes,yes,no,cycDFS,,,,
C2366.2,2366,6,1,yes,yes,no,cycDFS,,,,
C2366.3,2366,6,1,yes,yes,no,cycDFS,,,,
C2368.1,2368,10,1,yes,yes,no,cycDFS+nbwDFS,,,,
C2382.1,2382,6,1,yes,yes,no,cycDFS,,,,
C2394.1,2394,6,1,yes,yes,no,cycDFS,,,,
C2394.2,2394,6,1,yes,yes,no,cycDFS,,,,
C2400.1,2400,12,2^1,yes,yes,no,cycDFS+nbwDFS,,,,
C2400.2,2400,6,2^1,yes,yes,no,cycDFS,,,,
C2400.3,2400,12,2^1,yes,yes,yes,cycDFS+nbwDFS,yes,yes,yes,
C2402.1,2402,6,1,yes,yes,no,cycDFS,,,,
C2408.1,2408,6,1,yes,yes,no,cycDFS,,,,
C2408.2,2408,6,1,yes,yes,no,cycDFS,,,,
C2416.1,2416,10,1,yes,yes,no,cycDFS+nbwDFS,,,,
C2418.1,2418,6,1,yes,yes,no,cycDFS,,,,
C2418.2,2418,6,1,yes,yes,no,cycDFS,,,,
C2426.1,2426,6,1,yes,yes,no,cycDFS,,,,
C2432.1,2432,12,1,yes,yes,no,cycDFS+nbwDFS,,,,
C2432.2,2432,6,1,yes,yes,no,cycDFS,,,,
C2448.1,2448,9,2^1,yes,yes,no,cycDFS+nbwDFS,,,,
C2448.2,2448,15,2^1,yes,yes,no,cycDFS+nbwDFS,,,,
C2448.3,2448,9,2^1,yes,yes,no,cycDFS+nbwDFS,,,,
C2448.4,2448,9,2^1,yes,yes,no,cycDFS+nbwDFS,,,,
C2448.5,2448,15,2^1,yes,yes,no,cycDFS+nbwDFS,,,,
C2448.6,2448,15,2^1,yes,yes,no,cycDFS+nbwDFS,,,,
C2450.1,2450,6,1,yes,yes,no,cycDFS,,,,
C2450.2,2450,6,2^1,yes,yes,no,cycDFS,,,,
C2454.1,2454,6,1,yes,yes,no,cycDFS,,,,
C2456.1,2456,6,1,yes,yes,no,cycDFS,,,,
C2462.1,2462,6,1,yes,yes,no,cycDFS,,,,
C2472.1,2472,12,1,yes,yes,no,cycDFS+nbwDFS,,,,
C2472.2,2472,6,1,yes,yes,no,cycDFS,,,,
C2474.1,2474,6,1,yes,yes,no,cycDFS,,,,
C2480.1,2480,8,2^1,yes,no,yes,cycDFS-besteffort,,,,
C2480.2,2480,15,2^1,yes,yes,no,cycDFS+nbwDFS,,,,
C2480.3,2480,15,3,yes,yes,no,cycDFS+nbwDFS,,,,
C2496.1,2496,14,1,yes,yes,yes,cycDFS+nbwDFS,yes,yes,yes,
C2496.2,2496,14,1,yes,yes,no,cycDFS+nbwDFS,,,,
C2496.3,2496,12,1,yes,yes,yes,cycDFS+nbwDFS,yes,yes,yes,
C2496.4,2496,12,1,yes,yes,no,cycDFS+nbwDFS,,,,
C2496.5,2496,10,1,yes,yes,no,cycDFS+nbwDFS,,,,
C2498.1,2498,6,1,yes,yes,no,cycDFS,,,,
C2500.1,2500,16,2^1,yes,yes,no,cycDFS+nbwDFS,,,,
C2500.2,2500,16,3,yes,yes,no,cycDFS+nbwDFS,,,,
C2502.1,2502,6,1,yes,yes,no,cycDFS,,,,
C2504.1,2504,6,1,yes,yes,no,cycDFS,,,,
C2512.1,2512,10,1,yes,yes,no,cycDFS+nbwDFS,,,,
C2520.1,2520,16,1,yes,yes,no,cycDFS+nbwDFS,,,,
C2520.2,2520,10,2^1,yes,yes,no,cycDFS+nbwDFS,,,,
C2522.1,2522,6,1,yes,yes,no,cycDFS,,,,
C2522.2,2522,6,1,yes,yes,no,cycDFS,,,,
C2526.1,2526,6,1,yes,yes,no,cycDFS,,,,
C2528.1,2528,6,1,yes,yes,no,cycDFS,,,,
C2534.1,2534,6,1,yes,yes,no,cycDFS,,,,
C2534.2,2534,6,1,yes,yes,no,cycDFS,,,,
C2546.1,2546,6,1,yes,yes,no,cycDFS,,,,
C2546.2,2546,6,1,yes,yes,no,cycDFS,,,,
C2558.1,2558,6,1,yes,yes,no,cycDFS,,,,
C2560.1,2560,16,1,yes,yes,no,cycDFS+nbwDFS,,,,
C2560.2,2560,10,1,yes,yes,no,cycDFS+nbwDFS,,,,
C2560.3,2560,16,2^1,yes,yes,no,cycDFS+nbwDFS,,,,
C2560.4,2560,10,2^1,yes,yes,no,cycDFS+nbwDFS,,,,
C2560.5,2560,12,3,yes,yes,no,cycDFS+nbwDFS,,,,
C2560.6,2560,16,3,yes,yes,no,cycDFS+nbwDFS,,,,
C2560.7,2560,16,3,yes,yes,no,cycDFS+nbwDFS,,,,
C2562.1,2562,6,1,yes,yes,no,cycDFS,,,,
C2562.2,2562,6,1,yes,yes,no,cycDFS,,,,
C2582.1,2582,6,1,yes,yes,no,cycDFS,,,,
C2592.1,2592,12,1,yes,yes,yes,cycDFS+nbwDFS,yes,yes,yes,
C2592.2,2592,12,1,yes,yes,no,cycDFS+nbwDFS,,,,
C2592.3,2592,12,1,yes,yes,yes,cycDFS+nbwDFS,yes,yes,yes,
C2592.4,2592,14,2^1,yes,yes,no,cycDFS+nbwDFS,,,,
C2592.5,2592,12,2^1,yes,yes,no,cycDFS+nbwDFS,,,,
C2592.6,2592,12,2^1,yes,yes,yes,cycDFS+nbwDFS,yes,yes,yes,
C2592.7,2592,6,2^1,yes,yes,no,cycDFS,,,,
C2592.8,2592,12,2^1,yes,yes,no,cycDFS+nbwDFS,,,,
C2592.9,2592,12,2^1,yes,yes,no,cycDFS+nbwDFS,,,,
C2592.10,2592,12,3,yes,yes,yes,cycDFS+nbwDFS,yes,yes,yes,
C2594.1,2594,6,1,yes,yes,no,cycDFS,,,,
C2598.1,2598,6,1,yes,yes,no,cycDFS,,,,
C2600.1,2600,6,1,yes,yes,no,cycDFS,,,,
C2600.2,2600,12,2^1,yes,yes,yes,cycDFS+nbwDFS,yes,yes,yes,
C2600.3,2600,8,2^1,yes,no,yes,cycDFS-besteffort,,,,
C2600.4,2600,13,2^1,yes,yes,no,cycDFS+nbwDFS,,,,
C2600.5,2600,14,2^1,yes,yes,yes,cycDFS+nbwDFS,yes,yes,yes,
C2600.6,2600,13,2^1,yes,yes,no,cycDFS+nbwDFS,,,,
C2600.7,2600,12,3,yes,yes,no,cycDFS+nbwDFS,,,,
C2600.8,2600,10,3,yes,yes,no,cycDFS+nbwDFS,,,,
C2606.1,2606,6,1,yes,yes,no,cycDFS,,,,
C2608.1,2608,10,1,yes,yes,no,cycDFS+nbwDFS,,,,
C2616.1,2616,12,1,yes,yes,no,cycDFS+nbwDFS,,,,
C2616.2,2616,6,1,yes,yes,no,cycDFS,,,,
C2634.1,2634,6,1,yes,yes,no,cycDFS,,,,
C2640.1,2640,12,2^1,yes,yes,yes,cycDFS+nbwDFS,yes,yes,yes,
C2640.2,2640,10,2^1,yes,yes,yes,cycDFS+nbwDFS,yes,yes,yes,
C2640.3,2640,16,2^1,yes,yes,no,cycDFS+nbwDFS,,,,
C2640.4,2640,10,2^1,yes,yes,no,cycDFS+nbwDFS,,,,
C2640.5,2640,14,2^1,yes,yes,yes,cycDFS+nbwDFS,yes,yes,yes,
C2640.6,2640,14,2^1,yes,yes,yes,cycDFS+nbwDFS,yes,yes,yes,
C2642.1,2642,6,1,yes,yes,no,cycDFS,,,,
C2646.1,2646,6,1,yes,yes,no,cycDFS,,,,
C2646.2,2646,12,1,yes,yes,no,cycDFS+nbwDFS,,,,
C2646.3,2646,6,2^1,yes,yes,no,cycDFS,,,,
C2646.4,2646,12,2^1,yes,yes,no,cycDFS+nbwDFS,,,,
C2648.1,2648,6,1,yes,yes,no,cycDFS,,,,
C2654.1,2654,6,1,yes,yes,no,cycDFS,,,,
C2662.1,2662,12,2^1,yes,yes,no,cycDFS+nbwDFS,,,,
C2664.1,2664,6,1,yes,yes,no,cycDFS,,,,
C2664.2,2664,12,1,yes,yes,no,cycDFS+nbwDFS,,,,
C2666.1,2666,6,1,yes,yes,no,cycDFS,,,,
C2666.2,2666,6,1,yes,yes,no,cycDFS,,,,
C2678.1,2678,6,1,yes,yes,no,cycDFS,,,,
C2678.2,2678,6,1,yes,yes,no,cycDFS,,,,
C2688.1,2688,14,1,yes,yes,yes,cycDFS+nbwDFS,yes,yes,yes,
C2688.2,2688,14,1,yes,yes,yes,cycDFS+nbwDFS,yes,yes,yes,
C2688.3,2688,12,1,yes,yes,no,cycDFS+nbwDFS,,,,
C2688.4,2688,12,1,yes,yes,yes,cycDFS+nbwDFS,yes,yes,yes,
C2688.5,2688,12,1,yes,yes,yes,cycDFS+nbwDFS,yes,yes,yes,
C2688.6,2688,12,1,yes,yes,no,cycDFS+nbwDFS,,,,
C2688.7,2688,6,1,yes,yes,no,cycDFS,,,,
C2688.8,2688,12,1,yes,yes,yes,cycDFS+nbwDFS,yes,yes,yes,
C2688.9,2688,14,1,yes,yes,no,cycDFS+nbwDFS,,,,
C2688.10,2688,14,1,yes,yes,no,cycDFS+nbwDFS,,,,
C2688.11,2688,8,2^1,yes,no,yes,cycDFS-besteffort,,,,
C2688.12,2688,12,2^1,yes,yes,yes,cycDFS+nbwDFS,yes,yes,yes,
C2688.13,2688,8,2^1,yes,no,yes,cycDFS-besteffort,,,,
C2688.14,2688,14,2^1,yes,yes,no,cycDFS+nbwDFS,,,,
C2688.15,2688,14,2^1,yes,yes,no,cycDFS+nbwDFS,,,,
C2688.16,2688,14,2^1,yes,yes,no,cycDFS+nbwDFS,,,,
C2688.17,2688,18,2^1,yes,yes,yes,cycDFS+nbwDFS,yes,yes,yes,
C2688.18,2688,14,2^1,yes,yes,no,cycDFS+nbwDFS,,,,
C2688.19,2688,16,2^1,yes,yes,no,cycDFS+nbwDFS,,,,
C2696.1,2696,6,1,yes,yes,no,cycDFS,,,,
C2702.1,2702,6,1,yes,yes,no,cycDFS,,,,
C2702.2,2702,6,1,yes,yes,no,cycDFS,,,,
C2704.1,2704,10,1,yes,yes,no,cycDFS+nbwDFS,,,,
C2704.2,2704,8,1,yes,no,no,cycDFS-besteffort,,,,
C2704.3,2704,10,2^1,yes,yes,no,cycDFS+nbwDFS,,,,
C2718.1,2718,6,1,yes,yes,no,cycDFS,,,,
C2720.1,2720,16,2^1,yes,yes,no,cycDFS+nbwDFS,,,,
C2720.2,2720,16,3,yes,yes,no,cycDFS+nbwDFS,,,,
C2736.1,2736,10,1,yes,yes,no,cycDFS+nbwDFS,,,,
C2736.2,2736,14,1,yes,yes,no,cycDFS+nbwDFS,,,,
C2738.1,2738,6,1,yes,yes,no,cycDFS,,,,
C2738.2,2738,6,2^1,yes,yes,no,cycDFS,,,,
C2742.1,2742,6,1,yes,yes,no,cycDFS,,,,
C2744.1,2744,6,1,yes,yes,no,cycDFS,,,,
C2744.2,2744,6,1,yes,yes,no,cycDFS,,,,
C2744.3,2744,10,2^1,yes,yes,no,cycDFS+nbwDFS,,,,
C2744.4,2744,12,2^1,yes,yes,no,cycDFS+nbwDFS,,,,
C2752.1,2752,10,1,yes,yes,no,cycDFS+nbwDFS,,,,
C2762.1,2762,6,1,yes,yes,no,cycDFS,,,,
C2774.1,2774,6,1,yes,yes,no,cycDFS,,,,
C2774.2,2774,6,1,yes,yes,no,cycDFS,,,,
C2778.1,2778,6,1,yes,yes,no,cycDFS,,,,
C2786.1,2786,6,1,yes,yes,no,cycDFS,,,,
C2786.2,2786,6,1,yes,yes,no,cycDFS,,,,
C2792.1,2792,6,1,yes,yes,no,cycDFS,,,,
C2798.1,2798,6,1,yes,yes,no,cycDFS,,,,
C2800.1,2800,10,1,yes,yes,no,cycDFS+nbwDFS,,,,
C2800.2,2800,12,1,yes,yes,yes,cycDFS+nbwDFS,yes,yes,yes,
C2800.3,2800,12,1,yes,yes,yes,cycDFS+nbwDFS,yes,yes,yes,
C2808.1,2808,12,1,yes,yes,no,cycDFS+nbwDFS,,,,
C2808.2,2808,6,1,yes,yes,no,cycDFS,,,,
C2808.3,2808,14,1,yes,yes,no,cycDFS+nbwDFS,,,,
C2808.4,2808,12,1,yes,yes,no,cycDFS+nbwDFS,,,,
C2808.5,2808,12,1,yes,yes,yes,cycDFS+nbwDFS,yes,yes,yes,
C2814.1,2814,6,1,yes,yes,no,cycDFS,,,,
C2814.2,2814,6,1,yes,yes,no,cycDFS,,,,
C2826.1,2826,6,1,yes,yes,no,cycDFS,,,,
C2834.1,2834,6,1,yes,yes,no,cycDFS,,,,
C2834.2,2834,6,1,yes,yes,no,cycDFS,,,,
C2846.1,2846,6,1,yes,yes,no,cycDFS,,,,
C2850.1,2850,12,1,yes,yes,yes,cycDFS+nbwDFS,yes,yes,yes,
C2850.2,2850,6,1,yes,yes,no,cycDFS,,,,
C2858.1,2858,6,1,yes,yes,no,cycDFS,,,,
C2870.1,2870,14,4^1,yes,yes,yes,cycDFS+nbwDFS,yes,yes,yes,
C2880.1,2880,16,2^1,yes,yes,no,cycDFS+nbwDFS,,,,
C2880.2,2880,16,2^1,yes,yes,no,cycDFS+nbwDFS,,,,
C2880.3,2880,8,2^1,yes,no,no,cycDFS-besteffort,,,,
C2880.4,2880,16,2^1,yes,yes,no,cycDFS+nbwDFS,,,,
C2880.5,2880,16,2^1,yes,yes,no,cycDFS+nbwDFS,,,,
C2886.1,2886,6,1,yes,yes,no,cycDFS,,,,
C2886.2,2886,6,1,yes,yes,no,cycDFS,,,,
C2888.1,2888,6,1,yes,yes,no,cycDFS,,,,
C2888.2,2888,6,2^1,yes,yes,no,cycDFS,,,,
C2894.1,2894,6,1,yes,yes,no,cycDFS,,,,
C2896.1,2896,10,1,yes,yes,no,cycDFS+nbwDFS,,,,
C2904.1,2904,12,2^1,yes,yes,no,cycDFS+nbwDFS,,,,
C2904.2,2904,6,2^1,yes,yes,no,cycDFS,,,,
C2906.1,2906,6,1,yes,yes,no,cycDFS,,,,
C2912.1,2912,6,1,yes,yes,no,cycDFS,,,,
C2912.2,2912,6,1,yes,yes,no,cycDFS,,,,
C2916.1,2916,15,2^1,yes,yes,no,cycDFS+nbwDFS,,,,
C2916.2,2916,9,2^1,yes,yes,no,cycDFS+nbwDFS,,,,
C2916.3,2916,16,2^1,yes,yes,no,cycDFS+nbwDFS,,,,
C2916.4,2916,10,2^1,yes,yes,no,cycDFS+nbwDFS,,,,
C2918.1,2918,6,1,yes,yes,no,cycDFS,,,,
C2922.1,2922,6,1,yes,yes,no,cycDFS,,,,
C2928.1,2928,14,1,yes,yes,no,cycDFS+nbwDFS,,,,
C2928.2,2928,10,1,yes,yes,no,cycDFS+nbwDFS,,,,
C2934.1,2934,6,1,yes,yes,no,cycDFS,,,,
C2936.1,2936,6,1,yes,yes,no,cycDFS,,,,
C2942.1,2942,6,1,yes,yes,no,cycDFS,,,,
C2954.1,2954,6,1,yes,yes,no,cycDFS,,,,
C2954.2,2954,6,1,yes,yes,no,cycDFS,,,,
C2966.1,2966,6,1,yes,yes,no,cycDFS,,,,
C2976.1,2976,12,1,yes,yes,yes,cycDFS+nbwDFS,yes,yes,yes,
C2976.2,2976,12,1,yes,yes,no,cycDFS+nbwDFS,,,,
C2976.3,2976,6,1,yes,yes,no,cycDFS,,,,
C2978.1,2978,6,1,yes,yes,no,cycDFS,,,,
C2984.1,2984,6,1,yes,yes,no,cycDFS,,,,
C2994.1,2994,6,1,yes,yes,no,cycDFS,,,,
C3000.1,3000,10,2^1,yes,yes,yes,cycDFS+nbwDFS,yes,yes,yes,
C3000.2,3000,14,2^1,yes,yes,yes,cycDFS+nbwDFS,yes,yes,yes,
C3000.3,3000,12,2^1,yes,yes,no,cycDFS+nbwDFS,,,,
C3000.4,3000,14,2^1,yes,yes,no,cycDFS+nbwDFS,,,,
C3002.1,3002,6,1,yes,yes,no,cycDFS,,,,
C3002.2,3002,6,1,yes,yes,no,cycDFS,,,,
C3024.1,3024,14,1,yes,yes,no,cycDFS+nbwDFS,,,,
C3024.2,3024,12,1,yes,yes,yes,cycDFS+nbwDFS,yes,yes,yes,
C3024.3,3024,14,1,yes,yes,yes,cycDFS+nbwDFS,yes,yes,yes,
C3024.4,3024,14,1,yes,yes,no,cycDFS+nbwDFS,,,,
C3024.5,3024,14,1,yes,yes,yes,cycDFS+nbwDFS,yes,yes,yes,
C3024.6,3024,10,1,yes,yes,no,cycDFS+nbwDFS,,,,
C3024.7,3024,12,1,yes,yes,no,cycDFS+nbwDFS,,,,
C3024.8,3024,18,1,yes,yes,yes,cycDFS+nbwDFS,yes,yes,yes,
C3024.9,3024,12,2^1,yes,yes,no,cycDFS+nbwDFS,,,,
C3024.10,3024,16,2^1,yes,yes,no,cycDFS+nbwDFS,,,,
C3024.11,3024,18,3,yes,yes,yes,cycDFS+nbwDFS,yes,yes,yes,
C3032.1,3032,6,1,yes,yes,no,cycDFS,,,,
C3038.1,3038,6,1,yes,yes,no,cycDFS,,,,
C3038.2,3038,6,1,yes,yes,no,cycDFS,,,,
C3038.3,3038,6,1,yes,yes,no,cycDFS,,,,
C3042.1,3042,6,1,yes,yes,no,cycDFS,,,,
C3042.2,3042,6,2^1,yes,yes,no,cycDFS,,,,
C3048.1,3048,12,1,yes,yes,no,cycDFS+nbwDFS,,,,
C3048.2,3048,6,1,yes,yes,no,cycDFS,,,,
C3050.1,3050,6,1,yes,yes,no,cycDFS,,,,
C3062.1,3062,6,1,yes,yes,no,cycDFS,,,,
C3066.1,3066,6,1,yes,yes,no,cycDFS,,,,
C3066.2,3066,6,1,yes,yes,no,cycDFS,,,,
C3072.1,3072,12,1,yes,yes,yes,cycDFS+nbwDFS,yes,yes,yes,
C3072.2,3072,12,1,yes,yes,yes,cycDFS+nbwDFS,yes,yes,yes,
C3072.3,3072,12,1,yes,yes,no,cycDFS+nbwDFS,,,,
C3072.4,3072,12,2^1,yes,yes,no,cycDFS+nbwDFS,,,,
C3072.5,3072,14,2^1,yes,yes,no,cycDFS+nbwDFS,,,,
C3072.6,3072,12,2^1,yes,yes,no,cycDFS+nbwDFS,,,,
C3072.7,3072,12,2^1,yes,yes,yes,cycDFS+nbwDFS,yes,yes,yes,
C3072.8,3072,14,2^1,yes,yes,no,cycDFS+nbwDFS,,,,
C3072.9,3072,16,2^1,yes,yes,no,cycDFS+nbwDFS,,,,
C3072.10,3072,12,2^1,yes,yes,no,cycDFS+nbwDFS,,,,
C3072.11,3072,12,2^1,yes,yes,no,cycDFS+nbwDFS,,,,
C3072.12,3072,10,2^1,yes,yes,no,cycDFS+nbwDFS,,,,
C3072.13,3072,12,2^1,yes,yes,no,cycDFS+nbwDFS,,,,
C3072.14,3072,12,2^1,yes,yes,no,cycDFS+nbwDFS,,,,
C3072.15,3072,12,2^1,yes,yes,no,cycDFS+nbwDFS,,,,
C3072.16,3072,12,2^1,yes,yes,no,cycDFS+nbwDFS,,,,
C3072.17,3072,12,2^1,yes,yes,no,cycDFS+nbwDFS,,,,
C3072.18,3072,16,2^1,yes,yes,no,cycDFS+nbwDFS,,,,
C3072.19,3072,14,2^1,yes,yes,no,cycDFS+nbwDFS,,,,
C3072.20,3072,12,3,yes,yes,no,cycDFS+nbwDFS,,,,
C3072.21,3072,16,3,yes,yes,no,cycDFS+nbwDFS,,,,
C3078.1,3078,12,1,yes,yes,no,cycDFS+nbwDFS,,,,
C3078.2,3078,6,1,yes,yes,no,cycDFS,,,,
C3078.3,3078,12,1,yes,yes,yes,cycDFS+nbwDFS,yes,yes,yes,
C3078.4,3078,12,1,yes,yes,yes,cycDFS+nbwDFS,yes,yes,yes,
C3078.5,3078,12,1,yes,yes,yes,cycDFS+nbwDFS,yes,yes,yes,
C3086.1,3086,6,1,yes,yes,no,cycDFS,,,,
C3088.1,3088,10,1,yes,yes,no,cycDFS+nbwDFS,,,,
C3096.1,3096,6,1,yes,yes,no,cycDFS,,,,
C3096.2,3096,12,1,yes,yes,no,cycDFS+nbwDFS,,,,
C3098.1,3098,6,1,yes,yes,no,cycDFS,,,,
C3104.1,3104,6,1,yes,yes,no,cycDFS,,,,
C3120.1,3120,16,1,yes,yes,no,cycDFS+nbwDFS,,,,
C3122.1,3122,6,1,yes,yes,no,cycDFS,,,,
C3122.2,3122,6,1,yes,yes,no,cycDFS,,,,
C3134.1,3134,6,1,yes,yes,no,cycDFS,,,,
C3136.1,3136,10,1,yes,yes,no,cycDFS+nbwDFS,,,,
C3136.2,3136,10,2^1,yes,yes,no,cycDFS+nbwDFS,,,,
C3138.1,3138,6,1,yes,yes,no,cycDFS,,,,
C3146.1,3146,6,1,yes,yes,no,cycDFS,,,,
C3150.1,3150,12,1,yes,yes,yes,cycDFS+nbwDFS,yes,yes,yes,
C3150.2,3150,6,1,yes,yes,no,cycDFS,,,,
C3158.1,3158,6,1,yes,yes,no,cycDFS,,,,
C3174.1,3174,6,2^1,yes,yes,no,cycDFS,,,,
C3176.1,3176,6,1,yes,yes,no,cycDFS,,,,
C3182.1,3182,6,1,yes,yes,no,cycDFS,,,,
C3182.2,3182,6,1,yes,yes,no,cycDFS,,,,
C3184.1,3184,10,1,yes,yes,no,cycDFS+nbwDFS,,,,
C3192.1,3192,12,1,yes,yes,no,cycDFS+nbwDFS,,,,
C3192.2,3192,12,1,yes,yes,no,cycDFS+nbwDFS,,,,
C3192.3,3192,6,1,yes,yes,no,cycDFS,,,,
C3192.4,3192,6,1,yes,yes,no,cycDFS,,,,
C3194.1,3194,6,1,yes,yes,no,cycDFS,,,,
C3200.1,3200,14,1,yes,yes,no,cycDFS+nbwDFS,,,,
C3200.2,3200,6,2^1,yes,yes,no,cycDFS,,,,
C3200.3,3200,12,2^1,yes,yes,no,cycDFS+nbwDFS,,,,
C3206.1,3206,6,1,yes,yes,no,cycDFS,,,,
C3206.2,3206,6,1,yes,yes,no,cycDFS,,,,
C3216.1,3216,14,1,yes,yes,no,cycDFS+nbwDFS,,,,
C3216.2,3216,10,1,yes,yes,no,cycDFS+nbwDFS,,,,
C3218.1,3218,6,1,yes,yes,no,cycDFS,,,,
C3224.1,3224,6,1,yes,yes,no,cycDFS,,,,
C3224.2,3224,6,1,yes,yes,no,cycDFS,,,,
C3240.1,3240,12,2^1,yes,yes,yes,cycDFS+nbwDFS,yes,yes,yes,
C3240.2,3240,10,3,yes,yes,no,cycDFS+nbwDFS,,,,
C3242.1,3242,6,1,yes,yes,no,cycDFS,,,,
C3246.1,3246,6,1,yes,yes,no,cycDFS,,,,
C3250.1,3250,12,1,yes,yes,no,cycDFS+nbwDFS,,,,
C3254.1,3254,6,1,yes,yes,no,cycDFS,,,,
C3258.1,3258,6,1,yes,yes,no,cycDFS,,,,
C3264.1,3264,16,2^1,yes,yes,no,cycDFS+nbwDFS,,,,
C3264.2,3264,14,2^1,yes,yes,yes,cycDFS+nbwDFS,yes,yes,yes,
C3264.3,3264,16,2^1,yes,yes,no,cycDFS+nbwDFS,,,,
C3264.4,3264,14,2^1,yes,yes,no,cycDFS+nbwDFS,,,,
C3264.5,3264,14,2^1,yes,yes,no,cycDFS+nbwDFS,,,,
C3264.6,3264,14,2^1,yes,yes,yes,cycDFS+nbwDFS,yes,yes,yes,
C3264.7,3264,16,3,yes,yes,no,cycDFS+nbwDFS,,,,
C3272.1,3272,6,1,yes,yes,no,cycDFS,,,,
C3276.1,3276,12,2^1,yes,yes,yes,cycDFS+nbwDFS,yes,yes,yes,
C3276.2,3276,14,2^1,yes,yes,yes,cycDFS+nbwDFS,yes,yes,yes,
C3276.3,3276,13,2^1,yes,yes,yes,cycDFS+nbwDFS,yes,yes,yes,
C3276.4,3276,7,2^1,yes,yes,yes,cycDFS,yes,yes,yes,
C3282.1,3282,6,1,yes,yes,no,cycDFS,,,,
C3294.1,3294,6,1,yes,yes,no,cycDFS,,,,
C3294.2,3294,12,1,yes,yes,no,cycDFS+nbwDFS,,,,
C3296.1,3296,6,1,yes,yes,no,cycDFS,,,,
C3302.1,3302,6,1,yes,yes,no,cycDFS,,,,
C3302.2,3302,6,1,yes,yes,no,cycDFS,,,,
C3314.1,3314,6,1,yes,yes,no,cycDFS,,,,
C3318.1,3318,6,1,yes,yes,no,cycDFS,,,,
C3318.2,3318,6,1,yes,yes,no,cycDFS,,,,
C3326.1,3326,6,1,yes,yes,no,cycDFS,,,,
C3328.1,3328,10,1,yes,yes,no,cycDFS+nbwDFS,,,,
C3328.2,3328,12,1,yes,yes,no,cycDFS+nbwDFS,,,,
C3328.3,3328,12,1,yes,yes,no,cycDFS+nbwDFS,,,,
C3328.4,3328,12,1,yes,yes,no,cycDFS+nbwDFS,,,,
C3328.5,3328,12,1,yes,yes,no,cycDFS+nbwDFS,,,,
C3336.1,3336,12,1,yes,yes,no,cycDFS+nbwDFS,,,,
C3336.2,3336,6,1,yes,yes,no,cycDFS,,,,
C3338.1,3338,6,1,yes,yes,no,cycDFS,,,,
C3350.1,3350,6,1,yes,yes,no,cycDFS,,,,
C3354.1,3354,6,1,yes,yes,no,cycDFS,,,,
C3354.2,3354,6,1,yes,yes,no,cycDFS,,,,
C3360.1,3360,12,1,yes,yes,yes,cycDFS+nbwDFS,yes,yes,yes,
C3360.2,3360,12,2^1,yes,yes,yes,cycDFS+nbwDFS,yes,yes,yes,
C3360.3,3360,18,2^1,yes,yes,yes,cycDFS+nbwDFS,yes,yes,yes,
C3360.4,3360,16,3,yes,yes,no,cycDFS+nbwDFS,,,,
C3362.1,3362,6,2^1,yes,yes,no,cycDFS,,,,
C3368.1,3368,6,1,yes,yes,no,cycDFS,,,,
C3374.1,3374,6,1,yes,yes,no,cycDFS,,,,
C3374.2,3374,6,1,yes,yes,no,cycDFS,,,,
C3376.1,3376,10,1,yes,yes,no,cycDFS+nbwDFS,,,,
C3386.1,3386,6,1,yes,yes,no,cycDFS,,,,
C3398.1,3398,6,1,yes,yes,no,cycDFS,,,,
C3402.1,3402,12,1,yes,yes,yes,cycDFS+nbwDFS,yes,yes,yes,
C3402.2,3402,12,1,yes,yes,no,cycDFS+nbwDFS,,,,
C3402.3,3402,12,1,yes,yes,yes,cycDFS+nbwDFS,yes,yes,yes,
C3402.4,3402,12,1,yes,yes,yes,cycDFS+nbwDFS,yes,yes,yes,
C3402.5,3402,6,1,yes,yes,no,cycDFS,,,,
C3402.6,3402,12,1,yes,yes,yes,cycDFS+nbwDFS,yes,yes,yes,
C3416.1,3416,6,1,yes,yes,no,cycDFS,,,,
C3416.2,3416,6,1,yes,yes,no,cycDFS,,,,
C3420.1,3420,9,2^1,yes,yes,no,cycDFS+nbwDFS,,,,
C3420.2,3420,9,2^1,yes,yes,no,cycDFS+nbwDFS,,,,
C3420.3,3420,15,2^1,yes,yes,yes,cycDFS+nbwDFS,yes,yes,yes,
C3420.4,3420,14,2^1,yes,yes,no,cycDFS+nbwDFS,,,,
C3420.5,3420,14,2^1,yes,yes,yes,cycDFS+nbwDFS,yes,yes,yes,
C3420.6,3420,9,2^1,yes,yes,no,cycDFS+nbwDFS,,,,
C3426.1,3426,6,1,yes,yes,no,cycDFS,,,,
C3446.1,3446,6,1,yes,yes,no,cycDFS,,,,
C3456.1,3456,16,1,yes,yes,no,cycDFS+nbwDFS,,,,
C3456.2,3456,16,1,yes,yes,no,cycDFS+nbwDFS,,,,
C3456.3,3456,14,1,yes,yes,no,cycDFS+nbwDFS,,,,
C3456.4,3456,12,2^1,yes,yes,yes,cycDFS+nbwDFS,yes,yes,yes,
C3456.5,3456,12,2^1,yes,yes,no,cycDFS+nbwDFS,,,,
C3456.6,3456,6,2^1,yes,yes,no,cycDFS,,,,
C3456.7,3456,12,2^1,yes,yes,no,cycDFS+nbwDFS,,,,
C3456.8,3456,12,2^1,yes,yes,yes,cycDFS+nbwDFS,yes,yes,yes,
C3456.9,3456,14,2^1,yes,yes,yes,cycDFS+nbwDFS,yes,yes,yes,
C3456.10,3456,12,2^1,yes,yes,no,cycDFS+nbwDFS,,,,
C3456.11,3456,12,2^1,yes,yes,no,cycDFS+nbwDFS,,,,
C3456.12,3456,14,2^1,yes,yes,no,cycDFS+nbwDFS,,,,
C3456.13,3456,10,2^1,yes,yes,no,cycDFS+nbwDFS,,,,
C3458.1,3458,6,1,yes,yes,no,cycDFS,,,,
C3458.2,3458,6,1,yes,yes,no,cycDFS,,,,
C3458.3,3458,6,1,yes,yes,no,cycDFS,,,,
C3458.4,3458,6,1,yes,yes,no,cycDFS,,,,
C3462.1,3462,6,1,yes,yes,no,cycDFS,,,,
C3464.1,3464,6,1,yes,yes,no,cycDFS,,,,
C3472.1,3472,10,1,yes,yes,no,cycDFS+nbwDFS,,,,
C3472.2,3472,10,1,yes,yes,no,cycDFS+nbwDFS,,,,
C3474.1,3474,6,1,yes,yes,no,cycDFS,,,,
C3482.1,3482,6,1,yes,yes,no,cycDFS,,,,
C3488.1,3488,6,1,yes,yes,no,cycDFS,,,,
C3494.1,3494,6,1,yes,yes,no,cycDFS,,,,
C3504.1,3504,14,1,yes,yes,no,cycDFS+nbwDFS,,,,
C3504.2,3504,10,1,yes,yes,no,cycDFS+nbwDFS,,,,
C3506.1,3506,6,1,yes,yes,no,cycDFS,,,,
C3512.1,3512,6,1,yes,yes,no,cycDFS,,,,
C3518.1,3518,6,1,yes,yes,no,cycDFS,,,,
C3528.1,3528,6,1,yes,yes,no,cycDFS,,,,
C3528.2,3528,12,1,yes,yes,no,cycDFS+nbwDFS,,,,
C3528.3,3528,12,2^1,yes,yes,no,cycDFS+nbwDFS,,,,
C3528.4,3528,6,2^1,yes,yes,no,cycDFS,,,,
C3534.1,3534,6,1,yes,yes,no,cycDFS,,,,
C3534.2,3534,6,1,yes,yes,no,cycDFS,,,,
C3552.1,3552,12,1,yes,yes,yes,cycDFS+nbwDFS,yes,yes,yes,
C3552.2,3552,12,1,yes,yes,no,cycDFS+nbwDFS,,,,
C3552.3,3552,6,1,yes,yes,no,cycDFS,,,,
C3554.1,3554,6,1,yes,yes,no,cycDFS,,,,
C3566.1,3566,6,1,yes,yes,no,cycDFS,,,,
C3568.1,3568,10,1,yes,yes,no,cycDFS+nbwDFS,,,,
C3578.1,3578,6,1,yes,yes,no,cycDFS,,,,
C3582.1,3582,6,1,yes,yes,no,cycDFS,,,,
C3584.1,3584,14,1,yes,yes,no,cycDFS+nbwDFS,,,,
C3584.2,3584,14,1,yes,yes,no,cycDFS+nbwDFS,,,,
C3584.3,3584,14,1,yes,yes,no,cycDFS+nbwDFS,,,,
C3584.4,3584,14,1,yes,yes,no,cycDFS+nbwDFS,,,,
C3584.5,3584,12,1,yes,yes,no,cycDFS+nbwDFS,,,,
C3584.6,3584,16,1,yes,yes,no,cycDFS+nbwDFS,,,,
C3584.7,3584,12,1,yes,yes,no,cycDFS+nbwDFS,,,,
C3584.8,3584,6,1,yes,yes,no,cycDFS,,,,
C3584.9,3584,12,1,yes,yes,no,cycDFS+nbwDFS,,,,
C3584.10,3584,12,1,yes,yes,yes,cycDFS+nbwDFS,yes,yes,yes,
C3584.11,3584,12,1,yes,yes,yes,cycDFS+nbwDFS,yes,yes,yes,
C3584.12,3584,12,1,yes,yes,yes,cycDFS+nbwDFS,yes,yes,yes,
C3584.13,3584,7,1,yes,yes,yes,cycDFS,yes,yes,yes,
C3584.14,3584,7,2^1,yes,yes,no,cycDFS,,,,
C3584.15,3584,14,2^2,yes,yes,yes,cycDFS+nbwDFS,yes,yes,yes,
C3584.16,3584,14,3,yes,yes,no,cycDFS+nbwDFS,,,,
C3584.17,3584,12,4^1,yes,yes,no,cycDFS+nbwDFS,,,,
C3600.1,3600,12,1,yes,yes,yes,cycDFS+nbwDFS,yes,yes,yes,
C3600.2,3600,12,1,yes,yes,no,cycDFS+nbwDFS,,,,
C3600.3,3600,14,2^1,yes,yes,no,cycDFS+nbwDFS,,,,
C3600.4,3600,10,2^1,yes,yes,no,cycDFS+nbwDFS,,,,
C3602.1,3602,6,1,yes,yes,no,cycDFS,,,,
C3606.1,3606,6,1,yes,yes,no,cycDFS,,,,
C3614.1,3614,6,1,yes,yes,no,cycDFS,,,,
C3614.2,3614,6,1,yes,yes,no,cycDFS,,,,
C3618.1,3618,6,1,yes,yes,no,cycDFS,,,,
C3618.2,3618,12,1,yes,yes,no,cycDFS+nbwDFS,,,,
C3624.1,3624,12,1,yes,yes,no,cycDFS+nbwDFS,,,,
C3624.2,3624,6,1,yes,yes,no,cycDFS,,,,
C3626.1,3626,6,1,yes,yes,no,cycDFS,,,,
C3626.2,3626,6,1,yes,yes,no,cycDFS,,,,
C3626.3,3626,6,1,yes,yes,no,cycDFS,,,,
C3642.1,3642,6,1,yes,yes,no,cycDFS,,,,
C3648.1,3648,14,1,yes,yes,yes,cycDFS+nbwDFS,yes,yes,yes,
C3648.2,3648,14,1,yes,yes,no,cycDFS+nbwDFS,,,,
C3648.3,3648,12,1,yes,yes,yes,cycDFS+nbwDFS,yes,yes,yes,
C3648.4,3648,12,1,yes,yes,no,cycDFS+nbwDFS,,,,
C3648.5,3648,10,1,yes,yes,no,cycDFS+nbwDFS,,,,
C3650.1,3650,6,1,yes,yes,no,cycDFS,,,,
C3656.1,3656,6,1,yes,yes,no,cycDFS,,,,
C3662.1,3662,6,1,yes,yes,no,cycDFS,,,,
C3664.1,3664,10,1,yes,yes,no,cycDFS+nbwDFS,,,,
C3678.1,3678,6,1,yes,yes,no,cycDFS,,,,
C3686.1,3686,6,1,yes,yes,no,cycDFS,,,,
C3686.2,3686,6,1,yes,yes,no,cycDFS,,,,
C3698.1,3698,6,1,yes,yes,no,cycDFS,,,,
C3698.2,3698,6,2^1,yes,yes,no,cycDFS,,,,
C3704.1,3704,6,1,yes,yes,no,cycDFS,,,,
C3714.1,3714,6,1,yes,yes,no,cycDFS,,,,
C3720.1,3720,14,1,yes,yes,yes,cycDFS+nbwDFS,yes,yes,yes,
C3722.1,3722,6,1,yes,yes,no,cycDFS,,,,
C3734.1,3734,6,1,yes,yes,no,cycDFS,,,,
C3744.1,3744,12,1,yes,yes,yes,cycDFS+nbwDFS,yes,yes,yes,
C3744.2,3744,8,1,yes,no,no,cycDFS-besteffort,,,,
C3744.3,3744,12,1,yes,yes,yes,cycDFS+nbwDFS,yes,yes,yes,
C3744.4,3744,12,1,yes,yes,no,cycDFS+nbwDFS,,,,
C3744.5,3744,6,1,yes,yes,no,cycDFS,,,,
C3744.6,3744,12,2^1,yes,yes,no,cycDFS+nbwDFS,,,,
C3744.7,3744,8,2^1,yes,no,yes,cycDFS-besteffort,,,,
C3744.8,3744,12,3,yes,yes,no,cycDFS+nbwDFS,,,,
C3746.1,3746,6,1,yes,yes,no,cycDFS,,,,
C3750.1,3750,6,2^1,yes,yes,no,cycDFS,,,,
C3750.2,3750,12,3,yes,yes,yes,cycDFS+nbwDFS,yes,yes,yes,
C3752.1,3752,6,1,yes,yes,no,cycDFS,,,,
C3752.2,3752,6,1,yes,yes,no,cycDFS,,,,
C3758.1,3758,6,1,yes,yes,no,cycDFS,,,,
C3768.1,3768,12,1,yes,yes,no,cycDFS+nbwDFS,,,,
C3768.2,3768,6,1,yes,yes,no,cycDFS,,,,
C3782.1,3782,6,1,yes,yes,no,cycDFS,,,,
C3782.2,3782,6,1,yes,yes,no,cycDFS,,,,
C3786.1,3786,6,1,yes,yes,no,cycDFS,,,,
C3792.1,3792,14,1,yes,yes,no,cycDFS+nbwDFS,,,,
C3792.2,3792,10,1,yes,yes,no,cycDFS+nbwDFS,,,,
C3794.1,3794,6,1,yes,yes,no,cycDFS,,,,
C3794.2,3794,6,1,yes,yes,no,cycDFS,,,,
C3798.1,3798,6,1,yes,yes,no,cycDFS,,,,
C3800.1,3800,6,1,yes,yes,no,cycDFS,,,,
C3822.1,3822,12,1,yes,yes,yes,cycDFS+nbwDFS,yes,yes,yes,
C3822.2,3822,6,1,yes,yes,no,cycDFS,,,,
C3822.3,3822,6,1,yes,yes,no,cycDFS,,,,
C3822.4,3822,6,1,yes,yes,no,cycDFS,,,,
C3840.1,3840,12,1,yes,yes,yes,cycDFS+nbwDFS,yes,yes,yes,
C3840.2,3840,16,2^1,yes,yes,no,cycDFS+nbwDFS,,,,
C3840.3,3840,18,2^1,yes,yes,yes,cycDFS+nbwDFS,yes,yes,yes,
C3840.4,3840,18,2^1,yes,yes,yes,cycDFS+nbwDFS,yes,yes,yes,
C3840.5,3840,12,2^1,yes,yes,yes,cycDFS+nbwDFS,yes,yes,yes,
C3840.6,3840,10,2^1,yes,yes,yes,cycDFS+nbwDFS,yes,yes,yes,
C3840.7,3840,10,2^1,yes,yes,no,cycDFS+nbwDFS,,,,
C3840.8,3840,16,2^1,yes,yes,no,cycDFS+nbwDFS,,,,
C3840.9,3840,12,2^1,yes,yes,yes,cycDFS+nbwDFS,yes,yes,yes,
C3840.10,3840,16,2^1,yes,yes,no,cycDFS+nbwDFS,,,,
C3840.11,3840,10,2^1,yes,yes,yes,cycDFS+nbwDFS,yes,yes,yes,
C3848.1,3848,6,1,yes,yes,no,cycDFS,,,,
C3848.2,3848,6,1,yes,yes,no,cycDFS,,,,
C3856.1,3856,10,1,yes,yes,no,cycDFS+nbwDFS,,,,
C3858.1,3858,6,1,yes,yes,no,cycDFS,,,,
C3866.1,3866,6,1,yes,yes,no,cycDFS,,,,
C3872.1,3872,6,2^1,yes,yes,no,cycDFS,,,,
C3878.1,3878,6,1,yes,yes,no,cycDFS,,,,
C3878.2,3878,6,1,yes,yes,no,cycDFS,,,,
C3888.1,3888,12,1,yes,yes,no,cycDFS+nbwDFS,,,,
C3888.2,3888,18,1,yes,yes,yes,cycDFS+nbwDFS,yes,yes,yes,
C3888.3,3888,12,1,yes,yes,yes,cycDFS+nbwDFS,yes,yes,yes,
C3888.4,3888,16,1,yes,yes,no,cycDFS+nbwDFS,,,,
C3888.5,3888,18,1,yes,yes,yes,cycDFS+nbwDFS,yes,yes,yes,
C3888.6,3888,12,1,yes,yes,yes,cycDFS+nbwDFS,yes,yes,yes,
C3888.7,3888,12,1,yes,yes,no,cycDFS+nbwDFS,,,,
C3888.8,3888,8,1,yes,no,yes,cycDFS-besteffort,,,,
C3888.9,3888,8,1,yes,no,yes,cycDFS-besteffort,,,,
C3888.10,3888,18,1,yes,yes,yes,cycDFS+nbwDFS,yes,yes,yes,
C3888.11,3888,12,2^1,yes,yes,no,cycDFS+nbwDFS,,,,
C3888.12,3888,8,2^1,yes,no,no,cycDFS-besteffort,,,,
C3888.13,3888,8,2^1,yes,no,no,cycDFS-besteffort,,,,
C3888.14,3888,14,2^1,yes,yes,no,cycDFS+nbwDFS,,,,
C3888.15,3888,14,2^1,yes,yes,no,cycDFS+nbwDFS,,,,
C3888.16,3888,14,2^1,yes,yes,yes,cycDFS+nbwDFS,yes,yes,yes,
C3888.17,3888,14,2^1,yes,yes,yes,cycDFS+nbwDFS,yes,yes,yes,
C3888.18,3888,12,2^1,yes,yes,no,cycDFS+nbwDFS,,,,
C3888.19,3888,14,2^1,yes,yes,yes,cycDFS+nbwDFS,yes,yes,yes,
C3888.20,3888,10,2^1,yes,yes,no,cycDFS+nbwDFS,,,,
C3896.1,3896,6,1,yes,yes,no,cycDFS,,,,
C3902.1,3902,6,1,yes,yes,no,cycDFS,,,,
C3904.1,3904,10,1,yes,yes,no,cycDFS+nbwDFS,,,,
C3906.1,3906,6,1,yes,yes,no,cycDFS,,,,
C3906.2,3906,6,1,yes,yes,no,cycDFS,,,,
C3912.1,3912,12,1,yes,yes,no,cycDFS+nbwDFS,,,,
C3912.2,3912,6,1,yes,yes,no,cycDFS,,,,
C3914.1,3914,6,1,yes,yes,no,cycDFS,,,,
C3914.2,3914,6,1,yes,yes,no,cycDFS,,,,
C3926.1,3926,6,1,yes,yes,no,cycDFS,,,,
C3926.2,3926,6,1,yes,yes,no,cycDFS,,,,
C3942.1,3942,6,1,yes,yes,no,cycDFS,,,,
C3942.2,3942,12,1,yes,yes,no,cycDFS+nbwDFS,,,,
C3950.1,3950,6,1,yes,yes,no,cycDFS,,,,
C3952.1,3952,10,1,yes,yes,no,cycDFS+nbwDFS,,,,
C3952.2,3952,10,1,yes,yes,no,cycDFS+nbwDFS,,,,
C3960.1,3960,12,2^1,yes,yes,no,cycDFS+nbwDFS,,,,
C3960.2,3960,16,2^1,yes,yes,no,cycDFS+nbwDFS,,,,
C3960.3,3960,12,3,yes,yes,yes,cycDFS+nbwDFS,yes,yes,yes,
C3962.1,3962,6,1,yes,yes,no,cycDFS,,,,
C3962.2,3962,6,1,yes,yes,no,cycDFS,,,,
C3966.1,3966,6,1,yes,yes,no,cycDFS,,,,
C3968.1,3968,12,1,yes,yes,no,cycDFS+nbwDFS,,,,
C3968.2,3968,6,1,yes,yes,no,cycDFS,,,,
C3974.1,3974,6,1,yes,yes,no,cycDFS,,,,
C3986.1,3986,6,1,yes,yes,no,cycDFS,,,,
C3992.1,3992,6,1,yes,yes,no,cycDFS,,,,
C3998.1,3998,6,1,yes,yes,no,cycDFS,,,,
C4000.1,4000,8,1,yes,no,yes,cycDFS-besteffort,,,,
C4000.2,4000,10,2^1,yes,yes,no,cycDFS+nbwDFS,,,,
C4000.3,4000,12,2^1,yes,yes,no,cycDFS+nbwDFS,,,,
C4014.1,4014,6,1,yes,yes,no,cycDFS,,,,
C4022.1,4022,6,1,yes,yes,no,cycDFS,,,,
C4032.1,4032,12,1,yes,yes,no,cycDFS+nbwDFS,,,,
C4032.2,4032,12,1,yes,yes,no,cycDFS+nbwDFS,,,,
C4032.3,4032,14,1,yes,yes,yes,cycDFS+nbwDFS,yes,yes,yes,
C4032.4,4032,14,1,yes,yes,no,cycDFS+nbwDFS,,,,
C4032.5,4032,12,1,yes,yes,no,cycDFS+nbwDFS,,,,
C4032.6,4032,12,1,yes,yes,yes,cycDFS+nbwDFS,yes,yes,yes,
C4032.7,4032,10,1,yes,yes,no,cycDFS+nbwDFS,,,,
C4032.8,4032,12,1,yes,yes,no,cycDFS+nbwDFS,,,,
C4032.9,4032,16,2^1,yes,yes,no,cycDFS+nbwDFS,,,,
C4032.10,4032,18,2^1,yes,yes,yes,cycDFS+nbwDFS,yes,yes,yes,
C4032.11,4032,16,2^1,yes,yes,no,cycDFS+nbwDFS,,,,
C4032.12,4032,16,2^1,yes,yes,no,cycDFS+nbwDFS,,,,
C4032.13,4032,16,2^1,yes,yes,no,cycDFS+nbwDFS,,,,
C4034.1,4034,6,1,yes,yes,no,cycDFS,,,,
C4038.1,4038,6,1,yes,yes,no,cycDFS,,,,
C4046.1,4046,6,1,yes,yes,no,cycDFS,,,,
C4048.1,4048,12,2^1,yes,yes,no,cycDFS+nbwDFS,,,,
C4048.2,4048,16,2^1,yes,yes,no,cycDFS+nbwDFS,,,,
C4048.3,4048,8,2^1,yes,no,yes,cycDFS-besteffort,,,,
C4048.4,4048,14,2^1,yes,yes,no,cycDFS+nbwDFS,,,,
C4048.5,4048,12,2^1,yes,yes,yes,cycDFS+nbwDFS,yes,yes,yes,
C4048.6,4048,14,2^1,yes,yes,no,cycDFS+nbwDFS,,,,
C4048.7,4048,14,2^1,yes,yes,yes,cycDFS+nbwDFS,yes,yes,yes,
C4048.8,4048,16,2^1,yes,yes,no,cycDFS+nbwDFS,,,,
C4048.9,4048,8,2^1,yes,no,yes,cycDFS-besteffort,,,,
C4048.10,4048,16,3,yes,yes,no,cycDFS+nbwDFS,,,,
C4050.1,4050,12,1,yes,yes,no,cycDFS+nbwDFS,,,,
C4050.2,4050,12,1,yes,yes,yes,cycDFS+nbwDFS,yes,yes,yes,
C4050.3,4050,6,2^1,yes,yes,no,cycDFS,,,,
C4050.4,4050,12,2^1,yes,yes,yes,cycDFS+nbwDFS,yes,yes,yes,
C4050.5,4050,12,2^1,yes,yes,no,cycDFS+nbwDFS,,,,
C4056.1,4056,6,1,yes,yes,no,cycDFS,,,,
C4056.2,4056,12,1,yes,yes,no,cycDFS+nbwDFS,,,,
C4056.3,4056,6,2^1,yes,yes,no,cycDFS,,,,
C4056.4,4056,12,2^1,yes,yes,no,cycDFS+nbwDFS,,,,
C4058.1,4058,6,1,yes,yes,no,cycDFS,,,,
C4060.1,4060,7,2^1,yes,yes,yes,cycDFS,yes,yes,yes,
C4060.2,4060,7,2^1,yes,yes,yes,cycDFS,yes,yes,yes,
C4060.3,4060,14,2^1,yes,yes,yes,cycDFS+nbwDFS,yes,yes,yes,
C4060.4,4060,12,2^1,yes,yes,yes,cycDFS+nbwDFS,yes,yes,yes,
C4060.5,4060,10,2^1,yes,yes,no,cycDFS+nbwDFS,,,,
C4060.6,4060,10,2^1,yes,yes,yes,cycDFS+nbwDFS,yes,yes,yes,
C4060.7,4060,16,2^1,yes,yes,no,cycDFS+nbwDFS,,,,
C4060.8,4060,14,2^1,yes,yes,no,cycDFS+nbwDFS,,,,
C4060.9,4060,12,2^1,yes,yes,no,cycDFS+nbwDFS,,,,
C4060.10,4060,7,2^1,yes,yes,yes,cycDFS,yes,yes,yes,
C4060.11,4060,12,2^1,yes,yes,no,cycDFS+nbwDFS,,,,
C4060.12,4060,12,2^1,yes,yes,no,cycDFS+nbwDFS,,,,
C4060.13,4060,14,2^1,yes,yes,no,cycDFS+nbwDFS,,,,
C4060.14,4060,10,2^1,yes,yes,no,cycDFS+nbwDFS,,,,
C4060.15,4060,14,2^1,yes,yes,no,cycDFS+nbwDFS,,,,
C4060.16,4060,15,2^1,yes,yes,no,cycDFS+nbwDFS,,,,
C4060.17,4060,16,3,yes,yes,no,cycDFS+nbwDFS,,,,
C4064.1,4064,6,1,yes,yes,no,cycDFS,,,,
C4074.1,4074,6,1,yes,yes,no,cycDFS,,,,
C4074.2,4074,6,1,yes,yes,no,cycDFS,,,,
C4080.1,4080,15,2^1,yes,yes,yes,cycDFS+nbwDFS,yes,yes,yes,
C4080.2,4080,15,2^1,yes,yes,yes,cycDFS+nbwDFS,yes,yes,yes,
C4080.3,4080,18,2^1,yes,yes,yes,cycDFS+nbwDFS,yes,yes,yes,
C4082.1,4082,6,1,yes,yes,no,cycDFS,,,,
C4082.2,4082,6,1,yes,yes,no,cycDFS,,,,
C4088.1,4088,6,1,yes,yes,no,cycDFS,,,,
C4088.2,4088,6,1,yes,yes,no,cycDFS,,,,
C4096.1,4096,16,1,yes,yes,no,cycDFS+nbwDFS,,,,
C4096.2,4096,16,1,yes,yes,no,cycDFS+nbwDFS,,,,
C4096.3,4096,14,1,yes,yes,no,cycDFS+nbwDFS,,,,
C4096.4,4096,12,1,yes,yes,yes,cycDFS+nbwDFS,yes,yes,yes,
C4096.5,4096,12,1,yes,yes,no,cycDFS+nbwDFS,,,,
C4096.6,4096,12,1,yes,yes,no,cycDFS+nbwDFS,,,,
C4096.7,4096,16,1,yes,yes,no,cycDFS+nbwDFS,,,,
C4096.8,4096,12,1,yes,yes,no,cycDFS+nbwDFS,,,,
C4096.9,4096,14,1,yes,yes,no,cycDFS+nbwDFS,,,,
C4096.10,4096,16,1,yes,yes,no,cycDFS+nbwDFS,,,,
C4096.11,4096,14,1,yes,yes,no,cycDFS+nbwDFS,,,,
C4096.12,4096,8,1,yes,no,yes,cycDFS-besteffort,,,,
C4096.13,4096,10,2^1,yes,yes,no,cycDFS+nbwDFS,,,,
C4096.14,4096,12,2^1,yes,yes,no,cycDFS+nbwDFS,,,,
C4096.15,4096,12,2^1,yes,yes,no,cycDFS+nbwDFS,,,,
C4096.16,4096,12,2^1,yes,yes,no,cycDFS+nbwDFS,,,,
C4096.17,4096,16,2^1,yes,yes,no,cycDFS+nbwDFS,,,,
C4096.18,4096,12,2^1,yes,yes,yes,cycDFS+nbwDFS,yes,yes,yes,
C4096.19,4096,12,2^1,yes,yes,no,cycDFS+nbwDFS,,,,
C4096.20,4096,16,2^1,yes,yes,no,cycDFS+nbwDFS,,,,
C4096.21,4096,16,2^1,yes,yes,no,cycDFS+nbwDFS,,,,
C4096.22,4096,14,2^1,yes,yes,no,cycDFS+nbwDFS,,,,
C4096.23,4096,12,2^1,yes,yes,no,cycDFS+nbwDFS,,,,
C4096.24,4096,8,2^1,yes,no,no,cycDFS-besteffort,,,,
C4096.25,4096,14,2^1,yes,yes,no,cycDFS+nbwDFS,,,,
C4096.26,4096,8,2^1,yes,no,yes,cycDFS-besteffort,,,,
C4096.27,4096,14,2^1,yes,yes,no,cycDFS+nbwDFS,,,,
C4096.28,4096,12,2^1,yes,yes,no,cycDFS+nbwDFS,,,,
C4096.29,4096,14,2^1,yes,yes,no,cycDFS+nbwDFS,,,,
C4096.30,4096,14,2^1,yes,yes,no,cycDFS+nbwDFS,,,,
C4096.31,4096,14,2^1,yes,yes,no,cycDFS+nbwDFS,,,,
C4096.32,4096,16,2^1,yes,yes,no,cycDFS+nbwDFS,,,,
C4096.33,4096,12,2^1,yes,yes,yes,cycDFS+nbwDFS,yes,yes,yes,
C4096.34,4096,16,2^1,yes,yes,no,cycDFS+nbwDFS,,,,
C4096.35,4096,14,2^1,yes,yes,no,cycDFS+nbwDFS,,,,
C4096.36,4096,10,2^1,yes,yes,no,cycDFS+nbwDFS,,,,
C4104.1,4104,14,1,yes,yes,no,cycDFS+nbwDFS,,,,
C4104.2,4104,12,1,yes,yes,no,cycDFS+nbwDFS,,,,
C4104.3,4104,6,1,yes,yes,no,cycDFS,,,,
C4104.4,4104,12,1,yes,yes,no,cycDFS+nbwDFS,,,,
C4104.5,4104,12,1,yes,yes,yes,cycDFS+nbwDFS,yes,yes,yes,
C4106.1,4106,6,1,yes,yes,no,cycDFS,,,,
C4122.1,4122,6,1,yes,yes,no,cycDFS,,,,
C4128.1,4128,12,1,yes,yes,yes,cycDFS+nbwDFS,yes,yes,yes,
C4128.2,4128,12,1,yes,yes,no,cycDFS+nbwDFS,,,,
C4128.3,4128,6,1,yes,yes,no,cycDFS,,,,
C4142.1,4142,6,1,yes,yes,no,cycDFS,,,,
C4142.2,4142,6,1,yes,yes,no,cycDFS,,,,
C4144.1,4144,10,1,yes,yes,no,cycDFS+nbwDFS,,,,
C4144.2,4144,10,1,yes,yes,no,cycDFS+nbwDFS,,,,
C4146.1,4146,6,1,yes,yes,no,cycDFS,,,,
C4154.1,4154,6,1,yes,yes,no,cycDFS,,,,
C4154.2,4154,6,1,yes,yes,no,cycDFS,,,,
C4166.1,4166,6,1,yes,yes,no,cycDFS,,,,
C4178.1,4178,6,1,yes,yes,no,cycDFS,,,,
C4184.1,4184,6,1,yes,yes,no,cycDFS,,,,
C4200.1,4200,12,1,yes,yes,yes,cycDFS+nbwDFS,yes,yes,yes,
C4200.2,4200,12,1,yes,yes,yes,cycDFS+nbwDFS,yes,yes,yes,
C4200.3,4200,12,1,yes,yes,no,cycDFS+nbwDFS,,,,
C4200.4,4200,6,1,yes,yes,no,cycDFS,,,,
C4214.1,4214,6,1,yes,yes,no,cycDFS,,,,
C4214.2,4214,6,1,yes,yes,no,cycDFS,,,,
C4214.3,4214,6,1,yes,yes,no,cycDFS,,,,
C4218.1,4218,6,1,yes,yes,no,cycDFS,,,,
C4218.2,4218,6,1,yes,yes,no,cycDFS,,,,
C4218.3,4218,15,2^1,yes,yes,no,cycDFS+nbwDFS,,,,
C4218.4,4218,9,2^1,yes,yes,no,cycDFS+nbwDFS,,,,
C4218.5,4218,12,2^1,yes,yes,yes,cycDFS+nbwDFS,yes,yes,yes,
C4218.6,4218,12,2^1,yes,yes,no,cycDFS+nbwDFS,,,,
C4218.7,4218,18,3,yes,yes,yes,cycDFS+nbwDFS,yes,yes,yes,
C4226.1,4226,6,1,yes,yes,no,cycDFS,,,,
C4232.1,4232,6,2^1,yes,yes,no,cycDFS,,,,
C4238.1,4238,6,1,yes,yes,no,cycDFS,,,,
C4238.2,4238,6,1,yes,yes,no,cycDFS,,,,
C4254.1,4254,6,1,yes,yes,no,cycDFS,,,,
C4256.1,4256,6,1,yes,yes,no,cycDFS,,,,
C4256.2,4256,6,1,yes,yes,no,cycDFS,,,,
C4262.1,4262,6,1,yes,yes,no,cycDFS,,,,
C4266.1,4266,6,1,yes,yes,no,cycDFS,,,,
C4266.2,4266,12,1,yes,yes,no,cycDFS+nbwDFS,,,,
C4274.1,4274,6,1,yes,yes,no,cycDFS,,,,
C4286.1,4286,6,1,yes,yes,no,cycDFS,,,,
C4288.1,4288,10,1,yes,yes,no,cycDFS+nbwDFS,,,,
C4298.1,4298,6,1,yes,yes,no,cycDFS,,,,
C4298.2,4298,6,1,yes,yes,no,cycDFS,,,,
C4320.1,4320,16,1,yes,yes,no,cycDFS+nbwDFS,,,,
C4320.2,4320,16,1,yes,yes,no,cycDFS+nbwDFS,,,,
C4320.3,4320,16,2^1,yes,yes,no,cycDFS+nbwDFS,,,,
C4320.4,4320,16,2^1,yes,yes,no,cycDFS+nbwDFS,,,,
C4320.5,4320,10,2^1,yes,yes,no,cycDFS+nbwDFS,,,,
C4320.6,4320,14,2^1,yes,yes,no,cycDFS+nbwDFS,,,,
C4322.1,4322,6,1,yes,yes,no,cycDFS,,,,
C4324.1,4324,19,3,yes,yes,yes,cycDFS+nbwDFS,yes,yes,yes,
C4324.2,4324,18,4^1,yes,yes,yes,cycDFS+nbwDFS,yes,yes,yes,
C4326.1,4326,6,1,yes,yes,no,cycDFS,,,,
C4326.2,4326,6,1,yes,yes,no,cycDFS,,,,
C4328.1,4328,6,1,yes,yes,no,cycDFS,,,,
C4336.1,4336,10,1,yes,yes,no,cycDFS+nbwDFS,,,,
C4338.1,4338,6,1,yes,yes,no,cycDFS,,,,
C4344.1,4344,12,1,yes,yes,no,cycDFS+nbwDFS,,,,
C4344.2,4344,6,1,yes,yes,no,cycDFS,,,,
C4358.1,4358,6,1,yes,yes,no,cycDFS,,,,
C4362.1,4362,6,1,yes,yes,no,cycDFS,,,,
C4368.1,4368,18,1,yes,yes,yes,cycDFS+nbwDFS,yes,yes,yes,
C4368.2,4368,16,1,yes,yes,no,cycDFS+nbwDFS,,,,
C4368.3,4368,18,1,yes,yes,yes,cycDFS+nbwDFS,yes,yes,yes,
C4368.4,4368,14,1,yes,yes,no,cycDFS+nbwDFS,,,,
C4368.5,4368,14,1,yes,yes,no,cycDFS+nbwDFS,,,,
C4368.6,4368,10,1,yes,yes,no,cycDFS+nbwDFS,,,,
C4368.7,4368,10,1,yes,yes,no,cycDFS+nbwDFS,,,,
C4368.8,4368,15,2^1,yes,yes,yes,cycDFS+nbwDFS,yes,yes,yes,
C4368.9,4368,16,2^1,yes,yes,no,cycDFS+nbwDFS,,,,
C4368.10,4368,12,2^1,yes,yes,yes,cycDFS+nbwDFS,yes,yes,yes,
C4368.11,4368,16,2^1,yes,yes,no,cycDFS+nbwDFS,,,,
C4368.12,4368,14,2^1,yes,yes,no,cycDFS+nbwDFS,,,,
C4368.13,4368,16,2^1,yes,yes,no,cycDFS+nbwDFS,,,,
C4368.14,4368,14,2^1,yes,yes,no,cycDFS+nbwDFS,,,,
C4368.15,4368,14,2^1,yes,yes,no,cycDFS+nbwDFS,,,,
C4368.16,4368,16,2^1,yes,yes,no,cycDFS+nbwDFS,,,,
C4368.17,4368,16,2^1,yes,yes,no,cycDFS+nbwDFS,,,,
C4368.18,4368,12,2^1,yes,yes,yes,cycDFS+nbwDFS,yes,yes,yes,
C4368.19,4368,12,2^1,yes,yes,yes,cycDFS+nbwDFS,yes,yes,yes,
C4368.20,4368,14,2^1,yes,yes,yes,cycDFS+nbwDFS,yes,yes,yes,
C4374.1,4374,14,1,yes,yes,no,cycDFS+nbwDFS,,,,
C4374.2,4374,12,1,yes,yes,no,cycDFS+nbwDFS,,,,
C4374.3,4374,14,1,yes,yes,no,cycDFS+nbwDFS,,,,
C4374.4,4374,14,1,yes,yes,no,cycDFS+nbwDFS,,,,
C4374.5,4374,18,1,yes,yes,yes,cycDFS+nbwDFS,yes,yes,yes,
C4374.6,4374,18,1,yes,yes,yes,cycDFS+nbwDFS,yes,yes,yes,
C4374.7,4374,14,1,yes,yes,yes,cycDFS+nbwDFS,yes,yes,yes,
C4374.8,4374,14,1,yes,yes,yes,cycDFS+nbwDFS,yes,yes,yes,
C4374.9,4374,14,1,yes,yes,yes,cycDFS+nbwDFS,yes,yes,yes,
C4374.10,4374,14,1,yes,yes,yes,cycDFS+nbwDFS,yes,yes,yes,
C4374.11,4374,6,2^1,yes,yes,no,cycDFS,,,,
C4374.12,4374,12,2^1,yes,yes,no,cycDFS+nbwDFS,,,,
C4374.13,4374,12,2^1,yes,yes,no,cycDFS+nbwDFS,,,,
C4374.14,4374,12,2^1,yes,yes,yes,cycDFS+nbwDFS,yes,yes,yes,
C4374.15,4374,12,2^1,yes,yes,yes,cycDFS+nbwDFS,yes,yes,yes,
C4374.16,4374,12,2^1,yes,yes,yes,cycDFS+nbwDFS,yes,yes,yes,
C4374.17,4374,14,2^1,yes,yes,yes,cycDFS+nbwDFS,yes,yes,yes,
C4374.18,4374,14,2^1,yes,yes,yes,cycDFS+nbwDFS,yes,yes,yes,
C4374.19,4374,14,2^1,yes,yes,yes,cycDFS+nbwDFS,yes,yes,yes,
C4374.20,4374,16,3,yes,yes,no,cycDFS+nbwDFS,,,,
C4374.21,4374,12,3,yes,yes,yes,cycDFS+nbwDFS,yes,yes,yes,
C4376.1,4376,6,1,yes,yes,no,cycDFS,,,,
C4382.1,4382,6,1,yes,yes,no,cycDFS,,,,
C4382.2,4382,6,1,yes,yes,no,cycDFS,,,,
C4392.1,4392,6,1,yes,yes,no,cycDFS,,,,
C4392.2,4392,12,1,yes,yes,no,cycDFS+nbwDFS,,,,
C4394.1,4394,6,1,yes,yes,no,cycDFS,,,,
C4394.2,4394,6,1,yes,yes,no,cycDFS,,,,
C4394.3,4394,12,2^1,yes,yes,no,cycDFS+nbwDFS,,,,
C4398.1,4398,6,1,yes,yes,no,cycDFS,,,,
C4406.1,4406,6,1,yes,yes,no,cycDFS,,,,
C4418.1,4418,6,2^1,yes,yes,no,cycDFS,,,,
C4424.1,4424,6,1,yes,yes,no,cycDFS,,,,
C4424.2,4424,6,1,yes,yes,no,cycDFS,,,,
C4432.1,4432,10,1,yes,yes,no,cycDFS+nbwDFS,,,,
C4434.1,4434,6,1,yes,yes,no,cycDFS,,,,
C4440.1,4440,16,1,yes,yes,no,cycDFS+nbwDFS,,,,
C4442.1,4442,6,1,yes,yes,no,cycDFS,,,,
C4446.1,4446,6,1,yes,yes,no,cycDFS,,,,
C4446.2,4446,6,1,yes,yes,no,cycDFS,,,,
C4448.1,4448,6,1,yes,yes,no,cycDFS,,,,
C4464.1,4464,10,1,yes,yes,no,cycDFS+nbwDFS,,,,
C4464.2,4464,14,1,yes,yes,no,cycDFS+nbwDFS,,,,
C4472.1,4472,6,1,yes,yes,no,cycDFS,,,,
C4472.2,4472,6,1,yes,yes,no,cycDFS,,,,
C4478.1,4478,6,1,yes,yes,no,cycDFS,,,,
C4502.1,4502,6,1,yes,yes,no,cycDFS,,,,
C4506.1,4506,6,1,yes,yes,no,cycDFS,,,,
C4514.1,4514,6,1,yes,yes,no,cycDFS,,,,
C4514.2,4514,6,1,yes,yes,no,cycDFS,,,,
C4526.1,4526,6,1,yes,yes,no,cycDFS,,,,
C4526.2,4526,6,1,yes,yes,no,cycDFS,,,,
C4528.1,4528,10,1,yes,yes,no,cycDFS+nbwDFS,,,,
C4536.1,4536,14,1,yes,yes,no,cycDFS+nbwDFS,,,,
C4536.2,4536,12,1,yes,yes,yes,cycDFS+nbwDFS,yes,yes,yes,
C4536.3,4536,6,1,yes,yes,no,cycDFS,,,,
C4536.4,4536,12,1,yes,yes,yes,cycDFS+nbwDFS,yes,yes,yes,
C4536.5,4536,12,1,yes,yes,yes,cycDFS+nbwDFS,yes,yes,yes,
C4536.6,4536,12,1,yes,yes,yes,cycDFS+nbwDFS,yes,yes,yes,
C4536.7,4536,12,1,yes,yes,no,cycDFS+nbwDFS,,,,
C4536.8,4536,12,1,yes,yes,yes,cycDFS+nbwDFS,yes,yes,yes,
C4536.9,4536,12,1,yes,yes,yes,cycDFS+nbwDFS,yes,yes,yes,
C4536.10,4536,12,1,yes,yes,yes,cycDFS+nbwDFS,yes,yes,yes,
C4536.11,4536,12,1,yes,yes,no,cycDFS+nbwDFS,,,,
C4536.12,4536,12,1,yes,yes,yes,cycDFS+nbwDFS,yes,yes,yes,
C4538.1,4538,6,1,yes,yes,no,cycDFS,,,,
C4542.1,4542,6,1,yes,yes,no,cycDFS,,,,
C4550.1,4550,6,1,yes,yes,no,cycDFS,,,,
C4550.2,4550,6,1,yes,yes,no,cycDFS,,,,
C4560.1,4560,18,1,yes,yes,yes,cycDFS+nbwDFS,yes,yes,yes,
C4560.2,4560,10,2^1,yes,yes,yes,cycDFS+nbwDFS,yes,yes,yes,
C4560.3,4560,18,2^1,yes,yes,yes,cycDFS+nbwDFS,yes,yes,yes,
C4560.4,4560,18,2^1,yes,yes,yes,cycDFS+nbwDFS,yes,yes,yes,
C4560.5,4560,14,2^1,yes,yes,yes,cycDFS+nbwDFS,yes,yes,yes,
C4560.6,4560,10,2^1,yes,yes,yes,cycDFS+nbwDFS,yes,yes,yes,
C4560.7,4560,12,2^1,yes,yes,yes,cycDFS+nbwDFS,yes,yes,yes,
C4560.8,4560,18,3,yes,yes,yes,cycDFS+nbwDFS,yes,yes,yes,
C4562.1,4562,6,1,yes,yes,no,cycDFS,,,,
C4568.1,4568,6,1,yes,yes,no,cycDFS,,,,
C4574.1,4574,6,1,yes,yes,no,cycDFS,,,,
C4578.1,4578,6,1,yes,yes,no,cycDFS,,,,
C4578.2,4578,6,1,yes,yes,no,cycDFS,,,,
C4586.1,4586,6,1,yes,yes,no,cycDFS,,,,
C4598.1,4598,6,1,yes,yes,no,cycDFS,,,,
C4608.1,4608,14,1,yes,yes,no,cycDFS+nbwDFS,,,,
C4608.2,4608,12,1,yes,yes,no,cycDFS+nbwDFS,,,,
C4608.3,4608,16,1,yes,yes,no,cycDFS+nbwDFS,,,,
C4608.4,4608,16,1,yes,yes,no,cycDFS+nbwDFS,,,,
C4608.5,4608,14,1,yes,yes,no,cycDFS+nbwDFS,,,,
C4608.6,4608,8,1,yes,no,no,cycDFS-besteffort,,,,
C4608.7,4608,12,1,yes,yes,no,cycDFS+nbwDFS,,,,
C4608.8,4608,12,2^1,yes,yes,no,cycDFS+nbwDFS,,,,
C4608.9,4608,12,2^1,yes,yes,no,cycDFS+nbwDFS,,,,
C4608.10,4608,12,2^1,yes,yes,no,cycDFS+nbwDFS,,,,
C4608.11,4608,6,2^1,yes,yes,no,cycDFS,,,,
C4608.12,4608,12,2^1,yes,yes,no,cycDFS+nbwDFS,,,,
C4608.13,4608,12,2^1,yes,yes,no,cycDFS+nbwDFS,,,,
C4608.14,4608,14,2^1,yes,yes,yes,cycDFS+nbwDFS,yes,yes,yes,
C4608.15,4608,14,2^1,yes,yes,yes,cycDFS+nbwDFS,yes,yes,yes,
C4608.16,4608,12,2^1,yes,yes,yes,cycDFS+nbwDFS,yes,yes,yes,
C4608.17,4608,14,2^1,yes,yes,no,cycDFS+nbwDFS,,,,
C4608.18,4608,16,2^1,yes,yes,no,cycDFS+nbwDFS,,,,
C4608.19,4608,14,2^1,yes,yes,no,cycDFS+nbwDFS,,,,
C4608.20,4608,12,2^1,yes,yes,no,cycDFS+nbwDFS,,,,
C4608.21,4608,12,3,yes,yes,yes,cycDFS+nbwDFS,yes,yes,yes,
C4608.22,4608,12,3,yes,yes,yes,cycDFS+nbwDFS,yes,yes,yes,
C4614.1,4614,6,1,yes,yes,no,cycDFS,,,,
C4616.1,4616,6,1,yes,yes,no,cycDFS,,,,
C4622.1,4622,6,1,yes,yes,no,cycDFS,,,,
C4624.1,4624,8,1,yes,no,no,cycDFS-besteffort,,,,
C4624.2,4624,8,1,yes,no,no,cycDFS-besteffort,,,,
C4624.3,4624,10,2^1,yes,yes,no,cycDFS+nbwDFS,,,,
C4632.1,4632,12,1,yes,yes,no,cycDFS+nbwDFS,,,,
C4632.2,4632,6,1,yes,yes,no,cycDFS,,,,
C4634.1,4634,6,1,yes,yes,no,cycDFS,,,,
C4634.2,4634,6,1,yes,yes,no,cycDFS,,,,
C4650.1,4650,12,1,yes,yes,yes,cycDFS+nbwDFS,yes,yes,yes,
C4650.2,4650,6,1,yes,yes,no,cycDFS,,,,
C4656.1,4656,14,1,yes,yes,no,cycDFS+nbwDFS,,,,
C4656.2,4656,10,1,yes,yes,no,cycDFS+nbwDFS,,,,
C4662.1,4662,6,1,yes,yes,no,cycDFS,,,,
C4662.2,4662,6,1,yes,yes,no,cycDFS,,,,
C4672.1,4672,10,1,yes,yes,no,cycDFS+nbwDFS,,,,
C4680.1,4680,18,1,yes,yes,yes,cycDFS+nbwDFS,yes,yes,yes,
C4682.1,4682,6,1,yes,yes,no,cycDFS,,,,
C4694.1,4694,6,1,yes,yes,no,cycDFS,,,,
C4704.1,4704,12,1,yes,yes,yes,cycDFS+nbwDFS,yes,yes,yes,
C4704.2,4704,12,1,yes,yes,no,cycDFS+nbwDFS,,,,
C4704.3,4704,6,1,yes,yes,no,cycDFS,,,,
C4704.4,4704,18,1,yes,yes,yes,cycDFS+nbwDFS,yes,yes,yes,
C4704.5,4704,18,1,yes,yes,yes,cycDFS+nbwDFS,yes,yes,yes,
C4704.6,4704,12,2^1,yes,yes,no,cycDFS+nbwDFS,,,,
C4704.7,4704,6,2^1,yes,yes,no,cycDFS,,,,
C4704.8,4704,12,2^1,yes,yes,yes,cycDFS+nbwDFS,yes,yes,yes,
C4704.9,4704,16,5,yes,yes,no,cycDFS+nbwDFS,,,,
C4706.1,4706,6,1,yes,yes,no,cycDFS,,,,
C4706.2,4706,6,1,yes,yes,no,cycDFS,,,,
C4712.1,4712,6,1,yes,yes,no,cycDFS,,,,
C4712.2,4712,6,1,yes,yes,no,cycDFS,,,,
C4718.1,4718,6,1,yes,yes,no,cycDFS,,,,
C4718.2,4718,6,1,yes,yes,no,cycDFS,,,,
C4722.1,4722,6,1,yes,yes,no,cycDFS,,,,
C4736.1,4736,12,1,yes,yes,no,cycDFS+nbwDFS,,,,
C4736.2,4736,6,1,yes,yes,no,cycDFS,,,,
C4742.1,4742,6,1,yes,yes,no,cycDFS,,,,
C4750.1,4750,12,1,yes,yes,no,cycDFS+nbwDFS,,,,
C4754.1,4754,6,1,yes,yes,no,cycDFS,,,,
C4758.1,4758,6,1,yes,yes,no,cycDFS,,,,
C4758.2,4758,6,1,yes,yes,no,cycDFS,,,,
C4766.1,4766,6,1,yes,yes,no,cycDFS,,,,
C4776.1,4776,12,1,yes,yes,no,cycDFS+nbwDFS,,,,
C4776.2,4776,6,1,yes,yes,no,cycDFS,,,,
C4778.1,4778,6,1,yes,yes,no,cycDFS,,,,
C4800.1,4800,12,1,yes,yes,no,cycDFS+nbwDFS,,,,
C4800.2,4800,12,1,yes,yes,no,cycDFS+nbwDFS,,,,
C4800.3,4800,12,2^1,yes,yes,yes,cycDFS+nbwDFS,yes,yes,yes,
C4800.4,4800,14,2^1,yes,yes,no,cycDFS+nbwDFS,,,,
C4800.5,4800,12,2^1,yes,yes,no,cycDFS+nbwDFS,,,,
C4800.6,4800,10,2^1,yes,yes,no,cycDFS+nbwDFS,,,,
C4800.7,4800,14,2^1,yes,yes,yes,cycDFS+nbwDFS,yes,yes,yes,
C4802.1,4802,14,1,yes,yes,yes,cycDFS+nbwDFS,yes,yes,yes,
C4802.2,4802,18,1,yes,yes,yes,cycDFS+nbwDFS,yes,yes,yes,
C4802.3,4802,18,1,yes,yes,yes,cycDFS+nbwDFS,yes,yes,yes,
C4802.4,4802,18,1,yes,yes,yes,cycDFS+nbwDFS,yes,yes,yes,
C4802.5,4802,18,1,yes,yes,yes,cycDFS+nbwDFS,yes,yes,yes,
C4802.6,4802,18,1,yes,yes,yes,cycDFS+nbwDFS,yes,yes,yes,
C4802.7,4802,12,1,yes,yes,no,cycDFS+nbwDFS,,,,
C4802.8,4802,6,1,yes,yes,no,cycDFS,,,,
C4802.9,4802,6,1,yes,yes,no,cycDFS,,,,
C4802.10,4802,6,2^1,yes,yes,no,cycDFS,,,,
C4802.11,4802,18,4^1,yes,yes,yes,cycDFS+nbwDFS,yes,yes,yes,
C4808.1,4808,6,1,yes,yes,no,cycDFS,,,,
C4816.1,4816,10,1,yes,yes,no,cycDFS+nbwDFS,,,,
C4816.2,4816,10,1,yes,yes,no,cycDFS+nbwDFS,,,,
C4824.1,4824,6,1,yes,yes,no,cycDFS,,,,
C4824.2,4824,12,1,yes,yes,no,cycDFS+nbwDFS,,,,
C4826.1,4826,6,1,yes,yes,no,cycDFS,,,,
C4826.2,4826,6,1,yes,yes,no,cycDFS,,,,
C4832.1,4832,6,1,yes,yes,no,cycDFS,,,,
C4850.1,4850,6,1,yes,yes,no,cycDFS,,,,
C4856.1,4856,6,1,yes,yes,no,cycDFS,,,,
C4860.1,4860,10,2^1,yes,yes,no,cycDFS+nbwDFS,,,,
C4860.2,4860,10,3,yes,yes,no,cycDFS+nbwDFS,,,,
C4864.1,4864,12,1,yes,yes,no,cycDFS+nbwDFS,,,,
C4864.2,4864,12,1,yes,yes,no,cycDFS+nbwDFS,,,,
C4864.3,4864,12,1,yes,yes,no,cycDFS+nbwDFS,,,,
C4864.4,4864,10,1,yes,yes,no,cycDFS+nbwDFS,,,,
C4864.5,4864,12,1,yes,yes,no,cycDFS+nbwDFS,,,,
C4866.1,4866,6,1,yes,yes,no,cycDFS,,,,
C4874.1,4874,6,1,yes,yes,no,cycDFS,,,,
C4878.1,4878,6,1,yes,yes,no,cycDFS,,,,
C4886.1,4886,6,1,yes,yes,no,cycDFS,,,,
C4886.2,4886,6,1,yes,yes,no,cycDFS,,,,
C4896.1,4896,16,2^1,yes,yes,no,cycDFS+nbwDFS,,,,
C4896.2,4896,16,2^1,yes,yes,no,cycDFS+nbwDFS,,,,
C4896.3,4896,14,2^1,yes,yes,yes,cycDFS+nbwDFS,yes,yes,yes,
C4896.4,4896,16,2^1,yes,yes,no,cycDFS+nbwDFS,,,,
C4896.5,4896,12,2^1,yes,yes,yes,cycDFS+nbwDFS,yes,yes,yes,
C4896.6,4896,16,2^1,yes,yes,no,cycDFS+nbwDFS,,,,
C4896.7,4896,8,2^1,yes,no,yes,cycDFS-besteffort,,,,
C4896.8,4896,16,2^1,yes,yes,no,cycDFS+nbwDFS,,,,
C4896.9,4896,8,2^1,yes,no,yes,cycDFS-besteffort,,,,
C4896.10,4896,16,2^1,yes,yes,no,cycDFS+nbwDFS,,,,
C4896.11,4896,14,2^1,yes,yes,no,cycDFS+nbwDFS,,,,
C4896.12,4896,18,2^1,yes,yes,yes,cycDFS+nbwDFS,yes,yes,yes,
C4896.13,4896,16,2^1,yes,yes,no,cycDFS+nbwDFS,,,,
C4898.1,4898,6,1,yes,yes,no,cycDFS,,,,
C4898.2,4898,6,1,yes,yes,no,cycDFS,,,,
C4902.1,4902,6,1,yes,yes,no,cycDFS,,,,
C4902.2,4902,6,1,yes,yes,no,cycDFS,,,,
C4904.1,4904,6,1,yes,yes,no,cycDFS,,,,
C4912.1,4912,10,1,yes,yes,no,cycDFS+nbwDFS,,,,
C4914.1,4914,6,1,yes,yes,no,cycDFS,,,,
C4914.2,4914,6,1,yes,yes,no,cycDFS,,,,
C4914.3,4914,12,1,yes,yes,no,cycDFS+nbwDFS,,,,
C4914.4,4914,12,1,yes,yes,no,cycDFS+nbwDFS,,,,
C4934.1,4934,6,1,yes,yes,no,cycDFS,,,,
C4938.1,4938,6,1,yes,yes,no,cycDFS,,,,
C4944.1,4944,14,1,yes,yes,no,cycDFS+nbwDFS,,,,
C4944.2,4944,10,1,yes,yes,no,cycDFS+nbwDFS,,,,
C4946.1,4946,6,1,yes,yes,no,cycDFS,,,,
C4952.1,4952,6,1,yes,yes,no,cycDFS,,,,
C4958.1,4958,6,1,yes,yes,no,cycDFS,,,,
C4958.2,4958,6,1,yes,yes,no,cycDFS,,,,
C4960.1,4960,16,2^1,yes,yes,no,cycDFS+nbwDFS,,,,
C4960.2,4960,16,2^1,yes,yes,no,cycDFS+nbwDFS,,,,
C4960.3,4960,10,2^1,yes,yes,no,cycDFS+nbwDFS,,,,
C4960.4,4960,15,2^1,yes,yes,no,cycDFS+nbwDFS,,,,
C4960.5,4960,10,2^1,yes,yes,no,cycDFS+nbwDFS,,,,
C4960.6,4960,12,2^1,yes,yes,no,cycDFS+nbwDFS,,,,
C4960.7,4960,15,2^1,yes,yes,no,cycDFS+nbwDFS,,,,
C4960.8,4960,16,2^1,yes,yes,no,cycDFS+nbwDFS,,,,
C4960.9,4960,18,2^1,yes,yes,yes,cycDFS+nbwDFS,yes,yes,yes,
C4960.10,4960,8,2^1,yes,no,yes,cycDFS-besteffort,,,,
C4960.11,4960,8,2^1,yes,no,yes,cycDFS-besteffort,,,,
C4960.12,4960,8,2^1,yes,no,yes,cycDFS-besteffort,,,,
C4960.13,4960,8,2^1,yes,no,yes,cycDFS-besteffort,,,,
C4960.14,4960,15,2^1,yes,yes,no,cycDFS+nbwDFS,,,,
C4960.15,4960,16,2^1,yes,yes,no,cycDFS+nbwDFS,,,,
C4960.16,4960,15,2^1,yes,yes,no,cycDFS+nbwDFS,,,,
C4960.17,4960,16,3,yes,yes,no,cycDFS+nbwDFS,,,,
C4974.1,4974,6,1,yes,yes,no,cycDFS,,,,
C4986.1,4986,6,1,yes,yes,no,cycDFS,,,,
C4992.1,4992,12,1,yes,yes,yes,cycDFS+nbwDFS,yes,yes,yes,
C4992.2,4992,6,1,yes,yes,no,cycDFS,,,,
C4992.3,4992,12,1,yes,yes,yes,cycDFS+nbwDFS,yes,yes,yes,
C4992.4,4992,14,1,yes,yes,yes,cycDFS+nbwDFS,yes,yes,yes,
C4992.5,4992,14,1,yes,yes,yes,cycDFS+nbwDFS,yes,yes,yes,
C4992.6,4992,12,1,yes,yes,no,cycDFS+nbwDFS,,,,
C4992.7,4992,12,1,yes,yes,no,cycDFS+nbwDFS,,,,
C5000.1,5000,6,2^1,yes,yes,no,cycDFS,,,,
C5000.2,5000,16,3,yes,yes,no,cycDFS+nbwDFS,,,,
C5006.1,5006,6,1,yes,yes,no,cycDFS,,,,
C5008.1,5008,10,1,yes,yes,no,cycDFS+nbwDFS,,,,
C5018.1,5018,6,1,yes,yes,no,cycDFS,,,,
C5018.2,5018,6,1,yes,yes,no,cycDFS,,,,
C5022.1,5022,12,1,yes,yes,no,cycDFS+nbwDFS,,,,
C5022.2,5022,6,1,yes,yes,no,cycDFS,,,,
C5022.3,5022,12,1,yes,yes,yes,cycDFS+nbwDFS,yes,yes,yes,
C5022.4,5022,12,1,yes,yes,yes,cycDFS+nbwDFS,yes,yes,yes,
C5022.5,5022,12,1,yes,yes,yes,cycDFS+nbwDFS,yes,yes,yes,
C5024.1,5024,6,1,yes,yes,no,cycDFS,,,,
C5040.1,5040,16,1,yes,yes,no,cycDFS+nbwDFS,,,,
C5040.2,5040,18,1,yes,yes,yes,cycDFS+nbwDFS,yes,yes,yes,
C5040.3,5040,10,1,yes,yes,yes,cycDFS+nbwDFS,yes,yes,yes,
C5040.4,5040,12,1,yes,yes,yes,cycDFS+nbwDFS,yes,yes,yes,
C5040.5,5040,15,2^1,yes,yes,yes,cycDFS+nbwDFS,yes,yes,yes,
C5040.6,5040,12,2^1,yes,yes,yes,cycDFS+nbwDFS,yes,yes,yes,
C5040.7,5040,10,2^1,yes,yes,yes,cycDFS+nbwDFS,yes,yes,yes,
C5040.8,5040,10,2^1,yes,yes,no,cycDFS+nbwDFS,,,,
C5040.9,5040,18,4^1,yes,yes,yes,cycDFS+nbwDFS,yes,yes,yes,
C5042.1,5042,6,1,yes,yes,no,cycDFS,,,,
C5046.1,5046,6,2^1,yes,yes,no,cycDFS,,,,
C5048.1,5048,6,1,yes,yes,no,cycDFS,,,,
C5054.1,5054,6,1,yes,yes,no,cycDFS,,,,
C5054.2,5054,6,1,yes,yes,no,cycDFS,,,,
C5054.3,5054,6,1,yes,yes,no,cycDFS,,,,
C5056.1,5056,10,1,yes,yes,no,cycDFS+nbwDFS,,,,
C5064.1,5064,12,1,yes,yes,no,cycDFS+nbwDFS,,,,
C5064.2,5064,6,1,yes,yes,no,cycDFS,,,,
C5078.1,5078,6,1,yes,yes,no,cycDFS,,,,
C5082.1,5082,12,1,yes,yes,yes,cycDFS+nbwDFS,yes,yes,yes,
C5082.2,5082,6,1,yes,yes,no,cycDFS,,,,
C5094.1,5094,6,1,yes,yes,no,cycDFS,,,,
C5096.1,5096,6,1,yes,yes,no,cycDFS,,,,
C5096.2,5096,6,1,yes,yes,no,cycDFS,,,,
C5096.3,5096,6,1,yes,yes,no,cycDFS,,,,
C5102.1,5102,6,1,yes,yes,no,cycDFS,,,,
C5114.1,5114,6,1,yes,yes,no,cycDFS,,,,
C5118.1,5118,6,1,yes,yes,no,cycDFS,,,,
C5120.1,5120,16,1,yes,yes,no,cycDFS+nbwDFS,,,,
C5120.2,5120,16,1,yes,yes,no,cycDFS+nbwDFS,,,,
C5120.3,5120,10,2^1,yes,yes,yes,cycDFS+nbwDFS,yes,yes,yes,
C5120.4,5120,18,2^1,yes,yes,yes,cycDFS+nbwDFS,yes,yes,yes,
C5120.5,5120,12,3,yes,yes,no,cycDFS+nbwDFS,,,,
C5120.6,5120,16,3,yes,yes,no,cycDFS+nbwDFS,,,,
C5120.7,5120,16,3,yes,yes,no,cycDFS+nbwDFS,,,,
C5138.1,5138,6,1,yes,yes,no,cycDFS,,,,
C5138.2,5138,6,1,yes,yes,no,cycDFS,,,,
C5144.1,5144,6,1,yes,yes,no,cycDFS,,,,
C5150.1,5150,6,1,yes,yes,no,cycDFS,,,,
C5154.1,5154,6,1,yes,yes,no,cycDFS,,,,
C5160.1,5160,18,1,yes,yes,yes,cycDFS+nbwDFS,yes,yes,yes,
C5174.1,5174,6,1,yes,yes,no,cycDFS,,,,
C5174.2,5174,6,1,yes,yes,no,cycDFS,,,,
C5184.1,5184,14,1,yes,yes,yes,cycDFS+nbwDFS,yes,yes,yes,
C5184.2,5184,12,1,yes,yes,no,cycDFS+nbwDFS,,,,
C5184.3,5184,12,1,yes,yes,yes,cycDFS+nbwDFS,yes,yes,yes,
C5184.4,5184,16,1,yes,yes,no,cycDFS+nbwDFS,,,,
C5184.5,5184,18,1,yes,yes,yes,cycDFS+nbwDFS,yes,yes,yes,
C5184.6,5184,16,1,yes,yes,no,cycDFS+nbwDFS,,,,
C5184.7,5184,8,1,yes,no,no,cycDFS-besteffort,,,,
C5184.8,5184,12,1,yes,yes,yes,cycDFS+nbwDFS,yes,yes,yes,
C5184.9,5184,18,1,yes,yes,yes,cycDFS+nbwDFS,yes,yes,yes,
C5184.10,5184,14,1,yes,yes,yes,cycDFS+nbwDFS,yes,yes,yes,
C5184.11,5184,14,1,yes,yes,yes,cycDFS+nbwDFS,yes,yes,yes,
C5184.12,5184,12,1,yes,yes,yes,cycDFS+nbwDFS,yes,yes,yes,
C5184.13,5184,16,1,yes,yes,no,cycDFS+nbwDFS,,,,
C5184.14,5184,16,1,yes,yes,no,cycDFS+nbwDFS,,,,
C5184.15,5184,8,2^1,yes,no,no,cycDFS-besteffort,,,,
C5184.16,5184,14,2^1,yes,yes,no,cycDFS+nbwDFS,,,,
C5184.17,5184,10,2^1,yes,yes,no,cycDFS+nbwDFS,,,,
C5184.18,5184,12,2^1,yes,yes,no,cycDFS+nbwDFS,,,,
C5184.19,5184,14,2^1,yes,yes,yes,cycDFS+nbwDFS,yes,yes,yes,
C5184.20,5184,12,2^1,yes,yes,no,cycDFS+nbwDFS,,,,
C5184.21,5184,16,2^1,yes,yes,no,cycDFS+nbwDFS,,,,
C5184.22,5184,16,2^1,yes,yes,no,cycDFS+nbwDFS,,,,
C5184.23,5184,12,2^1,yes,yes,yes,cycDFS+nbwDFS,yes,yes,yes,
C5184.24,5184,14,2^1,yes,yes,no,cycDFS+nbwDFS,,,,
C5184.25,5184,12,2^1,yes,yes,no,cycDFS+nbwDFS,,,,
C5184.26,5184,14,2^1,yes,yes,yes,cycDFS+nbwDFS,yes,yes,yes,
C5184.27,5184,12,3,yes,yes,yes,cycDFS+nbwDFS,yes,yes,yes,
C5186.1,5186,6,1,yes,yes,no,cycDFS,,,,
C5200.1,5200,10,1,yes,yes,no,cycDFS+nbwDFS,,,,
C5200.2,5200,12,1,yes,yes,yes,cycDFS+nbwDFS,yes,yes,yes,
C5200.3,5200,12,1,yes,yes,yes,cycDFS+nbwDFS,yes,yes,yes,
C5200.4,5200,12,2^1,yes,yes,yes,cycDFS+nbwDFS,yes,yes,yes,
C5200.5,5200,8,2^1,yes,no,yes,cycDFS-besteffort,,,,
C5200.6,5200,14,2^1,yes,yes,no,cycDFS+nbwDFS,,,,
C5200.7,5200,14,2^1,yes,yes,yes,cycDFS+nbwDFS,yes,yes,yes,
C5200.8,5200,16,3,yes,yes,no,cycDFS+nbwDFS,,,,
C5200.9,5200,12,3,yes,yes,no,cycDFS+nbwDFS,,,,
C5202.1,5202,6,2^1,yes,yes,no,cycDFS,,,,
C5208.1,5208,12,1,yes,yes,no,cycDFS+nbwDFS,,,,
C5208.2,5208,12,1,yes,yes,no,cycDFS+nbwDFS,,,,
C5208.3,5208,6,1,yes,yes,no,cycDFS,,,,
C5208.4,5208,6,1,yes,yes,no,cycDFS,,,,
C5216.1,5216,6,1,yes,yes,no,cycDFS,,,,
C5222.1,5222,6,1,yes,yes,no,cycDFS,,,,
C5222.2,5222,6,1,yes,yes,no,cycDFS,,,,
C5226.1,5226,6,1,yes,yes,no,cycDFS,,,,
C5226.2,5226,6,1,yes,yes,no,cycDFS,,,,
C5232.1,5232,14,1,yes,yes,no,cycDFS+nbwDFS,,,,
C5232.2,5232,10,1,yes,yes,no,cycDFS+nbwDFS,,,,
C5234.1,5234,6,1,yes,yes,no,cycDFS,,,,
C5238.1,5238,6,1,yes,yes,no,cycDFS,,,,
C5238.2,5238,12,1,yes,yes,no,cycDFS+nbwDFS,,,,
C5246.1,5246,6,1,yes,yes,no,cycDFS,,,,
C5246.2,5246,6,1,yes,yes,no,cycDFS,,,,
C5250.1,5250,14,1,yes,yes,yes,cycDFS+nbwDFS,yes,yes,yes,
C5250.2,5250,12,1,yes,yes,no,cycDFS+nbwDFS,,,,
C5256.1,5256,6,1,yes,yes,no,cycDFS,,,,
C5256.2,5256,12,1,yes,yes,no,cycDFS+nbwDFS,,,,
C5262.1,5262,6,1,yes,yes,no,cycDFS,,,,
C5280.1,5280,12,2^1,yes,yes,yes,cycDFS+nbwDFS,yes,yes,yes,
C5280.2,5280,12,2^1,yes,yes,yes,cycDFS+nbwDFS,yes,yes,yes,
C5280.3,5280,12,2^1,yes,yes,yes,cycDFS+nbwDFS,yes,yes,yes,
C5280.4,5280,16,2^1,yes,yes,no,cycDFS+nbwDFS,,,,
C5280.5,5280,12,2^1,yes,yes,yes,cycDFS+nbwDFS,yes,yes,yes,
C5280.6,5280,18,2^1,yes,yes,yes,cycDFS+nbwDFS,yes,yes,yes,
C5280.7,5280,15,2^1,yes,yes,yes,cycDFS+nbwDFS,yes,yes,yes,
C5282.1,5282,6,1,yes,yes,no,cycDFS,,,,
C5282.2,5282,6,1,yes,yes,no,cycDFS,,,,
C5288.1,5288,6,1,yes,yes,no,cycDFS,,,,
C5294.1,5294,6,1,yes,yes,no,cycDFS,,,,
C5296.1,5296,10,1,yes,yes,no,cycDFS+nbwDFS,,,,
C5298.1,5298,6,1,yes,yes,no,cycDFS,,,,
C5306.1,5306,6,1,yes,yes,no,cycDFS,,,,
C5306.2,5306,6,1,yes,yes,no,cycDFS,,,,
C5318.1,5318,6,1,yes,yes,no,cycDFS,,,,
C5324.1,5324,10,2^1,yes,yes,no,cycDFS+nbwDFS,,,,
C5328.1,5328,10,1,yes,yes,no,cycDFS+nbwDFS,,,,
C5328.2,5328,14,1,yes,yes,no,cycDFS+nbwDFS,,,,
C5334.1,5334,6,1,yes,yes,no,cycDFS,,,,
C5334.2,5334,6,1,yes,yes,no,cycDFS,,,,
C5342.1,5342,6,1,yes,yes,no,cycDFS,,,,
C5352.1,5352,12,1,yes,yes,no,cycDFS+nbwDFS,,,,
C5352.2,5352,6,1,yes,yes,no,cycDFS,,,,
C5354.1,5354,6,1,yes,yes,no,cycDFS,,,,
C5366.1,5366,6,1,yes,yes,no,cycDFS,,,,
C5376.1,5376,14,1,yes,yes,yes,cycDFS+nbwDFS,yes,yes,yes,
C5376.2,5376,18,1,yes,yes,yes,cycDFS+nbwDFS,yes,yes,yes,
C5376.3,5376,18,1,yes,yes,yes,cycDFS+nbwDFS,yes,yes,yes,
C5376.4,5376,14,1,yes,yes,yes,cycDFS+nbwDFS,yes,yes,yes,
C5376.5,5376,14,1,yes,yes,no,cycDFS+nbwDFS,,,,
C5376.6,5376,14,1,yes,yes,yes,cycDFS+nbwDFS,yes,yes,yes,
C5376.7,5376,12,1,yes,yes,yes,cycDFS+nbwDFS,yes,yes,yes,
C5376.8,5376,12,1,yes,yes,yes,cycDFS+nbwDFS,yes,yes,yes,
C5376.9,5376,12,1,yes,yes,no,cycDFS+nbwDFS,,,,
C5376.10,5376,12,1,yes,yes,no,cycDFS+nbwDFS,,,,
C5376.11,5376,12,1,yes,yes,no,cycDFS+nbwDFS,,,,
C5376.12,5376,12,1,yes,yes,no,cycDFS+nbwDFS,,,,
C5376.13,5376,10,1,yes,yes,no,cycDFS+nbwDFS,,,,
C5376.14,5376,12,1,yes,yes,no,cycDFS+nbwDFS,,,,
C5376.15,5376,18,1,yes,yes,yes,cycDFS+nbwDFS,yes,yes,yes,
C5376.16,5376,14,1,yes,yes,no,cycDFS+nbwDFS,,,,
C5376.17,5376,16,1,yes,yes,no,cycDFS+nbwDFS,,,,
C5376.18,5376,16,1,yes,yes,no,cycDFS+nbwDFS,,,,
C5376.19,5376,8,2^1,yes,no,yes,cycDFS-besteffort,,,,
C5376.20,5376,12,2^1,yes,yes,yes,cycDFS+nbwDFS,yes,yes,yes,
C5376.21,5376,8,2^1,yes,no,yes,cycDFS-besteffort,,,,
C5376.22,5376,14,2^1,yes,yes,no,cycDFS+nbwDFS,,,,
C5376.23,5376,14,2^1,yes,yes,no,cycDFS+nbwDFS,,,,
C5376.24,5376,18,2^1,yes,yes,yes,cycDFS+nbwDFS,yes,yes,yes,
C5378.1,5378,6,1,yes,yes,no,cycDFS,,,,
C5384.1,5384,6,1,yes,yes,no,cycDFS,,,,
C5392.1,5392,10,1,yes,yes,no,cycDFS+nbwDFS,,,,
C5400.1,5400,14,2^1,yes,yes,no,cycDFS+nbwDFS,,,,
C5400.2,5400,12,2^1,yes,yes,no,cycDFS+nbwDFS,,,,
C5400.3,5400,12,2^1,yes,yes,no,cycDFS+nbwDFS,,,,
C5400.4,5400,12,2^1,yes,yes,yes,cycDFS+nbwDFS,yes,yes,yes,
C5400.5,5400,6,2^1,yes,yes,no,cycDFS,,,,
C5402.1,5402,6,1,yes,yes,no,cycDFS,,,,
C5402.2,5402,6,1,yes,yes,no,cycDFS,,,,
C5408.1,5408,6,1,yes,yes,no,cycDFS,,,,
C5408.2,5408,6,2^1,yes,yes,no,cycDFS,,,,
C5414.1,5414,6,1,yes,yes,no,cycDFS,,,,
C5418.1,5418,6,1,yes,yes,no,cycDFS,,,,
C5418.2,5418,6,1,yes,yes,no,cycDFS,,,,
C5426.1,5426,6,1,yes,yes,no,cycDFS,,,,
C5432.1,5432,6,1,yes,yes,no,cycDFS,,,,
C5432.2,5432,6,1,yes,yes,no,cycDFS,,,,
C5438.1,5438,6,1,yes,yes,no,cycDFS,,,,
C5442.1,5442,6,1,yes,yes,no,cycDFS,,,,
C5450.1,5450,6,1,yes,yes,no,cycDFS,,,,
C5456.1,5456,19,2^1,yes,yes,yes,cycDFS+nbwDFS,yes,yes,yes,
C5456.2,5456,17,2^1,yes,yes,yes,cycDFS+nbwDFS,yes,yes,yes,
C5456.3,5456,11,2^1,yes,yes,yes,cycDFS+nbwDFS,yes,yes,yes,
C5462.1,5462,6,1,yes,yes,no,cycDFS,,,,
C5472.1,5472,12,1,yes,yes,yes,cycDFS+nbwDFS,yes,yes,yes,
C5472.2,5472,12,1,yes,yes,no,cycDFS+nbwDFS,,,,
C5472.3,5472,6,1,yes,yes,no,cycDFS,,,,
C5486.1,5486,6,1,yes,yes,no,cycDFS,,,,
C5486.2,5486,6,1,yes,yes,no,cycDFS,,,,
C5488.1,5488,10,1,yes,yes,no,cycDFS+nbwDFS,,,,
C5488.2,5488,10,1,yes,yes,no,cycDFS+nbwDFS,,,,
C5488.3,5488,10,2^1,yes,yes,no,cycDFS+nbwDFS,,,,
C5488.4,5488,12,2^1,yes,yes,no,cycDFS+nbwDFS,,,,
C5496.1,5496,12,1,yes,yes,no,cycDFS+nbwDFS,,,,
C5496.2,5496,6,1,yes,yes,no,cycDFS,,,,
C5498.1,5498,6,1,yes,yes,no,cycDFS,,,,
C5504.1,5504,12,1,yes,yes,no,cycDFS+nbwDFS,,,,
C5504.2,5504,6,1,yes,yes,no,cycDFS,,,,
C5514.1,5514,6,1,yes,yes,no,cycDFS,,,,
C5526.1,5526,6,1,yes,yes,no,cycDFS,,,,
C5528.1,5528,6,1,yes,yes,no,cycDFS,,,,
C5534.1,5534,6,1,yes,yes,no,cycDFS,,,,
C5550.1,5550,12,1,yes,yes,yes,cycDFS+nbwDFS,yes,yes,yes,
C5550.2,5550,6,1,yes,yes,no,cycDFS,,,,
C5558.1,5558,6,1,yes,yes,no,cycDFS,,,,
C5558.2,5558,6,1,yes,yes,no,cycDFS,,,,
C5562.1,5562,6,1,yes,yes,no,cycDFS,,,,
C5562.2,5562,12,1,yes,yes,no,cycDFS+nbwDFS,,,,
C5582.1,5582,6,1,yes,yes,no,cycDFS,,,,
C5584.1,5584,10,1,yes,yes,no,cycDFS+nbwDFS,,,,
C5586.1,5586,12,1,yes,yes,yes,cycDFS+nbwDFS,yes,yes,yes,
C5586.2,5586,6,1,yes,yes,no,cycDFS,,,,
C5586.3,5586,6,1,yes,yes,no,cycDFS,,,,
C5586.4,5586,6,1,yes,yes,no,cycDFS,,,,
C5594.1,5594,6,1,yes,yes,no,cycDFS,,,,
C5600.1,5600,6,1,yes,yes,no,cycDFS,,,,
C5606.1,5606,6,1,yes,yes,no,cycDFS,,,,
C5616.1,5616,12,1,yes,yes,no,cycDFS+nbwDFS,,,,
C5616.2,5616,10,1,yes,yes,no,cycDFS+nbwDFS,,,,
C5616.3,5616,14,1,yes,yes,no,cycDFS+nbwDFS,,,,
C5616.4,5616,18,1,yes,yes,yes,cycDFS+nbwDFS,yes,yes,yes,
C5616.5,5616,18,1,yes,yes,yes,cycDFS+nbwDFS,yes,yes,yes,
C5616.6,5616,14,1,yes,yes,no,cycDFS+nbwDFS,,,,
C5616.7,5616,14,1,yes,yes,yes,cycDFS+nbwDFS,yes,yes,yes,
C5616.8,5616,12,2^1,yes,yes,yes,cycDFS+nbwDFS,yes,yes,yes,
C5616.9,5616,8,2^1,yes,no,yes,cycDFS-besteffort,,,,
C5618.1,5618,6,2^1,yes,yes,no,cycDFS,,,,
C5622.1,5622,6,1,yes,yes,no,cycDFS,,,,
C5624.1,5624,6,1,yes,yes,no,cycDFS,,,,
C5624.2,5624,6,1,yes,yes,no,cycDFS,,,,
C5634.1,5634,6,1,yes,yes,no,cycDFS,,,,
C5642.1,5642,6,1,yes,yes,no,cycDFS,,,,
C5642.2,5642,6,1,yes,yes,no,cycDFS,,,,
C5642.3,5642,6,1,yes,yes,no,cycDFS,,,,
C5642.4,5642,6,1,yes,yes,no,cycDFS,,,,
C5666.1,5666,6,1,yes,yes,no,cycDFS,,,,
C5672.1,5672,6,1,yes,yes,no,cycDFS,,,,
C5688.1,5688,6,1,yes,yes,no,cycDFS,,,,
C5688.2,5688,12,1,yes,yes,no,cycDFS+nbwDFS,,,,
C5694.1,5694,6,1,yes,yes,no,cycDFS,,,,
C5694.2,5694,6,1,yes,yes,no,cycDFS,,,,
C5702.1,5702,6,1,yes,yes,no,cycDFS,,,,
C5714.1,5714,6,1,yes,yes,no,cycDFS,,,,
C5726.1,5726,6,1,yes,yes,no,cycDFS,,,,
C5726.2,5726,6,1,yes,yes,no,cycDFS,,,,
C5738.1,5738,6,1,yes,yes,no,cycDFS,,,,
C5738.2,5738,6,1,yes,yes,no,cycDFS,,,,
C5740.1,5740,7,2^1,yes,yes,yes,cycDFS,yes,yes,yes,
C5740.2,5740,14,2^1,yes,yes,yes,cycDFS+nbwDFS,yes,yes,yes,
C5740.3,5740,15,2^1,yes,yes,yes,cycDFS+nbwDFS,yes,yes,yes,
C5740.4,5740,15,3,yes,yes,yes,cycDFS+nbwDFS,yes,yes,yes,
C5760.1,5760,18,2^1,yes,yes,yes,cycDFS+nbwDFS,yes,yes,yes,
C5760.2,5760,16,2^1,yes,yes,no,cycDFS+nbwDFS,,,,
C5760.3,5760,8,2^1,yes,no,yes,cycDFS-besteffort,,,,
C5760.4,5760,16,2^1,yes,yes,no,cycDFS+nbwDFS,,,,
C5760.5,5760,18,2^1,yes,yes,yes,cycDFS+nbwDFS,yes,yes,yes,
C5760.6,5760,14,2^1,yes,yes,no,cycDFS+nbwDFS,,,,
C5760.7,5760,16,2^1,yes,yes,no,cycDFS+nbwDFS,,,,
C5760.8,5760,14,2^1,yes,yes,no,cycDFS+nbwDFS,,,,
C5760.9,5760,16,3,yes,yes,no,cycDFS+nbwDFS,,,,
C5760.10,5760,12,3,yes,yes,yes,cycDFS+nbwDFS,yes,yes,yes,
C5762.1,5762,6,1,yes,yes,no,cycDFS,,,,
C5762.2,5762,6,1,yes,yes,no,cycDFS,,,,
C5766.1,5766,6,1,yes,yes,no,cycDFS,,,,
C5766.2,5766,6,2^1,yes,yes,no,cycDFS,,,,
C5768.1,5768,6,1,yes,yes,no,cycDFS,,,,
C5768.2,5768,6,1,yes,yes,no,cycDFS,,,,
C5774.1,5774,6,1,yes,yes,no,cycDFS,,,,
C5776.1,5776,10,1,yes,yes,no,cycDFS+nbwDFS,,,,
C5776.2,5776,8,1,yes,no,no,cycDFS-besteffort,,,,
C5776.3,5776,10,2^1,yes,yes,no,cycDFS+nbwDFS,,,,
C5784.1,5784,12,1,yes,yes,no,cycDFS+nbwDFS,,,,
C5784.2,5784,6,1,yes,yes,no,cycDFS,,,,
C5792.1,5792,6,1,yes,yes,no,cycDFS,,,,
C5798.1,5798,6,1,yes,yes,no,cycDFS,,,,
C5798.2,5798,6,1,yes,yes,no,cycDFS,,,,
C5802.1,5802,6,1,yes,yes,no,cycDFS,,,,
C5808.1,5808,12,1,yes,yes,no,cycDFS+nbwDFS,,,,
C5808.2,5808,10,2^1,yes,yes,no,cycDFS+nbwDFS,,,,
C5808.3,5808,14,2^1,yes,yes,no,cycDFS+nbwDFS,,,,
C5816.1,5816,6,1,yes,yes,no,cycDFS,,,,
C5824.1,5824,10,1,yes,yes,no,cycDFS+nbwDFS,,,,
C5824.2,5824,10,1,yes,yes,no,cycDFS+nbwDFS,,,,
C5832.1,5832,14,1,yes,yes,yes,cycDFS+nbwDFS,yes,yes,yes,
C5832.2,5832,12,1,yes,yes,yes,cycDFS+nbwDFS,yes,yes,yes,
C5832.3,5832,14,1,yes,yes,yes,cycDFS+nbwDFS,yes,yes,yes,
C5832.4,5832,14,1,yes,yes,yes,cycDFS+nbwDFS,yes,yes,yes,
C5832.5,5832,12,1,yes,yes,yes,cycDFS+nbwDFS,yes,yes,yes,
C5832.6,5832,12,1,yes,yes,yes,cycDFS+nbwDFS,yes,yes,yes,
C5832.7,5832,14,1,yes,yes,yes,cycDFS+nbwDFS,yes,yes,yes,
C5832.8,5832,14,1,yes,yes,yes,cycDFS+nbwDFS,yes,yes,yes,
C5832.9,5832,14,1,yes,yes,no,cycDFS+nbwDFS,,,,
C5832.10,5832,12,1,yes,yes,no,cycDFS+nbwDFS,,,,
C5832.11,5832,10,2^1,yes,yes,no,cycDFS+nbwDFS,,,,
C5832.12,5832,16,2^1,yes,yes,no,cycDFS+nbwDFS,,,,
C5832.13,5832,12,2^1,yes,yes,no,cycDFS+nbwDFS,,,,
C5832.14,5832,16,2^1,yes,yes,no,cycDFS+nbwDFS,,,,
C5832.15,5832,14,2^1,yes,yes,no,cycDFS+nbwDFS,,,,
C5832.16,5832,12,2^1,yes,yes,no,cycDFS+nbwDFS,,,,
C5832.17,5832,12,2^1,yes,yes,no,cycDFS+nbwDFS,,,,
C5832.18,5832,12,2^1,yes,yes,yes,cycDFS+nbwDFS,yes,yes,yes,
C5832.19,5832,14,2^1,yes,yes,yes,cycDFS+nbwDFS,yes,yes,yes,
C5832.20,5832,12,2^1,yes,yes,yes,cycDFS+nbwDFS,yes,yes,yes,
C5832.21,5832,14,2^1,yes,yes,yes,cycDFS+nbwDFS,yes,yes,yes,
C5832.22,5832,14,2^1,yes,yes,yes,cycDFS+nbwDFS,yes,yes,yes,
C5832.23,5832,12,2^1,yes,yes,no,cycDFS+nbwDFS,,,,
C5832.24,5832,12,2^1,yes,yes,no,cycDFS+nbwDFS,,,,
C5832.25,5832,14,2^1,yes,yes,yes,cycDFS+nbwDFS,yes,yes,yes,
C5832.26,5832,14,2^1,yes,yes,yes,cycDFS+nbwDFS,yes,yes,yes,
C5832.27,5832,6,2^1,yes,yes,no,cycDFS,,,,
C5834.1,5834,6,1,yes,yes,no,cycDFS,,,,
C5838.1,5838,6,1,yes,yes,no,cycDFS,,,,
C5838.2,5838,6,1,yes,yes,no,cycDFS,,,,
C5846.1,5846,6,1,yes,yes,no,cycDFS,,,,
C5846.2,5846,6,1,yes,yes,no,cycDFS,,,,
C5850.1,5850,12,1,yes,yes,yes,cycDFS+nbwDFS,yes,yes,yes,
C5850.2,5850,6,1,yes,yes,no,cycDFS,,,,
C5856.1,5856,12,1,yes,yes,yes,cycDFS+nbwDFS,yes,yes,yes,
C5856.2,5856,12,1,yes,yes,no,cycDFS+nbwDFS,,,,
C5856.3,5856,6,1,yes,yes,no,cycDFS,,,,
C5864.1,5864,6,1,yes,yes,no,cycDFS,,,,
C5872.1,5872,10,1,yes,yes,no,cycDFS+nbwDFS,,,,
C5880.1,5880,18,1,yes,yes,yes,cycDFS+nbwDFS,yes,yes,yes,
C5880.2,5880,18,2^1,yes,yes,yes,cycDFS+nbwDFS,yes,yes,yes,
C5886.1,5886,6,1,yes,yes,no,cycDFS,,,,
C5886.2,5886,12,1,yes,yes,no,cycDFS+nbwDFS,,,,
C5894.1,5894,6,1,yes,yes,no,cycDFS,,,,
C5894.2,5894,6,1,yes,yes,no,cycDFS,,,,
C5906.1,5906,6,1,yes,yes,no,cycDFS,,,,
C5912.1,5912,6,1,yes,yes,no,cycDFS,,,,
C5928.1,5928,6,1,yes,yes,no,cycDFS,,,,
C5928.2,5928,6,1,yes,yes,no,cycDFS,,,,
C5928.3,5928,12,1,yes,yes,no,cycDFS+nbwDFS,,,,
C5928.4,5928,12,1,yes,yes,no,cycDFS+nbwDFS,,,,
C5942.1,5942,6,1,yes,yes,no,cycDFS,,,,
C5946.1,5946,6,1,yes,yes,no,cycDFS,,,,
C5952.1,5952,14,1,yes,yes,yes,cycDFS+nbwDFS,yes,yes,yes,
C5952.2,5952,14,1,yes,yes,no,cycDFS+nbwDFS,,,,
C5952.3,5952,12,1,yes,yes,yes,cycDFS+nbwDFS,yes,yes,yes,
C5952.4,5952,12,1,yes,yes,no,cycDFS+nbwDFS,,,,
C5952.5,5952,10,1,yes,yes,no,cycDFS+nbwDFS,,,,
C5954.1,5954,6,1,yes,yes,no,cycDFS,,,,
C5954.2,5954,6,1,yes,yes,no,cycDFS,,,,
C5958.1,5958,6,1,yes,yes,no,cycDFS,,,,
C5966.1,5966,6,1,yes,yes,no,cycDFS,,,,
C5966.2,5966,6,1,yes,yes,no,cycDFS,,,,
C5968.1,5968,10,1,yes,yes,no,cycDFS+nbwDFS,,,,
C5978.1,5978,6,1,yes,yes,no,cycDFS,,,,
C5978.2,5978,6,1,yes,yes,no,cycDFS,,,,
C5978.3,5978,6,1,yes,yes,no,cycDFS,,,,
C5982.1,5982,6,1,yes,yes,no,cycDFS,,,,
C5994.1,5994,12,1,yes,yes,no,cycDFS+nbwDFS,,,,
C5994.2,5994,6,1,yes,yes,no,cycDFS,,,,
C5994.3,5994,12,1,yes,yes,yes,cycDFS+nbwDFS,yes,yes,yes,
C5994.4,5994,12,1,yes,yes,yes,cycDFS+nbwDFS,yes,yes,yes,
C5994.5,5994,12,1,yes,yes,yes,cycDFS+nbwDFS,yes,yes,yes,
C6000.1,6000,12,1,yes,yes,no,cycDFS+nbwDFS,,,,
C6000.2,6000,16,1,yes,yes,no,cycDFS+nbwDFS,,,,
C6000.3,6000,14,1,yes,yes,yes,cycDFS+nbwDFS,yes,yes,yes,
C6000.4,6000,18,2^1,yes,yes,yes,cycDFS+nbwDFS,yes,yes,yes,
C6000.5,6000,12,2^1,yes,yes,no,cycDFS+nbwDFS,,,,
C6000.6,6000,18,2^1,yes,yes,yes,cycDFS+nbwDFS,yes,yes,yes,
C6000.7,6000,14,2^1,yes,yes,no,cycDFS+nbwDFS,,,,
C6002.1,6002,6,1,yes,yes,no,cycDFS,,,,
C6008.1,6008,6,1,yes,yes,no,cycDFS,,,,
C6014.1,6014,6,1,yes,yes,no,cycDFS,,,,
C6014.2,6014,6,1,yes,yes,no,cycDFS,,,,
C6038.1,6038,6,1,yes,yes,no,cycDFS,,,,
C6048.1,6048,14,1,yes,yes,no,cycDFS+nbwDFS,,,,
C6048.2,6048,12,1,yes,yes,yes,cycDFS+nbwDFS,yes,yes,yes,
C6048.3,6048,12,1,yes,yes,yes,cycDFS+nbwDFS,yes,yes,yes,
C6048.4,6048,12,1,yes,yes,no,cycDFS+nbwDFS,,,,
C6048.5,6048,12,1,yes,yes,yes,cycDFS+nbwDFS,yes,yes,yes,
C6048.6,6048,6,1,yes,yes,no,cycDFS,,,,
C6048.7,6048,12,1,yes,yes,no,cycDFS+nbwDFS,,,,
C6048.8,6048,12,2^1,yes,yes,yes,cycDFS+nbwDFS,yes,yes,yes,
C6048.9,6048,18,3,yes,yes,yes,cycDFS+nbwDFS,yes,yes,yes,
C6050.1,6050,6,2^1,yes,yes,no,cycDFS,,,,
C6054.1,6054,6,1,yes,yes,no,cycDFS,,,,
C6056.1,6056,6,1,yes,yes,no,cycDFS,,,,
C6062.1,6062,6,1,yes,yes,no,cycDFS,,,,
C6062.2,6062,6,1,yes,yes,no,cycDFS,,,,
C6064.1,6064,10,1,yes,yes,no,cycDFS+nbwDFS,,,,
C6066.1,6066,6,1,yes,yes,no,cycDFS,,,,
C6072.1,6072,12,2^1,yes,yes,no,cycDFS+nbwDFS,,,,
C6072.2,6072,12,2^1,yes,yes,no,cycDFS+nbwDFS,,,,
C6072.3,6072,16,2^1,yes,yes,no,cycDFS+nbwDFS,,,,
C6072.4,6072,12,2^1,yes,yes,yes,cycDFS+nbwDFS,yes,yes,yes,
C6072.5,6072,14,2^1,yes,yes,yes,cycDFS+nbwDFS,yes,yes,yes,
C6072.6,6072,14,2^1,yes,yes,yes,cycDFS+nbwDFS,yes,yes,yes,
C6072.7,6072,16,2^1,yes,yes,no,cycDFS+nbwDFS,,,,
C6072.8,6072,8,2^1,yes,no,yes,cycDFS-besteffort,,,,
C6074.1,6074,6,1,yes,yes,no,cycDFS,,,,
C6096.1,6096,14,1,yes,yes,no,cycDFS+nbwDFS,,,,
C6096.2,6096,10,1,yes,yes,no,cycDFS+nbwDFS,,,,
C6098.1,6098,6,1,yes,yes,no,cycDFS,,,,
C6104.1,6104,6,1,yes,yes,no,cycDFS,,,,
C6104.2,6104,6,1,yes,yes,no,cycDFS,,,,
C6122.1,6122,6,1,yes,yes,no,cycDFS,,,,
C6126.1,6126,6,1,yes,yes,no,cycDFS,,,,
C6134.1,6134,6,1,yes,yes,no,cycDFS,,,,
C6144.1,6144,16,1,yes,yes,no,cycDFS+nbwDFS,,,,
C6144.2,6144,16,1,yes,yes,no,cycDFS+nbwDFS,,,,
C6144.3,6144,18,1,yes,yes,yes,cycDFS+nbwDFS,yes,yes,yes,
C6144.4,6144,12,1,yes,yes,yes,cycDFS+nbwDFS,yes,yes,yes,
C6144.5,6144,18,1,yes,yes,yes,cycDFS+nbwDFS,yes,yes,yes,
C6144.6,6144,12,1,yes,yes,no,cycDFS+nbwDFS,,,,
C6144.7,6144,18,1,yes,yes,yes,cycDFS+nbwDFS,yes,yes,yes,
C6144.8,6144,14,1,yes,yes,no,cycDFS+nbwDFS,,,,
C6144.9,6144,14,1,yes,yes,no,cycDFS+nbwDFS,,,,
C6144.10,6144,18,1,yes,yes,yes,cycDFS+nbwDFS,yes,yes,yes,
C6144.11,6144,12,1,yes,yes,yes,cycDFS+nbwDFS,yes,yes,yes,
C6144.12,6144,12,2^1,yes,yes,no,cycDFS+nbwDFS,,,,
C6144.13,6144,12,2^1,yes,yes,no,cycDFS+nbwDFS,,,,
C6144.14,6144,12,2^1,yes,yes,no,cycDFS+nbwDFS,,,,
C6144.15,6144,12,2^1,yes,yes,no,cycDFS+nbwDFS,,,,
C6144.16,6144,12,2^1,yes,yes,yes,cycDFS+nbwDFS,yes,yes,yes,
C6144.17,6144,14,2^1,yes,yes,yes,cycDFS+nbwDFS,yes,yes,yes,
C6144.18,6144,12,2^1,yes,yes,yes,cycDFS+nbwDFS,yes,yes,yes,
C6144.19,6144,14,2^1,yes,yes,yes,cycDFS+nbwDFS,yes,yes,yes,
C6144.20,6144,14,2^1,yes,yes,yes,cycDFS+nbwDFS,yes,yes,yes,
C6144.21,6144,18,2^1,yes,yes,yes,cycDFS+nbwDFS,yes,yes,yes,
C6144.22,6144,16,2^1,yes,yes,no,cycDFS+nbwDFS,,,,
C6144.23,6144,16,2^1,yes,yes,no,cycDFS+nbwDFS,,,,
C6144.24,6144,16,2^1,yes,yes,no,cycDFS+nbwDFS,,,,
C6144.25,6144,16,2^1,yes,yes,no,cycDFS+nbwDFS,,,,
C6144.26,6144,12,2^1,yes,yes,no,cycDFS+nbwDFS,,,,
C6144.27,6144,12,2^1,yes,yes,yes,cycDFS+nbwDFS,yes,yes,yes,
C6144.28,6144,16,2^1,yes,yes,no,cycDFS+nbwDFS,,,,
C6144.29,6144,12,2^1,yes,yes,yes,cycDFS+nbwDFS,yes,yes,yes,
C6144.30,6144,12,2^1,yes,yes,no,cycDFS+nbwDFS,,,,
C6144.31,6144,16,2^1,yes,yes,no,cycDFS+nbwDFS,,,,
C6144.32,6144,6,2^1,yes,yes,no,cycDFS,,,,
C6144.33,6144,12,2^1,yes,yes,no,cycDFS+nbwDFS,,,,
C6144.34,6144,16,2^1,yes,yes,no,cycDFS+nbwDFS,,,,
C6144.35,6144,12,2^1,yes,yes,no,cycDFS+nbwDFS,,,,
C6144.36,6144,14,2^1,yes,yes,no,cycDFS+nbwDFS,,,,
C6144.37,6144,14,2^1,yes,yes,no,cycDFS+nbwDFS,,,,
C6144.38,6144,16,2^1,yes,yes,no,cycDFS+nbwDFS,,,,
C6144.39,6144,18,2^1,yes,yes,yes,cycDFS+nbwDFS,yes,yes,yes,
C6144.40,6144,12,2^1,yes,yes,yes,cycDFS+nbwDFS,yes,yes,yes,
C6144.41,6144,16,2^1,yes,yes,no,cycDFS+nbwDFS,,,,
C6144.42,6144,12,2^1,yes,yes,no,cycDFS+nbwDFS,,,,
C6144.43,6144,16,2^1,yes,yes,no,cycDFS+nbwDFS,,,,
C6144.44,6144,12,2^1,yes,yes,no,cycDFS+nbwDFS,,,,
C6144.45,6144,12,2^1,yes,yes,no,cycDFS+nbwDFS,,,,
C6144.46,6144,16,2^1,yes,yes,no,cycDFS+nbwDFS,,,,
C6144.47,6144,16,2^1,yes,yes,no,cycDFS+nbwDFS,,,,
C6144.48,6144,14,2^1,yes,yes,no,cycDFS+nbwDFS,,,,
C6144.49,6144,14,2^1,yes,yes,no,cycDFS+nbwDFS,,,,
C6144.50,6144,16,3,yes,yes,no,cycDFS+nbwDFS,,,,
C6144.51,6144,16,3,yes,yes,no,cycDFS+nbwDFS,,,,
C6146.1,6146,6,1,yes,yes,no,cycDFS,,,,
C6146.2,6146,6,1,yes,yes,no,cycDFS,,,,
C6152.1,6152,6,1,yes,yes,no,cycDFS,,,,
C6158.1,6158,6,1,yes,yes,no,cycDFS,,,,
C6162.1,6162,6,1,yes,yes,no,cycDFS,,,,
C6162.2,6162,6,1,yes,yes,no,cycDFS,,,,
C6174.1,6174,6,1,yes,yes,no,cycDFS,,,,
C6174.2,6174,6,1,yes,yes,no,cycDFS,,,,
C6174.3,6174,12,1,yes,yes,yes,cycDFS+nbwDFS,yes,yes,yes,
C6174.4,6174,12,2^1,yes,yes,no,cycDFS+nbwDFS,,,,
C6174.5,6174,12,2^2,yes,yes,yes,cycDFS+nbwDFS,yes,yes,yes,
C6176.1,6176,6,1,yes,yes,no,cycDFS,,,,
C6192.1,6192,10,1,yes,yes,no,cycDFS+nbwDFS,,,,
C6192.2,6192,14,1,yes,yes,no,cycDFS+nbwDFS,,,,
C6194.1,6194,6,1,yes,yes,no,cycDFS,,,,
C6194.2,6194,6,1,yes,yes,no,cycDFS,,,,
C6198.1,6198,6,1,yes,yes,no,cycDFS,,,,
C6200.1,6200,6,1,yes,yes,no,cycDFS,,,,
C6208.1,6208,10,1,yes,yes,no,cycDFS+nbwDFS,,,,
C6216.1,6216,12,1,yes,yes,no,cycDFS+nbwDFS,,,,
C6216.2,6216,12,1,yes,yes,no,cycDFS+nbwDFS,,,,
C6216.3,6216,6,1,yes,yes,no,cycDFS,,,,
C6216.4,6216,6,1,yes,yes,no,cycDFS,,,,
C6218.1,6218,6,1,yes,yes,no,cycDFS,,,,
C6234.1,6234,6,1,yes,yes,no,cycDFS,,,,
C6240.1,6240,18,1,yes,yes,yes,cycDFS+nbwDFS,yes,yes,yes,
C6242.1,6242,6,1,yes,yes,no,cycDFS,,,,
C6250.1,6250,16,1,yes,yes,no,cycDFS+nbwDFS,,,,
C6250.2,6250,18,1,yes,yes,yes,cycDFS+nbwDFS,yes,yes,yes,
C6250.3,6250,18,1,yes,yes,yes,cycDFS+nbwDFS,yes,yes,yes,
C6250.4,6250,18,1,yes,yes,yes,cycDFS+nbwDFS,yes,yes,yes,
C6250.5,6250,18,1,yes,yes,yes,cycDFS+nbwDFS,yes,yes,yes,
C6250.6,6250,14,1,yes,yes,yes,cycDFS+nbwDFS,yes,yes,yes,
C6250.7,6250,18,1,yes,yes,yes,cycDFS+nbwDFS,yes,yes,yes,
C6250.8,6250,18,1,yes,yes,yes,cycDFS+nbwDFS,yes,yes,yes,
C6250.9,6250,16,1,yes,yes,no,cycDFS+nbwDFS,,,,
C6250.10,6250,18,1,yes,yes,yes,cycDFS+nbwDFS,yes,yes,yes,
C6250.11,6250,12,2^1,yes,yes,no,cycDFS+nbwDFS,,,,
C6250.12,6250,18,2^1,yes,yes,yes,cycDFS+nbwDFS,yes,yes,yes,
C6250.13,6250,10,2^1,yes,yes,yes,cycDFS+nbwDFS,yes,yes,yes,
C6250.14,6250,14,2^1,yes,yes,yes,cycDFS+nbwDFS,yes,yes,yes,
C6250.15,6250,14,2^1,yes,yes,yes,cycDFS+nbwDFS,yes,yes,yes,
C6250.16,6250,18,2^1,yes,yes,yes,cycDFS+nbwDFS,yes,yes,yes,
C6266.1,6266,6,1,yes,yes,no,cycDFS,,,,
C6266.2,6266,6,1,yes,yes,no,cycDFS,,,,
C6272.1,6272,12,1,yes,yes,yes,cycDFS+nbwDFS,yes,yes,yes,
C6272.2,6272,12,1,yes,yes,yes,cycDFS+nbwDFS,yes,yes,yes,
C6272.3,6272,12,1,yes,yes,no,cycDFS+nbwDFS,,,,
C6272.4,6272,6,1,yes,yes,no,cycDFS,,,,
C6272.5,6272,12,1,yes,yes,yes,cycDFS+nbwDFS,yes,yes,yes,
C6272.6,6272,6,2^1,yes,yes,no,cycDFS,,,,
C6272.7,6272,12,2^1,yes,yes,no,cycDFS+nbwDFS,,,,
C6278.1,6278,6,1,yes,yes,no,cycDFS,,,,
C6278.2,6278,6,1,yes,yes,no,cycDFS,,,,
C6282.1,6282,6,1,yes,yes,no,cycDFS,,,,
C6296.1,6296,6,1,yes,yes,no,cycDFS,,,,
C6306.1,6306,6,1,yes,yes,no,cycDFS,,,,
C6318.1,6318,6,1,yes,yes,no,cycDFS,,,,
C6318.2,6318,12,1,yes,yes,no,cycDFS+nbwDFS,,,,
C6318.3,6318,12,1,yes,yes,yes,cycDFS+nbwDFS,yes,yes,yes,
C6318.4,6318,12,1,yes,yes,yes,cycDFS+nbwDFS,yes,yes,yes,
C6318.5,6318,12,1,yes,yes,yes,cycDFS+nbwDFS,yes,yes,yes,
C6318.6,6318,12,1,yes,yes,yes,cycDFS+nbwDFS,yes,yes,yes,
C6326.1,6326,6,1,yes,yes,no,cycDFS,,,,
C6338.1,6338,6,1,yes,yes,no,cycDFS,,,,
C6342.1,6342,6,1,yes,yes,no,cycDFS,,,,
C6342.2,6342,6,1,yes,yes,no,cycDFS,,,,
C6344.1,6344,6,1,yes,yes,no,cycDFS,,,,
C6344.2,6344,6,1,yes,yes,no,cycDFS,,,,
C6350.1,6350,6,1,yes,yes,no,cycDFS,,,,
C6352.1,6352,10,1,yes,yes,no,cycDFS+nbwDFS,,,,
C6362.1,6362,6,1,yes,yes,no,cycDFS,,,,
C6368.1,6368,6,1,yes,yes,no,cycDFS,,,,
C6374.1,6374,6,1,yes,yes,no,cycDFS,,,,
C6378.1,6378,6,1,yes,yes,no,cycDFS,,,,
C6384.1,6384,16,1,yes,yes,no,cycDFS+nbwDFS,,,,
C6384.2,6384,18,1,yes,yes,yes,cycDFS+nbwDFS,yes,yes,yes,
C6384.3,6384,18,1,yes,yes,yes,cycDFS+nbwDFS,yes,yes,yes,
C6384.4,6384,14,1,yes,yes,no,cycDFS+nbwDFS,,,,
C6384.5,6384,14,1,yes,yes,no,cycDFS+nbwDFS,,,,
C6384.6,6384,10,1,yes,yes,no,cycDFS+nbwDFS,,,,
C6384.7,6384,10,1,yes,yes,no,cycDFS+nbwDFS,,,,
C6386.1,6386,6,1,yes,yes,no,cycDFS,,,,
C6386.2,6386,6,1,yes,yes,no,cycDFS,,,,
C6398.1,6398,6,1,yes,yes,no,cycDFS,,,,
C6398.2,6398,6,1,yes,yes,no,cycDFS,,,,
C6400.1,6400,12,1,yes,yes,no,cycDFS+nbwDFS,,,,
C6400.2,6400,12,1,yes,yes,no,cycDFS+nbwDFS,,,,
C6400.3,6400,12,1,yes,yes,no,cycDFS+nbwDFS,,,,
C6400.4,6400,12,1,yes,yes,no,cycDFS+nbwDFS,,,,
C6400.5,6400,12,1,yes,yes,no,cycDFS+nbwDFS,,,,
C6400.6,6400,8,1,yes,no,no,cycDFS-besteffort,,,,
C6400.7,6400,10,2^1,yes,yes,no,cycDFS+nbwDFS,,,,
C6400.8,6400,12,2^1,yes,yes,no,cycDFS+nbwDFS,,,,
C6400.9,6400,12,2^1,yes,yes,no,cycDFS+nbwDFS,,,,
C6414.1,6414,6,1,yes,yes,no,cycDFS,,,,
C6422.1,6422,6,1,yes,yes,no,cycDFS,,,,
C6422.2,6422,6,1,yes,yes,no,cycDFS,,,,
C6422.3,6422,6,1,yes,yes,no,cycDFS,,,,
C6432.1,6432,12,1,yes,yes,yes,cycDFS+nbwDFS,yes,yes,yes,
C6432.2,6432,12,1,yes,yes,no,cycDFS+nbwDFS,,,,
C6432.3,6432,6,1,yes,yes,no,cycDFS,,,,
C6434.1,6434,6,1,yes,yes,no,cycDFS,,,,
C6448.1,6448,10,1,yes,yes,no,cycDFS+nbwDFS,,,,
C6448.2,6448,10,1,yes,yes,no,cycDFS+nbwDFS,,,,
C6450.1,6450,12,1,yes,yes,yes,cycDFS+nbwDFS,yes,yes,yes,
C6450.2,6450,6,1,yes,yes,no,cycDFS,,,,
C6458.1,6458,6,1,yes,yes,no,cycDFS,,,,
C6480.1,6480,16,1,yes,yes,no,cycDFS+nbwDFS,,,,
C6480.2,6480,18,2^1,yes,yes,yes,cycDFS+nbwDFS,yes,yes,yes,
C6480.3,6480,18,2^1,yes,yes,yes,cycDFS+nbwDFS,yes,yes,yes,
C6480.4,6480,16,2^1,yes,yes,no,cycDFS+nbwDFS,,,,
C6480.5,6480,16,2^1,yes,yes,no,cycDFS+nbwDFS,,,,
C6480.6,6480,18,2^1,yes,yes,yes,cycDFS+nbwDFS,yes,yes,yes,
C6480.7,6480,16,2^1,yes,yes,no,cycDFS+nbwDFS,,,,
C6480.8,6480,16,3,yes,yes,no,cycDFS+nbwDFS,,,,
C6482.1,6482,6,1,yes,yes,no,cycDFS,,,,
C6482.2,6482,6,1,yes,yes,no,cycDFS,,,,
C6488.1,6488,6,1,yes,yes,no,cycDFS,,,,
C6498.1,6498,6,1,yes,yes,no,cycDFS,,,,
C6498.2,6498,6,2^1,yes,yes,no,cycDFS,,,,
C6504.1,6504,12,1,yes,yes,no,cycDFS+nbwDFS,,,,
C6504.2,6504,6,1,yes,yes,no,cycDFS,,,,
C6506.1,6506,6,1,yes,yes,no,cycDFS,,,,
C6518.1,6518,6,1,yes,yes,no,cycDFS,,,,
C6522.1,6522,6,1,yes,yes,no,cycDFS,,,,
C6534.1,6534,6,2^1,yes,yes,no,cycDFS,,,,
C6534.2,6534,12,2^1,yes,yes,no,cycDFS+nbwDFS,,,,
C6536.1,6536,6,1,yes,yes,no,cycDFS,,,,
C6536.2,6536,6,1,yes,yes,no,cycDFS,,,,
C6542.1,6542,6,1,yes,yes,no,cycDFS,,,,
C6544.1,6544,10,1,yes,yes,no,cycDFS+nbwDFS,,,,
C6552.1,6552,6,1,yes,yes,no,cycDFS,,,,
C6552.2,6552,6,1,yes,yes,no,cycDFS,,,,
C6552.3,6552,12,1,yes,yes,no,cycDFS+nbwDFS,,,,
C6552.4,6552,12,1,yes,yes,no,cycDFS+nbwDFS,,,,
C6552.5,6552,16,2^1,yes,yes,no,cycDFS+nbwDFS,,,,
C6552.6,6552,12,2^1,yes,yes,no,cycDFS+nbwDFS,,,,
C6552.7,6552,16,2^1,yes,yes,no,cycDFS+nbwDFS,,,,
C6552.8,6552,12,2^1,yes,yes,yes,cycDFS+nbwDFS,yes,yes,yes,
C6552.9,6552,12,2^1,yes,yes,yes,cycDFS+nbwDFS,yes,yes,yes,
C6552.10,6552,14,2^1,yes,yes,yes,cycDFS+nbwDFS,yes,yes,yes,
C6552.11,6552,14,2^1,yes,yes,yes,cycDFS+nbwDFS,yes,yes,yes,
C6552.12,6552,12,2^1,yes,yes,no,cycDFS+nbwDFS,,,,
C6552.13,6552,18,3,yes,yes,yes,cycDFS+nbwDFS,yes,yes,yes,
C6558.1,6558,6,1,yes,yes,no,cycDFS,,,,
C6566.1,6566,6,1,yes,yes,no,cycDFS,,,,
C6566.2,6566,6,1,yes,yes,no,cycDFS,,,,
C6566.3,6566,6,1,yes,yes,no,cycDFS,,,,
C6584.1,6584,6,1,yes,yes,no,cycDFS,,,,
C6592.1,6592,10,1,yes,yes,no,cycDFS+nbwDFS,,,,
C6594.1,6594,6,1,yes,yes,no,cycDFS,,,,
C6594.2,6594,6,1,yes,yes,no,cycDFS,,,,
C6602.1,6602,6,1,yes,yes,no,cycDFS,,,,
C6606.1,6606,6,1,yes,yes,no,cycDFS,,,,
C6614.1,6614,6,1,yes,yes,no,cycDFS,,,,
C6622.1,6622,11,2^1,yes,yes,yes,cycDFS+nbwDFS,yes,yes,yes,
C6622.2,6622,7,2^1,yes,yes,yes,cycDFS,yes,yes,yes,
C6622.3,6622,7,2^1,yes,yes,yes,cycDFS,yes,yes,yes,
C6622.4,6622,14,2^1,yes,yes,yes,cycDFS+nbwDFS,yes,yes,yes,
C6622.5,6622,11,2^1,yes,yes,yes,cycDFS+nbwDFS,yes,yes,yes,
C6622.6,6622,15,3,yes,yes,yes,cycDFS+nbwDFS,yes,yes,yes,
C6626.1,6626,6,1,yes,yes,no,cycDFS,,,,
C6632.1,6632,6,1,yes,yes,no,cycDFS,,,,
C6638.1,6638,6,1,yes,yes,no,cycDFS,,,,
C6648.1,6648,12,1,yes,yes,no,cycDFS+nbwDFS,,,,
C6648.2,6648,6,1,yes,yes,no,cycDFS,,,,
C6650.1,6650,6,1,yes,yes,no,cycDFS,,,,
C6650.2,6650,6,1,yes,yes,no,cycDFS,,,,
C6656.1,6656,12,1,yes,yes,no,cycDFS+nbwDFS,,,,
C6656.2,6656,14,1,yes,yes,no,cycDFS+nbwDFS,,,,
C6656.3,6656,14,1,yes,yes,no,cycDFS+nbwDFS,,,,
C6656.4,6656,14,1,yes,yes,no,cycDFS+nbwDFS,,,,
C6656.5,6656,14,1,yes,yes,no,cycDFS+nbwDFS,,,,
C6656.6,6656,12,1,yes,yes,no,cycDFS+nbwDFS,,,,
C6656.7,6656,16,1,yes,yes,no,cycDFS+nbwDFS,,,,
C6656.8,6656,6,1,yes,yes,no,cycDFS,,,,
C6662.1,6662,6,1,yes,yes,no,cycDFS,,,,
C6672.1,6672,14,1,yes,yes,no,cycDFS+nbwDFS,,,,
C6672.2,6672,10,1,yes,yes,no,cycDFS+nbwDFS,,,,
C6686.1,6686,6,1,yes,yes,no,cycDFS,,,,
C6696.1,6696,14,1,yes,yes,no,cycDFS+nbwDFS,,,,
C6696.2,6696,12,1,yes,yes,no,cycDFS+nbwDFS,,,,
C6696.3,6696,6,1,yes,yes,no,cycDFS,,,,
C6696.4,6696,12,1,yes,yes,no,cycDFS+nbwDFS,,,,
C6696.5,6696,12,1,yes,yes,yes,cycDFS+nbwDFS,yes,yes,yes,
C6702.1,6702,6,1,yes,yes,no,cycDFS,,,,
C6714.1,6714,6,1,yes,yes,no,cycDFS,,,,
C6720.1,6720,18,1,yes,yes,yes,cycDFS+nbwDFS,yes,yes,yes,
C6720.2,6720,12,1,yes,yes,yes,cycDFS+nbwDFS,yes,yes,yes,
C6720.3,6720,18,1,yes,yes,yes,cycDFS+nbwDFS,yes,yes,yes,
C6720.4,6720,12,2^1,yes,yes,yes,cycDFS+nbwDFS,yes,yes,yes,
C6720.5,6720,19,2^1,yes,yes,yes,cycDFS+nbwDFS,yes,yes,yes,
C6720.6,6720,15,2^1,yes,yes,yes,cycDFS+nbwDFS,yes,yes,yes,
C6720.7,6720,16,3,yes,yes,no,cycDFS+nbwDFS,,,,
C6720.8,6720,18,3,yes,yes,yes,cycDFS+nbwDFS,yes,yes,yes,
C6720.9,6720,20,3,yes,yes,yes,cycDFS+nbwDFS,yes,yes,yes,
C6722.1,6722,6,1,yes,yes,no,cycDFS,,,,
C6728.1,6728,6,2^1,yes,yes,no,cycDFS,,,,
C6734.1,6734,6,1,yes,yes,no,cycDFS,,,,
C6734.2,6734,6,1,yes,yes,no,cycDFS,,,,
C6734.3,6734,6,1,yes,yes,no,cycDFS,,,,
C6734.4,6734,6,1,yes,yes,no,cycDFS,,,,
C6736.1,6736,10,1,yes,yes,no,cycDFS+nbwDFS,,,,
C6738.1,6738,6,1,yes,yes,no,cycDFS,,,,
C6746.1,6746,6,1,yes,yes,no,cycDFS,,,,
C6750.1,6750,12,2^1,yes,yes,no,cycDFS+nbwDFS,,,,
C6750.2,6750,12,2^1,yes,yes,no,cycDFS+nbwDFS,,,,
C6752.1,6752,6,1,yes,yes,no,cycDFS,,,,
C6758.1,6758,6,1,yes,yes,no,cycDFS,,,,
C6758.2,6758,6,1,yes,yes,no,cycDFS,,,,
C6774.1,6774,6,1,yes,yes,no,cycDFS,,,,
C6776.1,6776,6,1,yes,yes,no,cycDFS,,,,
C6782.1,6782,6,1,yes,yes,no,cycDFS,,,,
C6792.1,6792,12,1,yes,yes,no,cycDFS+nbwDFS,,,,
C6792.2,6792,6,1,yes,yes,no,cycDFS,,,,
C6794.1,6794,6,1,yes,yes,no,cycDFS,,,,
C6794.2,6794,6,1,yes,yes,no,cycDFS,,,,
C6818.1,6818,6,1,yes,yes,no,cycDFS,,,,
C6818.2,6818,6,1,yes,yes,no,cycDFS,,,,
C6822.1,6822,6,1,yes,yes,no,cycDFS,,,,
C6824.1,6824,6,1,yes,yes,no,cycDFS,,,,
C6832.1,6832,10,1,yes,yes,no,cycDFS+nbwDFS,,,,
C6832.2,6832,10,1,yes,yes,no,cycDFS+nbwDFS,,,,
C6840.1,6840,18,1,yes,yes,yes,cycDFS+nbwDFS,yes,yes,yes,
C6840.2,6840,16,2^1,yes,yes,no,cycDFS+nbwDFS,,,,
C6840.3,6840,18,2^1,yes,yes,yes,cycDFS+nbwDFS,yes,yes,yes,
C6840.4,6840,10,2^1,yes,yes,no,cycDFS+nbwDFS,,,,
C6840.5,6840,18,2^1,yes,yes,yes,cycDFS+nbwDFS,yes,yes,yes,
C6840.6,6840,12,2^1,yes,yes,yes,cycDFS+nbwDFS,yes,yes,yes,
C6840.7,6840,18,2^1,yes,yes,yes,cycDFS+nbwDFS,yes,yes,yes,
C6840.8,6840,18,2^1,yes,yes,yes,cycDFS+nbwDFS,yes,yes,yes,
C6840.9,6840,16,2^1,yes,yes,no,cycDFS+nbwDFS,,,,
C6840.10,6840,14,2^1,yes,yes,no,cycDFS+nbwDFS,,,,
C6840.11,6840,10,2^1,yes,yes,yes,cycDFS+nbwDFS,yes,yes,yes,
C6840.12,6840,14,2^1,yes,yes,yes,cycDFS+nbwDFS,yes,yes,yes,
C6840.13,6840,12,2^1,yes,yes,no,cycDFS+nbwDFS,,,,
C6840.14,6840,12,2^1,yes,yes,no,cycDFS+nbwDFS,,,,
C6846.1,6846,6,1,yes,yes,no,cycDFS,,,,
C6846.2,6846,6,1,yes,yes,no,cycDFS,,,,
C6858.1,6858,6,1,yes,yes,no,cycDFS,,,,
C6858.2,6858,12,1,yes,yes,no,cycDFS+nbwDFS,,,,
C6866.1,6866,6,1,yes,yes,no,cycDFS,,,,
C6872.1,6872,6,1,yes,yes,no,cycDFS,,,,
C6878.1,6878,6,1,yes,yes,no,cycDFS,,,,
C6878.2,6878,6,1,yes,yes,no,cycDFS,,,,
C6882.1,6882,6,1,yes,yes,no,cycDFS,,,,
C6882.2,6882,6,1,yes,yes,no,cycDFS,,,,
C6912.1,6912,12,1,yes,yes,no,cycDFS+nbwDFS,,,,
C6912.2,6912,16,1,yes,yes,no,cycDFS+nbwDFS,,,,
C6912.3,6912,14,1,yes,yes,no,cycDFS+nbwDFS,,,,
C6912.4,6912,9,1,yes,yes,no,cycDFS+nbwDFS,,,,
C6912.5,6912,12,1,yes,yes,yes,cycDFS+nbwDFS,yes,yes,yes,
C6912.6,6912,12,1,yes,yes,no,cycDFS+nbwDFS,,,,
C6912.7,6912,16,1,yes,yes,no,cycDFS+nbwDFS,,,,
C6912.8,6912,16,1,yes,yes,no,cycDFS+nbwDFS,,,,
C6912.9,6912,16,1,yes,yes,no,cycDFS+nbwDFS,,,,
C6912.10,6912,8,1,yes,no,yes,cycDFS-besteffort,,,,
C6912.11,6912,12,1,yes,yes,no,cycDFS+nbwDFS,,,,
C6912.12,6912,12,1,yes,yes,yes,cycDFS+nbwDFS,yes,yes,yes,
C6912.13,6912,18,2^1,yes,yes,yes,cycDFS+nbwDFS,yes,yes,yes,
C6912.14,6912,14,2^1,yes,yes,no,cycDFS+nbwDFS,,,,
C6912.15,6912,12,2^1,yes,yes,yes,cycDFS+nbwDFS,yes,yes,yes,
C6912.16,6912,12,2^1,yes,yes,no,cycDFS+nbwDFS,,,,
C6912.17,6912,10,2^1,yes,yes,no,cycDFS+nbwDFS,,,,
C6912.18,6912,12,2^1,yes,yes,no,cycDFS+nbwDFS,,,,
C6912.19,6912,12,2^1,yes,yes,no,cycDFS+nbwDFS,,,,
C6912.20,6912,14,2^1,yes,yes,yes,cycDFS+nbwDFS,yes,yes,yes,
C6912.21,6912,12,2^1,yes,yes,yes,cycDFS+nbwDFS,yes,yes,yes,
C6912.22,6912,14,2^1,yes,yes,yes,cycDFS+nbwDFS,yes,yes,yes,
C6912.23,6912,12,2^1,yes,yes,no,cycDFS+nbwDFS,,,,
C6912.24,6912,16,2^1,yes,yes,no,cycDFS+nbwDFS,,,,
C6912.25,6912,16,2^1,yes,yes,no,cycDFS+nbwDFS,,,,
C6912.26,6912,9,2^1,yes,yes,no,cycDFS+nbwDFS,,,,
C6912.27,6912,14,2^1,yes,yes,no,cycDFS+nbwDFS,,,,
C6912.28,6912,14,2^1,yes,yes,no,cycDFS+nbwDFS,,,,
C6912.29,6912,10,2^1,yes,yes,no,cycDFS+nbwDFS,,,,
C6914.1,6914,6,1,yes,yes,no,cycDFS,,,,
C6918.1,6918,6,1,yes,yes,no,cycDFS,,,,
C6926.1,6926,6,1,yes,yes,no,cycDFS,,,,
C6928.1,6928,10,1,yes,yes,no,cycDFS+nbwDFS,,,,
C6936.1,6936,6,2^1,yes,yes,no,cycDFS,,,,
C6936.2,6936,12,2^1,yes,yes,no,cycDFS+nbwDFS,,,,
C6938.1,6938,6,1,yes,yes,no,cycDFS,,,,
C6944.1,6944,6,1,yes,yes,no,cycDFS,,,,
C6944.2,6944,6,1,yes,yes,no,cycDFS,,,,
C6950.1,6950,6,1,yes,yes,no,cycDFS,,,,
C6954.1,6954,6,1,yes,yes,no,cycDFS,,,,
C6954.2,6954,6,1,yes,yes,no,cycDFS,,,,
C6962.1,6962,6,2^1,yes,yes,no,cycDFS,,,,
C6966.1,6966,12,1,yes,yes,no,cycDFS+nbwDFS,,,,
C6966.2,6966,6,1,yes,yes,no,cycDFS,,,,
C6966.3,6966,12,1,yes,yes,yes,cycDFS+nbwDFS,yes,yes,yes,
C6966.4,6966,12,1,yes,yes,yes,cycDFS+nbwDFS,yes,yes,yes,
C6966.5,6966,12,1,yes,yes,yes,cycDFS+nbwDFS,yes,yes,yes,
C6968.1,6968,6,1,yes,yes,no,cycDFS,,,,
C6968.2,6968,6,1,yes,yes,no,cycDFS,,,,
C6976.1,6976,10,1,yes,yes,no,cycDFS+nbwDFS,,,,
C6984.1,6984,6,1,yes,yes,no,cycDFS,,,,
C6984.2,6984,12,1,yes,yes,no,cycDFS+nbwDFS,,,,
C6986.1,6986,6,1,yes,yes,no,cycDFS,,,,
C6986.2,6986,6,1,yes,yes,no,cycDFS,,,,
C6998.1,6998,6,1,yes,yes,no,cycDFS,,,,
C7000.1,7000,12,1,yes,yes,no,cycDFS+nbwDFS,,,,
C7000.2,7000,14,1,yes,yes,no,cycDFS+nbwDFS,,,,
C7008.1,7008,12,1,yes,yes,yes,cycDFS+nbwDFS,yes,yes,yes,
C7008.2,7008,12,1,yes,yes,no,cycDFS+nbwDFS,,,,
C7008.3,7008,6,1,yes,yes,no,cycDFS,,,,
C7016.1,7016,6,1,yes,yes,no,cycDFS,,,,
C7022.1,7022,6,1,yes,yes,no,cycDFS,,,,
C7024.1,7024,10,1,yes,yes,no,cycDFS+nbwDFS,,,,
C7026.1,7026,6,1,yes,yes,no,cycDFS,,,,
C7034.1,7034,6,1,yes,yes,no,cycDFS,,,,
C7046.1,7046,6,1,yes,yes,no,cycDFS,,,,
C7046.2,7046,6,1,yes,yes,no,cycDFS,,,,
C7056.1,7056,18,1,yes,yes,yes,cycDFS+nbwDFS,yes,yes,yes,
C7056.2,7056,18,1,yes,yes,yes,cycDFS+nbwDFS,yes,yes,yes,
C7056.3,7056,16,1,yes,yes,no,cycDFS+nbwDFS,,,,
C7056.4,7056,10,1,yes,yes,no,cycDFS+nbwDFS,,,,
C7056.5,7056,14,1,yes,yes,no,cycDFS+nbwDFS,,,,
C7056.6,7056,12,1,yes,yes,yes,cycDFS+nbwDFS,yes,yes,yes,
C7056.7,7056,14,1,yes,yes,yes,cycDFS+nbwDFS,yes,yes,yes,
C7056.8,7056,16,1,yes,yes,no,cycDFS+nbwDFS,,,,
C7056.9,7056,18,1,yes,yes,yes,cycDFS+nbwDFS,yes,yes,yes,
C7056.10,7056,12,1,yes,yes,yes,cycDFS+nbwDFS,yes,yes,yes,
C7056.11,7056,14,2^1,yes,yes,no,cycDFS+nbwDFS,,,,
C7056.12,7056,10,2^1,yes,yes,no,cycDFS+nbwDFS,,,,
C7058.1,7058,6,1,yes,yes,no,cycDFS,,,,
C7064.1,7064,6,1,yes,yes,no,cycDFS,,,,
C7082.1,7082,6,1,yes,yes,no,cycDFS,,,,
C7094.1,7094,6,1,yes,yes,no,cycDFS,,,,
C7098.1,7098,6,1,yes,yes,no,cycDFS,,,,
C7098.2,7098,6,1,yes,yes,no,cycDFS,,,,
C7098.3,7098,6,1,yes,yes,no,cycDFS,,,,
C7098.4,7098,12,1,yes,yes,yes,cycDFS+nbwDFS,yes,yes,yes,
C7104.1,7104,14,1,yes,yes,yes,cycDFS+nbwDFS,yes,yes,yes,
C7104.2,7104,14,1,yes,yes,no,cycDFS+nbwDFS,,,,
C7104.3,7104,12,1,yes,yes,yes,cycDFS+nbwDFS,yes,yes,yes,
C7104.4,7104,12,1,yes,yes,no,cycDFS+nbwDFS,,,,
C7104.5,7104,10,1,yes,yes,no,cycDFS+nbwDFS,,,,
C7112.1,7112,6,1,yes,yes,no,cycDFS,,,,
C7112.2,7112,6,1,yes,yes,no,cycDFS,,,,
C7118.1,7118,6,1,yes,yes,no,cycDFS,,,,
C7136.1,7136,6,1,yes,yes,no,cycDFS,,,,
C7142.1,7142,6,1,yes,yes,no,cycDFS,,,,
C7146.1,7146,6,1,yes,yes,no,cycDFS,,,,
C7154.1,7154,6,1,yes,yes,no,cycDFS,,,,
C7154.2,7154,6,1,yes,yes,no,cycDFS,,,,
C7154.3,7154,6,1,yes,yes,no,cycDFS,,,,
C7166.1,7166,6,1,yes,yes,no,cycDFS,,,,
C7168.1,7168,14,1,yes,yes,no,cycDFS+nbwDFS,,,,
C7168.2,7168,16,1,yes,yes,no,cycDFS+nbwDFS,,,,
C7168.3,7168,12,1,yes,yes,no,cycDFS+nbwDFS,,,,
C7168.4,7168,12,1,yes,yes,no,cycDFS+nbwDFS,,,,
C7168.5,7168,12,1,yes,yes,no,cycDFS+nbwDFS,,,,
C7168.6,7168,12,1,yes,yes,no,cycDFS+nbwDFS,,,,
C7168.7,7168,12,1,yes,yes,no,cycDFS+nbwDFS,,,,
C7168.8,7168,10,1,yes,yes,no,cycDFS+nbwDFS,,,,
C7168.9,7168,12,1,yes,yes,yes,cycDFS+nbwDFS,yes,yes,yes,
C7168.10,7168,12,1,yes,yes,yes,cycDFS+nbwDFS,yes,yes,yes,
C7168.11,7168,12,1,yes,yes,yes,cycDFS+nbwDFS,yes,yes,yes,
C7168.12,7168,12,1,yes,yes,yes,cycDFS+nbwDFS,yes,yes,yes,
C7168.13,7168,12,1,yes,yes,yes,cycDFS+nbwDFS,yes,yes,yes,
C7168.14,7168,12,1,yes,yes,yes,cycDFS+nbwDFS,yes,yes,yes,
C7168.15,7168,18,1,yes,yes,yes,cycDFS+nbwDFS,yes,yes,yes,
C7168.16,7168,18,1,yes,yes,yes,cycDFS+nbwDFS,yes,yes,yes,
C7168.17,7168,18,1,yes,yes,yes,cycDFS+nbwDFS,yes,yes,yes,
C7168.18,7168,18,1,yes,yes,yes,cycDFS+nbwDFS,yes,yes,yes,
C7168.19,7168,14,1,yes,yes,no,cycDFS+nbwDFS,,,,
C7168.20,7168,14,1,yes,yes,no,cycDFS+nbwDFS,,,,
C7168.21,7168,12,1,yes,yes,no,cycDFS+nbwDFS,,,,
C7168.22,7168,12,2^1,yes,yes,no,cycDFS+nbwDFS,,,,
C7168.23,7168,18,2^2,yes,yes,yes,cycDFS+nbwDFS,yes,yes,yes,
C7168.24,7168,14,3,yes,yes,no,cycDFS+nbwDFS,,,,
C7168.25,7168,16,3,yes,yes,no,cycDFS+nbwDFS,,,,
C7168.26,7168,16,4^1,yes,yes,no,cycDFS+nbwDFS,,,,
C7178.1,7178,6,1,yes,yes,no,cycDFS,,,,
C7178.2,7178,6,1,yes,yes,no,cycDFS,,,,
C7182.1,7182,6,1,yes,yes,no,cycDFS,,,,
C7182.2,7182,6,1,yes,yes,no,cycDFS,,,,
C7182.3,7182,12,1,yes,yes,no,cycDFS+nbwDFS,,,,
C7182.4,7182,12,1,yes,yes,no,cycDFS+nbwDFS,,,,
C7200.1,7200,10,2^1,yes,yes,yes,cycDFS+nbwDFS,yes,yes,yes,
C7200.2,7200,12,2^1,yes,yes,yes,cycDFS+nbwDFS,yes,yes,yes,
C7200.3,7200,6,2^1,yes,yes,no,cycDFS,,,,
C7200.4,7200,12,2^1,yes,yes,no,cycDFS+nbwDFS,,,,
C7202.1,7202,6,1,yes,yes,no,cycDFS,,,,
C7202.2,7202,6,1,yes,yes,no,cycDFS,,,,
C7206.1,7206,6,1,yes,yes,no,cycDFS,,,,
C7214.1,7214,6,1,yes,yes,no,cycDFS,,,,
C7224.1,7224,12,1,yes,yes,no,cycDFS+nbwDFS,,,,
C7224.2,7224,12,1,yes,yes,no,cycDFS+nbwDFS,,,,
C7224.3,7224,6,1,yes,yes,no,cycDFS,,,,
C7224.4,7224,6,1,yes,yes,no,cycDFS,,,,
C7226.1,7226,6,1,yes,yes,no,cycDFS,,,,
C7248.1,7248,14,1,yes,yes,no,cycDFS+nbwDFS,,,,
C7248.2,7248,10,1,yes,yes,no,cycDFS+nbwDFS,,,,
C7254.1,7254,6,1,yes,yes,no,cycDFS,,,,
C7254.2,7254,6,1,yes,yes,no,cycDFS,,,,
C7256.1,7256,6,1,yes,yes,no,cycDFS,,,,
C7262.1,7262,6,1,yes,yes,no,cycDFS,,,,
C7274.1,7274,6,1,yes,yes,no,cycDFS,,,,
C7278.1,7278,6,1,yes,yes,no,cycDFS,,,,
C7286.1,7286,6,1,yes,yes,no,cycDFS,,,,
C7290.1,7290,15,3,yes,yes,no,cycDFS+nbwDFS,,,,
C7296.1,7296,14,1,yes,yes,yes,cycDFS+nbwDFS,yes,yes,yes,
C7296.2,7296,14,1,yes,yes,yes,cycDFS+nbwDFS,yes,yes,yes,
C7296.3,7296,12,1,yes,yes,yes,cycDFS+nbwDFS,yes,yes,yes,
C7296.4,7296,12,1,yes,yes,yes,cycDFS+nbwDFS,yes,yes,yes,
C7296.5,7296,12,1,yes,yes,no,cycDFS+nbwDFS,,,,
C7296.6,7296,12,1,yes,yes,no,cycDFS+nbwDFS,,,,
C7296.7,7296,6,1,yes,yes,no,cycDFS,,,,
C7312.1,7312,10,1,yes,yes,no,cycDFS+nbwDFS,,,,
C7320.1,7320,18,1,yes,yes,yes,cycDFS+nbwDFS,yes,yes,yes,
C7322.1,7322,6,1,yes,yes,no,cycDFS,,,,
C7322.2,7322,6,1,yes,yes,no,cycDFS,,,,
C7328.1,7328,6,1,yes,yes,no,cycDFS,,,,
C7334.1,7334,6,1,yes,yes,no,cycDFS,,,,
C7334.2,7334,6,1,yes,yes,no,cycDFS,,,,
C7346.1,7346,6,1,yes,yes,no,cycDFS,,,,
C7350.1,7350,12,1,yes,yes,yes,cycDFS+nbwDFS,yes,yes,yes,
C7350.2,7350,6,1,yes,yes,no,cycDFS,,,,
C7350.3,7350,6,2^1,yes,yes,no,cycDFS,,,,
C7350.4,7350,12,2^1,yes,yes,yes,cycDFS+nbwDFS,yes,yes,yes,
C7352.1,7352,6,1,yes,yes,no,cycDFS,,,,
C7358.1,7358,6,1,yes,yes,no,cycDFS,,,,
C7358.2,7358,6,1,yes,yes,no,cycDFS,,,,
C7362.1,7362,6,1,yes,yes,no,cycDFS,,,,
C7368.1,7368,12,1,yes,yes,no,cycDFS+nbwDFS,,,,
C7368.2,7368,6,1,yes,yes,no,cycDFS,,,,
C7382.1,7382,6,1,yes,yes,no,cycDFS,,,,
C7386.1,7386,6,1,yes,yes,no,cycDFS,,,,
C7394.1,7394,6,1,yes,yes,no,cycDFS,,,,
C7400.1,7400,6,1,yes,yes,no,cycDFS,,,,
C7406.1,7406,6,1,yes,yes,no,cycDFS,,,,
C7408.1,7408,10,1,yes,yes,no,cycDFS+nbwDFS,,,,
C7416.1,7416,6,1,yes,yes,no,cycDFS,,,,
C7416.2,7416,12,1,yes,yes,no,cycDFS+nbwDFS,,,,
C7418.1,7418,6,1,yes,yes,no,cycDFS,,,,
C7422.1,7422,6,1,yes,yes,no,cycDFS,,,,
C7440.1,7440,18,1,yes,yes,yes,cycDFS+nbwDFS,yes,yes,yes,
C7442.1,7442,6,1,yes,yes,no,cycDFS,,,,
C7442.2,7442,6,2^1,yes,yes,no,cycDFS,,,,
C7448.1,7448,6,1,yes,yes,no,cycDFS,,,,
C7448.2,7448,6,1,yes,yes,no,cycDFS,,,,
C7448.3,7448,6,1,yes,yes,no,cycDFS,,,,
C7454.1,7454,6,1,yes,yes,no,cycDFS,,,,
C7466.1,7466,6,1,yes,yes,no,cycDFS,,,,
C7478.1,7478,6,1,yes,yes,no,cycDFS,,,,
C7488.1,7488,14,1,yes,yes,yes,cycDFS+nbwDFS,yes,yes,yes,
C7488.2,7488,14,1,yes,yes,no,cycDFS+nbwDFS,,,,
C7488.3,7488,12,1,yes,yes,yes,cycDFS+nbwDFS,yes,yes,yes,
C7488.4,7488,12,1,yes,yes,no,cycDFS+nbwDFS,,,,
C7488.5,7488,10,1,yes,yes,no,cycDFS+nbwDFS,,,,
C7494.1,7494,6,1,yes,yes,no,cycDFS,,,,
C7496.1,7496,6,1,yes,yes,no,cycDFS,,,,
C7500.1,7500,18,2^1,yes,yes,yes,cycDFS+nbwDFS,yes,yes,yes,
C7502.1,7502,6,1,yes,yes,no,cycDFS,,,,
C7504.1,7504,10,1,yes,yes,no,cycDFS+nbwDFS,,,,
C7504.2,7504,10,1,yes,yes,no,cycDFS+nbwDFS,,,,
C7506.1,7506,6,1,yes,yes,no,cycDFS,,,,
C7506.2,7506,12,1,yes,yes,no,cycDFS+nbwDFS,,,,
C7512.1,7512,12,1,yes,yes,no,cycDFS+nbwDFS,,,,
C7512.2,7512,6,1,yes,yes,no,cycDFS,,,,
C7514.1,7514,6,1,yes,yes,no,cycDFS,,,,
C7536.1,7536,14,1,yes,yes,no,cycDFS+nbwDFS,,,,
C7536.2,7536,10,1,yes,yes,no,cycDFS+nbwDFS,,,,
C7538.1,7538,6,1,yes,yes,no,cycDFS,,,,
C7550.1,7550,6,1,yes,yes,no,cycDFS,,,,
C7560.1,7560,18,1,yes,yes,yes,cycDFS+nbwDFS,yes,yes,yes,
C7562.1,7562,6,1,yes,yes,no,cycDFS,,,,
C7562.2,7562,6,1,yes,yes,no,cycDFS,,,,
C7566.1,7566,6,1,yes,yes,no,cycDFS,,,,
C7566.2,7566,6,1,yes,yes,no,cycDFS,,,,
C7574.1,7574,6,1,yes,yes,no,cycDFS,,,,
C7574.2,7574,6,1,yes,yes,no,cycDFS,,,,
C7578.1,7578,6,1,yes,yes,no,cycDFS,,,,
C7584.1,7584,12,1,yes,yes,yes,cycDFS+nbwDFS,yes,yes,yes,
C7584.2,7584,12,1,yes,yes,no,cycDFS+nbwDFS,,,,
C7584.3,7584,6,1,yes,yes,no,cycDFS,,,,
C7586.1,7586,6,1,yes,yes,no,cycDFS,,,,
C7592.1,7592,6,1,yes,yes,no,cycDFS,,,,
C7592.2,7592,6,1,yes,yes,no,cycDFS,,,,
C7600.1,7600,10,1,yes,yes,no,cycDFS+nbwDFS,,,,
C7600.2,7600,12,1,yes,yes,yes,cycDFS+nbwDFS,yes,yes,yes,
C7600.3,7600,12,1,yes,yes,yes,cycDFS+nbwDFS,yes,yes,yes,
C7602.1,7602,6,1,yes,yes,no,cycDFS,,,,
C7602.2,7602,6,1,yes,yes,no,cycDFS,,,,
C7622.1,7622,6,1,yes,yes,no,cycDFS,,,,
C7622.2,7622,6,1,yes,yes,no,cycDFS,,,,
C7638.1,7638,6,1,yes,yes,no,cycDFS,,,,
C7638.2,7638,6,1,yes,yes,no,cycDFS,,,,
C7646.1,7646,6,1,yes,yes,no,cycDFS,,,,
C7658.1,7658,6,1,yes,yes,no,cycDFS,,,,
C7658.2,7658,6,1,yes,yes,no,cycDFS,,,,
C7674.1,7674,6,1,yes,yes,no,cycDFS,,,,
C7680.1,7680,12,1,yes,yes,yes,cycDFS+nbwDFS,yes,yes,yes,
C7680.2,7680,16,1,yes,yes,no,cycDFS+nbwDFS,,,,
C7680.3,7680,16,1,yes,yes,no,cycDFS+nbwDFS,,,,
C7680.4,7680,12,1,yes,yes,yes,cycDFS+nbwDFS,yes,yes,yes,
C7680.5,7680,12,1,yes,yes,yes,cycDFS+nbwDFS,yes,yes,yes,
C7680.6,7680,18,1,yes,yes,yes,cycDFS+nbwDFS,yes,yes,yes,
C7680.7,7680,10,1,yes,yes,yes,cycDFS+nbwDFS,yes,yes,yes,
C7680.8,7680,18,2^1,yes,yes,yes,cycDFS+nbwDFS,yes,yes,yes,
C7680.9,7680,18,2^1,yes,yes,yes,cycDFS+nbwDFS,yes,yes,yes,
C7680.10,7680,18,2^1,yes,yes,yes,cycDFS+nbwDFS,yes,yes,yes,
C7680.11,7680,18,2^1,yes,yes,yes,cycDFS+nbwDFS,yes,yes,yes,
C7680.12,7680,18,2^1,yes,yes,yes,cycDFS+nbwDFS,yes,yes,yes,
C7680.13,7680,18,2^1,yes,yes,yes,cycDFS+nbwDFS,yes,yes,yes,
C7680.14,7680,18,2^1,yes,yes,yes,cycDFS+nbwDFS,yes,yes,yes,
C7680.15,7680,12,2^1,yes,yes,yes,cycDFS+nbwDFS,yes,yes,yes,
C7680.16,7680,18,2^1,yes,yes,yes,cycDFS+nbwDFS,yes,yes,yes,
C7680.17,7680,10,2^1,yes,yes,yes,cycDFS+nbwDFS,yes,yes,yes,
C7680.18,7680,16,2^1,yes,yes,no,cycDFS+nbwDFS,,,,
C7680.19,7680,18,2^1,yes,yes,yes,cycDFS+nbwDFS,yes,yes,yes,
C7686.1,7686,6,1,yes,yes,no,cycDFS,,,,
C7686.2,7686,6,1,yes,yes,no,cycDFS,,,,
C7688.1,7688,6,1,yes,yes,no,cycDFS,,,,
C7688.2,7688,6,2^1,yes,yes,no,cycDFS,,,,
C7694.1,7694,6,1,yes,yes,no,cycDFS,,,,
C7696.1,7696,10,1,yes,yes,no,cycDFS+nbwDFS,,,,
C7696.2,7696,10,1,yes,yes,no,cycDFS+nbwDFS,,,,
C7706.1,7706,6,1,yes,yes,no,cycDFS,,,,
C7712.1,7712,6,1,yes,yes,no,cycDFS,,,,
C7736.1,7736,6,1,yes,yes,no,cycDFS,,,,
C7742.1,7742,6,1,yes,yes,no,cycDFS,,,,
C7742.2,7742,6,1,yes,yes,no,cycDFS,,,,
C7742.3,7742,6,1,yes,yes,no,cycDFS,,,,
C7744.1,7744,8,1,yes,no,no,cycDFS-besteffort,,,,
C7744.2,7744,10,2^1,yes,yes,no,cycDFS+nbwDFS,,,,
C7746.1,7746,6,1,yes,yes,no,cycDFS,,,,
C7750.1,7750,12,1,yes,yes,no,cycDFS+nbwDFS,,,,
C7754.1,7754,6,1,yes,yes,no,cycDFS,,,,
C7776.1,7776,14,2^1,yes,yes,no,cycDFS+nbwDFS,,,,
C7776.2,7776,12,2^1,yes,yes,yes,cycDFS+nbwDFS,yes,yes,yes,
C7776.3,7776,12,2^1,yes,yes,yes,cycDFS+nbwDFS,yes,yes,yes,
C7776.4,7776,12,2^1,yes,yes,no,cycDFS+nbwDFS,,,,
C7776.5,7776,12,2^1,yes,yes,yes,cycDFS+nbwDFS,yes,yes,yes,
C7776.6,7776,12,2^1,yes,yes,yes,cycDFS+nbwDFS,yes,yes,yes,
C7776.7,7776,6,2^1,yes,yes,no,cycDFS,,,,
C7776.8,7776,12,2^1,yes,yes,yes,cycDFS+nbwDFS,yes,yes,yes,
C7776.9,7776,12,2^1,yes,yes,no,cycDFS+nbwDFS,,,,
C7776.10,7776,12,2^1,yes,yes,yes,cycDFS+nbwDFS,yes,yes,yes,
C7776.11,7776,12,3,yes,yes,yes,cycDFS+nbwDFS,yes,yes,yes,
C7776.12,7776,12,3,yes,yes,yes,cycDFS+nbwDFS,yes,yes,yes,
C7778.1,7778,6,1,yes,yes,no,cycDFS,,,,
C7782.1,7782,6,1,yes,yes,no,cycDFS,,,,
C7784.1,7784,6,1,yes,yes,no,cycDFS,,,,
C7784.2,7784,6,1,yes,yes,no,cycDFS,,,,
C7792.1,7792,10,1,yes,yes,no,cycDFS+nbwDFS,,,,
C7794.1,7794,6,1,yes,yes,no,cycDFS,,,,
C7800.1,7800,12,1,yes,yes,yes,cycDFS+nbwDFS,yes,yes,yes,
C7800.2,7800,6,1,yes,yes,no,cycDFS,,,,
C7800.3,7800,12,1,yes,yes,yes,cycDFS+nbwDFS,yes,yes,yes,
C7800.4,7800,12,1,yes,yes,no,cycDFS+nbwDFS,,,,
C7800.5,7800,18,2^1,yes,yes,yes,cycDFS+nbwDFS,yes,yes,yes,
C7800.6,7800,12,2^1,yes,yes,yes,cycDFS+nbwDFS,yes,yes,yes,
C7800.7,7800,8,2^1,yes,no,yes,cycDFS-besteffort,,,,
C7800.8,7800,15,2^1,yes,yes,no,cycDFS+nbwDFS,,,,
C7808.1,7808,12,1,yes,yes,no,cycDFS+nbwDFS,,,,
C7808.2,7808,6,1,yes,yes,no,cycDFS,,,,
C7814.1,7814,6,1,yes,yes,no,cycDFS,,,,
C7818.1,7818,6,1,yes,yes,no,cycDFS,,,,
C7824.1,7824,14,1,yes,yes,no,cycDFS+nbwDFS,,,,
C7824.2,7824,10,1,yes,yes,no,cycDFS+nbwDFS,,,,
C7826.1,7826,6,1,yes,yes,no,cycDFS,,,,
C7826.2,7826,6,1,yes,yes,no,cycDFS,,,,
C7826.3,7826,6,1,yes,yes,no,cycDFS,,,,
C7826.4,7826,6,1,yes,yes,no,cycDFS,,,,
C7838.1,7838,6,1,yes,yes,no,cycDFS,,,,
C7848.1,7848,6,1,yes,yes,no,cycDFS,,,,
C7848.2,7848,12,1,yes,yes,no,cycDFS+nbwDFS,,,,
C7850.1,7850,6,1,yes,yes,no,cycDFS,,,,
C7862.1,7862,6,1,yes,yes,no,cycDFS,,,,
C7874.1,7874,6,1,yes,yes,no,cycDFS,,,,
C7874.2,7874,6,1,yes,yes,no,cycDFS,,,,
C7886.1,7886,6,1,yes,yes,no,cycDFS,,,,
C7902.1,7902,6,1,yes,yes,no,cycDFS,,,,
C7904.1,7904,6,1,yes,yes,no,cycDFS,,,,
C7904.2,7904,6,1,yes,yes,no,cycDFS,,,,
C7920.1,7920,18,2^1,yes,yes,yes,cycDFS+nbwDFS,yes,yes,yes,
C7920.2,7920,16,2^1,yes,yes,no,cycDFS+nbwDFS,,,,
C7920.3,7920,20,3,yes,yes,yes,cycDFS+nbwDFS,yes,yes,yes,
C7926.1,7926,6,1,yes,yes,no,cycDFS,,,,
C7928.1,7928,6,1,yes,yes,no,cycDFS,,,,
C7934.1,7934,6,1,yes,yes,no,cycDFS,,,,
C7936.1,7936,12,1,yes,yes,no,cycDFS+nbwDFS,,,,
C7936.2,7936,12,1,yes,yes,no,cycDFS+nbwDFS,,,,
C7936.3,7936,12,1,yes,yes,no,cycDFS+nbwDFS,,,,
C7936.4,7936,12,1,yes,yes,no,cycDFS+nbwDFS,,,,
C7936.5,7936,10,1,yes,yes,no,cycDFS+nbwDFS,,,,
C7938.1,7938,12,1,yes,yes,no,cycDFS+nbwDFS,,,,
C7938.2,7938,6,1,yes,yes,no,cycDFS,,,,
C7938.3,7938,12,1,yes,yes,no,cycDFS+nbwDFS,,,,
C7938.4,7938,12,1,yes,yes,yes,cycDFS+nbwDFS,yes,yes,yes,
C7938.5,7938,12,1,yes,yes,yes,cycDFS+nbwDFS,yes,yes,yes,
C7938.6,7938,12,1,yes,yes,yes,cycDFS+nbwDFS,yes,yes,yes,
C7938.7,7938,12,1,yes,yes,yes,cycDFS+nbwDFS,yes,yes,yes,
C7938.8,7938,6,2^1,yes,yes,no,cycDFS,,,,
C7938.9,7938,12,2^1,yes,yes,yes,cycDFS+nbwDFS,yes,yes,yes,
C7938.10,7938,12,2^1,yes,yes,no,cycDFS+nbwDFS,,,,
C7944.1,7944,12,1,yes,yes,no,cycDFS+nbwDFS,,,,
C7944.2,7944,6,1,yes,yes,no,cycDFS,,,,
C7962.1,7962,6,1,yes,yes,no,cycDFS,,,,
C7976.1,7976,6,1,yes,yes,no,cycDFS,,,,
C7982.1,7982,6,1,yes,yes,no,cycDFS,,,,
C7982.2,7982,6,1,yes,yes,no,cycDFS,,,,
C7984.1,7984,10,1,yes,yes,no,cycDFS+nbwDFS,,,,
C7986.1,7986,12,2^1,yes,yes,no,cycDFS+nbwDFS,,,,
C7992.1,7992,14,1,yes,yes,no,cycDFS+nbwDFS,,,,
C7992.2,7992,12,1,yes,yes,no,cycDFS+nbwDFS,,,,
C7992.3,7992,6,1,yes,yes,no,cycDFS,,,,
C7992.4,7992,12,1,yes,yes,no,cycDFS+nbwDFS,,,,
C7992.5,7992,12,1,yes,yes,yes,cycDFS+nbwDFS,yes,yes,yes,
C7994.1,7994,6,1,yes,yes,no,cycDFS,,,,
C7994.2,7994,6,1,yes,yes,no,cycDFS,,,,
C7998.1,7998,6,1,yes,yes,no,cycDFS,,,,
C7998.2,7998,6,1,yes,yes,no,cycDFS,,,,
C8000.1,8000,12,1,yes,yes,no,cycDFS+nbwDFS,,,,
C8000.2,8000,8,1,yes,no,yes,cycDFS-besteffort,,,,
C8000.3,8000,10,2^1,yes,yes,no,cycDFS+nbwDFS,,,,
C8000.4,8000,12,2^1,yes,yes,no,cycDFS+nbwDFS,,,,
C8006.1,8006,6,1,yes,yes,no,cycDFS,,,,
C8018.1,8018,6,1,yes,yes,no,cycDFS,,,,
C8018.2,8018,6,1,yes,yes,no,cycDFS,,,,
C8034.1,8034,6,1,yes,yes,no,cycDFS,,,,
C8034.2,8034,6,1,yes,yes,no,cycDFS,,,,
C8040.1,8040,18,1,yes,yes,yes,cycDFS+nbwDFS,yes,yes,yes,
C8042.1,8042,6,1,yes,yes,no,cycDFS,,,,
C8054.1,8054,6,1,yes,yes,no,cycDFS,,,,
C8064.1,8064,14,1,yes,yes,yes,cycDFS+nbwDFS,yes,yes,yes,
C8064.2,8064,14,1,yes,yes,yes,cycDFS+nbwDFS,yes,yes,yes,
C8064.3,8064,12,1,yes,yes,yes,cycDFS+nbwDFS,yes,yes,yes,
C8064.4,8064,12,1,yes,yes,yes,cycDFS+nbwDFS,yes,yes,yes,
C8064.5,8064,12,1,yes,yes,no,cycDFS+nbwDFS,,,,
C8064.6,8064,12,1,yes,yes,no,cycDFS+nbwDFS,,,,
C8064.7,8064,6,1,yes,yes,no,cycDFS,,,,
C8064.8,8064,12,1,yes,yes,yes,cycDFS+nbwDFS,yes,yes,yes,
C8064.9,8064,12,1,yes,yes,yes,cycDFS+nbwDFS,yes,yes,yes,
C8064.10,8064,16,1,yes,yes,no,cycDFS+nbwDFS,,,,
C8064.11,8064,18,1,yes,yes,yes,cycDFS+nbwDFS,yes,yes,yes,
C8064.12,8064,16,2^1,yes,yes,no,cycDFS+nbwDFS,,,,
C8064.13,8064,16,2^1,yes,yes,no,cycDFS+nbwDFS,,,,
C8064.14,8064,18,2^1,yes,yes,yes,cycDFS+nbwDFS,yes,yes,yes,
C8064.15,8064,18,2^1,yes,yes,yes,cycDFS+nbwDFS,yes,yes,yes,
C8064.16,8064,18,2^1,yes,yes,yes,cycDFS+nbwDFS,yes,yes,yes,
C8064.17,8064,18,2^1,yes,yes,yes,cycDFS+nbwDFS,yes,yes,yes,
C8064.18,8064,16,2^1,yes,yes,no,cycDFS+nbwDFS,,,,
C8064.19,8064,16,2^1,yes,yes,no,cycDFS+nbwDFS,,,,
C8064.20,8064,16,2^1,yes,yes,no,cycDFS+nbwDFS,,,,
C8064.21,8064,18,2^1,yes,yes,yes,cycDFS+nbwDFS,yes,yes,yes,
C8064.22,8064,16,2^1,yes,yes,no,cycDFS+nbwDFS,,,,
C8064.23,8064,18,2^2,yes,yes,yes,cycDFS+nbwDFS,yes,yes,yes,
C8066.1,8066,6,1,yes,yes,no,cycDFS,,,,
C8066.2,8066,6,1,yes,yes,no,cycDFS,,,,
C8072.1,8072,6,1,yes,yes,no,cycDFS,,,,
C8078.1,8078,6,1,yes,yes,no,cycDFS,,,,
C8078.2,8078,6,1,yes,yes,no,cycDFS,,,,
C8088.1,8088,12,1,yes,yes,no,cycDFS+nbwDFS,,,,
C8088.2,8088,6,1,yes,yes,no,cycDFS,,,,
C8096.1,8096,16,2^1,yes,yes,no,cycDFS+nbwDFS,,,,
C8096.2,8096,18,2^1,yes,yes,yes,cycDFS+nbwDFS,yes,yes,yes,
C8096.3,8096,14,2^1,yes,yes,no,cycDFS+nbwDFS,,,,
C8096.4,8096,14,2^1,yes,yes,yes,cycDFS+nbwDFS,yes,yes,yes,
C8096.5,8096,14,2^1,yes,yes,yes,cycDFS+nbwDFS,yes,yes,yes,
C8096.6,8096,14,2^1,yes,yes,yes,cycDFS+nbwDFS,yes,yes,yes,
C8096.7,8096,14,2^1,yes,yes,yes,cycDFS+nbwDFS,yes,yes,yes,
C8096.8,8096,20,2^1,yes,yes,yes,cycDFS+nbwDFS,yes,yes,yes,
C8096.9,8096,14,2^1,yes,yes,no,cycDFS+nbwDFS,,,,
C8096.10,8096,18,3,yes,yes,yes,cycDFS+nbwDFS,yes,yes,yes,
C8102.1,8102,6,1,yes,yes,no,cycDFS,,,,
C8106.1,8106,6,1,yes,yes,no,cycDFS,,,,
C8106.2,8106,6,1,yes,yes,no,cycDFS,,,,
C8112.1,8112,14,1,yes,yes,no,cycDFS+nbwDFS,,,,
C8112.2,8112,10,1,yes,yes,no,cycDFS+nbwDFS,,,,
C8112.3,8112,12,1,yes,yes,no,cycDFS+nbwDFS,,,,
C8112.4,8112,10,2^1,yes,yes,no,cycDFS+nbwDFS,,,,
C8112.5,8112,14,2^1,yes,yes,no,cycDFS+nbwDFS,,,,
C8114.1,8114,6,1,yes,yes,no,cycDFS,,,,
C8120.1,8120,12,2^1,yes,yes,no,cycDFS+nbwDFS,,,,
C8120.2,8120,14,2^1,yes,yes,no,cycDFS+nbwDFS,,,,
C8120.3,8120,12,2^1,yes,yes,no,cycDFS+nbwDFS,,,,
C8120.4,8120,12,2^1,yes,yes,no,cycDFS+nbwDFS,,,,
C8120.5,8120,14,2^1,yes,yes,yes,cycDFS+nbwDFS,yes,yes,yes,
C8120.6,8120,12,2^1,yes,yes,yes,cycDFS+nbwDFS,yes,yes,yes,
C8120.7,8120,10,2^1,yes,yes,no,cycDFS+nbwDFS,,,,
C8120.8,8120,10,2^1,yes,yes,yes,cycDFS+nbwDFS,yes,yes,yes,
C8120.9,8120,16,2^1,yes,yes,no,cycDFS+nbwDFS,,,,
C8120.10,8120,16,2^1,yes,yes,no,cycDFS+nbwDFS,,,,
C8120.11,8120,16,2^1,yes,yes,no,cycDFS+nbwDFS,,,,
C8120.12,8120,16,3,yes,yes,no,cycDFS+nbwDFS,,,,
C8128.1,8128,10,1,yes,yes,no,cycDFS+nbwDFS,,,,
C8138.1,8138,6,1,yes,yes,no,cycDFS,,,,
C8138.2,8138,6,1,yes,yes,no,cycDFS,,,,
C8150.1,8150,6,1,yes,yes,no,cycDFS,,,,
C8154.1,8154,6,1,yes,yes,no,cycDFS,,,,
C8154.2,8154,12,1,yes,yes,no,cycDFS+nbwDFS,,,,
C8160.1,8160,18,2^1,yes,yes,yes,cycDFS+nbwDFS,yes,yes,yes,
C8160.2,8160,18,2^1,yes,yes,yes,cycDFS+nbwDFS,yes,yes,yes,
C8160.3,8160,18,2^1,yes,yes,yes,cycDFS+nbwDFS,yes,yes,yes,
C8168.1,8168,6,1,yes,yes,no,cycDFS,,,,
C8174.1,8174,6,1,yes,yes,no,cycDFS,,,,
C8174.2,8174,6,1,yes,yes,no,cycDFS,,,,
C8176.1,8176,10,1,yes,yes,no,cycDFS+nbwDFS,,,,
C8176.2,8176,10,1,yes,yes,no,cycDFS+nbwDFS,,,,
C8186.1,8186,6,1,yes,yes,no,cycDFS,,,,
C8192.1,8192,18,1,yes,yes,yes,cycDFS+nbwDFS,yes,yes,yes,
C8192.2,8192,16,1,yes,yes,no,cycDFS+nbwDFS,,,,
C8192.3,8192,14,1,yes,yes,no,cycDFS+nbwDFS,,,,
C8192.4,8192,18,1,yes,yes,yes,cycDFS+nbwDFS,yes,yes,yes,
C8192.5,8192,18,1,yes,yes,yes,cycDFS+nbwDFS,yes,yes,yes,
C8192.6,8192,18,1,yes,yes,yes,cycDFS+nbwDFS,yes,yes,yes,
C8192.7,8192,18,1,yes,yes,yes,cycDFS+nbwDFS,yes,yes,yes,
C8192.8,8192,18,1,yes,yes,yes,cycDFS+nbwDFS,yes,yes,yes,
C8192.9,8192,18,1,yes,yes,yes,cycDFS+nbwDFS,yes,yes,yes,
C8192.10,8192,18,1,yes,yes,yes,cycDFS+nbwDFS,yes,yes,yes,
C8192.11,8192,18,1,yes,yes,yes,cycDFS+nbwDFS,yes,yes,yes,
C8192.12,8192,18,1,yes,yes,yes,cycDFS+nbwDFS,yes,yes,yes,
C8192.13,8192,14,1,yes,yes,no,cycDFS+nbwDFS,,,,
C8192.14,8192,16,1,yes,yes,no,cycDFS+nbwDFS,,,,
C8192.15,8192,16,1,yes,yes,no,cycDFS+nbwDFS,,,,
C8192.16,8192,16,1,yes,yes,no,cycDFS+nbwDFS,,,,
C8192.17,8192,16,1,yes,yes,no,cycDFS+nbwDFS,,,,
C8192.18,8192,18,1,yes,yes,yes,cycDFS+nbwDFS,yes,yes,yes,
C8192.19,8192,12,1,yes,yes,yes,cycDFS+nbwDFS,yes,yes,yes,
C8192.20,8192,12,1,yes,yes,no,cycDFS+nbwDFS,,,,
C8192.21,8192,12,1,yes,yes,no,cycDFS+nbwDFS,,,,
C8192.22,8192,12,1,yes,yes,no,cycDFS+nbwDFS,,,,
C8192.23,8192,12,1,yes,yes,no,cycDFS+nbwDFS,,,,
C8192.24,8192,12,1,yes,yes,no,cycDFS+nbwDFS,,,,
C8192.25,8192,16,1,yes,yes,no,cycDFS+nbwDFS,,,,
C8192.26,8192,16,1,yes,yes,no,cycDFS+nbwDFS,,,,
C8192.27,8192,8,1,yes,no,yes,cycDFS-besteffort,,,,
C8192.28,8192,16,1,yes,yes,no,cycDFS+nbwDFS,,,,
C8192.29,8192,16,1,yes,yes,no,cycDFS+nbwDFS,,,,
C8192.30,8192,16,1,yes,yes,no,cycDFS+nbwDFS,,,,
C8192.31,8192,16,1,yes,yes,no,cycDFS+nbwDFS,,,,
C8192.32,8192,12,1,yes,yes,no,cycDFS+nbwDFS,,,,
C8192.33,8192,12,1,yes,yes,no,cycDFS+nbwDFS,,,,
C8192.34,8192,16,1,yes,yes,no,cycDFS+nbwDFS,,,,
C8192.35,8192,16,1,yes,yes,no,cycDFS+nbwDFS,,,,
C8192.36,8192,14,1,yes,yes,no,cycDFS+nbwDFS,,,,
C8192.37,8192,18,1,yes,yes,yes,cycDFS+nbwDFS,yes,yes,yes,
C8192.38,8192,16,1,yes,yes,no,cycDFS+nbwDFS,,,,
C8192.39,8192,12,1,yes,yes,no,cycDFS+nbwDFS,,,,
C8192.40,8192,12,1,yes,yes,yes,cycDFS+nbwDFS,yes,yes,yes,
C8192.41,8192,16,1,yes,yes,no,cycDFS+nbwDFS,,,,
C8192.42,8192,18,1,yes,yes,yes,cycDFS+nbwDFS,yes,yes,yes,
C8192.43,8192,16,1,yes,yes,no,cycDFS+nbwDFS,,,,
C8192.44,8192,12,1,yes,yes,no,cycDFS+nbwDFS,,,,
C8192.45,8192,6,2^1,yes,yes,no,cycDFS,,,,
C8192.46,8192,12,2^1,yes,yes,no,cycDFS+nbwDFS,,,,
C8192.47,8192,16,2^1,yes,yes,no,cycDFS+nbwDFS,,,,
C8192.48,8192,12,2^1,yes,yes,no,cycDFS+nbwDFS,,,,
C8192.49,8192,14,2^1,yes,yes,no,cycDFS+nbwDFS,,,,
C8192.50,8192,14,2^1,yes,yes,no,cycDFS+nbwDFS,,,,
C8192.51,8192,12,2^1,yes,yes,no,cycDFS+nbwDFS,,,,
C8192.52,8192,18,2^1,yes,yes,yes,cycDFS+nbwDFS,yes,yes,yes,
C8192.53,8192,18,2^1,yes,yes,yes,cycDFS+nbwDFS,yes,yes,yes,
C8192.54,8192,16,2^1,yes,yes,no,cycDFS+nbwDFS,,,,
C8192.55,8192,18,2^1,yes,yes,yes,cycDFS+nbwDFS,yes,yes,yes,
C8192.56,8192,18,2^1,yes,yes,yes,cycDFS+nbwDFS,yes,yes,yes,
C8192.57,8192,12,2^1,yes,yes,yes,cycDFS+nbwDFS,yes,yes,yes,
C8192.58,8192,16,2^1,yes,yes,no,cycDFS+nbwDFS,,,,
C8192.59,8192,16,2^1,yes,yes,no,cycDFS+nbwDFS,,,,
C8192.60,8192,12,2^1,yes,yes,no,cycDFS+nbwDFS,,,,
C8192.61,8192,12,2^1,yes,yes,no,cycDFS+nbwDFS,,,,
C8192.62,8192,16,2^1,yes,yes,no,cycDFS+nbwDFS,,,,
C8192.63,8192,12,2^1,yes,yes,no,cycDFS+nbwDFS,,,,
C8192.64,8192,16,2^1,yes,yes,no,cycDFS+nbwDFS,,,,
C8192.65,8192,16,2^1,yes,yes,no,cycDFS+nbwDFS,,,,
C8192.66,8192,14,2^1,yes,yes,no,cycDFS+nbwDFS,,,,
C8192.67,8192,16,2^1,yes,yes,no,cycDFS+nbwDFS,,,,
C8192.68,8192,18,2^1,yes,yes,yes,cycDFS+nbwDFS,yes,yes,yes,
C8192.69,8192,14,2^1,yes,yes,no,cycDFS+nbwDFS,,,,
C8192.70,8192,16,2^1,yes,yes,no,cycDFS+nbwDFS,,,,
C8192.71,8192,12,2^1,yes,yes,no,cycDFS+nbwDFS,,,,
C8192.72,8192,16,2^1,yes,yes,no,cycDFS+nbwDFS,,,,
C8192.73,8192,12,2^1,yes,yes,no,cycDFS+nbwDFS,,,,
C8192.74,8192,12,2^1,yes,yes,no,cycDFS+nbwDFS,,,,
C8192.75,8192,16,2^1,yes,yes,no,cycDFS+nbwDFS,,,,
C8192.76,8192,16,2^1,yes,yes,no,cycDFS+nbwDFS,,,,
C8192.77,8192,14,2^1,yes,yes,no,cycDFS+nbwDFS,,,,
C8192.78,8192,12,2^1,yes,yes,no,cycDFS+nbwDFS,,,,
C8192.79,8192,14,2^1,yes,yes,no,cycDFS+nbwDFS,,,,
C8192.80,8192,12,2^1,yes,yes,no,cycDFS+nbwDFS,,,,
C8192.81,8192,8,2^1,yes,no,no,cycDFS-besteffort,,,,
C8192.82,8192,8,2^1,yes,no,yes,cycDFS-besteffort,,,,
C8192.83,8192,8,2^1,yes,no,no,cycDFS-besteffort,,,,
C8192.84,8192,14,2^1,yes,yes,no,cycDFS+nbwDFS,,,,
C8192.85,8192,8,2^1,yes,no,yes,cycDFS-besteffort,,,,
C8192.86,8192,16,2^1,yes,yes,no,cycDFS+nbwDFS,,,,
C8192.87,8192,16,2^1,yes,yes,no,cycDFS+nbwDFS,,,,
C8192.88,8192,8,2^1,yes,no,yes,cycDFS-besteffort,,,,
C8192.89,8192,18,2^1,yes,yes,yes,cycDFS+nbwDFS,yes,yes,yes,
C8192.90,8192,16,2^1,yes,yes,no,cycDFS+nbwDFS,,,,
C8192.91,8192,12,2^1,yes,yes,no,cycDFS+nbwDFS,,,,
C8192.92,8192,16,2^1,yes,yes,no,cycDFS+nbwDFS,,,,
C8192.93,8192,10,2^1,yes,yes,no,cycDFS+nbwDFS,,,,
C8198.1,8198,6,1,yes,yes,no,cycDFS,,,,
C8208.1,8208,14,1,yes,yes,no,cycDFS+nbwDFS,,,,
C8208.2,8208,12,1,yes,yes,no,cycDFS+nbwDFS,,,,
C8208.3,8208,10,1,yes,yes,no,cycDFS+nbwDFS,,,,
C8208.4,8208,14,1,yes,yes,no,cycDFS+nbwDFS,,,,
C8208.5,8208,14,1,yes,yes,yes,cycDFS+nbwDFS,yes,yes,yes,
C8208.6,8208,18,1,yes,yes,yes,cycDFS+nbwDFS,yes,yes,yes,
C8208.7,8208,18,1,yes,yes,yes,cycDFS+nbwDFS,yes,yes,yes,
C8214.1,8214,6,1,yes,yes,no,cycDFS,,,,
C8214.2,8214,6,2^1,yes,yes,no,cycDFS,,,,
C8216.1,8216,6,1,yes,yes,no,cycDFS,,,,
C8216.2,8216,6,1,yes,yes,no,cycDFS,,,,
C8222.1,8222,6,1,yes,yes,no,cycDFS,,,,
C8226.1,8226,6,1,yes,yes,no,cycDFS,,,,
C8232.1,8232,6,1,yes,yes,no,cycDFS,,,,
C8232.2,8232,6,1,yes,yes,no,cycDFS,,,,
C8232.3,8232,12,1,yes,yes,yes,cycDFS+nbwDFS,yes,yes,yes,
C8232.4,8232,12,1,yes,yes,no,cycDFS+nbwDFS,,,,
C8232.5,8232,12,1,yes,yes,no,cycDFS+nbwDFS,,,,
C8232.6,8232,12,1,yes,yes,yes,cycDFS+nbwDFS,yes,yes,yes,
C8232.7,8232,12,1,yes,yes,no,cycDFS+nbwDFS,,,,
C8232.8,8232,14,2^1,yes,yes,no,cycDFS+nbwDFS,,,,
C8232.9,8232,14,2^1,yes,yes,yes,cycDFS+nbwDFS,yes,yes,yes,
C8232.10,8232,12,2^1,yes,yes,no,cycDFS+nbwDFS,,,,
C8246.1,8246,6,1,yes,yes,no,cycDFS,,,,
C8246.2,8246,6,1,yes,yes,no,cycDFS,,,,
C8246.3,8246,6,1,yes,yes,no,cycDFS,,,,
C8246.4,8246,6,1,yes,yes,no,cycDFS,,,,
C8256.1,8256,14,1,yes,yes,yes,cycDFS+nbwDFS,yes,yes,yes,
C8256.2,8256,14,1,yes,yes,no,cycDFS+nbwDFS,,,,
C8256.3,8256,12,1,yes,yes,yes,cycDFS+nbwDFS,yes,yes,yes,
C8256.4,8256,12,1,yes,yes,no,cycDFS+nbwDFS,,,,
C8256.5,8256,10,1,yes,yes,no,cycDFS+nbwDFS,,,,
C8258.1,8258,6,1,yes,yes,no,cycDFS,,,,
C8264.1,8264,6,1,yes,yes,no,cycDFS,,,,
C8286.1,8286,6,1,yes,yes,no,cycDFS,,,,
C8288.1,8288,6,1,yes,yes,no,cycDFS,,,,
C8288.2,8288,6,1,yes,yes,no,cycDFS,,,,
C8306.1,8306,6,1,yes,yes,no,cycDFS,,,,
C8312.1,8312,6,1,yes,yes,no,cycDFS,,,,
C8318.1,8318,6,1,yes,yes,no,cycDFS,,,,
C8322.1,8322,6,1,yes,yes,no,cycDFS,,,,
C8322.2,8322,6,1,yes,yes,no,cycDFS,,,,
C8334.1,8334,6,1,yes,yes,no,cycDFS,,,,
C8342.1,8342,6,1,yes,yes,no,cycDFS,,,,
C8342.2,8342,6,1,yes,yes,no,cycDFS,,,,
C8354.1,8354,6,1,yes,yes,no,cycDFS,,,,
C8358.1,8358,6,1,yes,yes,no,cycDFS,,,,
C8358.2,8358,6,1,yes,yes,no,cycDFS,,,,
C8368.1,8368,10,1,yes,yes,no,cycDFS+nbwDFS,,,,
C8376.1,8376,12,1,yes,yes,no,cycDFS+nbwDFS,,,,
C8376.2,8376,6,1,yes,yes,no,cycDFS,,,,
C8394.1,8394,6,1,yes,yes,no,cycDFS,,,,
C8400.1,8400,14,1,yes,yes,yes,cycDFS+nbwDFS,yes,yes,yes,
C8400.2,8400,14,1,yes,yes,yes,cycDFS+nbwDFS,yes,yes,yes,
C8400.3,8400,14,1,yes,yes,no,cycDFS+nbwDFS,,,,
C8400.4,8400,10,1,yes,yes,no,cycDFS+nbwDFS,,,,
C8400.5,8400,12,1,yes,yes,yes,cycDFS+nbwDFS,yes,yes,yes,
C8400.6,8400,12,1,yes,yes,yes,cycDFS+nbwDFS,yes,yes,yes,
C8400.7,8400,14,2^1,yes,yes,yes,cycDFS+nbwDFS,yes,yes,yes,
C8400.8,8400,18,2^1,yes,yes,yes,cycDFS+nbwDFS,yes,yes,yes,
C8400.9,8400,14,2^1,yes,yes,yes,cycDFS+nbwDFS,yes,yes,yes,
C8402.1,8402,6,1,yes,yes,no,cycDFS,,,,
C8408.1,8408,6,1,yes,yes,no,cycDFS,,,,
C8414.1,8414,6,1,yes,yes,no,cycDFS,,,,
C8414.2,8414,6,1,yes,yes,no,cycDFS,,,,
C8424.1,8424,12,1,yes,yes,yes,cycDFS+nbwDFS,yes,yes,yes,
C8424.2,8424,12,1,yes,yes,yes,cycDFS+nbwDFS,yes,yes,yes,
C8424.3,8424,12,1,yes,yes,yes,cycDFS+nbwDFS,yes,yes,yes,
C8424.4,8424,12,1,yes,yes,no,cycDFS+nbwDFS,,,,
C8424.5,8424,6,1,yes,yes,no,cycDFS,,,,
C8424.6,8424,14,1,yes,yes,no,cycDFS+nbwDFS,,,,
C8424.7,8424,12,1,yes,yes,yes,cycDFS+nbwDFS,yes,yes,yes,
C8424.8,8424,12,1,yes,yes,yes,cycDFS+nbwDFS,yes,yes,yes,
C8424.9,8424,12,1,yes,yes,yes,cycDFS+nbwDFS,yes,yes,yes,
C8424.10,8424,12,1,yes,yes,yes,cycDFS+nbwDFS,yes,yes,yes,
C8424.11,8424,12,1,yes,yes,yes,cycDFS+nbwDFS,yes,yes,yes,
C8424.12,8424,12,1,yes,yes,no,cycDFS+nbwDFS,,,,
C8436.1,8436,12,2^1,yes,yes,yes,cycDFS+nbwDFS,yes,yes,yes,
C8436.2,8436,16,2^1,yes,yes,no,cycDFS+nbwDFS,,,,
C8436.3,8436,14,2^1,yes,yes,yes,cycDFS+nbwDFS,yes,yes,yes,
C8436.4,8436,19,2^1,yes,yes,yes,cycDFS+nbwDFS,yes,yes,yes,
C8436.5,8436,9,2^1,yes,yes,no,cycDFS+nbwDFS,,,,
C8436.6,8436,15,2^1,yes,yes,yes,cycDFS+nbwDFS,yes,yes,yes,
C8436.7,8436,9,2^1,yes,yes,no,cycDFS+nbwDFS,,,,
C8436.8,8436,18,2^1,yes,yes,yes,cycDFS+nbwDFS,yes,yes,yes,
C8436.9,8436,12,2^1,yes,yes,no,cycDFS+nbwDFS,,,,
C8436.10,8436,12,2^1,yes,yes,yes,cycDFS+nbwDFS,yes,yes,yes,
C8436.11,8436,16,2^1,yes,yes,no,cycDFS+nbwDFS,,,,
C8436.12,8436,14,2^1,yes,yes,yes,cycDFS+nbwDFS,yes,yes,yes,
C8436.13,8436,16,2^1,yes,yes,no,cycDFS+nbwDFS,,,,
C8436.14,8436,15,2^1,yes,yes,no,cycDFS+nbwDFS,,,,
C8436.15,8436,16,2^1,yes,yes,no,cycDFS+nbwDFS,,,,
C8436.16,8436,16,2^1,yes,yes,no,cycDFS+nbwDFS,,,,
C8436.17,8436,16,2^1,yes,yes,no,cycDFS+nbwDFS,,,,
C8436.18,8436,9,2^1,yes,yes,no,cycDFS+nbwDFS,,,,
C8436.19,8436,12,2^1,yes,yes,yes,cycDFS+nbwDFS,yes,yes,yes,
C8436.20,8436,12,2^1,yes,yes,yes,cycDFS+nbwDFS,yes,yes,yes,
C8436.21,8436,12,2^1,yes,yes,yes,cycDFS+nbwDFS,yes,yes,yes,
C8436.22,8436,16,2^1,yes,yes,no,cycDFS+nbwDFS,,,,
C8436.23,8436,12,2^1,yes,yes,no,cycDFS+nbwDFS,,,,
C8436.24,8436,16,2^1,yes,yes,no,cycDFS+nbwDFS,,,,
C8436.25,8436,18,3,yes,yes,yes,cycDFS+nbwDFS,yes,yes,yes,
C8438.1,8438,6,1,yes,yes,no,cycDFS,,,,
C8442.1,8442,6,1,yes,yes,no,cycDFS,,,,
C8442.2,8442,6,1,yes,yes,no,cycDFS,,,,
C8450.1,8450,6,1,yes,yes,no,cycDFS,,,,
C8450.2,8450,6,2^1,yes,yes,no,cycDFS,,,,
C8456.1,8456,6,1,yes,yes,no,cycDFS,,,,
C8456.2,8456,6,1,yes,yes,no,cycDFS,,,,
C8462.1,8462,6,1,yes,yes,no,cycDFS,,,,
C8464.1,8464,10,2^1,yes,yes,no,cycDFS+nbwDFS,,,,
C8474.1,8474,6,1,yes,yes,no,cycDFS,,,,
C8474.2,8474,6,1,yes,yes,no,cycDFS,,,,
C8478.1,8478,6,1,yes,yes,no,cycDFS,,,,
C8478.2,8478,12,1,yes,yes,no,cycDFS+nbwDFS,,,,
C8486.1,8486,6,1,yes,yes,no,cycDFS,,,,
C8498.1,8498,6,1,yes,yes,no,cycDFS,,,,
C8498.2,8498,6,1,yes,yes,no,cycDFS,,,,
C8502.1,8502,6,1,yes,yes,no,cycDFS,,,,
C8502.2,8502,6,1,yes,yes,no,cycDFS,,,,
C8504.1,8504,6,1,yes,yes,no,cycDFS,,,,
C8512.1,8512,10,1,yes,yes,no,cycDFS+nbwDFS,,,,
C8512.2,8512,10,1,yes,yes,no,cycDFS+nbwDFS,,,,
C8522.1,8522,6,1,yes,yes,no,cycDFS,,,,
C8538.1,8538,6,1,yes,yes,no,cycDFS,,,,
C8546.1,8546,6,1,yes,yes,no,cycDFS,,,,
C8550.1,8550,12,1,yes,yes,yes,cycDFS+nbwDFS,yes,yes,yes,
C8550.2,8550,6,1,yes,yes,no,cycDFS,,,,
C8552.1,8552,6,1,yes,yes,no,cycDFS,,,,
C8574.1,8574,6,1,yes,yes,no,cycDFS,,,,
C8576.1,8576,12,1,yes,yes,no,cycDFS+nbwDFS,,,,
C8576.2,8576,6,1,yes,yes,no,cycDFS,,,,
C8582.1,8582,6,1,yes,yes,no,cycDFS,,,,
C8582.2,8582,6,1,yes,yes,no,cycDFS,,,,
C8594.1,8594,6,1,yes,yes,no,cycDFS,,,,
C8600.1,8600,6,1,yes,yes,no,cycDFS,,,,
C8606.1,8606,6,1,yes,yes,no,cycDFS,,,,
C8606.2,8606,6,1,yes,yes,no,cycDFS,,,,
C8618.1,8618,6,1,yes,yes,no,cycDFS,,,,
C8618.2,8618,6,1,yes,yes,no,cycDFS,,,,
C8640.1,8640,14,1,yes,yes,yes,cycDFS+nbwDFS,yes,yes,yes,
C8640.2,8640,16,1,yes,yes,no,cycDFS+nbwDFS,,,,
C8640.3,8640,16,1,yes,yes,no,cycDFS+nbwDFS,,,,
C8640.4,8640,16,2^1,yes,yes,no,cycDFS+nbwDFS,,,,
C8640.5,8640,16,2^1,yes,yes,no,cycDFS+nbwDFS,,,,
C8640.6,8640,18,2^1,yes,yes,yes,cycDFS+nbwDFS,yes,yes,yes,
C8640.7,8640,18,2^1,yes,yes,yes,cycDFS+nbwDFS,yes,yes,yes,
C8640.8,8640,8,2^1,yes,no,yes,cycDFS-besteffort,,,,
C8640.9,8640,16,2^1,yes,yes,no,cycDFS+nbwDFS,,,,
C8640.10,8640,18,2^1,yes,yes,yes,cycDFS+nbwDFS,yes,yes,yes,
C8648.1,8648,15,2^1,yes,yes,no,cycDFS+nbwDFS,,,,
C8648.2,8648,12,2^1,yes,yes,yes,cycDFS+nbwDFS,yes,yes,yes,
C8648.3,8648,12,2^1,yes,yes,yes,cycDFS+nbwDFS,yes,yes,yes,
C8648.4,8648,8,2^1,yes,no,yes,cycDFS-besteffort,,,,
C8648.5,8648,19,3,yes,yes,yes,cycDFS+nbwDFS,yes,yes,yes,
C8648.6,8648,20,3,yes,yes,yes,cycDFS+nbwDFS,yes,yes,yes,
C8648.7,8648,20,3,yes,yes,yes,cycDFS+nbwDFS,yes,yes,yes,
C8654.1,8654,6,1,yes,yes,no,cycDFS,,,,
C8656.1,8656,10,1,yes,yes,no,cycDFS+nbwDFS,,,,
C8658.1,8658,6,1,yes,yes,no,cycDFS,,,,
C8658.2,8658,6,1,yes,yes,no,cycDFS,,,,
C8664.1,8664,6,1,yes,yes,no,cycDFS,,,,
C8664.2,8664,12,1,yes,yes,no,cycDFS+nbwDFS,,,,
C8664.3,8664,6,2^1,yes,yes,no,cycDFS,,,,
C8664.4,8664,12,2^1,yes,yes,no,cycDFS+nbwDFS,,,,
C8666.1,8666,6,1,yes,yes,no,cycDFS,,,,
C8666.2,8666,6,1,yes,yes,no,cycDFS,,,,
C8672.1,8672,6,1,yes,yes,no,cycDFS,,,,
C8678.1,8678,6,1,yes,yes,no,cycDFS,,,,
C8682.1,8682,6,1,yes,yes,no,cycDFS,,,,
C8688.1,8688,14,1,yes,yes,no,cycDFS+nbwDFS,,,,
C8688.2,8688,10,1,yes,yes,no,cycDFS+nbwDFS,,,,
C8696.1,8696,6,1,yes,yes,no,cycDFS,,,,
C8702.1,8702,6,1,yes,yes,no,cycDFS,,,,
C8702.2,8702,6,1,yes,yes,no,cycDFS,,,,
C8712.1,8712,12,2^1,yes,yes,no,cycDFS+nbwDFS,,,,
C8712.2,8712,6,2^1,yes,yes,no,cycDFS,,,,
C8714.1,8714,6,1,yes,yes,no,cycDFS,,,,
C8718.1,8718,6,1,yes,yes,no,cycDFS,,,,
C8726.1,8726,6,1,yes,yes,no,cycDFS,,,,
C8736.1,8736,18,1,yes,yes,yes,cycDFS+nbwDFS,yes,yes,yes,
C8736.2,8736,18,1,yes,yes,yes,cycDFS+nbwDFS,yes,yes,yes,
C8736.3,8736,12,1,yes,yes,yes,cycDFS+nbwDFS,yes,yes,yes,
C8736.4,8736,12,1,yes,yes,yes,cycDFS+nbwDFS,yes,yes,yes,
C8736.5,8736,12,1,yes,yes,no,cycDFS+nbwDFS,,,,
C8736.6,8736,12,1,yes,yes,no,cycDFS+nbwDFS,,,,
C8736.7,8736,6,1,yes,yes,no,cycDFS,,,,
C8736.8,8736,6,1,yes,yes,no,cycDFS,,,,
C8736.9,8736,18,1,yes,yes,yes,cycDFS+nbwDFS,yes,yes,yes,
C8736.10,8736,18,2^1,yes,yes,yes,cycDFS+nbwDFS,yes,yes,yes,
C8736.11,8736,16,2^1,yes,yes,no,cycDFS+nbwDFS,,,,
C8736.12,8736,12,2^1,yes,yes,no,cycDFS+nbwDFS,,,,
C8736.13,8736,12,2^1,yes,yes,yes,cycDFS+nbwDFS,yes,yes,yes,
C8736.14,8736,16,2^1,yes,yes,no,cycDFS+nbwDFS,,,,
C8736.15,8736,16,2^1,yes,yes,no,cycDFS+nbwDFS,,,,
C8736.16,8736,12,2^1,yes,yes,yes,cycDFS+nbwDFS,yes,yes,yes,
C8736.17,8736,12,2^1,yes,yes,no,cycDFS+nbwDFS,,,,
C8736.18,8736,12,2^1,yes,yes,yes,cycDFS+nbwDFS,yes,yes,yes,
C8736.19,8736,17,2^1,yes,yes,yes,cycDFS+nbwDFS,yes,yes,yes,
C8736.20,8736,15,2^1,yes,yes,yes,cycDFS+nbwDFS,yes,yes,yes,
C8736.21,8736,16,2^1,yes,yes,no,cycDFS+nbwDFS,,,,
C8736.22,8736,16,2^1,yes,yes,no,cycDFS+nbwDFS,,,,
C8736.23,8736,12,2^1,yes,yes,yes,cycDFS+nbwDFS,yes,yes,yes,
C8736.24,8736,12,2^1,yes,yes,yes,cycDFS+nbwDFS,yes,yes,yes,
C8736.25,8736,17,2^1,yes,yes,yes,cycDFS+nbwDFS,yes,yes,yes,
C8736.26,8736,18,2^1,yes,yes,yes,cycDFS+nbwDFS,yes,yes,yes,
C8744.1,8744,6,1,yes,yes,no,cycDFS,,,,
C8748.1,8748,9,2^1,yes,yes,no,cycDFS+nbwDFS,,,,
C8750.1,8750,6,1,yes,yes,no,cycDFS,,,,
C8752.1,8752,10,1,yes,yes,no,cycDFS+nbwDFS,,,,
C8754.1,8754,6,1,yes,yes,no,cycDFS,,,,
C8760.1,8760,18,1,yes,yes,yes,cycDFS+nbwDFS,yes,yes,yes,
C8762.1,8762,6,1,yes,yes,no,cycDFS,,,,
C8762.2,8762,6,1,yes,yes,no,cycDFS,,,,
C8766.1,8766,6,1,yes,yes,no,cycDFS,,,,
C8784.1,8784,10,1,yes,yes,no,cycDFS+nbwDFS,,,,
C8784.2,8784,14,1,yes,yes,no,cycDFS+nbwDFS,,,,
C8788.1,8788,10,2^1,yes,yes,no,cycDFS+nbwDFS,,,,
C8792.1,8792,6,1,yes,yes,no,cycDFS,,,,
C8792.2,8792,6,1,yes,yes,no,cycDFS,,,,
C8802.1,8802,6,1,yes,yes,no,cycDFS,,,,
C8802.2,8802,12,1,yes,yes,no,cycDFS+nbwDFS,,,,
C8808.1,8808,12,1,yes,yes,no,cycDFS+nbwDFS,,,,
C8808.2,8808,6,1,yes,yes,no,cycDFS,,,,
C8826.1,8826,6,1,yes,yes,no,cycDFS,,,,
C8834.1,8834,6,1,yes,yes,no,cycDFS,,,,
C8834.2,8834,6,1,yes,yes,no,cycDFS,,,,
C8846.1,8846,6,1,yes,yes,no,cycDFS,,,,
C8848.1,8848,10,1,yes,yes,no,cycDFS+nbwDFS,,,,
C8848.2,8848,10,1,yes,yes,no,cycDFS+nbwDFS,,,,
C8858.1,8858,6,1,yes,yes,no,cycDFS,,,,
C8858.2,8858,6,1,yes,yes,no,cycDFS,,,,
C8862.1,8862,6,1,yes,yes,no,cycDFS,,,,
C8862.2,8862,6,1,yes,yes,no,cycDFS,,,,
C8864.1,8864,6,1,yes,yes,no,cycDFS,,,,
C8880.1,8880,18,1,yes,yes,yes,cycDFS+nbwDFS,yes,yes,yes,
C8882.1,8882,6,1,yes,yes,no,cycDFS,,,,
C8894.1,8894,6,1,yes,yes,no,cycDFS,,,,
C8896.1,8896,10,1,yes,yes,no,cycDFS+nbwDFS,,,,
C8898.1,8898,6,1,yes,yes,no,cycDFS,,,,
C8906.1,8906,6,1,yes,yes,no,cycDFS,,,,
C8906.2,8906,6,1,yes,yes,no,cycDFS,,,,
C8918.1,8918,6,1,yes,yes,no,cycDFS,,,,
C8918.2,8918,6,1,yes,yes,no,cycDFS,,,,
C8918.3,8918,12,1,yes,yes,no,cycDFS+nbwDFS,,,,
C8918.4,8918,6,1,yes,yes,no,cycDFS,,,,
C8918.5,8918,6,1,yes,yes,no,cycDFS,,,,
C8928.1,8928,12,1,yes,yes,yes,cycDFS+nbwDFS,yes,yes,yes,
C8928.2,8928,12,1,yes,yes,no,cycDFS+nbwDFS,,,,
C8928.3,8928,6,1,yes,yes,no,cycDFS,,,,
C8934.1,8934,6,1,yes,yes,no,cycDFS,,,,
C8936.1,8936,6,1,yes,yes,no,cycDFS,,,,
C8944.1,8944,10,1,yes,yes,no,cycDFS+nbwDFS,,,,
C8944.2,8944,10,1,yes,yes,no,cycDFS+nbwDFS,,,,
C8952.1,8952,12,1,yes,yes,no,cycDFS+nbwDFS,,,,
C8952.2,8952,6,1,yes,yes,no,cycDFS,,,,
C8954.1,8954,6,1,yes,yes,no,cycDFS,,,,
C8966.1,8966,6,1,yes,yes,no,cycDFS,,,,
C8978.1,8978,6,1,yes,yes,no,cycDFS,,,,
C8978.2,8978,6,2^1,yes,yes,no,cycDFS,,,,
C8982.1,8982,6,1,yes,yes,no,cycDFS,,,,
C8984.1,8984,6,1,yes,yes,no,cycDFS,,,,
C9000.1,9000,18,2^1,yes,yes,yes,cycDFS+nbwDFS,yes,yes,yes,
C9000.2,9000,14,2^1,yes,yes,yes,cycDFS+nbwDFS,yes,yes,yes,
C9000.3,9000,12,2^1,yes,yes,no,cycDFS+nbwDFS,,,,
C9000.4,9000,14,2^1,yes,yes,no,cycDFS+nbwDFS,,,,
C9002.1,9002,6,1,yes,yes,no,cycDFS,,,,
C9002.2,9002,6,1,yes,yes,no,cycDFS,,,,
C9006.1,9006,6,1,yes,yes,no,cycDFS,,,,
C9006.2,9006,6,1,yes,yes,no,cycDFS,,,,
C9014.1,9014,6,1,yes,yes,no,cycDFS,,,,
C9026.1,9026,6,1,yes,yes,no,cycDFS,,,,
C9032.1,9032,6,1,yes,yes,no,cycDFS,,,,
C9038.1,9038,6,1,yes,yes,no,cycDFS,,,,
C9050.1,9050,6,1,yes,yes,no,cycDFS,,,,
C9056.1,9056,6,1,yes,yes,no,cycDFS,,,,
C9072.1,9072,18,1,yes,yes,yes,cycDFS+nbwDFS,yes,yes,yes,
C9072.2,9072,14,1,yes,yes,no,cycDFS+nbwDFS,,,,
C9072.3,9072,14,1,yes,yes,yes,cycDFS+nbwDFS,yes,yes,yes,
C9072.4,9072,18,1,yes,yes,yes,cycDFS+nbwDFS,yes,yes,yes,
C9072.5,9072,18,1,yes,yes,yes,cycDFS+nbwDFS,yes,yes,yes,
C9072.6,9072,18,1,yes,yes,yes,cycDFS+nbwDFS,yes,yes,yes,
C9072.7,9072,18,1,yes,yes,yes,cycDFS+nbwDFS,yes,yes,yes,
C9072.8,9072,10,1,yes,yes,no,cycDFS+nbwDFS,,,,
C9072.9,9072,14,1,yes,yes,yes,cycDFS+nbwDFS,yes,yes,yes,
C9072.10,9072,14,1,yes,yes,yes,cycDFS+nbwDFS,yes,yes,yes,
C9072.11,9072,14,1,yes,yes,yes,cycDFS+nbwDFS,yes,yes,yes,
C9072.12,9072,14,1,yes,yes,no,cycDFS+nbwDFS,,,,
C9072.13,9072,14,1,yes,yes,yes,cycDFS+nbwDFS,yes,yes,yes,
C9072.14,9072,14,1,yes,yes,yes,cycDFS+nbwDFS,yes,yes,yes,
C9072.15,9072,14,1,yes,yes,yes,cycDFS+nbwDFS,yes,yes,yes,
C9072.16,9072,14,1,yes,yes,yes,cycDFS+nbwDFS,yes,yes,yes,
C9072.17,9072,12,1,yes,yes,no,cycDFS+nbwDFS,,,,
C9072.18,9072,12,1,yes,yes,yes,cycDFS+nbwDFS,yes,yes,yes,
C9072.19,9072,18,1,yes,yes,yes,cycDFS+nbwDFS,yes,yes,yes,
C9072.20,9072,18,1,yes,yes,yes,cycDFS+nbwDFS,yes,yes,yes,
C9072.21,9072,12,1,yes,yes,yes,cycDFS+nbwDFS,yes,yes,yes,
C9072.22,9072,18,1,yes,yes,yes,cycDFS+nbwDFS,yes,yes,yes,
C9072.23,9072,18,2^1,yes,yes,yes,cycDFS+nbwDFS,yes,yes,yes,
C9072.24,9072,12,2^1,yes,yes,yes,cycDFS+nbwDFS,yes,yes,yes,
C9072.25,9072,12,2^1,yes,yes,no,cycDFS+nbwDFS,,,,
C9072.26,9072,16,2^1,yes,yes,no,cycDFS+nbwDFS,,,,
C9074.1,9074,6,1,yes,yes,no,cycDFS,,,,
C9074.2,9074,6,1,yes,yes,no,cycDFS,,,,
C9096.1,9096,12,1,yes,yes,no,cycDFS+nbwDFS,,,,
C9096.2,9096,6,1,yes,yes,no,cycDFS,,,,
C9098.1,9098,6,1,yes,yes,no,cycDFS,,,,
C9114.1,9114,12,1,yes,yes,yes,cycDFS+nbwDFS,yes,yes,yes,
C9114.2,9114,6,1,yes,yes,no,cycDFS,,,,
C9114.3,9114,6,1,yes,yes,no,cycDFS,,,,
C9114.4,9114,6,1,yes,yes,no,cycDFS,,,,
C9120.1,9120,18,1,yes,yes,yes,cycDFS+nbwDFS,yes,yes,yes,
C9122.1,9122,6,1,yes,yes,no,cycDFS,,,,
C9126.1,9126,6,1,yes,yes,no,cycDFS,,,,
C9126.2,9126,12,1,yes,yes,no,cycDFS+nbwDFS,,,,
C9126.3,9126,6,2^1,yes,yes,no,cycDFS,,,,
C9126.4,9126,12,2^1,yes,yes,no,cycDFS+nbwDFS,,,,
C9128.1,9128,6,1,yes,yes,no,cycDFS,,,,
C9128.2,9128,6,1,yes,yes,no,cycDFS,,,,
C9134.1,9134,6,1,yes,yes,no,cycDFS,,,,
C9136.1,9136,10,1,yes,yes,no,cycDFS+nbwDFS,,,,
C9144.1,9144,6,1,yes,yes,no,cycDFS,,,,
C9144.2,9144,12,1,yes,yes,no,cycDFS+nbwDFS,,,,
C9150.1,9150,12,1,yes,yes,yes,cycDFS+nbwDFS,yes,yes,yes,
C9150.2,9150,6,1,yes,yes,no,cycDFS,,,,
C9158.1,9158,6,1,yes,yes,no,cycDFS,,,,
C9158.2,9158,6,1,yes,yes,no,cycDFS,,,,
C9176.1,9176,6,1,yes,yes,no,cycDFS,,,,
C9176.2,9176,6,1,yes,yes,no,cycDFS,,,,
C9182.1,9182,6,1,yes,yes,no,cycDFS,,,,
C9186.1,9186,6,1,yes,yes,no,cycDFS,,,,
C9194.1,9194,6,1,yes,yes,no,cycDFS,,,,
C9198.1,9198,6,1,yes,yes,no,cycDFS,,,,
C9198.2,9198,6,1,yes,yes,no,cycDFS,,,,
C9206.1,9206,6,1,yes,yes,no,cycDFS,,,,
C9216.1,9216,12,1,yes,yes,yes,cycDFS+nbwDFS,yes,yes,yes,
C9216.2,9216,12,1,yes,yes,yes,cycDFS+nbwDFS,yes,yes,yes,
C9216.3,9216,12,1,yes,yes,no,cycDFS+nbwDFS,,,,
C9216.4,9216,18,1,yes,yes,yes,cycDFS+nbwDFS,yes,yes,yes,
C9216.5,9216,18,1,yes,yes,yes,cycDFS+nbwDFS,yes,yes,yes,
C9216.6,9216,18,1,yes,yes,yes,cycDFS+nbwDFS,yes,yes,yes,
C9216.7,9216,14,1,yes,yes,no,cycDFS+nbwDFS,,,,
C9216.8,9216,12,1,yes,yes,no,cycDFS+nbwDFS,,,,
C9216.9,9216,12,1,yes,yes,no,cycDFS+nbwDFS,,,,
C9216.10,9216,8,1,yes,no,no,cycDFS-besteffort,,,,
C9216.11,9216,12,1,yes,yes,yes,cycDFS+nbwDFS,yes,yes,yes,
C9216.12,9216,12,1,yes,yes,yes,cycDFS+nbwDFS,yes,yes,yes,
C9216.13,9216,20,2^1,yes,yes,yes,cycDFS+nbwDFS,yes,yes,yes,
C9216.14,9216,12,2^1,yes,yes,no,cycDFS+nbwDFS,,,,
C9216.15,9216,20,2^1,yes,yes,yes,cycDFS+nbwDFS,yes,yes,yes,
C9216.16,9216,12,2^1,yes,yes,yes,cycDFS+nbwDFS,yes,yes,yes,
C9216.17,9216,16,2^1,yes,yes,no,cycDFS+nbwDFS,,,,
C9216.18,9216,10,2^1,yes,yes,no,cycDFS+nbwDFS,,,,
C9216.19,9216,12,2^1,yes,yes,no,cycDFS+nbwDFS,,,,
C9216.20,9216,14,2^1,yes,yes,no,cycDFS+nbwDFS,,,,
C9216.21,9216,12,2^1,yes,yes,yes,cycDFS+nbwDFS,yes,yes,yes,
C9216.22,9216,12,2^1,yes,yes,no,cycDFS+nbwDFS,,,,
C9216.23,9216,12,2^1,yes,yes,no,cycDFS+nbwDFS,,,,
C9216.24,9216,12,2^1,yes,yes,no,cycDFS+nbwDFS,,,,
C9216.25,9216,14,2^1,yes,yes,yes,cycDFS+nbwDFS,yes,yes,yes,
C9216.26,9216,18,2^1,yes,yes,yes,cycDFS+nbwDFS,yes,yes,yes,
C9216.27,9216,12,2^1,yes,yes,yes,cycDFS+nbwDFS,yes,yes,yes,
C9216.28,9216,12,2^1,yes,yes,yes,cycDFS+nbwDFS,yes,yes,yes,
C9216.29,9216,14,2^1,yes,yes,no,cycDFS+nbwDFS,,,,
C9216.30,9216,12,2^1,yes,yes,yes,cycDFS+nbwDFS,yes,yes,yes,
C9216.31,9216,12,2^1,yes,yes,yes,cycDFS+nbwDFS,yes,yes,yes,
C9216.32,9216,16,2^1,yes,yes,no,cycDFS+nbwDFS,,,,
C9216.33,9216,12,2^1,yes,yes,yes,cycDFS+nbwDFS,yes,yes,yes,
C9216.34,9216,12,3,yes,yes,yes,cycDFS+nbwDFS,yes,yes,yes,
C9216.35,9216,20,3,yes,yes,yes,cycDFS+nbwDFS,yes,yes,yes,
C9224.1,9224,6,1,yes,yes,no,cycDFS,,,,
C9232.1,9232,10,1,yes,yes,no,cycDFS+nbwDFS,,,,
C9234.1,9234,12,1,yes,yes,yes,cycDFS+nbwDFS,yes,yes,yes,
C9234.2,9234,12,1,yes,yes,yes,cycDFS+nbwDFS,yes,yes,yes,
C9234.3,9234,12,1,yes,yes,yes,cycDFS+nbwDFS,yes,yes,yes,
C9234.4,9234,12,1,yes,yes,no,cycDFS+nbwDFS,,,,
C9234.5,9234,6,1,yes,yes,no,cycDFS,,,,
C9234.6,9234,12,1,yes,yes,yes,cycDFS+nbwDFS,yes,yes,yes,
C9240.1,9240,16,1,yes,yes,no,cycDFS+nbwDFS,,,,
C9240.2,9240,18,1,yes,yes,yes,cycDFS+nbwDFS,yes,yes,yes,
C9240.3,9240,12,1,yes,yes,yes,cycDFS+nbwDFS,yes,yes,yes,
C9240.4,9240,12,1,yes,yes,yes,cycDFS+nbwDFS,yes,yes,yes,
C9240.5,9240,16,1,yes,yes,no,cycDFS+nbwDFS,,,,
C9242.1,9242,6,1,yes,yes,no,cycDFS,,,,
C9248.1,9248,6,2^1,yes,yes,no,cycDFS,,,,
C9250.1,9250,12,1,yes,yes,no,cycDFS+nbwDFS,,,,
C9254.1,9254,6,1,yes,yes,no,cycDFS,,,,
C9254.2,9254,6,1,yes,yes,no,cycDFS,,,,
C9258.1,9258,6,1,yes,yes,no,cycDFS,,,,
C9264.1,9264,14,1,yes,yes,no,cycDFS+nbwDFS,,,,
C9264.2,9264,10,1,yes,yes,no,cycDFS+nbwDFS,,,,
C9272.1,9272,6,1,yes,yes,no,cycDFS,,,,
C9272.2,9272,6,1,yes,yes,no,cycDFS,,,,
C9278.1,9278,6,1,yes,yes,no,cycDFS,,,,
C9288.1,9288,14,1,yes,yes,no,cycDFS+nbwDFS,,,,
C9288.2,9288,12,1,yes,yes,no,cycDFS+nbwDFS,,,,
C9288.3,9288,6,1,yes,yes,no,cycDFS,,,,
C9288.4,9288,12,1,yes,yes,no,cycDFS+nbwDFS,,,,
C9288.5,9288,12,1,yes,yes,yes,cycDFS+nbwDFS,yes,yes,yes,
C9294.1,9294,6,1,yes,yes,no,cycDFS,,,,
C9302.1,9302,6,1,yes,yes,no,cycDFS,,,,
C9312.1,9312,12,1,yes,yes,yes,cycDFS+nbwDFS,yes,yes,yes,
C9312.2,9312,12,1,yes,yes,no,cycDFS+nbwDFS,,,,
C9312.3,9312,6,1,yes,yes,no,cycDFS,,,,
C9314.1,9314,6,1,yes,yes,no,cycDFS,,,,
C9326.1,9326,6,1,yes,yes,no,cycDFS,,,,
C9344.1,9344,12,1,yes,yes,no,cycDFS+nbwDFS,,,,
C9344.2,9344,6,1,yes,yes,no,cycDFS,,,,
C9360.1,9360,18,1,yes,yes,yes,cycDFS+nbwDFS,yes,yes,yes,
C9360.2,9360,16,1,yes,yes,no,cycDFS+nbwDFS,,,,
C9360.3,9360,18,1,yes,yes,yes,cycDFS+nbwDFS,yes,yes,yes,
C9362.1,9362,6,1,yes,yes,no,cycDFS,,,,
C9362.2,9362,6,1,yes,yes,no,cycDFS,,,,
C9366.1,9366,6,1,yes,yes,no,cycDFS,,,,
C9366.2,9366,6,1,yes,yes,no,cycDFS,,,,
C9368.1,9368,6,1,yes,yes,no,cycDFS,,,,
C9374.1,9374,6,1,yes,yes,no,cycDFS,,,,
C9374.2,9374,6,1,yes,yes,no,cycDFS,,,,
C9386.1,9386,6,1,yes,yes,no,cycDFS,,,,
C9386.2,9386,6,1,yes,yes,no,cycDFS,,,,
C9386.3,9386,6,1,yes,yes,no,cycDFS,,,,
C9398.1,9398,6,1,yes,yes,no,cycDFS,,,,
C9398.2,9398,6,1,yes,yes,no,cycDFS,,,,
C9402.1,9402,6,1,yes,yes,no,cycDFS,,,,
C9408.1,9408,18,1,yes,yes,yes,cycDFS+nbwDFS,yes,yes,yes,
C9408.2,9408,18,1,yes,yes,yes,cycDFS+nbwDFS,yes,yes,yes,
C9408.3,9408,18,1,yes,yes,yes,cycDFS+nbwDFS,yes,yes,yes,
C9408.4,9408,14,1,yes,yes,yes,cycDFS+nbwDFS,yes,yes,yes,
C9408.5,9408,14,1,yes,yes,no,cycDFS+nbwDFS,,,,
C9408.6,9408,12,1,yes,yes,yes,cycDFS+nbwDFS,yes,yes,yes,
C9408.7,9408,12,1,yes,yes,no,cycDFS+nbwDFS,,,,
C9408.8,9408,10,1,yes,yes,no,cycDFS+nbwDFS,,,,
C9408.9,9408,12,2^1,yes,yes,yes,cycDFS+nbwDFS,yes,yes,yes,
C9408.10,9408,14,2^1,yes,yes,no,cycDFS+nbwDFS,,,,
C9408.11,9408,12,2^1,yes,yes,no,cycDFS+nbwDFS,,,,
C9408.12,9408,10,2^1,yes,yes,no,cycDFS+nbwDFS,,,,
C9408.13,9408,14,2^1,yes,yes,yes,cycDFS+nbwDFS,yes,yes,yes,
C9414.1,9414,6,1,yes,yes,no,cycDFS,,,,
C9422.1,9422,6,1,yes,yes,no,cycDFS,,,,
C9422.2,9422,6,1,yes,yes,no,cycDFS,,,,
C9424.1,9424,10,1,yes,yes,no,cycDFS+nbwDFS,,,,
C9424.2,9424,10,1,yes,yes,no,cycDFS+nbwDFS,,,,
C9438.1,9438,12,1,yes,yes,yes,cycDFS+nbwDFS,yes,yes,yes,
C9438.2,9438,6,1,yes,yes,no,cycDFS,,,,
C9446.1,9446,6,1,yes,yes,no,cycDFS,,,,
C9450.1,9450,12,1,yes,yes,yes,cycDFS+nbwDFS,yes,yes,yes,
C9450.2,9450,6,1,yes,yes,no,cycDFS,,,,
C9450.3,9450,12,1,yes,yes,yes,cycDFS+nbwDFS,yes,yes,yes,
C9450.4,9450,12,1,yes,yes,no,cycDFS+nbwDFS,,,,
C9458.1,9458,6,1,yes,yes,no,cycDFS,,,,
C9464.1,9464,6,1,yes,yes,no,cycDFS,,,,
C9464.2,9464,6,1,yes,yes,no,cycDFS,,,,
C9464.3,9464,6,1,yes,yes,no,cycDFS,,,,
C9472.1,9472,12,1,yes,yes,no,cycDFS+nbwDFS,,,,
C9472.2,9472,12,1,yes,yes,no,cycDFS+nbwDFS,,,,
C9472.3,9472,12,1,yes,yes,no,cycDFS+nbwDFS,,,,
C9472.4,9472,10,1,yes,yes,no,cycDFS+nbwDFS,,,,
C9472.5,9472,12,1,yes,yes,no,cycDFS+nbwDFS,,,,
C9474.1,9474,6,1,yes,yes,no,cycDFS,,,,
C9480.1,9480,18,1,yes,yes,yes,cycDFS+nbwDFS,yes,yes,yes,
C9506.1,9506,6,1,yes,yes,no,cycDFS,,,,
C9506.2,9506,6,1,yes,yes,no,cycDFS,,,,
C9506.3,9506,6,1,yes,yes,no,cycDFS,,,,
C9518.1,9518,6,1,yes,yes,no,cycDFS,,,,
C9522.1,9522,6,2^1,yes,yes,no,cycDFS,,,,
C9528.1,9528,12,1,yes,yes,no,cycDFS+nbwDFS,,,,
C9528.2,9528,6,1,yes,yes,no,cycDFS,,,,
C9542.1,9542,6,1,yes,yes,no,cycDFS,,,,
C9542.2,9542,6,1,yes,yes,no,cycDFS,,,,
C9546.1,9546,6,1,yes,yes,no,cycDFS,,,,
C9546.2,9546,6,1,yes,yes,no,cycDFS,,,,
C9552.1,9552,14,1,yes,yes,no,cycDFS+nbwDFS,,,,
C9552.2,9552,10,1,yes,yes,no,cycDFS+nbwDFS,,,,
C9566.1,9566,6,1,yes,yes,no,cycDFS,,,,
C9576.1,9576,6,1,yes,yes,no,cycDFS,,,,
C9576.2,9576,6,1,yes,yes,no,cycDFS,,,,
C9576.3,9576,12,1,yes,yes,no,cycDFS+nbwDFS,,,,
C9576.4,9576,12,1,yes,yes,no,cycDFS+nbwDFS,,,,
C9578.1,9578,6,1,yes,yes,no,cycDFS,,,,
C9582.1,9582,6,1,yes,yes,no,cycDFS,,,,
C9600.1,9600,16,1,yes,yes,no,cycDFS+nbwDFS,,,,
C9600.2,9600,16,1,yes,yes,no,cycDFS+nbwDFS,,,,
C9600.3,9600,12,2^1,yes,yes,no,cycDFS+nbwDFS,,,,
C9600.4,9600,12,2^1,yes,yes,yes,cycDFS+nbwDFS,yes,yes,yes,
C9600.5,9600,14,2^1,yes,yes,yes,cycDFS+nbwDFS,yes,yes,yes,
C9600.6,9600,6,2^1,yes,yes,no,cycDFS,,,,
C9600.7,9600,12,2^1,yes,yes,yes,cycDFS+nbwDFS,yes,yes,yes,
C9600.8,9600,12,2^1,yes,yes,no,cycDFS+nbwDFS,,,,
C9600.9,9600,14,2^1,yes,yes,yes,cycDFS+nbwDFS,yes,yes,yes,
C9602.1,9602,6,1,yes,yes,no,cycDFS,,,,
C9604.1,9604,20,3,yes,yes,yes,cycDFS+nbwDFS,yes,yes,yes,
C9608.1,9608,6,1,yes,yes,no,cycDFS,,,,
C9616.1,9616,10,1,yes,yes,no,cycDFS+nbwDFS,,,,
C9618.1,9618,6,1,yes,yes,no,cycDFS,,,,
C9618.2,9618,6,1,yes,yes,no,cycDFS,,,,
C9626.1,9626,6,1,yes,yes,no,cycDFS,,,,
C9632.1,9632,6,1,yes,yes,no,cycDFS,,,,
C9632.2,9632,6,1,yes,yes,no,cycDFS,,,,
C9638.1,9638,6,1,yes,yes,no,cycDFS,,,,
C9638.2,9638,6,1,yes,yes,no,cycDFS,,,,
C9648.1,9648,10,1,yes,yes,no,cycDFS+nbwDFS,,,,
C9648.2,9648,14,1,yes,yes,no,cycDFS+nbwDFS,,,,
C9650.1,9650,6,1,yes,yes,no,cycDFS,,,,
C9654.1,9654,6,1,yes,yes,no,cycDFS,,,,
C9662.1,9662,6,1,yes,yes,no,cycDFS,,,,
C9664.1,9664,10,1,yes,yes,no,cycDFS+nbwDFS,,,,
C9672.1,9672,6,1,yes,yes,no,cycDFS,,,,
C9672.2,9672,6,1,yes,yes,no,cycDFS,,,,
C9672.3,9672,12,1,yes,yes,no,cycDFS+nbwDFS,,,,
C9672.4,9672,12,1,yes,yes,no,cycDFS+nbwDFS,,,,
C9674.1,9674,6,1,yes,yes,no,cycDFS,,,,
C9674.2,9674,6,1,yes,yes,no,cycDFS,,,,
C9698.1,9698,6,1,yes,yes,no,cycDFS,,,,
C9698.2,9698,6,1,yes,yes,no,cycDFS,,,,
C9704.1,9704,6,1,yes,yes,no,cycDFS,,,,
C9712.1,9712,10,1,yes,yes,no,cycDFS+nbwDFS,,,,
C9720.1,9720,18,1,yes,yes,yes,cycDFS+nbwDFS,yes,yes,yes,
C9720.2,9720,10,1,yes,yes,yes,cycDFS+nbwDFS,yes,yes,yes,
C9720.3,9720,10,1,yes,yes,yes,cycDFS+nbwDFS,yes,yes,yes,
C9720.4,9720,10,2^1,yes,yes,yes,cycDFS+nbwDFS,yes,yes,yes,
C9720.5,9720,10,2^1,yes,yes,no,cycDFS+nbwDFS,,,,
C9720.6,9720,18,2^1,yes,yes,yes,cycDFS+nbwDFS,yes,yes,yes,
C9720.7,9720,10,3,yes,yes,no,cycDFS+nbwDFS,,,,
C9720.8,9720,12,3,yes,yes,yes,cycDFS+nbwDFS,yes,yes,yes,
C9722.1,9722,6,1,yes,yes,no,cycDFS,,,,
C9726.1,9726,6,1,yes,yes,no,cycDFS,,,,
C9728.1,9728,12,1,yes,yes,no,cycDFS+nbwDFS,,,,
C9728.2,9728,14,1,yes,yes,no,cycDFS+nbwDFS,,,,
C9728.3,9728,14,1,yes,yes,no,cycDFS+nbwDFS,,,,
C9728.4,9728,14,1,yes,yes,no,cycDFS+nbwDFS,,,,
C9728.5,9728,14,1,yes,yes,no,cycDFS+nbwDFS,,,,
C9728.6,9728,12,1,yes,yes,no,cycDFS+nbwDFS,,,,
C9728.7,9728,16,1,yes,yes,no,cycDFS+nbwDFS,,,,
C9728.8,9728,6,1,yes,yes,no,cycDFS,,,,
C9734.1,9734,6,1,yes,yes,no,cycDFS,,,,
C9734.2,9734,6,1,yes,yes,no,cycDFS,,,,
C9738.1,9738,6,1,yes,yes,no,cycDFS,,,,
C9750.1,9750,14,1,yes,yes,yes,cycDFS+nbwDFS,yes,yes,yes,
C9750.2,9750,12,1,yes,yes,no,cycDFS+nbwDFS,,,,
C9762.1,9762,6,1,yes,yes,no,cycDFS,,,,
C9774.1,9774,6,1,yes,yes,no,cycDFS,,,,
C9774.2,9774,12,1,yes,yes,no,cycDFS+nbwDFS,,,,
C9782.1,9782,6,1,yes,yes,no,cycDFS,,,,
C9782.2,9782,6,1,yes,yes,no,cycDFS,,,,
C9792.1,9792,9,2^1,yes,yes,no,cycDFS+nbwDFS,,,,
C9792.2,9792,16,2^1,yes,yes,no,cycDFS+nbwDFS,,,,
C9792.3,9792,9,2^1,yes,yes,no,cycDFS+nbwDFS,,,,
C9792.4,9792,9,2^1,yes,yes,no,cycDFS+nbwDFS,,,,
C9792.5,9792,15,2^1,yes,yes,no,cycDFS+nbwDFS,,,,
C9792.6,9792,15,2^1,yes,yes,yes,cycDFS+nbwDFS,yes,yes,yes,
C9792.7,9792,16,2^1,yes,yes,no,cycDFS+nbwDFS,,,,
C9792.8,9792,16,2^1,yes,yes,no,cycDFS+nbwDFS,,,,
C9792.9,9792,18,2^1,yes,yes,yes,cycDFS+nbwDFS,yes,yes,yes,
C9792.10,9792,18,2^1,yes,yes,yes,cycDFS+nbwDFS,yes,yes,yes,
C9792.11,9792,16,2^1,yes,yes,no,cycDFS+nbwDFS,,,,
C9792.12,9792,16,2^1,yes,yes,no,cycDFS+nbwDFS,,,,
C9792.13,9792,14,2^1,yes,yes,yes,cycDFS+nbwDFS,yes,yes,yes,
C9792.14,9792,18,2^1,yes,yes,yes,cycDFS+nbwDFS,yes,yes,yes,
C9792.15,9792,14,2^1,yes,yes,no,cycDFS+nbwDFS,,,,
C9792.16,9792,14,2^1,yes,yes,no,cycDFS+nbwDFS,,,,
C9792.17,9792,14,2^1,yes,yes,yes,cycDFS+nbwDFS,yes,yes,yes,
C9792.18,9792,18,2^1,yes,yes,yes,cycDFS+nbwDFS,yes,yes,yes,
C9792.19,9792,18,2^1,yes,yes,yes,cycDFS+nbwDFS,yes,yes,yes,
C9800.1,9800,6,1,yes,yes,no,cycDFS,,,,
C9800.2,9800,19,2^1,yes,yes,yes,cycDFS+nbwDFS,yes,yes,yes,
C9800.3,9800,6,2^1,yes,yes,no,cycDFS,,,,
C9806.1,9806,6,1,yes,yes,no,cycDFS,,,,
C9808.1,9808,10,1,yes,yes,no,cycDFS+nbwDFS,,,,
C9816.1,9816,12,1,yes,yes,no,cycDFS+nbwDFS,,,,
C9816.2,9816,6,1,yes,yes,no,cycDFS,,,,
C9818.1,9818,6,1,yes,yes,no,cycDFS,,,,
C9824.1,9824,6,1,yes,yes,no,cycDFS,,,,
C9826.1,9826,12,2^1,yes,yes,no,cycDFS+nbwDFS,,,,
C9828.1,9828,9,1,yes,yes,no,cycDFS+nbwDFS,,,,
C9828.2,9828,9,1,yes,yes,no,cycDFS+nbwDFS,,,,
C9828.3,9828,9,1,yes,yes,no,cycDFS+nbwDFS,,,,
C9828.4,9828,12,2^1,yes,yes,yes,cycDFS+nbwDFS,yes,yes,yes,
C9828.5,9828,14,2^1,yes,yes,yes,cycDFS+nbwDFS,yes,yes,yes,
C9828.6,9828,14,2^1,yes,yes,yes,cycDFS+nbwDFS,yes,yes,yes,
C9828.7,9828,14,2^1,yes,yes,no,cycDFS+nbwDFS,,,,
C9842.1,9842,6,1,yes,yes,no,cycDFS,,,,
C9842.2,9842,6,1,yes,yes,no,cycDFS,,,,
C9842.3,9842,6,1,yes,yes,no,cycDFS,,,,
C9842.4,9842,6,1,yes,yes,no,cycDFS,,,,
C9846.1,9846,6,1,yes,yes,no,cycDFS,,,,
C9848.1,9848,6,1,yes,yes,no,cycDFS,,,,
C9854.1,9854,6,1,yes,yes,no,cycDFS,,,,
C9854.2,9854,6,1,yes,yes,no,cycDFS,,,,
C9866.1,9866,6,1,yes,yes,no,cycDFS,,,,
C9882.1,9882,12,1,yes,yes,no,cycDFS+nbwDFS,,,,
C9882.2,9882,6,1,yes,yes,no,cycDFS,,,,
C9882.3,9882,12,1,yes,yes,yes,cycDFS+nbwDFS,yes,yes,yes,
C9882.4,9882,12,1,yes,yes,yes,cycDFS+nbwDFS,yes,yes,yes,
C9882.5,9882,12,1,yes,yes,yes,cycDFS+nbwDFS,yes,yes,yes,
C9888.1,9888,12,1,yes,yes,yes,cycDFS+nbwDFS,yes,yes,yes,
C9888.2,9888,12,1,yes,yes,no,cycDFS+nbwDFS,,,,
C9888.3,9888,6,1,yes,yes,no,cycDFS,,,,
C9896.1,9896,6,1,yes,yes,no,cycDFS,,,,
C9902.1,9902,6,1,yes,yes,no,cycDFS,,,,
C9904.1,9904,10,1,yes,yes,no,cycDFS+nbwDFS,,,,
C9906.1,9906,6,1,yes,yes,no,cycDFS,,,,
C9906.2,9906,6,1,yes,yes,no,cycDFS,,,,
C9914.1,9914,6,1,yes,yes,no,cycDFS,,,,
C9920.1,9920,8,2^1,yes,no,yes,cycDFS-besteffort,,,,
C9920.2,9920,16,2^1,yes,yes,no,cycDFS+nbwDFS,,,,
C9920.3,9920,16,2^1,yes,yes,no,cycDFS+nbwDFS,,,,
C9920.4,9920,16,2^1,yes,yes,no,cycDFS+nbwDFS,,,,
C9920.5,9920,10,2^1,yes,yes,no,cycDFS+nbwDFS,,,,
C9920.6,9920,16,2^1,yes,yes,no,cycDFS+nbwDFS,,,,
C9920.7,9920,10,2^1,yes,yes,no,cycDFS+nbwDFS,,,,
C9920.8,9920,12,2^1,yes,yes,no,cycDFS+nbwDFS,,,,
C9920.9,9920,16,2^1,yes,yes,no,cycDFS+nbwDFS,,,,
C9920.10,9920,16,2^1,yes,yes,no,cycDFS+nbwDFS,,,,
C9920.11,9920,18,2^1,yes,yes,yes,cycDFS+nbwDFS,yes,yes,yes,
C9920.12,9920,8,2^1,yes,no,yes,cycDFS-besteffort,,,,
C9920.13,9920,16,3,yes,yes,no,cycDFS+nbwDFS,,,,
C9926.1,9926,6,1,yes,yes,no,cycDFS,,,,
C9926.2,9926,6,1,yes,yes,no,cycDFS,,,,
C9938.1,9938,6,1,yes,yes,no,cycDFS,,,,
C9942.1,9942,6,1,yes,yes,no,cycDFS,,,,
C9950.1,9950,6,1,yes,yes,no,cycDFS,,,,
C9954.1,9954,6,1,yes,yes,no,cycDFS,,,,
C9954.2,9954,6,1,yes,yes,no,cycDFS,,,,
C9974.1,9974,6,1,yes,yes,no,cycDFS,,,,
C9978.1,9978,6,1,yes,yes,no,cycDFS,,,,
C9984.1,9984,14,1,yes,yes,yes,cycDFS+nbwDFS,yes,yes,yes,
C9984.2,9984,14,1,yes,yes,yes,cycDFS+nbwDFS,yes,yes,yes,
C9984.3,9984,10,1,yes,yes,no,cycDFS+nbwDFS,,,,
C9984.4,9984,18,1,yes,yes,yes,cycDFS+nbwDFS,yes,yes,yes,
C9984.5,9984,18,1,yes,yes,yes,cycDFS+nbwDFS,yes,yes,yes,
C9984.6,9984,14,1,yes,yes,yes,cycDFS+nbwDFS,yes,yes,yes,
C9984.7,9984,14,1,yes,yes,no,cycDFS+nbwDFS,,,,
C9984.8,9984,12,1,yes,yes,yes,cycDFS+nbwDFS,yes,yes,yes,
C9984.9,9984,12,1,yes,yes,yes,cycDFS+nbwDFS,yes,yes,yes,
C9984.10,9984,12,1,yes,yes,no,cycDFS+nbwDFS,,,,
C9984.11,9984,12,1,yes,yes,no,cycDFS+nbwDFS,,,,
C9984.12,9984,12,1,yes,yes,no,cycDFS+nbwDFS,,,,
C9984.13,9984,12,1,yes,yes,no,cycDFS+nbwDFS,,,,
C9984.14,9984,12,1,yes,yes,no,cycDFS+nbwDFS,,,,
C9986.1,9986,6,1,yes,yes,no,cycDFS,,,,
C9992.1,9992,6,1,yes,yes,no,cycDFS,,,,
C9998.1,9998,6,1,yes,yes,no,cycDFS,,,,
C10000.1,10000,8,1,yes,no,no,cycDFS-besteffort,,,,
C10000.2,10000,12,1,yes,yes,yes,cycDFS+nbwDFS,yes,yes,yes,
C10000.3,10000,14,1,yes,yes,yes,cycDFS+nbwDFS,yes,yes,yes,
C10000.4,10000,8,2^1,yes,no,no,cycDFS-besteffort,,,,
C10000.5,10000,10,2^1,yes,yes,no,cycDFS+nbwDFS,,,,
C10000.6,10000,16,2^2,yes,yes,no,cycDFS+nbwDFS,,,,
C10000.7,10000,18,3,yes,yes,yes,cycDFS+nbwDFS,yes,yes,yes,
